experiment_id,run_id,model,split,sigma_index,sigma,sigma_grid,cutoff,band,n_images,n_repeats,mean_summed_squared_error,ci95_low_summed_squared_error,ci95_high_summed_squared_error,mean_per_element_mse,ci95_low_per_element_mse,ci95_high_per_element_mse,aggregation_status
experiment_05,e005_spectral_residual_curves,edm_1k,train,0,80,edm_18_rho7,3,full,1000,8,808.60484774824477,786.37688415132925,831.7545962752497,0.26321772387638176,0.25598205864301082,0.27075344930834949,ok
experiment_05,e005_spectral_residual_curves,edm_1k,train,0,80,edm_18_rho7,3,low_frequency_residual,1000,8,645.71835317979628,624.74807819737725,667.23210515259746,0.21019477642571494,0.20336851503820874,0.21719795089602781,ok
experiment_05,e005_spectral_residual_curves,edm_1k,train,0,80,edm_18_rho7,3,high_frequency_residual,1000,8,162.88649456844797,157.7928230181877,167.96943939256636,0.053022947450666658,0.051364851242899641,0.054677551885601028,ok
experiment_05,e005_spectral_residual_curves,edm_1k,train,1,57.58598472124816,edm_18_rho7,3,full,1000,8,792.11002732745533,770.12657157826345,813.78650611996898,0.25784831618732268,0.25069224335229928,0.26490446162759407,ok
experiment_05,e005_spectral_residual_curves,edm_1k,train,1,57.58598472124816,edm_18_rho7,3,low_frequency_residual,1000,8,629.7737900242962,610.28180658332099,649.52502991941446,0.2050044889402006,0.1986594422471748,0.21143392901022606,ok
experiment_05,e005_spectral_residual_curves,edm_1k,train,1,57.58598472124816,edm_18_rho7,3,high_frequency_residual,1000,8,162.33623730315861,157.2991836676978,167.46257711417016,0.052843827247121944,0.051204161350162043,0.054512557654352263,ok
experiment_05,e005_spectral_residual_curves,edm_1k,train,2,40.785573796507961,edm_18_rho7,3,full,1000,8,758.54183997012603,738.54628455878037,778.55803897263195,0.2469211718652754,0.24041220200481131,0.25343686164473694,ok
experiment_05,e005_spectral_residual_curves,edm_1k,train,2,40.785573796507961,edm_18_rho7,3,low_frequency_residual,1000,8,597.39654569900313,578.75803851488058,616.08808310244365,0.19446502138639424,0.18839779899572937,0.20054950621824338,ok
experiment_05,e005_spectral_residual_curves,edm_1k,train,2,40.785573796507961,edm_18_rho7,3,high_frequency_residual,1000,8,161.14529427112242,156.10979244830742,166.17706633060649,0.052456150478880997,0.050816989729266737,0.054094097112827637,ok
experiment_05,e005_spectral_residual_curves,edm_1k,train,3,28.374584604156844,edm_18_rho7,3,full,1000,8,708.18977452138222,689.15894898270051,727.17067279051014,0.23053052556034578,0.22433559537197281,0.23670920338232751,ok
experiment_05,e005_spectral_residual_curves,edm_1k,train,3,28.374584604156844,edm_18_rho7,3,low_frequency_residual,1000,8,548.9907631478078,533.23573061100444,565.45914251324155,0.17870793071217703,0.173579339391603,0.18406873128686249,ok
experiment_05,e005_spectral_residual_curves,edm_1k,train,3,28.374584604156844,edm_18_rho7,3,high_frequency_residual,1000,8,159.19901137357391,154.28297606674505,164.24946261097244,0.051822594848168591,0.050222322938393571,0.053466621943675928,ok
experiment_05,e005_spectral_residual_curves,edm_1k,train,4,19.352452980325229,edm_18_rho7,3,full,1000,8,655.00397460214026,638.99223814161212,670.95701089527859,0.2132174396491342,0.20800528585338937,0.21841048531747351,ok
experiment_05,e005_spectral_residual_curves,edm_1k,train,4,19.352452980325229,edm_18_rho7,3,low_frequency_residual,1000,8,497.04723750080774,483.51670411139963,510.5784296083973,0.16179923095729418,0.15739476045292958,0.16620391588815017,ok
experiment_05,e005_spectral_residual_curves,edm_1k,train,4,19.352452980325229,edm_18_rho7,3,high_frequency_residual,1000,8,157.95673710133215,153.12654971030628,163.04455980285113,0.051418208691839891,0.049845882067156989,0.053074400977490603,ok
experiment_05,e005_spectral_residual_curves,edm_1k,train,5,12.91008238075732,edm_18_rho7,3,full,1000,8,583.47169206443175,571.5138513656691,595.40776512965374,0.18993219142722387,0.18603966515809542,0.19381763187814249,ok
experiment_05,e005_spectral_residual_curves,edm_1k,train,5,12.91008238075732,edm_18_rho7,3,low_frequency_residual,1000,8,425.31704742820432,416.14781249358822,434.2467184268711,0.13844955970970194,0.13546478271275658,0.14135635365458044,ok
experiment_05,e005_spectral_residual_curves,edm_1k,train,5,12.91008238075732,edm_18_rho7,3,high_frequency_residual,1000,8,158.15464463622703,153.56299131613466,162.89397978289827,0.051482631717521821,0.049987952902387583,0.053025384043912195,ok
experiment_05,e005_spectral_residual_curves,edm_1k,train,6,8.4009353090998165,edm_18_rho7,3,full,1000,8,463.23423497070405,455.31230321696694,471.23983674398414,0.15079239419619272,0.14821364037010643,0.15339838435676567,ok
experiment_05,e005_spectral_residual_curves,edm_1k,train,6,8.4009353090998165,edm_18_rho7,3,low_frequency_residual,1000,8,317.53544454282917,311.98463308416427,323.18304738176448,0.1033644025204522,0.10155749774875139,0.10520281490291812,ok
experiment_05,e005_spectral_residual_curves,edm_1k,train,6,8.4009353090998165,edm_18_rho7,3,high_frequency_residual,1000,8,145.69879042787454,141.89960452091844,149.44566440584936,0.047427991675740411,0.046191277513319806,0.048647677215445752,ok
experiment_05,e005_spectral_residual_curves,edm_1k,train,7,5.3151945217963821,edm_18_rho7,3,full,1000,8,245.8826218802547,239.01408629236869,252.83995458354283,0.080039915976645407,0.077804064548297094,0.082304672715997021,ok
experiment_05,e005_spectral_residual_curves,edm_1k,train,7,5.3151945217963821,edm_18_rho7,3,low_frequency_residual,1000,8,155.25475247495393,150.60753703559226,159.90806908852224,0.050538656404607397,0.049025890962106855,0.052053407906419998,ok
experiment_05,e005_spectral_residual_curves,edm_1k,train,7,5.3151945217963821,edm_18_rho7,3,high_frequency_residual,1000,8,90.627869405300629,87.797127460301567,93.581830201256182,0.029501259572037964,0.028579794095150251,0.030462835351971414,ok
experiment_05,e005_spectral_residual_curves,edm_1k,train,8,3.2568215197655368,edm_18_rho7,3,full,1000,8,40.698060130459353,37.745354795509243,43.783557934871908,0.013248066448717238,0.012286899347496499,0.014252460265257783,ok
experiment_05,e005_spectral_residual_curves,edm_1k,train,8,3.2568215197655368,edm_18_rho7,3,low_frequency_residual,1000,8,22.681363127820301,20.92424249993903,24.431256122066902,0.0073832562265040043,0.0068112768554489033,0.0079528828522353202,ok
experiment_05,e005_spectral_residual_curves,edm_1k,train,8,3.2568215197655368,edm_18_rho7,3,high_frequency_residual,1000,8,18.01669700263902,16.698742460282226,19.336183539241329,0.0058648102222132225,0.0054357885612897868,0.0062943305791801204,ok
experiment_05,e005_spectral_residual_curves,edm_1k,train,9,1.9233398370400518,edm_18_rho7,3,full,1000,8,3.2205377222263971,3.0058399065013628,3.4647838794613652,0.0010483521231205719,0.00097846351123091237,0.0011278593357621632,ok
experiment_05,e005_spectral_residual_curves,edm_1k,train,9,1.9233398370400518,edm_18_rho7,3,low_frequency_residual,1000,8,1.2743868336792257,1.1622198302580806,1.4011268059081972,0.00041483946408828962,0.00037832676766213564,0.00045609596546490795,ok
experiment_05,e005_spectral_residual_curves,edm_1k,train,9,1.9233398370400518,edm_18_rho7,3,high_frequency_residual,1000,8,1.946150888547169,1.8341280771623005,2.0764111727091472,0.00063351265903228158,0.00059704690011793641,0.00067591509528292556,ok
experiment_05,e005_spectral_residual_curves,edm_1k,train,10,1.088170636545279,edm_18_rho7,3,full,1000,8,1.6778296223235976,1.6569757922673658,1.6984673347408421,0.00054616849685012938,0.00053938014071203317,0.00055288650219428458,ok
experiment_05,e005_spectral_residual_curves,edm_1k,train,10,1.088170636545279,edm_18_rho7,3,low_frequency_residual,1000,8,0.60136860255089863,0.59046844953271194,0.61243061548360189,0.00019575800864287066,0.00019220978174892966,0.00019935892431106832,ok
experiment_05,e005_spectral_residual_curves,edm_1k,train,10,1.088170636545279,edm_18_rho7,3,high_frequency_residual,1000,8,1.0764610197726978,1.0589863890073459,1.0933960502650797,0.00035041048820725842,0.00034472213183832872,0.00035592319344566396,ok
experiment_05,e005_spectral_residual_curves,edm_1k,train,11,0.58534812319454221,edm_18_rho7,3,full,1000,8,1.1405441566744814,1.1266728350526571,1.1549010125402632,0.00037127088433414106,0.00036675548016037014,0.00037594434001961692,ok
experiment_05,e005_spectral_residual_curves,edm_1k,train,11,0.58534812319454221,edm_18_rho7,3,low_frequency_residual,1000,8,0.42823834978396336,0.42152985887955752,0.43486159895566789,0.00013940050448696723,0.00013721675093735595,0.00014155651007671482,ok
experiment_05,e005_spectral_residual_curves,edm_1k,train,11,0.58534812319454221,edm_18_rho7,3,high_frequency_residual,1000,8,0.71230580689051726,0.7007319109636132,0.72365087407924555,0.00023187037984717359,0.00022810283560013452,0.00023556343557267108,ok
experiment_05,e005_spectral_residual_curves,edm_1k,train,12,0.29644228447915727,edm_18_rho7,3,full,1000,8,0.73718826720890174,0.72815405219535212,0.74642926961367118,0.0002399701390653977,0.00023702931386567451,0.00024297827786903359,ok
experiment_05,e005_spectral_residual_curves,edm_1k,train,12,0.29644228447915727,edm_18_rho7,3,low_frequency_residual,1000,8,0.29263450785342637,0.28874748853045068,0.2965355014074369,9.5258628858537226e-05,9.3993323089339414e-05,9.6528483531066703e-05,ok
experiment_05,e005_spectral_residual_curves,edm_1k,train,12,0.29644228447915727,edm_18_rho7,3,high_frequency_residual,1000,8,0.44455375935547486,0.43742622331886061,0.45161613276285623,0.0001447115102068603,0.00014239134873660826,0.00014701045988374227,ok
experiment_05,e005_spectral_residual_curves,edm_1k,train,13,0.13951646873101678,edm_18_rho7,3,full,1000,8,0.41553545011436255,0.41048750910486148,0.42053270394328029,0.00013526544600076906,0.00013362223603673875,0.00013689215623153655,ok
experiment_05,e005_spectral_residual_curves,edm_1k,train,13,0.13951646873101678,edm_18_rho7,3,low_frequency_residual,1000,8,0.15663138254089076,0.15466130721558732,0.15863620780179472,5.0986778170862881e-05,5.0345477609240663e-05,5.1639390560480053e-05,ok
experiment_05,e005_spectral_residual_curves,edm_1k,train,13,0.13951646873101678,edm_18_rho7,3,high_frequency_residual,1000,8,0.25890406757347156,0.25501709099651737,0.26274860631124142,8.4278667829906103e-05,8.3013375975428836e-05,8.5530145283607237e-05,ok
experiment_05,e005_spectral_residual_curves,edm_1k,train,14,0.05994731123547159,edm_18_rho7,3,full,1000,8,0.23590656831905929,0.2329163730061837,0.23886048063538531,7.6792502708027108e-05,7.5819131837950428e-05,7.7754062706831157e-05,ok
experiment_05,e005_spectral_residual_curves,edm_1k,train,14,0.05994731123547159,edm_18_rho7,3,low_frequency_residual,1000,8,0.070576445758822479,0.069769513459687973,0.071375406813725853,2.2974103437116691e-05,2.2711430162658847e-05,2.3234181905509717e-05,ok
experiment_05,e005_spectral_residual_curves,edm_1k,train,14,0.05994731123547159,edm_18_rho7,3,high_frequency_residual,1000,8,0.16533012256023666,0.16286834238562806,0.16777547659430803,5.3818399270910373e-05,5.3017038536988302e-05,5.4614412953876311e-05,ok
experiment_05,e005_spectral_residual_curves,edm_1k,train,15,0.022934518372333384,edm_18_rho7,3,full,1000,8,0.13842857056876426,0.13661979660678056,0.14015483279797969,4.506138364868628e-05,4.4472590041269713e-05,4.5623317968092347e-05,ok
experiment_05,e005_spectral_residual_curves,edm_1k,train,15,0.022934518372333384,edm_18_rho7,3,low_frequency_residual,1000,8,0.022793553573366168,0.022572871995771647,0.023015238425432353,7.4197765538301326e-06,7.34794010279025e-06,7.4919395916120943e-06,ok
experiment_05,e005_spectral_residual_curves,edm_1k,train,15,0.022934518372333384,edm_18_rho7,3,high_frequency_residual,1000,8,0.11563501699539799,0.11404420778030672,0.11721252152251736,3.7641607094856118e-05,3.7123765553485259e-05,3.8155117683111123e-05,ok
experiment_05,e005_spectral_residual_curves,edm_1k,train,16,0.0075280199627840785,edm_18_rho7,3,full,1000,8,0.062258235652888329,0.061623470310519991,0.062894395439216613,2.0266352751591252e-05,2.0059723408372392e-05,2.047343601536999e-05,ok
experiment_05,e005_spectral_residual_curves,edm_1k,train,16,0.0075280199627840785,edm_18_rho7,3,low_frequency_residual,1000,8,0.004157482241677792,0.0041340568838216761,0.0041811405503041901,1.3533470838794896e-06,1.3457216418690352e-06,1.361048356218812e-06,ok
experiment_05,e005_spectral_residual_curves,edm_1k,train,16,0.0075280199627840785,edm_18_rho7,3,high_frequency_residual,1000,8,0.058100753411210487,0.057487852336872661,0.058691137752775735,1.8913005667711746e-05,1.8713493599242404e-05,1.9105188070565019e-05,ok
experiment_05,e005_spectral_residual_curves,edm_1k,train,17,0.0020000000000000031,edm_18_rho7,3,full,1000,8,0.010206480547329011,0.010171228194919047,0.010240966935379169,3.3224220531669955e-06,3.3109466780335438e-06,3.3336480909437399e-06,ok
experiment_05,e005_spectral_residual_curves,edm_1k,train,17,0.0020000000000000031,edm_18_rho7,3,low_frequency_residual,1000,8,0.0003480126193413372,0.0003467588216747028,0.00034926639104422498,1.132853578585082e-07,1.1287722059723399e-07,1.1369348666804198e-07,ok
experiment_05,e005_spectral_residual_curves,edm_1k,train,17,0.0020000000000000031,edm_18_rho7,3,high_frequency_residual,1000,8,0.0098584679279876703,0.0098231650877586077,0.0098925426376632389,3.2091366953084866e-06,3.1976448853380883e-06,3.2202287231976689e-06,ok
experiment_05,e005_spectral_residual_curves,edm_1k,train,0,80,edm_18_rho7,4,full,1000,8,808.60484774824477,786.42325369085086,832.06843662217705,0.26321772387638176,0.2559971528941572,0.27085561087961491,ok
experiment_05,e005_spectral_residual_curves,edm_1k,train,0,80,edm_18_rho7,4,low_frequency_residual,1000,8,687.95093008202286,666.61960797731251,709.79620189835759,0.22394236005274182,0.21699857030511474,0.23105345113878828,ok
experiment_05,e005_spectral_residual_curves,edm_1k,train,0,80,edm_18_rho7,4,high_frequency_residual,1000,8,120.65391766622136,116.92256316019927,124.49015533056416,0.039275363823639768,0.038060730195377368,0.040524139105001356,ok
experiment_05,e005_spectral_residual_curves,edm_1k,train,1,57.58598472124816,edm_18_rho7,4,full,1000,8,792.11002732745533,770.6536374711194,813.73159087614999,0.25784831618732268,0.25086381428096333,0.26488658557166339,ok
experiment_05,e005_spectral_residual_curves,edm_1k,train,1,57.58598472124816,edm_18_rho7,4,low_frequency_residual,1000,8,671.80583946736465,651.73442544872285,691.98984526069012,0.21868679670161609,0.21215313328408947,0.22525711108746424,ok
experiment_05,e005_spectral_residual_curves,edm_1k,train,1,57.58598472124816,edm_18_rho7,4,high_frequency_residual,1000,8,120.30418786009025,116.58389010216999,124.10368772881499,0.03916151948570646,0.037950485059300126,0.040398335849223629,ok
experiment_05,e005_spectral_residual_curves,edm_1k,train,2,40.785573796507961,edm_18_rho7,4,full,1000,8,758.54183997012603,738.1904171457885,778.68372376325703,0.2469211718652754,0.24029635974797803,0.25347777466251858,ok
experiment_05,e005_spectral_residual_curves,edm_1k,train,2,40.785573796507961,edm_18_rho7,4,low_frequency_residual,1000,8,639.0330469901503,620.81951143494007,657.4787128031478,0.20801856998377288,0.20208968471189456,0.21402301849060801,ok
experiment_05,e005_spectral_residual_curves,edm_1k,train,2,40.785573796507961,edm_18_rho7,4,high_frequency_residual,1000,8,119.50879297997508,115.86778759405735,123.27510838935027,0.038902601881502304,0.037717378774107212,0.040128616012158287,ok
experiment_05,e005_spectral_residual_curves,edm_1k,train,3,28.374584604156844,edm_18_rho7,4,full,1000,8,708.18977452138222,689.32816894768337,726.56647134232412,0.23053052556034578,0.22439067999599069,0.23651252322341279,ok
experiment_05,e005_spectral_residual_curves,edm_1k,train,3,28.374584604156844,edm_18_rho7,4,low_frequency_residual,1000,8,590.08260841999049,572.78054042395547,607.31018387741426,0.19208418242838232,0.18645199883592301,0.1976921171475958,ok
experiment_05,e005_spectral_residual_curves,edm_1k,train,3,28.374584604156844,edm_18_rho7,4,high_frequency_residual,1000,8,118.10716610139127,114.41874874439775,121.89033787368825,0.038446343131963302,0.037245686440233641,0.039677844359924559,ok
experiment_05,e005_spectral_residual_curves,edm_1k,train,4,19.352452980325229,edm_18_rho7,4,full,1000,8,655.00397460214026,638.80820387491337,671.18077820733822,0.2132174396491342,0.20794537886553169,0.21848332623936792,ok
experiment_05,e005_spectral_residual_curves,edm_1k,train,4,19.352452980325229,edm_18_rho7,4,low_frequency_residual,1000,8,537.75917590414429,523.49180556908925,551.88878287226589,0.17505181507296363,0.17040748879202125,0.17965129650789904,ok
experiment_05,e005_spectral_residual_curves,edm_1k,train,4,19.352452980325229,edm_18_rho7,4,high_frequency_residual,1000,8,117.24479869799552,113.64314416369611,120.89975999599969,0.038165624576170419,0.036993210990786493,0.039355390623697813,ok
experiment_05,e005_spectral_residual_curves,edm_1k,train,5,12.91008238075732,edm_18_rho7,4,full,1000,8,583.47169206443175,571.7776578843476,595.47802343933563,0.18993219142722387,0.1861255396758944,0.19384050242165873,ok
experiment_05,e005_spectral_residual_curves,edm_1k,train,5,12.91008238075732,edm_18_rho7,4,low_frequency_residual,1000,8,466.05489661065582,456.20321112871437,476.13573886807461,0.15171057832378118,0.1485036494559617,0.15499210249611803,ok
experiment_05,e005_spectral_residual_curves,edm_1k,train,5,12.91008238075732,edm_18_rho7,4,high_frequency_residual,1000,8,117.41679545377553,114.02966587660606,120.81697974338903,0.038221613103442555,0.037119031860874369,0.039328443926884449,ok
experiment_05,e005_spectral_residual_curves,edm_1k,train,6,8.4009353090998165,edm_18_rho7,4,full,1000,8,463.23423497070405,455.10763061197042,471.27342777249203,0.15079239419619272,0.14814701517316745,0.15340931893635809,ok
experiment_05,e005_spectral_residual_curves,edm_1k,train,6,8.4009353090998165,edm_18_rho7,4,low_frequency_residual,1000,8,354.45250889975125,348.35475506583015,360.60010495702767,0.11538167607413778,0.11339673016465825,0.11738284666569911,ok
experiment_05,e005_spectral_residual_curves,edm_1k,train,6,8.4009353090998165,edm_18_rho7,4,high_frequency_residual,1000,8,108.78172607095249,105.92632318590785,111.60974939983534,0.035410718122054846,0.034481224995412708,0.036331298632758899,ok
experiment_05,e005_spectral_residual_curves,edm_1k,train,7,5.3151945217963821,edm_18_rho7,4,full,1000,8,245.8826218802547,238.58724187089473,253.0691839650342,0.080039915976645407,0.077665117796515207,0.08237929165528457,ok
experiment_05,e005_spectral_residual_curves,edm_1k,train,7,5.3151945217963821,edm_18_rho7,4,low_frequency_residual,1000,8,177.10985730037191,171.90514173835157,182.22703109787446,0.057652948339964816,0.055958704992952989,0.059318695018839344,ok
experiment_05,e005_spectral_residual_curves,edm_1k,train,7,5.3151945217963821,edm_18_rho7,4,high_frequency_residual,1000,8,68.772764579882647,66.540835728889661,71.090781091590117,0.022386967636680549,0.021660428297164604,0.02314153030325199,ok
experiment_05,e005_spectral_residual_curves,edm_1k,train,8,3.2568215197655368,edm_18_rho7,4,full,1000,8,40.698060130459353,37.66160844623316,43.86526432581897,0.013248066448717238,0.012259638166091524,0.014279057397727529,ok
experiment_05,e005_spectral_residual_curves,edm_1k,train,8,3.2568215197655368,edm_18_rho7,4,low_frequency_residual,1000,8,26.425190288031079,24.393295669823289,28.4495076931215,0.0086019499635517829,0.0079405259341872678,0.009260907452187989,ok
experiment_05,e005_spectral_residual_curves,edm_1k,train,8,3.2568215197655368,edm_18_rho7,4,high_frequency_residual,1000,8,14.27286984242825,13.21820914602989,15.344790426890107,0.0046461164851654456,0.0043028024563899385,0.0049950489670866237,ok
experiment_05,e005_spectral_residual_curves,edm_1k,train,9,1.9233398370400518,edm_18_rho7,4,full,1000,8,3.2205377222263971,3.003508387314926,3.4610677534668812,0.0010483521231205719,0.00097770455316241087,0.0011266496593316671,ok
experiment_05,e005_spectral_residual_curves,edm_1k,train,9,1.9233398370400518,edm_18_rho7,4,low_frequency_residual,1000,8,1.510955152571452,1.3771561731184065,1.6595799485992162,0.00049184738039435285,0.00044829302510364795,0.00054022784785130739,ok
experiment_05,e005_spectral_residual_curves,edm_1k,train,9,1.9233398370400518,edm_18_rho7,4,high_frequency_residual,1000,8,1.7095825696549427,1.6197561315779581,1.8137450416775907,0.00055650474272621829,0.00052726436574803326,0.00059041179742109074,ok
experiment_05,e005_spectral_residual_curves,edm_1k,train,10,1.088170636545279,edm_18_rho7,4,full,1000,8,1.6778296223235976,1.6563188669509268,1.699302224044597,0.00054616849685012938,0.00053916629783558811,0.00055315827605618387,ok
experiment_05,e005_spectral_residual_curves,edm_1k,train,10,1.088170636545279,edm_18_rho7,4,low_frequency_residual,1000,8,0.71950944966718822,0.70765158907212544,0.73143691568751057,0.00023421531564687116,0.00023035533498441584,0.00023809795432536151,ok
experiment_05,e005_spectral_residual_curves,edm_1k,train,10,1.088170636545279,edm_18_rho7,4,high_frequency_residual,1000,8,0.95832017265640823,0.94270469950142921,0.97413844087402623,0.00031195318120325787,0.00030687001936895484,0.00031710235705534708,ok
experiment_05,e005_spectral_residual_curves,edm_1k,train,11,0.58534812319454221,edm_18_rho7,4,full,1000,8,1.1405441566744814,1.1264772803103049,1.154648890400511,0.00037127088433414106,0.00036669182301767738,0.00037586226901058299,ok
experiment_05,e005_spectral_residual_curves,edm_1k,train,11,0.58534812319454221,edm_18_rho7,4,low_frequency_residual,1000,8,0.51060810846738214,0.50333684758068065,0.51805065571159581,0.0001662135769750593,0.00016384663007183614,0.00016863628115611844,ok
experiment_05,e005_spectral_residual_curves,edm_1k,train,11,0.58534812319454221,edm_18_rho7,4,high_frequency_residual,1000,8,0.62993604820709859,0.61929500986846653,0.64025382454344504,0.00020505730735908157,0.00020159342769155811,0.00020841595851023602,ok
experiment_05,e005_spectral_residual_curves,edm_1k,train,12,0.29644228447915727,edm_18_rho7,4,full,1000,8,0.73718826720890174,0.72815943026714802,0.7460843886301054,0.0002399701390653977,0.00023703106454008724,0.00024286601192386243,ok
experiment_05,e005_spectral_residual_curves,edm_1k,train,12,0.29644228447915727,edm_18_rho7,4,low_frequency_residual,1000,8,0.34847892930778801,0.3440759935396937,0.35297083993044837,0.00011343715146737891,0.00011200390414703572,0.00011489936195652617,ok
experiment_05,e005_spectral_residual_curves,edm_1k,train,12,0.29644228447915727,edm_18_rho7,4,high_frequency_residual,1000,8,0.38870933790111328,0.3822652894891661,0.39518147181531943,0.00012653298759801864,0.00012443531558892126,0.00012863980202321596,ok
experiment_05,e005_spectral_residual_curves,edm_1k,train,13,0.13951646873101678,edm_18_rho7,4,full,1000,8,0.41553545011436255,0.41041175147293535,0.4205484219414764,0.00013526544600076906,0.00013359757534926281,0.00013689727276740767,ok
experiment_05,e005_spectral_residual_curves,edm_1k,train,13,0.13951646873101678,edm_18_rho7,4,low_frequency_residual,1000,8,0.19052390269659675,0.18811074768039476,0.19296447728243452,6.2019499575715083e-05,6.1233967343878504e-05,6.2813957448709152e-05,ok
experiment_05,e005_spectral_residual_curves,edm_1k,train,13,0.13951646873101678,edm_18_rho7,4,high_frequency_residual,1000,8,0.22501154741776561,0.22154042876123689,0.22846280689697487,7.3245946425053908e-05,7.2116024987381805e-05,7.4369403286775671e-05,ok
experiment_05,e005_spectral_residual_curves,edm_1k,train,14,0.05994731123547159,edm_18_rho7,4,full,1000,8,0.23590656831905929,0.23294269515683511,0.23885862500328495,7.6792502708027108e-05,7.582770024636559e-05,7.775345865992349e-05,ok
experiment_05,e005_spectral_residual_curves,edm_1k,train,14,0.05994731123547159,edm_18_rho7,4,low_frequency_residual,1000,8,0.091738400783859239,0.090644148518581227,0.092814762141977564,2.9862760671829178e-05,2.9506558762558993e-05,3.0213138718091654e-05,ok
experiment_05,e005_spectral_residual_curves,edm_1k,train,14,0.05994731123547159,edm_18_rho7,4,high_frequency_residual,1000,8,0.14416816753519987,0.14202823307495779,0.14631872752852557,4.6929742036197872e-05,4.6233148787421155e-05,4.7629794117358583e-05,ok
experiment_05,e005_spectral_residual_curves,edm_1k,train,15,0.022934518372333384,edm_18_rho7,4,full,1000,8,0.13842857056876426,0.13665185033442392,0.1401915361427665,4.506138364868628e-05,4.4483024197403623e-05,4.5635265671473467e-05,ok
experiment_05,e005_spectral_residual_curves,edm_1k,train,15,0.022934518372333384,edm_18_rho7,4,low_frequency_residual,1000,8,0.03267539758554474,0.032347655111840019,0.033015286646380829,1.0636522651544512e-05,1.0529835648385423e-05,1.0747163621868759e-05,ok
experiment_05,e005_spectral_residual_curves,edm_1k,train,15,0.022934518372333384,edm_18_rho7,4,high_frequency_residual,1000,8,0.10575317298321942,0.10429536469285303,0.10727569490188291,3.4424860997141734e-05,3.395031402762143e-05,3.492047360087334e-05,ok
experiment_05,e005_spectral_residual_curves,edm_1k,train,16,0.0075280199627840785,edm_18_rho7,4,full,1000,8,0.062258235652888329,0.061642293258251823,0.062866405937727202,2.0266352751591252e-05,2.0065850670003848e-05,2.0464324849520573e-05,ok
experiment_05,e005_spectral_residual_curves,edm_1k,train,16,0.0075280199627840785,edm_18_rho7,4,low_frequency_residual,1000,8,0.0065870580952680849,0.0065469797723358147,0.0066277566448276221,2.1442246403867465e-06,2.1311783113072314e-06,2.1574728661548251e-06,ok
experiment_05,e005_spectral_residual_curves,edm_1k,train,16,0.0075280199627840785,edm_18_rho7,4,high_frequency_residual,1000,8,0.055671177557620195,0.055077186254147849,0.056254859927514493,1.812212811120449e-05,1.7928771567105418e-05,1.8312128882654457e-05,ok
experiment_05,e005_spectral_residual_curves,edm_1k,train,17,0.0020000000000000031,edm_18_rho7,4,full,1000,8,0.010206480547329011,0.010172129468618042,0.010241144591720862,3.3224220531669955e-06,3.3112400613991021e-06,3.333705921784135e-06,ok
experiment_05,e005_spectral_residual_curves,edm_1k,train,17,0.0020000000000000031,edm_18_rho7,4,low_frequency_residual,1000,8,0.00058172944640561767,0.00058011714062812948,0.00058332565087899425,1.8936505416849533e-07,1.8884021504821923e-07,1.8988465197883928e-07,ok
experiment_05,e005_spectral_residual_curves,edm_1k,train,17,0.0020000000000000031,edm_18_rho7,4,high_frequency_residual,1000,8,0.0096247511009233885,0.0095889876878509934,0.0096593994491059182,3.1330569989984987e-06,3.1214152629723286e-06,3.1443357581724996e-06,ok
experiment_05,e005_spectral_residual_curves,edm_1k,train,0,80,edm_18_rho7,5,full,1000,8,808.60484774824477,786.10785225119344,831.72718088971828,0.26321772387638176,0.25589448315468538,0.27074452502920515,ok
experiment_05,e005_spectral_residual_curves,edm_1k,train,0,80,edm_18_rho7,5,low_frequency_residual,1000,8,720.79156000835587,699.36124084435505,742.94717030015943,0.23463266927355333,0.22765665392068848,0.24184478199874981,ok
experiment_05,e005_spectral_residual_curves,edm_1k,train,0,80,edm_18_rho7,5,high_frequency_residual,1000,8,87.81328773988831,85.117848949336235,90.588895195121012,0.028585054602828227,0.027707633121528723,0.029488572654661788,ok
experiment_05,e005_spectral_residual_curves,edm_1k,train,1,57.58598472124816,edm_18_rho7,5,full,1000,8,792.11002732745533,770.67014145631629,813.97110138279243,0.25784831618732268,0.25086918667197794,0.26496455123137774,ok
experiment_05,e005_spectral_residual_curves,edm_1k,train,1,57.58598472124816,edm_18_rho7,5,low_frequency_residual,1000,8,704.61900892454241,684.15238083267207,725.47705544573398,0.22936816696762449,0.22270585313563543,0.23615789565290821,ok
experiment_05,e005_spectral_residual_curves,edm_1k,train,1,57.58598472124816,edm_18_rho7,5,high_frequency_residual,1000,8,87.491018402912431,84.690027052090997,90.242362049282349,0.028480149219698058,0.027568368181019206,0.029375768896250765,ok
experiment_05,e005_spectral_residual_curves,edm_1k,train,2,40.785573796507961,edm_18_rho7,5,full,1000,8,758.54183997012603,738.28040359323222,778.8950090497309,0.2469211718652754,0.24032565221133861,0.25354655242504259,ok
experiment_05,e005_spectral_residual_curves,edm_1k,train,2,40.785573796507961,edm_18_rho7,5,low_frequency_residual,1000,8,671.62137691844669,652.46674038997446,691.19383969346586,0.21862675029897352,0.21239151705402814,0.22499799469188342,ok
experiment_05,e005_spectral_residual_curves,edm_1k,train,2,40.785573796507961,edm_18_rho7,5,high_frequency_residual,1000,8,86.920463051678723,84.228807867224575,89.726696330349853,0.028294421566301669,0.027418231727612166,0.029207908961702427,ok
experiment_05,e005_spectral_residual_curves,edm_1k,train,3,28.374584604156844,edm_18_rho7,5,full,1000,8,708.18977452138222,689.49392081110045,726.78236020174768,0.23053052556034578,0.22444463568069675,0.23658279954483974,ok
experiment_05,e005_spectral_residual_curves,edm_1k,train,3,28.374584604156844,edm_18_rho7,5,low_frequency_residual,1000,8,622.31437957739047,604.51202058503941,640.21905964479777,0.20257629543534847,0.19678125670085919,0.2084046418114576,ok
experiment_05,e005_spectral_residual_curves,edm_1k,train,3,28.374584604156844,edm_18_rho7,5,high_frequency_residual,1000,8,85.875394943991253,83.189164663258865,88.627166358914138,0.027954230124997152,0.027079806205487913,0.028849989049125696,ok
experiment_05,e005_spectral_residual_curves,edm_1k,train,4,19.352452980325229,edm_18_rho7,5,full,1000,8,655.00397460214026,639.1673103198101,671.14877428791783,0.2132174396491342,0.20806227549472986,0.21847290829684826,ok
experiment_05,e005_spectral_residual_curves,edm_1k,train,4,19.352452980325229,edm_18_rho7,5,low_frequency_residual,1000,8,569.76129240107559,554.91597303286028,584.68200427092859,0.18546917070347513,0.1806367099716342,0.19032617326527623,ok
experiment_05,e005_spectral_residual_curves,edm_1k,train,4,19.352452980325229,edm_18_rho7,5,high_frequency_residual,1000,8,85.24268220106427,82.552382284024745,87.921831854877951,0.027748268945658943,0.026872520274747638,0.028620387973593082,ok
experiment_05,e005_spectral_residual_curves,edm_1k,train,5,12.91008238075732,edm_18_rho7,5,full,1000,8,583.47169206443175,571.73023217652917,595.02520035879718,0.18993219142722387,0.18611010161996391,0.1936930990751293,ok
experiment_05,e005_spectral_residual_curves,edm_1k,train,5,12.91008238075732,edm_18_rho7,5,low_frequency_residual,1000,8,498.11947029751678,487.82645280240041,508.70160198647005,0.16214826507080624,0.15879767343828138,0.1655929693966374,ok
experiment_05,e005_spectral_residual_curves,edm_1k,train,5,12.91008238075732,edm_18_rho7,5,high_frequency_residual,1000,8,85.352221766914582,82.886628916602902,87.86683280829412,0.027783926356417507,0.026981324517123342,0.028602484638116574,ok
experiment_05,e005_spectral_residual_curves,edm_1k,train,6,8.4009353090998165,edm_18_rho7,5,full,1000,8,463.23423497070405,455.29981560264974,470.96553851577107,0.15079239419619272,0.14820957539148755,0.15330909456893591,ok
experiment_05,e005_spectral_residual_curves,edm_1k,train,6,8.4009353090998165,edm_18_rho7,5,low_frequency_residual,1000,8,383.83895703616366,377.24422911213895,390.35676477716771,0.12494757716020953,0.12280085583077439,0.12706925936756761,ok
experiment_05,e005_spectral_residual_curves,edm_1k,train,6,8.4009353090998165,edm_18_rho7,5,high_frequency_residual,1000,8,79.395277934540118,77.169542577566887,81.524937644050496,0.025844817035983111,0.02512029380780172,0.026538065639339355,ok
experiment_05,e005_spectral_residual_curves,edm_1k,train,7,5.3151945217963821,edm_18_rho7,5,full,1000,8,245.8826218802547,238.8278894358979,253.12198105567288,0.080039915976645407,0.077743453592414677,0.082396478208226848,ok
experiment_05,e005_spectral_residual_curves,edm_1k,train,7,5.3151945217963821,edm_18_rho7,5,low_frequency_residual,1000,8,194.98773056952632,189.39442184398973,200.59440674032226,0.063472568544767682,0.061651830027340405,0.065297658444115322,ok
experiment_05,e005_spectral_residual_curves,edm_1k,train,7,5.3151945217963821,edm_18_rho7,5,high_frequency_residual,1000,8,50.894891310728262,49.134358178168476,52.654535125778686,0.016567347431877689,0.015994257219455885,0.017140148152922748,ok
experiment_05,e005_spectral_residual_curves,edm_1k,train,8,3.2568215197655368,edm_18_rho7,5,full,1000,8,40.698060130459353,37.634760379777077,43.766897210570669,0.013248066448717238,0.012250898561125351,0.014247036852399307,ok
experiment_05,e005_spectral_residual_curves,edm_1k,train,8,3.2568215197655368,edm_18_rho7,5,low_frequency_residual,1000,8,29.639450120099774,27.39731992993195,31.954802023770519,0.0096482585026366457,0.0089183984146913899,0.010401953783779465,ok
experiment_05,e005_spectral_residual_curves,edm_1k,train,8,3.2568215197655368,edm_18_rho7,5,high_frequency_residual,1000,8,11.058610010359551,10.250644195475962,11.870141990305486,0.0035998079460805832,0.0033367982407148315,0.0038639785124692338,ok
experiment_05,e005_spectral_residual_curves,edm_1k,train,9,1.9233398370400518,edm_18_rho7,5,full,1000,8,3.2205377222263971,3.0029121145024087,3.4658276359832425,0.0010483521231205719,0.00097751045393958623,0.0011281991002549618,ok
experiment_05,e005_spectral_residual_curves,edm_1k,train,9,1.9233398370400518,edm_18_rho7,5,low_frequency_residual,1000,8,1.7535018715163404,1.6030622685380709,1.9251415543152985,0.00057080139046755869,0.00052183016553973658,0.00062667368304534458,ok
experiment_05,e005_spectral_residual_curves,edm_1k,train,9,1.9233398370400518,edm_18_rho7,5,high_frequency_residual,1000,8,1.467035850710054,1.3975818942182439,1.5475600468358612,0.0004775507326530124,0.00045494202285750127,0.00050376303607938195,ok
experiment_05,e005_spectral_residual_curves,edm_1k,train,10,1.088170636545279,edm_18_rho7,5,full,1000,8,1.6778296223235976,1.6561897411311457,1.6999476948803673,0.00054616849685012938,0.00053912426469112816,0.00055336839026053628,ok
experiment_05,e005_spectral_residual_curves,edm_1k,train,10,1.088170636545279,edm_18_rho7,5,low_frequency_residual,1000,8,0.84268354999639583,0.82994291790702879,0.85577657004466245,0.00027431105143111843,0.00027016371025619427,0.00027857310222808023,ok
experiment_05,e005_spectral_residual_curves,edm_1k,train,10,1.088170636545279,edm_18_rho7,5,high_frequency_residual,1000,8,0.83514607232720051,0.82063619396723075,0.84948377712210554,0.00027185744541901056,0.00026713417772370791,0.00027652466703193538,ok
experiment_05,e005_spectral_residual_curves,edm_1k,train,11,0.58534812319454221,edm_18_rho7,5,full,1000,8,1.1405441566744814,1.1264577159977651,1.1548070899134335,0.00037127088433414106,0.00036668545442635581,0.00037591376624786249,ok
experiment_05,e005_spectral_residual_curves,edm_1k,train,11,0.58534812319454221,edm_18_rho7,5,low_frequency_residual,1000,8,0.59524921887628079,0.58715467528821563,0.60346933569259109,0.00019376602176962265,0.00019113107919538268,0.00019644184104576534,ok
experiment_05,e005_spectral_residual_curves,edm_1k,train,11,0.58534812319454221,edm_18_rho7,5,high_frequency_residual,1000,8,0.54529493779819993,0.53595254732217068,0.55470144793025056,0.0001775048625645182,0.00017446371983143578,0.00018056687758146177,ok
experiment_05,e005_spectral_residual_curves,edm_1k,train,12,0.29644228447915727,edm_18_rho7,5,full,1000,8,0.73718826720890174,0.72836281157977278,0.74611204164792688,0.0002399701390653977,0.00023709726939445729,0.00024287501355726787,ok
experiment_05,e005_spectral_residual_curves,edm_1k,train,12,0.29644228447915727,edm_18_rho7,5,low_frequency_residual,1000,8,0.40491478640694961,0.39973277827281567,0.41006260921932997,0.00013180819870017892,0.00013012134709401553,0.00013348392227191731,ok
experiment_05,e005_spectral_residual_curves,edm_1k,train,12,0.29644228447915727,edm_18_rho7,5,high_frequency_residual,1000,8,0.33227348080195163,0.32661111738688225,0.33801070928569477,0.00010816194036521863,0.00010631872310770907,0.00011002952776227044,ok
experiment_05,e005_spectral_residual_curves,edm_1k,train,13,0.13951646873101678,edm_18_rho7,5,full,1000,8,0.41553545011436255,0.41043679304428071,0.42055477651159229,0.00013526544600076906,0.00013360572690243513,0.00013689934131236729,ok
experiment_05,e005_spectral_residual_curves,edm_1k,train,13,0.13951646873101678,edm_18_rho7,5,low_frequency_residual,1000,8,0.2244421115890633,0.2215757963269514,0.22723429258944242,7.3060583199564876e-05,7.2127537866846164e-05,7.3969496285625791e-05,ok
experiment_05,e005_spectral_residual_curves,edm_1k,train,13,0.13951646873101678,edm_18_rho7,5,high_frequency_residual,1000,8,0.19109333852529897,0.18804897050073233,0.19416599042121746,6.2204862801204088e-05,6.12138575848738e-05,6.3205075006906721e-05,ok
experiment_05,e005_spectral_residual_curves,edm_1k,train,14,0.05994731123547159,edm_18_rho7,5,full,1000,8,0.23590656831905929,0.23292893024057915,0.23890609477012917,7.6792502708027108e-05,7.5823219479355191e-05,7.7768911057984755e-05,ok
experiment_05,e005_spectral_residual_curves,edm_1k,train,14,0.05994731123547159,edm_18_rho7,5,low_frequency_residual,1000,8,0.11361614256707786,0.11219403322451868,0.11503984147726413,3.6984421408553991e-05,3.6521495190273008e-05,3.7447865064213583e-05,ok
experiment_05,e005_spectral_residual_curves,edm_1k,train,14,0.05994731123547159,edm_18_rho7,5,high_frequency_residual,1000,8,0.12229042575198125,0.12047234832956895,0.12413859079868619,3.9808081299473063e-05,3.9216259221864892e-05,4.0409697525613995e-05,ok
experiment_05,e005_spectral_residual_curves,edm_1k,train,15,0.022934518372333384,edm_18_rho7,5,full,1000,8,0.13842857056876426,0.13667091563227909,0.14021374992661312,4.506138364868628e-05,4.4489230349049182e-05,4.5642496720902705e-05,ok
experiment_05,e005_spectral_residual_curves,edm_1k,train,15,0.022934518372333384,edm_18_rho7,5,low_frequency_residual,1000,8,0.044492209349699177,0.043995042677765724,0.04499110400503982,1.4483141064355201e-05,1.4321302955001864e-05,1.4645541668307233e-05,ok
experiment_05,e005_spectral_residual_curves,edm_1k,train,15,0.022934518372333384,edm_18_rho7,5,high_frequency_residual,1000,8,0.093936361219064984,0.092620604181406538,0.095261224622206889,3.0578242584331052e-05,3.0149936256968274e-05,3.1009513223374641e-05,ok
experiment_05,e005_spectral_residual_curves,edm_1k,train,16,0.0075280199627840785,edm_18_rho7,5,full,1000,8,0.062258235652888329,0.06163408739237955,0.062877413014029104,2.0266352751591252e-05,2.0063179489706885e-05,2.0467907882170934e-05,ok
experiment_05,e005_spectral_residual_curves,edm_1k,train,16,0.0075280199627840785,edm_18_rho7,5,low_frequency_residual,1000,8,0.010051424120736986,0.0099837307830145158,0.010118217039955468,3.2719479559690709e-06,3.2499123642625378e-06,3.2936904426938375e-06,ok
experiment_05,e005_spectral_residual_curves,edm_1k,train,16,0.0075280199627840785,edm_18_rho7,5,high_frequency_residual,1000,8,0.052206811532151308,0.051640105427327727,0.052774925978543608,1.6994404795622169e-05,1.680993015212491e-05,1.7179337883640496e-05,ok
experiment_05,e005_spectral_residual_curves,edm_1k,train,17,0.0020000000000000031,edm_18_rho7,5,full,1000,8,0.010206480547329011,0.010171696991768472,0.010241254440326666,3.3224220531669955e-06,3.311099281174633e-06,3.3337416797938364e-06,ok
experiment_05,e005_spectral_residual_curves,edm_1k,train,17,0.0020000000000000031,edm_18_rho7,5,low_frequency_residual,1000,8,0.00095080481581201264,0.00094862291230708197,0.00095295386134140736,3.0950677598047285e-07,3.0879652093329493e-07,3.1020633507207273e-07,ok
experiment_05,e005_spectral_residual_curves,edm_1k,train,17,0.0020000000000000031,edm_18_rho7,5,high_frequency_residual,1000,8,0.0092556757315169942,0.0092206469496008761,0.0092893500863935417,3.0129152771865216e-06,3.0015126789065353e-06,3.0238769812478975e-06,ok
experiment_05,e005_spectral_residual_curves,edm_1k,train,0,80,edm_18_rho7,6,full,1000,8,808.60484774824477,785.68428282228433,831.43515036134147,0.26321772387638176,0.25575660248121235,0.27064946300824916,ok
experiment_05,e005_spectral_residual_curves,edm_1k,train,0,80,edm_18_rho7,6,low_frequency_residual,1000,8,741.66819056414647,719.74584473842287,764.41388816968902,0.24142844744926642,0.23429226716745535,0.24883264588857065,ok
experiment_05,e005_spectral_residual_curves,edm_1k,train,0,80,edm_18_rho7,6,high_frequency_residual,1000,8,66.93665718409774,64.844812275208398,69.033751830272635,0.021789276427115149,0.021108337329169401,0.022471924423916875,ok
experiment_05,e005_spectral_residual_curves,edm_1k,train,1,57.58598472124816,edm_18_rho7,6,full,1000,8,792.11002732745533,770.0823081600721,814.26870672088364,0.25784831618732268,0.25067783468752347,0.26506142796903764,ok
experiment_05,e005_spectral_residual_curves,edm_1k,train,1,57.58598472124816,edm_18_rho7,6,low_frequency_residual,1000,8,725.42087615133619,704.27677817346068,746.81986528540222,0.23613960812217974,0.22925676372834006,0.24310542489759188,ok
experiment_05,e005_spectral_residual_curves,edm_1k,train,1,57.58598472124816,edm_18_rho7,6,high_frequency_residual,1000,8,66.689151176118656,64.617934476672175,68.778181348652126,0.021708708065142791,0.021034483879125057,0.022388730907764363,ok
experiment_05,e005_spectral_residual_curves,edm_1k,train,2,40.785573796507961,edm_18_rho7,6,full,1000,8,758.54183997012603,738.27111442662886,778.90530700495981,0.2469211718652754,0.24032262839408491,0.25354990462401034,ok
experiment_05,e005_spectral_residual_curves,edm_1k,train,2,40.785573796507961,edm_18_rho7,6,low_frequency_residual,1000,8,692.27938159937082,673.43943647444416,712.07777119472007,0.22535136119771185,0.21921856656069147,0.23179614947744795,ok
experiment_05,e005_spectral_residual_curves,edm_1k,train,2,40.785573796507961,edm_18_rho7,6,high_frequency_residual,1000,8,66.262458370754572,64.17542180485222,68.339021798191894,0.021569810667563336,0.020890436785433664,0.022245775324932257,ok
experiment_05,e005_spectral_residual_curves,edm_1k,train,3,28.374584604156844,edm_18_rho7,6,full,1000,8,708.18977452138222,689.74208362342733,726.95719472898486,0.23053052556034578,0.22452541784616775,0.23663971182584143,ok
experiment_05,e005_spectral_residual_curves,edm_1k,train,3,28.374584604156844,edm_18_rho7,6,low_frequency_residual,1000,8,642.73958310962632,625.26781810794716,660.8010829547743,0.20922512471016483,0.20353770120701406,0.21510451919100726,ok
experiment_05,e005_spectral_residual_curves,edm_1k,train,3,28.374584604156844,edm_18_rho7,6,high_frequency_residual,1000,8,65.450191411755398,63.338896955563087,67.52684805528294,0.021305400850180792,0.020618130519389027,0.021981395851329081,ok
experiment_05,e005_spectral_residual_curves,edm_1k,train,4,19.352452980325229,edm_18_rho7,6,full,1000,8,655.00397460214026,639.04757334253861,671.39917395937618,0.2132174396491342,0.20802329861410762,0.21855441860656777,ok
experiment_05,e005_spectral_residual_curves,edm_1k,train,4,19.352452980325229,edm_18_rho7,6,low_frequency_residual,1000,8,590.06394275976049,575.25437601762258,605.19960937540645,0.19207810636710954,0.18725728385990317,0.19700508117689011,ok
experiment_05,e005_spectral_residual_curves,edm_1k,train,4,19.352452980325229,edm_18_rho7,6,high_frequency_residual,1000,8,64.940031842379341,62.886977624691347,67.05631741207425,0.021139333282024525,0.020471021362204214,0.021828228324242919,ok
experiment_05,e005_spectral_residual_curves,edm_1k,train,5,12.91008238075732,edm_18_rho7,6,full,1000,8,583.47169206443175,571.30161192052992,595.18656178498316,0.18993219142722387,0.18597057679704751,0.19374562558104921,ok
experiment_05,e005_spectral_residual_curves,edm_1k,train,5,12.91008238075732,edm_18_rho7,6,low_frequency_residual,1000,8,518.48066408639784,507.95586974767969,529.44395180188405,0.16877625784062431,0.16535021801682281,0.17234503639384247,ok
experiment_05,e005_spectral_residual_curves,edm_1k,train,5,12.91008238075732,edm_18_rho7,6,high_frequency_residual,1000,8,64.991027978033557,63.056635124935816,66.944119530679885,0.021155933586599465,0.020526248413065044,0.021791705576393192,ok
experiment_05,e005_spectral_residual_curves,edm_1k,train,6,8.4009353090998165,edm_18_rho7,6,full,1000,8,463.23423497070405,455.3283213991582,471.07382594159969,0.15079239419619272,0.14821885462212181,0.15334434438203115,ok
experiment_05,e005_spectral_residual_curves,edm_1k,train,6,8.4009353090998165,edm_18_rho7,6,low_frequency_residual,1000,8,402.61815940899157,395.77255461909499,409.61193712671218,0.13106059876594778,0.12883221179006998,0.1333372191167683,ok
experiment_05,e005_spectral_residual_curves,edm_1k,train,6,8.4009353090998165,edm_18_rho7,6,high_frequency_residual,1000,8,60.61607556171213,58.942444065739437,62.310506874957987,0.019731795430244833,0.019186993510982891,0.020283368123358719,ok
experiment_05,e005_spectral_residual_curves,edm_1k,train,7,5.3151945217963821,edm_18_rho7,6,full,1000,8,245.8826218802547,238.77473537099095,252.92745009685993,0.080039915976645407,0.077726150836911118,0.08233315432840492,ok
experiment_05,e005_spectral_residual_curves,edm_1k,train,7,5.3151945217963821,edm_18_rho7,6,low_frequency_residual,1000,8,206.63658016445987,200.67929698771485,212.62606658714202,0.06726451177228511,0.065325291988188428,0.069214214383835293,ok
experiment_05,e005_spectral_residual_curves,edm_1k,train,7,5.3151945217963821,edm_18_rho7,6,high_frequency_residual,1000,8,39.246041715794682,37.881320320120373,40.642506630100883,0.012775404204360248,0.012331158958372517,0.013229982626985964,ok
experiment_05,e005_spectral_residual_curves,edm_1k,train,8,3.2568215197655368,edm_18_rho7,6,full,1000,8,40.698060130459353,37.642761731422034,43.824664045123853,0.013248066448717238,0.01225350316778061,0.014265841160522088,ok
experiment_05,e005_spectral_residual_curves,edm_1k,train,8,3.2568215197655368,edm_18_rho7,6,low_frequency_residual,1000,8,31.863048972760478,29.40347551407169,34.344662466928312,0.010372086254153801,0.0095714438522368789,0.01117990314678656,ok
experiment_05,e005_spectral_residual_curves,edm_1k,train,8,3.2568215197655368,edm_18_rho7,6,high_frequency_residual,1000,8,8.8350111576988475,8.2096194062255599,9.4939604234497459,0.0028759801945634268,0.0026724021504640496,0.0030904819086750475,ok
experiment_05,e005_spectral_residual_curves,edm_1k,train,9,1.9233398370400518,edm_18_rho7,6,full,1000,8,3.2205377222263971,3.0019887012140916,3.4665451874450732,0.0010483521231205719,0.0009772098636764621,0.0011284326782047764,ok
experiment_05,e005_spectral_residual_curves,edm_1k,train,9,1.9233398370400518,edm_18_rho7,6,low_frequency_residual,1000,8,1.935574022631898,1.7735916045783442,2.1255637692423694,0.00063006966882548764,0.00057734101711534645,0.0006919152894669171,ok
experiment_05,e005_spectral_residual_curves,edm_1k,train,9,1.9233398370400518,edm_18_rho7,6,high_frequency_residual,1000,8,1.2849636995944964,1.2276201183263404,1.3506264846266225,0.00041828245429508345,0.00039961592393435559,0.00043965705879772866,ok
experiment_05,e005_spectral_residual_curves,edm_1k,train,10,1.088170636545279,edm_18_rho7,6,full,1000,8,1.6778296223235976,1.6558164561557149,1.6994572552097487,0.00054616849685012938,0.00053900275265485512,0.00055320874193025673,ok
experiment_05,e005_spectral_residual_curves,edm_1k,train,10,1.088170636545279,edm_18_rho7,6,low_frequency_residual,1000,8,0.93943181308141643,0.92578690196403512,0.95306928773776722,0.00030580462665410693,0.00030136292381641768,0.00031024390876880443,ok
experiment_05,e005_spectral_residual_curves,edm_1k,train,10,1.088170636545279,edm_18_rho7,6,high_frequency_residual,1000,8,0.73839780924218013,0.72555094380411322,0.75143316584758113,0.00024036387019602218,0.00023618194785290144,0.00024460715034100948,ok
experiment_05,e005_spectral_residual_curves,edm_1k,train,11,0.58534812319454221,edm_18_rho7,6,full,1000,8,1.1405441566744814,1.1266087400099283,1.1545197788325985,0.00037127088433414106,0.00036673461588864853,0.00037582024050540315,ok
experiment_05,e005_spectral_residual_curves,edm_1k,train,11,0.58534812319454221,edm_18_rho7,6,low_frequency_residual,1000,8,0.66082754718517034,0.65204161776164804,0.66968879620684418,0.00021511313384933931,0.00021225313078178647,0.00021799765501524877,ok
experiment_05,e005_spectral_residual_curves,edm_1k,train,11,0.58534812319454221,edm_18_rho7,6,high_frequency_residual,1000,8,0.47971660948931039,0.47137931981065362,0.48838264960401057,0.00015615775048480156,0.00015344378900086382,0.00015897872708463886,ok
experiment_05,e005_spectral_residual_curves,edm_1k,train,12,0.29644228447915727,edm_18_rho7,6,full,1000,8,0.73718826720890174,0.72835038571496658,0.74611962757980588,0.0002399701390653977,0.00023709322451659069,0.00024287748293613473,ok
experiment_05,e005_spectral_residual_curves,edm_1k,train,12,0.29644228447915727,edm_18_rho7,6,low_frequency_residual,1000,8,0.44758522262550732,0.44189805043191677,0.4533444628173966,0.00014569831465674067,0.0001438470216249729,0.00014757306732337129,ok
experiment_05,e005_spectral_residual_curves,edm_1k,train,12,0.29644228447915727,edm_18_rho7,6,high_frequency_residual,1000,8,0.28960304458339398,0.28459029786061896,0.29482041638959655,9.4271824408656893e-05,9.2640070918170229e-05,9.5970187626821799e-05,ok
experiment_05,e005_spectral_residual_curves,edm_1k,train,13,0.13951646873101678,edm_18_rho7,6,full,1000,8,0.41553545011436255,0.41042647493341311,0.42064452979488615,0.00013526544600076906,0.00013360236814238707,0.00013692855787593951,ok
experiment_05,e005_spectral_residual_curves,edm_1k,train,13,0.13951646873101678,edm_18_rho7,6,low_frequency_residual,1000,8,0.24951680429141998,0.24634232360119149,0.25263568045877877,8.1222918063613279e-05,8.0189558463929521e-05,8.2238177232675375e-05,ok
experiment_05,e005_spectral_residual_curves,edm_1k,train,13,0.13951646873101678,edm_18_rho7,6,high_frequency_residual,1000,8,0.16601864582294235,0.1632809265731838,0.16879611257401766,5.4042527937155711e-05,5.3151343285541601e-05,5.4946651228521378e-05,ok
experiment_05,e005_spectral_residual_curves,edm_1k,train,14,0.05994731123547159,edm_18_rho7,6,full,1000,8,0.23590656831905929,0.23296923268463521,0.23883350931715588,7.6792502708027108e-05,7.583633876452969e-05,7.774528298084501e-05,ok
experiment_05,e005_spectral_residual_curves,edm_1k,train,14,0.05994731123547159,edm_18_rho7,6,low_frequency_residual,1000,8,0.12961453776245474,0.12798430484752291,0.13125592576428644,4.2192232344549069e-05,4.1661557567553027e-05,4.272653833472866e-05,ok
experiment_05,e005_spectral_residual_curves,edm_1k,train,14,0.05994731123547159,edm_18_rho7,6,high_frequency_residual,1000,8,0.10629203055660436,0.10469931874091502,0.10797784655248392,3.4600270363477978e-05,3.4081809485974942e-05,3.5149038591303362e-05,ok
experiment_05,e005_spectral_residual_curves,edm_1k,train,15,0.022934518372333384,edm_18_rho7,6,full,1000,8,0.13842857056876426,0.13666041179057431,0.14017088671518893,4.506138364868628e-05,4.4485811129744241e-05,4.5628543852600566e-05,ok
experiment_05,e005_spectral_residual_curves,edm_1k,train,15,0.022934518372333384,edm_18_rho7,6,low_frequency_residual,1000,8,0.053971771099560216,0.053335377539705908,0.054611891199714442,1.7568935904804758e-05,1.7361776542873016e-05,1.7777308333240378e-05,ok
experiment_05,e005_spectral_residual_curves,edm_1k,train,15,0.022934518372333384,edm_18_rho7,6,high_frequency_residual,1000,8,0.084456799469203925,0.083267171064223128,0.085669127203597456,2.7492447743881485e-05,2.7105198914135132e-05,2.788708567825438e-05,ok
experiment_05,e005_spectral_residual_curves,edm_1k,train,16,0.0075280199627840785,edm_18_rho7,6,full,1000,8,0.062258235652888329,0.061635923961608899,0.06287986675939343,2.0266352751591252e-05,2.0063777331252898e-05,2.0468706627406715e-05,ok
experiment_05,e005_spectral_residual_curves,edm_1k,train,16,0.0075280199627840785,edm_18_rho7,6,low_frequency_residual,1000,8,0.013228574183106382,0.013131847789813904,0.013323673852032744,4.3061764918966088e-06,4.2746900357467132e-06,4.3371334153752425e-06,ok
experiment_05,e005_spectral_residual_curves,edm_1k,train,16,0.0075280199627840785,edm_18_rho7,6,high_frequency_residual,1000,8,0.04902966146978191,0.048482789112615866,0.049576324566811263,1.5960176259694631e-05,1.5782157914262977e-05,1.6138126486592207e-05,ok
experiment_05,e005_spectral_residual_curves,edm_1k,train,17,0.0020000000000000031,edm_18_rho7,6,full,1000,8,0.010206480547329011,0.010170878881370709,0.010240189195063247,3.3224220531669955e-06,3.3108329691961942e-06,3.3333949202679842e-06,ok
experiment_05,e005_spectral_residual_curves,edm_1k,train,17,0.0020000000000000031,edm_18_rho7,6,low_frequency_residual,1000,8,0.0013139883422628299,0.0013113548241527777,0.001316578600769181,4.2773058016368162e-07,4.2687331515389902e-07,4.285737632712178e-07,ok
experiment_05,e005_spectral_residual_curves,edm_1k,train,17,0.0020000000000000031,edm_18_rho7,6,high_frequency_residual,1000,8,0.008892492205066176,0.0088580397731848597,0.0089258764538265121,2.8946914730033126e-06,2.8834764886669464e-06,2.9055587414799843e-06,ok
experiment_05,e005_spectral_residual_curves,edm_1k,test,0,80,edm_18_rho7,3,full,1000,8,793.65109361545035,771.61700291978434,815.50117504977811,0.25834996536961274,0.25117740980461728,0.26546262208651633,ok
experiment_05,e005_spectral_residual_curves,edm_1k,test,0,80,edm_18_rho7,3,low_frequency_residual,1000,8,631.77069089020324,611.95168374854802,651.92137286034995,0.20565452177415469,0.1992030220535638,0.21221398856131182,ok
experiment_05,e005_spectral_residual_curves,edm_1k,test,0,80,edm_18_rho7,3,high_frequency_residual,1000,8,161.88040272524654,157.1065264316866,166.6888157421003,0.052695443595457858,0.051141447406147983,0.05426068220771494,ok
experiment_05,e005_spectral_residual_curves,edm_1k,test,1,57.58598472124816,edm_18_rho7,3,full,1000,8,779.61772315579901,758.67235126909065,800.27845388757873,0.25378181092311164,0.24696365601207379,0.2605073092081962,ok
experiment_05,e005_spectral_residual_curves,edm_1k,test,1,57.58598472124816,edm_18_rho7,3,low_frequency_residual,1000,8,618.07012465549451,599.10642312708103,637.62755006106534,0.20119470203629378,0.19502162211168003,0.20756105145216971,ok
experiment_05,e005_spectral_residual_curves,edm_1k,test,1,57.58598472124816,edm_18_rho7,3,high_frequency_residual,1000,8,161.54759850030393,156.76767318386811,166.33062429331375,0.052587108886817689,0.051031143614540399,0.054144083428813071,ok
experiment_05,e005_spectral_residual_curves,edm_1k,test,2,40.785573796507961,edm_18_rho7,3,full,1000,8,745.70101423271205,726.46604677871824,765.91666948163993,0.24274121557054429,0.23647983293578068,0.24932183251355466,ok
experiment_05,e005_spectral_residual_curves,edm_1k,test,2,40.785573796507961,edm_18_rho7,3,low_frequency_residual,1000,8,585.54265567591642,568.33924666541679,603.29869998598042,0.19060633322783738,0.18500626519056537,0.19638629556835299,ok
experiment_05,e005_spectral_residual_curves,edm_1k,test,2,40.785573796507961,edm_18_rho7,3,high_frequency_residual,1000,8,160.15835855679515,155.26797214954988,164.9813492933873,0.052134882342706752,0.05054295968409827,0.053704866306441175,ok
experiment_05,e005_spectral_residual_curves,edm_1k,test,3,28.374584604156844,edm_18_rho7,3,full,1000,8,699.40121691920285,681.1292488490385,718.13536881762934,0.22766966696588634,0.22172176069304639,0.23376802370365538,ok
experiment_05,e005_spectral_residual_curves,edm_1k,test,3,28.374584604156844,edm_18_rho7,3,low_frequency_residual,1000,8,540.76113688326757,524.99163003675324,556.82578150441441,0.17602901591252199,0.17089571290258895,0.18125839241680156,ok
experiment_05,e005_spectral_residual_curves,edm_1k,test,3,28.374584604156844,edm_18_rho7,3,high_frequency_residual,1000,8,158.64008003593472,153.84455871761241,163.32951189786957,0.051640651053364163,0.050079608957556122,0.05316715882092108,ok
experiment_05,e005_spectral_residual_curves,edm_1k,test,4,19.352452980325229,edm_18_rho7,3,full,1000,8,654.55398469795307,639.29503544382828,670.82059882027488,0.2130709585605316,0.20810385268353784,0.21836608034514157,ok
experiment_05,e005_spectral_residual_curves,edm_1k,test,4,19.352452980325229,edm_18_rho7,3,low_frequency_residual,1000,8,496.2965750914604,483.17942564462425,509.86121905657325,0.16155487470425142,0.15728496928535945,0.16597044891164495,ok
experiment_05,e005_spectral_residual_curves,edm_1k,test,4,19.352452980325229,edm_18_rho7,3,high_frequency_residual,1000,8,158.25740960649222,153.65805949901829,163.04451056776097,0.051516083856280016,0.050018899576503351,0.053074384950443025,ok
experiment_05,e005_spectral_residual_curves,edm_1k,test,5,12.91008238075732,edm_18_rho7,3,full,1000,8,602.90705479062183,590.56579449005255,615.58615373691521,0.19625880689798889,0.19224146956056398,0.20038611775290208,ok
experiment_05,e005_spectral_residual_curves,edm_1k,test,5,12.91008238075732,edm_18_rho7,3,low_frequency_residual,1000,8,439.0375365235206,429.7215673936206,448.50533862558456,0.1429158647537502,0.13988332271927753,0.14599783158384913,ok
experiment_05,e005_spectral_residual_curves,edm_1k,test,5,12.91008238075732,edm_18_rho7,3,high_frequency_residual,1000,8,163.86951826710086,159.26283115201056,168.60508829458809,0.053342942144238563,0.051843369515628436,0.054884468845894561,ok
experiment_05,e005_spectral_residual_curves,edm_1k,test,6,8.4009353090998165,edm_18_rho7,3,full,1000,8,553.66996496999241,543.01730656331381,564.5160071210455,0.1802311083886694,0.17676344614691206,0.18376172106804867,ok
experiment_05,e005_spectral_residual_curves,edm_1k,test,6,8.4009353090998165,edm_18_rho7,3,low_frequency_residual,1000,8,376.81758415851795,369.73864175592831,384.18761246526731,0.12266197400993423,0.12035763077992458,0.12506107176603753,ok
experiment_05,e005_spectral_residual_curves,edm_1k,test,6,8.4009353090998165,edm_18_rho7,3,high_frequency_residual,1000,8,176.85238081147421,172.1430903963678,181.67315386987039,0.057569134378735093,0.056036162238400973,0.059138396442015101,ok
experiment_05,e005_spectral_residual_curves,edm_1k,test,7,5.3151945217963821,edm_18_rho7,3,full,1000,8,502.0056082958933,492.49429441532618,511.73217301030877,0.1634132839504861,0.16031715312998898,0.16657948340179321,ok
experiment_05,e005_spectral_residual_curves,edm_1k,test,7,5.3151945217963821,edm_18_rho7,3,low_frequency_residual,1000,8,307.81867446612557,301.97804014839852,313.71901886588489,0.10020139142777525,0.098300143277473481,0.10212207645373857,ok
experiment_05,e005_spectral_residual_curves,edm_1k,test,7,5.3151945217963821,edm_18_rho7,3,high_frequency_residual,1000,8,194.18693382976733,189.3897114042839,199.11565851747133,0.063211892522710714,0.061650296681081997,0.064816295090322704,ok
experiment_05,e005_spectral_residual_curves,edm_1k,test,8,3.2568215197655368,edm_18_rho7,3,full,1000,8,432.76493701046792,423.87033206923314,441.46518550408325,0.14087400293309502,0.1379786237204535,0.14370611507294376,ok
experiment_05,e005_spectral_residual_curves,edm_1k,test,8,3.2568215197655368,edm_18_rho7,3,low_frequency_residual,1000,8,237.22383180572155,232.4081568122316,242.11984502283178,0.077221299415924982,0.075653696878981644,0.078815053718369721,ok
experiment_05,e005_spectral_residual_curves,edm_1k,test,8,3.2568215197655368,edm_18_rho7,3,high_frequency_residual,1000,8,195.54110520474612,190.63915536531309,200.35898851316782,0.063652703517169965,0.062057016720479523,0.065221024906630148,ok
experiment_05,e005_spectral_residual_curves,edm_1k,test,9,1.9233398370400518,edm_18_rho7,3,full,1000,8,357.97441760797238,350.51079453282915,365.51051490628629,0.11652813073176184,0.11409856592865532,0.11898128740439007,ok
experiment_05,e005_spectral_residual_curves,edm_1k,test,9,1.9233398370400518,edm_18_rho7,3,low_frequency_residual,1000,8,177.16599996092734,173.4041533131296,181.01296133123881,0.057671223945614365,0.056446664489951039,0.058923490016679299,ok
experiment_05,e005_spectral_residual_curves,edm_1k,test,9,1.9233398370400518,edm_18_rho7,3,high_frequency_residual,1000,8,180.80841764704482,176.31149859905912,185.44811371818855,0.058856906786147405,0.05739306595021456,0.060367224517639505,ok
experiment_05,e005_spectral_residual_curves,edm_1k,test,10,1.088170636545279,edm_18_rho7,3,full,1000,8,269.75523412396842,263.94576033562106,275.57384494481357,0.087810948608062642,0.085919843859251652,0.089705027651306501,ok
experiment_05,e005_spectral_residual_curves,edm_1k,test,10,1.088170636545279,edm_18_rho7,3,low_frequency_residual,1000,8,119.64570085134139,116.95607684690526,122.42645294614589,0.038947168245879356,0.038071639598601971,0.039852360985073533,ok
experiment_05,e005_spectral_residual_curves,edm_1k,test,10,1.088170636545279,edm_18_rho7,3,high_frequency_residual,1000,8,150.10953327262683,146.38877000683155,153.96334068729459,0.048863780362183216,0.047652594403265476,0.050118274963312039,ok
experiment_05,e005_spectral_residual_curves,edm_1k,test,11,0.58534812319454221,edm_18_rho7,3,full,1000,8,178.50161462086453,174.78621516090476,182.13457501551116,0.058105994342729339,0.056896554414357016,0.059288598637861706,ok
experiment_05,e005_spectral_residual_curves,edm_1k,test,11,0.58534812319454221,edm_18_rho7,3,low_frequency_residual,1000,8,67.352382534055039,65.800839857023334,68.892269015877133,0.02192460368947104,0.021419544224291449,0.022425868820272504,ok
experiment_05,e005_spectral_residual_curves,edm_1k,test,11,0.58534812319454221,edm_18_rho7,3,high_frequency_residual,1000,8,111.14923208680936,108.47055003276755,113.84465164435527,0.036181390653258254,0.035309423838791522,0.037058805873813563,ok
experiment_05,e005_spectral_residual_curves,edm_1k,test,12,0.29644228447915727,edm_18_rho7,3,full,1000,8,95.310512257031675,93.572238670692045,96.999766219701129,0.031025557375335831,0.030459713108949234,0.031575444732975626,ok
experiment_05,e005_spectral_residual_curves,edm_1k,test,12,0.29644228447915727,edm_18_rho7,3,low_frequency_residual,1000,8,28.080734693264645,27.495585724530116,28.678912250842139,0.0091408641579637517,0.0089503859780371477,0.0093355834149876759,ok
experiment_05,e005_spectral_residual_curves,edm_1k,test,12,0.29644228447915727,edm_18_rho7,3,high_frequency_residual,1000,8,67.229777563766959,65.791554075159297,68.682954907755487,0.021884693217372058,0.021416521508840918,0.022357732717368323,ok
experiment_05,e005_spectral_residual_curves,edm_1k,test,13,0.13951646873101678,edm_18_rho7,3,full,1000,8,40.005804530575773,39.386559439755985,40.630482096491505,0.013022722828963468,0.012821145650962235,0.013226068390784995,ok
experiment_05,e005_spectral_residual_curves,edm_1k,test,13,0.13951646873101678,edm_18_rho7,3,low_frequency_residual,1000,8,8.2851419270226536,8.1304952361565448,8.4419022732669209,0.0026969863043693532,0.0026466455846863753,0.0027480150629124091,ok
experiment_05,e005_spectral_residual_curves,edm_1k,test,13,0.13951646873101678,edm_18_rho7,3,high_frequency_residual,1000,8,31.720662603553095,31.155500705585499,32.284848284906822,0.010325736524594106,0.010141764552599446,0.010509390717743107,ok
experiment_05,e005_spectral_residual_curves,edm_1k,test,14,0.05994731123547159,edm_18_rho7,3,full,1000,8,12.783221459207343,12.632207986353606,12.935197956611981,0.0041612049020857238,0.0041120468705578145,0.0042106764181679629,ok
experiment_05,e005_spectral_residual_curves,edm_1k,test,14,0.05994731123547159,edm_18_rho7,3,low_frequency_residual,1000,8,1.7916668749173368,1.7611280930980666,1.8233157739220653,0.00058322489417882053,0.00057328388447202693,0.00059352727015692228,ok
experiment_05,e005_spectral_residual_curves,edm_1k,test,14,0.05994731123547159,edm_18_rho7,3,high_frequency_residual,1000,8,10.991554584289998,10.837519096923167,11.141241614657737,0.0035779800079069005,0.0035278382476963432,0.0036267062547713988,ok
experiment_05,e005_spectral_residual_curves,edm_1k,test,15,0.022934518372333384,edm_18_rho7,3,full,1000,8,2.6936375675156086,2.6715925529314193,2.7154939069556145,0.00087683514567565379,0.00086965903415736308,0.00088394983950378081,ok
experiment_05,e005_spectral_residual_curves,edm_1k,test,15,0.022934518372333384,edm_18_rho7,3,low_frequency_residual,1000,8,0.26556058000366006,0.26126053631029483,0.26989132835717855,8.644550130327476e-05,8.5045747496840761e-05,8.7855250116269064e-05,ok
experiment_05,e005_spectral_residual_curves,edm_1k,test,15,0.022934518372333384,edm_18_rho7,3,high_frequency_residual,1000,8,2.4280769875119477,2.4047603777042772,2.451401866114308,0.00079038964437237876,0.00078279960211727773,0.00079798237829241793,ok
experiment_05,e005_spectral_residual_curves,edm_1k,test,16,0.0075280199627840785,edm_18_rho7,3,full,1000,8,0.33430994335844832,0.33219463712108743,0.33639951906261623,0.00010882485135366156,0.00010813627510452065,0.00010950505177819538,ok
experiment_05,e005_spectral_residual_curves,edm_1k,test,16,0.0075280199627840785,edm_18_rho7,3,low_frequency_residual,1000,8,0.025428121929112705,0.025017732225954322,0.025839215407100036,8.2773834404663753e-06,8.1437930423028387e-06,8.4112029319987092e-06,ok
experiment_05,e005_spectral_residual_curves,edm_1k,test,16,0.0075280199627840785,edm_18_rho7,3,high_frequency_residual,1000,8,0.30888182142933546,0.30665233025843736,0.31113433042139466,0.00010054746791319514,9.9821722089335081e-05,0.00010128070651738108,ok
experiment_05,e005_spectral_residual_curves,edm_1k,test,17,0.0020000000000000031,edm_18_rho7,3,full,1000,8,0.022061712546628351,0.021931688025536918,0.022190820559583168,7.1815470529389163e-06,7.1392213624794651e-06,7.2235744009059789e-06,ok
experiment_05,e005_spectral_residual_curves,edm_1k,test,17,0.0020000000000000031,edm_18_rho7,3,low_frequency_residual,1000,8,0.0013557795112304259,0.0013320701713195279,0.0013794339666448267,4.4133447631198762e-07,4.336165922264088e-07,4.4903449435052954e-07,ok
experiment_05,e005_spectral_residual_curves,edm_1k,test,17,0.0020000000000000031,edm_18_rho7,3,high_frequency_residual,1000,8,0.020705933035397906,0.020572476801528482,0.020837383106405819,6.7402125766269223e-06,6.696769792164219e-06,6.783002313283144e-06,ok
experiment_05,e005_spectral_residual_curves,edm_1k,test,0,80,edm_18_rho7,4,full,1000,8,793.65109361545035,772.43688360730584,815.1284810760684,0.25834996536961274,0.25144429804925322,0.26534130243361603,ok
experiment_05,e005_spectral_residual_curves,edm_1k,test,0,80,edm_18_rho7,4,low_frequency_residual,1000,8,673.36851504676088,653.3914015094125,693.9300746757234,0.21919548015845081,0.21269251351217855,0.22588869618350371,ok
experiment_05,e005_spectral_residual_curves,edm_1k,test,0,80,edm_18_rho7,4,high_frequency_residual,1000,8,120.2825785686889,116.75775755149598,123.82823346650876,0.039154485211161751,0.038007082536294264,0.04030866974821249,ok
experiment_05,e005_spectral_residual_curves,edm_1k,test,1,57.58598472124816,edm_18_rho7,4,full,1000,8,779.61772315579901,758.49839730410326,800.54552812169766,0.25378181092311164,0.24690703037242945,0.26059424743544846,ok
experiment_05,e005_spectral_residual_curves,edm_1k,test,1,57.58598472124816,edm_18_rho7,4,low_frequency_residual,1000,8,659.60092862566955,640.23572087034006,679.5174693685467,0.21471384395366847,0.2084100653874805,0.22119709289340714,ok
experiment_05,e005_spectral_residual_curves,edm_1k,test,1,57.58598472124816,edm_18_rho7,4,high_frequency_residual,1000,8,120.01679453012892,116.47661053549106,123.54793034820119,0.039067966969443008,0.037915563325355166,0.040217425243555073,ok
experiment_05,e005_spectral_residual_curves,edm_1k,test,2,40.785573796507961,edm_18_rho7,4,full,1000,8,745.70101423271205,725.70804897710707,766.04503872807175,0.24274121557054429,0.23623308885973537,0.24936361937762752,ok
experiment_05,e005_spectral_residual_curves,edm_1k,test,2,40.785573796507961,edm_18_rho7,4,low_frequency_residual,1000,8,626.60433077065738,609.10814320104407,645.44775199033745,0.20397276392274002,0.1982773903649232,0.21010669010102132,ok
experiment_05,e005_spectral_residual_curves,edm_1k,test,2,40.785573796507961,edm_18_rho7,4,high_frequency_residual,1000,8,119.09668346205432,115.46001214628976,122.66534960963773,0.038768451647804139,0.037584639370537028,0.039930126826053951,ok
experiment_05,e005_spectral_residual_curves,edm_1k,test,3,28.374584604156844,edm_18_rho7,4,full,1000,8,699.40121691920285,681.30965387702815,717.8831850157045,0.22766966696588634,0.2217804862880951,0.23368593262229964,ok
experiment_05,e005_spectral_residual_curves,edm_1k,test,3,28.374584604156844,edm_18_rho7,4,low_frequency_residual,1000,8,581.39903109675276,564.71694393667713,598.26276176739361,0.18925749710180753,0.18382713018772043,0.19474699276282345,ok
experiment_05,e005_spectral_residual_curves,edm_1k,test,3,28.374584604156844,edm_18_rho7,4,high_frequency_residual,1000,8,118.00218582244959,114.40439147682072,121.58318448657243,0.038412169864078645,0.037241012850527576,0.039577859533389464,ok
experiment_05,e005_spectral_residual_curves,edm_1k,test,4,19.352452980325229,edm_18_rho7,4,full,1000,8,654.55398469795307,638.99268515532208,670.34491291460552,0.2130709585605316,0.20800543136566474,0.21821123467272316,ok
experiment_05,e005_spectral_residual_curves,edm_1k,test,4,19.352452980325229,edm_18_rho7,4,low_frequency_residual,1000,8,536.70237845440818,522.85640509925167,550.81997102229741,0.174707805486461,0.17020065270157933,0.17930337598382076,ok
experiment_05,e005_spectral_residual_curves,edm_1k,test,4,19.352452980325229,edm_18_rho7,4,high_frequency_residual,1000,8,117.85160624354454,114.32212994832433,121.35282200122525,0.03836315307407049,0.037214235009220158,0.039502871745190508,ok
experiment_05,e005_spectral_residual_curves,edm_1k,test,5,12.91008238075732,edm_18_rho7,4,full,1000,8,602.90705479062183,590.67325162217855,615.40703619585054,0.19625880689798889,0.19227644909576125,0.2003278112616701,ok
experiment_05,e005_spectral_residual_curves,edm_1k,test,5,12.91008238075732,edm_18_rho7,4,low_frequency_residual,1000,8,481.00642608850342,470.61915535444103,491.44731127547766,0.15657761265901804,0.1531963396336071,0.15997633830581956,ok
experiment_05,e005_spectral_residual_curves,edm_1k,test,5,12.91008238075732,edm_18_rho7,4,high_frequency_residual,1000,8,121.90062870211803,118.38866351440412,125.49839655117906,0.039681194238970714,0.038537976404428423,0.040852342627336932,ok
experiment_05,e005_spectral_residual_curves,edm_1k,test,6,8.4009353090998165,edm_18_rho7,4,full,1000,8,553.66996496999241,543.12973804465378,564.48113809541132,0.1802311083886694,0.17680004493641074,0.18375037047376672,ok
experiment_05,e005_spectral_residual_curves,edm_1k,test,6,8.4009353090998165,edm_18_rho7,4,low_frequency_residual,1000,8,421.80316896746967,413.86480493589943,429.86257530834052,0.13730571906493153,0.13472161619007142,0.13992922373318376,ok
experiment_05,e005_spectral_residual_curves,edm_1k,test,6,8.4009353090998165,edm_18_rho7,4,high_frequency_residual,1000,8,131.86679600252245,128.3098281253547,135.53173127222064,0.042925389323737774,0.041767522176222233,0.044118402106842654,ok
experiment_05,e005_spectral_residual_curves,edm_1k,test,7,5.3151945217963821,edm_18_rho7,4,full,1000,8,502.0056082958933,492.15317870635124,511.49786664976347,0.1634132839504861,0.16020611286014039,0.1665032118000532,ok
experiment_05,e005_spectral_residual_curves,edm_1k,test,7,5.3151945217963821,edm_18_rho7,4,low_frequency_residual,1000,8,355.94178053885685,349.3809104707226,362.61882528354778,0.11586646501915913,0.11373076512718834,0.11803998218865487,ok
experiment_05,e005_spectral_residual_curves,edm_1k,test,7,5.3151945217963821,edm_18_rho7,4,high_frequency_residual,1000,8,146.06382775703605,142.43808690030318,149.77717201384186,0.04754681893132684,0.04636656474619244,0.048755589848255815,ok
experiment_05,e005_spectral_residual_curves,edm_1k,test,8,3.2568215197655368,edm_18_rho7,4,full,1000,8,432.76493701046792,423.93583885229737,441.60484242822787,0.14087400293309502,0.13799994754306555,0.14375157631127208,ok
experiment_05,e005_spectral_residual_curves,edm_1k,test,8,3.2568215197655368,edm_18_rho7,4,low_frequency_residual,1000,8,283.33004563710301,277.53501534608029,289.25424132433045,0.092229832564161132,0.090343429474635514,0.094158281681097147,ok
experiment_05,e005_spectral_residual_curves,edm_1k,test,8,3.2568215197655368,edm_18_rho7,4,high_frequency_residual,1000,8,149.43489137336462,145.75935655042616,153.31382151117577,0.048644170368933794,0.047447707210425183,0.049906842939835862,ok
experiment_05,e005_spectral_residual_curves,edm_1k,test,9,1.9233398370400518,edm_18_rho7,4,full,1000,8,357.97441760797238,350.52128675061959,365.43337686789641,0.11652813073176184,0.11410198136413398,0.11895617736585169,ok
experiment_05,e005_spectral_residual_curves,edm_1k,test,9,1.9233398370400518,edm_18_rho7,4,low_frequency_residual,1000,8,217.54381131100089,213.00872789784157,222.21292516526759,0.070815042744466442,0.06933877861257863,0.07233493657723554,ok
experiment_05,e005_spectral_residual_curves,edm_1k,test,9,1.9233398370400518,edm_18_rho7,4,high_frequency_residual,1000,8,140.43060629697126,136.85837820993763,144.05132277501909,0.045713087987295335,0.044550253323547402,0.046891706632493195,ok
experiment_05,e005_spectral_residual_curves,edm_1k,test,10,1.088170636545279,edm_18_rho7,4,full,1000,8,269.75523412396842,264.00909458836537,275.48260202264214,0.087810948608062642,0.085940460477983524,0.089675326179245493,ok
experiment_05,e005_spectral_residual_curves,edm_1k,test,10,1.088170636545279,edm_18_rho7,4,low_frequency_residual,1000,8,150.60479314280227,147.21415707911018,153.96796910272045,0.049024997767839279,0.047921275090856176,0.050119781608958476,ok
experiment_05,e005_spectral_residual_curves,edm_1k,test,10,1.088170636545279,edm_18_rho7,4,high_frequency_residual,1000,8,119.15044098116597,115.96386711344255,122.2981355808941,0.0387859508402233,0.037748654659323748,0.039810591009405628,ok
experiment_05,e005_spectral_residual_curves,edm_1k,test,11,0.58534812319454221,edm_18_rho7,4,full,1000,8,178.50161462086453,174.89430089301084,182.26965790387035,0.058105994342729339,0.056931738571943634,0.059332570932249466,ok
experiment_05,e005_spectral_residual_curves,edm_1k,test,11,0.58534812319454221,edm_18_rho7,4,low_frequency_residual,1000,8,87.677570202204308,85.79809368088479,89.598094696138489,0.028540875716863381,0.027929066953413018,0.029166046450565915,ok
experiment_05,e005_spectral_residual_curves,edm_1k,test,11,0.58534812319454221,edm_18_rho7,4,high_frequency_residual,1000,8,90.824044418660094,88.546303320168377,93.127508590565768,0.029565118625865916,0.02882366644536731,0.030314944202658126,ok
experiment_05,e005_spectral_residual_curves,edm_1k,test,12,0.29644228447915727,edm_18_rho7,4,full,1000,8,95.310512257031675,93.575653468108754,97.020403567719384,0.031025557375335831,0.030460824696649985,0.031582162619700323,ok
experiment_05,e005_spectral_residual_curves,edm_1k,test,12,0.29644228447915727,edm_18_rho7,4,low_frequency_residual,1000,8,38.111060843806221,37.389634668872368,38.8344653482607,0.012405944285093172,0.012171105035440223,0.012641427522220279,ok
experiment_05,e005_spectral_residual_curves,edm_1k,test,12,0.29644228447915727,edm_18_rho7,4,high_frequency_residual,1000,8,57.199451413225397,55.918410567390701,58.506821092747224,0.018619613090242643,0.018202607606572493,0.019045189157795319,ok
experiment_05,e005_spectral_residual_curves,edm_1k,test,13,0.13951646873101678,edm_18_rho7,4,full,1000,8,40.005804530575773,39.400091905432127,40.606923234310308,0.013022722828963468,0.012825550750466187,0.013218399490335387,ok
experiment_05,e005_spectral_residual_curves,edm_1k,test,13,0.13951646873101678,edm_18_rho7,4,low_frequency_residual,1000,8,11.756761336801478,11.560533420081972,11.957301916843395,0.0038270707476567314,0.0037631944726829337,0.0038923508843891259,ok
experiment_05,e005_spectral_residual_curves,edm_1k,test,13,0.13951646873101678,edm_18_rho7,4,high_frequency_residual,1000,8,28.249043193774266,27.72317252906408,28.788412670812178,0.0091956520813067273,0.0090244702243047134,0.0093712280829466726,ok
experiment_05,e005_spectral_residual_curves,edm_1k,test,14,0.05994731123547159,edm_18_rho7,4,full,1000,8,12.783221459207343,12.629750061908863,12.932760773386217,0.0041612049020857238,0.0041112467649442918,0.004209883064253326,ok
experiment_05,e005_spectral_residual_curves,edm_1k,test,14,0.05994731123547159,edm_18_rho7,4,low_frequency_residual,1000,8,2.6248070617066261,2.5847496994723138,2.6638941110495771,0.00085442938206595903,0.00084138987613031045,0.00086715303094061754,ok
experiment_05,e005_spectral_residual_curves,edm_1k,test,14,0.05994731123547159,edm_18_rho7,4,high_frequency_residual,1000,8,10.15841439750071,10.0116925971989,10.306123800336493,0.0033067755200197626,0.0032590145173173502,0.0033548580079220355,ok
experiment_05,e005_spectral_residual_curves,edm_1k,test,15,0.022934518372333384,edm_18_rho7,4,full,1000,8,2.6936375675156086,2.6716355496000301,2.716467899630127,0.00087683514567565379,0.00086967303046875985,0.00088426689441084864,ok
experiment_05,e005_spectral_residual_curves,edm_1k,test,15,0.022934518372333384,edm_18_rho7,4,low_frequency_residual,1000,8,0.39855941480128626,0.39297958307734165,0.40421821067856684,0.00012973939283896036,0.00012792304136632215,0.00013158144878859597,ok
experiment_05,e005_spectral_residual_curves,edm_1k,test,15,0.022934518372333384,edm_18_rho7,4,high_frequency_residual,1000,8,2.2950781527143209,2.271797329276414,2.3176293505821337,0.00074709575283669297,0.00073951735979049934,0.00075443663755928828,ok
experiment_05,e005_spectral_residual_curves,edm_1k,test,16,0.0075280199627840785,edm_18_rho7,4,full,1000,8,0.33430994335844832,0.33215862654285627,0.33641981237821911,0.00010882485135366156,0.00010812455291108603,0.00010951165767520153,ok
experiment_05,e005_spectral_residual_curves,edm_1k,test,16,0.0075280199627840785,edm_18_rho7,4,low_frequency_residual,1000,8,0.038884355459272588,0.038333042202520949,0.039421515573405175,1.2657667792731963e-05,1.2478203841966455e-05,1.283252460071783e-05,ok
experiment_05,e005_spectral_residual_curves,edm_1k,test,16,0.0075280199627840785,edm_18_rho7,4,high_frequency_residual,1000,8,0.2954255878991755,0.29318666721204711,0.29769919378632176,9.6167183560929521e-05,9.5438368233088258e-05,9.6907289643984943e-05,ok
experiment_05,e005_spectral_residual_curves,edm_1k,test,17,0.0020000000000000031,edm_18_rho7,4,full,1000,8,0.022061712546628351,0.021928368730594627,0.022190830151494759,7.1815470529389163e-06,7.1381408628237714e-06,7.2235775232730339e-06,ok
experiment_05,e005_spectral_residual_curves,edm_1k,test,17,0.0020000000000000031,edm_18_rho7,4,low_frequency_residual,1000,8,0.0021010612256389593,0.0020706180099334796,0.0021316316867341094,6.8393920105434874e-07,6.7402930010855459e-07,6.938905230254262e-07,ok
experiment_05,e005_spectral_residual_curves,edm_1k,test,17,0.0020000000000000031,edm_18_rho7,4,high_frequency_residual,1000,8,0.01996065132098937,0.019827219923886759,0.020092078884037856,6.4976078518845608e-06,6.4541731523068876e-06,6.5403902617310727e-06,ok
experiment_05,e005_spectral_residual_curves,edm_1k,test,0,80,edm_18_rho7,5,full,1000,8,793.65109361545035,772.3640069398823,815.37459914686588,0.25834996536961274,0.25142057517574296,0.26542141899312038,ok
experiment_05,e005_spectral_residual_curves,edm_1k,test,0,80,edm_18_rho7,5,low_frequency_residual,1000,8,706.20164506529875,685.39911701456879,726.93909410935191,0.22988334800302693,0.22311169173651327,0.23663381969705466,ok
experiment_05,e005_spectral_residual_curves,edm_1k,test,0,80,edm_18_rho7,5,high_frequency_residual,1000,8,87.449448550151089,84.845503671109327,90.089703467659774,0.02846661736658564,0.027618979059605902,0.029326075347545499,ok
experiment_05,e005_spectral_residual_curves,edm_1k,test,1,57.58598472124816,edm_18_rho7,5,full,1000,8,779.61772315579901,759.0109547346575,800.77603345698333,0.25378181092311164,0.24707387849435467,0.26066928172427845,ok
experiment_05,e005_spectral_residual_curves,edm_1k,test,1,57.58598472124816,edm_18_rho7,5,low_frequency_residual,1000,8,692.37280207837262,672.01062068403655,713.41778010025951,0.22538177150988692,0.21875345725391815,0.23223235029305322,ok
experiment_05,e005_spectral_residual_curves,edm_1k,test,1,57.58598472124816,edm_18_rho7,5,high_frequency_residual,1000,8,87.244921077425957,84.630928584292548,89.914019659725739,0.028400039413224595,0.027549130398532729,0.02926888660798364,ok
experiment_05,e005_spectral_residual_curves,edm_1k,test,2,40.785573796507961,edm_18_rho7,5,full,1000,8,745.70101423271205,725.95744148690733,765.83586753537315,0.24274121557054429,0.23631427131735264,0.24929552979667094,ok
experiment_05,e005_spectral_residual_curves,edm_1k,test,2,40.785573796507961,edm_18_rho7,5,low_frequency_residual,1000,8,659.1679519370748,640.13354772468449,678.058735283548,0.2145729010211832,0.20837680589996241,0.22072224455844661,ok
experiment_05,e005_spectral_residual_curves,edm_1k,test,2,40.785573796507961,edm_18_rho7,5,high_frequency_residual,1000,8,86.533062295636867,83.938585440771035,89.184282310727696,0.028168314549360959,0.027323758281500989,0.029031341898023338,ok
experiment_05,e005_spectral_residual_curves,edm_1k,test,3,28.374584604156844,edm_18_rho7,5,full,1000,8,699.40121691920285,681.37146347761234,717.5116181981075,0.22766966696588634,0.22180060660078527,0.23356497988219646,ok
experiment_05,e005_spectral_residual_curves,edm_1k,test,3,28.374584604156844,edm_18_rho7,5,low_frequency_residual,1000,8,613.63890708818849,596.77149123553886,630.92398254879743,0.19975224840110303,0.19426155313656865,0.20537890056927,ok
experiment_05,e005_spectral_residual_curves,edm_1k,test,3,28.374584604156844,edm_18_rho7,5,high_frequency_residual,1000,8,85.762309831013937,83.224030091486839,88.328941235024715,0.027917418564783181,0.027091155628739205,0.028752910558276275,ok
experiment_05,e005_spectral_residual_curves,edm_1k,test,4,19.352452980325229,edm_18_rho7,5,full,1000,8,654.55398469795307,639.04296818900571,670.27149654144023,0.2130709585605316,0.20802179954069197,0.21818733611375007,ok
experiment_05,e005_spectral_residual_curves,edm_1k,test,4,19.352452980325229,edm_18_rho7,5,low_frequency_residual,1000,8,568.94902785980582,554.38111241706622,583.4505286710895,0.18520476167311387,0.18046260169826375,0.18992530230178695,ok
experiment_05,e005_spectral_residual_curves,edm_1k,test,4,19.352452980325229,edm_18_rho7,5,high_frequency_residual,1000,8,85.604956838146691,83.070485449179614,88.239869411282811,0.027866196887417542,0.027041173648821488,0.028723915823985289,ok
experiment_05,e005_spectral_residual_curves,edm_1k,test,5,12.91008238075732,edm_18_rho7,5,full,1000,8,602.90705479062183,590.70215348434226,615.1264725684839,0.19625880689798889,0.19228585725401767,0.2002364819558867,ok
experiment_05,e005_spectral_residual_curves,edm_1k,test,5,12.91008238075732,edm_18_rho7,5,low_frequency_residual,1000,8,514.59910703674768,503.73383123346576,525.61731530433838,0.1675127301551913,0.16397585652131047,0.17109938649229764,ok
experiment_05,e005_spectral_residual_curves,edm_1k,test,5,12.91008238075732,edm_18_rho7,5,high_frequency_residual,1000,8,88.307947753873833,85.763898117448846,90.882276146090362,0.028746076742797472,0.027917935585107048,0.029584074266305455,ok
experiment_05,e005_spectral_residual_curves,edm_1k,test,6,8.4009353090998165,edm_18_rho7,5,full,1000,8,553.66996496999241,543.20294348449795,564.53883131876785,0.1802311083886694,0.17682387483219333,0.18376915081991141,ok
experiment_05,e005_spectral_residual_curves,edm_1k,test,6,8.4009353090998165,edm_18_rho7,5,low_frequency_residual,1000,8,458.19439995797097,449.21119442455114,467.07109331698717,0.14915182290298534,0.1462276023517419,0.15204137152245675,ok
experiment_05,e005_spectral_residual_curves,edm_1k,test,6,8.4009353090998165,edm_18_rho7,5,high_frequency_residual,1000,8,95.475565012021207,92.901270485999433,98.183163473808946,0.031079285485683988,0.030241298986327939,0.031960665193297183,ok
experiment_05,e005_spectral_residual_curves,edm_1k,test,7,5.3151945217963821,edm_18_rho7,5,full,1000,8,502.0056082958933,492.76970537755261,511.5308536347581,0.1634132839504861,0.16040680513592206,0.16651394975089781,ok
experiment_05,e005_spectral_residual_curves,edm_1k,test,7,5.3151945217963821,edm_18_rho7,5,low_frequency_residual,1000,8,395.99810170317772,388.52104296233,403.72182984650402,0.12890563206483649,0.12647169367263347,0.1314198664864922,ok
experiment_05,e005_spectral_residual_curves,edm_1k,test,7,5.3151945217963821,edm_18_rho7,5,high_frequency_residual,1000,8,106.00750659271522,103.32438953955524,108.76299730502915,0.034507651885649485,0.03363424138657397,0.035404621518564175,ok
experiment_05,e005_spectral_residual_curves,edm_1k,test,8,3.2568215197655368,edm_18_rho7,5,full,1000,8,432.76493701046792,423.76311070905678,441.31324332567823,0.14087400293309502,0.13794372093393775,0.14365665472841088,ok
experiment_05,e005_spectral_residual_curves,edm_1k,test,8,3.2568215197655368,edm_18_rho7,5,low_frequency_residual,1000,8,323.14900472151777,316.50446861005457,329.83297005817604,0.10519173330778574,0.10302879837566881,0.10736750327414585,ok
experiment_05,e005_spectral_residual_curves,edm_1k,test,8,3.2568215197655368,edm_18_rho7,5,high_frequency_residual,1000,8,109.61593228894985,106.86788790030965,112.41758861054939,0.035682269625309196,0.034787723925882051,0.036594267125829881,ok
experiment_05,e005_spectral_residual_curves,edm_1k,test,9,1.9233398370400518,edm_18_rho7,5,full,1000,8,357.97441760797238,350.4681824406324,365.49508035954193,0.11652813073176184,0.11408469480489336,0.11897626313787173,ok
experiment_05,e005_spectral_residual_curves,edm_1k,test,9,1.9233398370400518,edm_18_rho7,5,low_frequency_residual,1000,8,253.78391958189709,248.29750090645632,259.14885422433929,0.082611952988898799,0.080826009409653746,0.08435835098448545,ok
experiment_05,e005_spectral_residual_curves,edm_1k,test,9,1.9233398370400518,edm_18_rho7,5,high_frequency_residual,1000,8,104.19049802607506,101.49424325761773,106.93508688977063,0.033916177742862978,0.033038490643755768,0.034809598596930544,ok
experiment_05,e005_spectral_residual_curves,edm_1k,test,10,1.088170636545279,edm_18_rho7,5,full,1000,8,269.75523412396842,264.09158180154253,275.65101669833098,0.087810948608062642,0.085967311784356293,0.089730148664821277,ok
experiment_05,e005_spectral_residual_curves,edm_1k,test,10,1.088170636545279,edm_18_rho7,5,low_frequency_residual,1000,8,179.77243300459153,175.92815604871177,183.62438127945049,0.058519672202015476,0.057268279963773365,0.059773561614404454,ok
experiment_05,e005_spectral_residual_curves,edm_1k,test,10,1.088170636545279,edm_18_rho7,5,high_frequency_residual,1000,8,89.982801119376703,87.584917212136077,92.453766708453117,0.029291276406047104,0.028510715238325546,0.030095627183741248,ok
experiment_05,e005_spectral_residual_curves,edm_1k,test,11,0.58534812319454221,edm_18_rho7,5,full,1000,8,178.50161462086453,174.85510150395262,182.22736201309797,0.058105994342729339,0.056918978354151245,0.059318802738638661,ok
experiment_05,e005_spectral_residual_curves,edm_1k,test,11,0.58534812319454221,edm_18_rho7,5,low_frequency_residual,1000,8,107.96156360076726,105.67545759982069,110.22565894027464,0.035143738151291425,0.034399563020774966,0.035880748352953983,ok
experiment_05,e005_spectral_residual_curves,edm_1k,test,11,0.58534812319454221,edm_18_rho7,5,high_frequency_residual,1000,8,70.540051020097167,68.695266187844339,72.408296761306374,0.02296225619143788,0.022361740295522247,0.023570409101987752,ok
experiment_05,e005_spectral_residual_curves,edm_1k,test,12,0.29644228447915727,edm_18_rho7,5,full,1000,8,95.310512257031675,93.570190663342686,97.006755501476292,0.031025557375335831,0.030459046439890197,0.031577719889803478,ok
experiment_05,e005_spectral_residual_curves,edm_1k,test,12,0.29644228447915727,edm_18_rho7,5,low_frequency_residual,1000,8,48.985957129180363,48.115242089334117,49.871972279267666,0.015945949586321732,0.015662513700955116,0.016234365976324109,ok
experiment_05,e005_spectral_residual_curves,edm_1k,test,12,0.29644228447915727,edm_18_rho7,5,high_frequency_residual,1000,8,46.324555127851241,45.225381072931619,47.435689123960202,0.015079607789014076,0.014721803734678261,0.015441305053372462,ok
experiment_05,e005_spectral_residual_curves,edm_1k,test,13,0.13951646873101678,edm_18_rho7,5,full,1000,8,40.005804530575773,39.390069420570931,40.616860532544784,0.013022722828963468,0.0128222882228421,0.013221634287937755,ok
experiment_05,e005_spectral_residual_curves,edm_1k,test,13,0.13951646873101678,edm_18_rho7,5,low_frequency_residual,1000,8,15.931439626898809,15.68914175436147,16.165125519082764,0.0051860155035477898,0.0051071424981645411,0.0052620851299097536,ok
experiment_05,e005_spectral_residual_curves,edm_1k,test,13,0.13951646873101678,edm_18_rho7,5,high_frequency_residual,1000,8,24.074364903676933,23.594965736895201,24.559558842990974,0.0078367073254156684,0.0076806529091455735,0.0079946480608694571,ok
experiment_05,e005_spectral_residual_curves,edm_1k,test,14,0.05994731123547159,edm_18_rho7,5,full,1000,8,12.783221459207343,12.631776569261319,12.933812747706057,0.0041612049020857238,0.0041119064353064188,0.004210225503810565,ok
experiment_05,e005_spectral_residual_curves,edm_1k,test,14,0.05994731123547159,edm_18_rho7,5,low_frequency_residual,1000,8,3.7201457197605645,3.6718626593514085,3.7699275506779188,0.0012109849348178922,0.00119526779275762,0.0012271899579029684,ok
experiment_05,e005_spectral_residual_curves,edm_1k,test,14,0.05994731123547159,edm_18_rho7,5,high_frequency_residual,1000,8,9.0630757394467718,8.9254490179598331,9.20156047317613,0.0029502199672678292,0.0029054196022004664,0.002995299633195355,ok
experiment_05,e005_spectral_residual_curves,edm_1k,test,15,0.022934518372333384,edm_18_rho7,5,full,1000,8,2.6936375675156086,2.6712937006102462,2.7160472951411525,0.00087683514567565379,0.00086956175150073114,0.00088412997888709388,ok
experiment_05,e005_spectral_residual_curves,edm_1k,test,15,0.022934518372333384,edm_18_rho7,5,low_frequency_residual,1000,8,0.58448533241001654,0.57752290968552766,0.59151153424964764,0.00019026215247721894,0.00018799573882992437,0.00019254932755522383,ok
experiment_05,e005_spectral_residual_curves,edm_1k,test,15,0.022934518372333384,edm_18_rho7,5,high_frequency_residual,1000,8,2.1091522351055909,2.0869953020873186,2.1307012201099966,0.00068657299319843451,0.00067936044989821574,0.00069358763675455616,ok
experiment_05,e005_spectral_residual_curves,edm_1k,test,16,0.0075280199627840785,edm_18_rho7,5,full,1000,8,0.33430994335844832,0.33220913658836049,0.33635299854743211,0.00010882485135366156,0.00010814099498319026,0.00010948990838132556,ok
experiment_05,e005_spectral_residual_curves,edm_1k,test,16,0.0075280199627840785,edm_18_rho7,5,low_frequency_residual,1000,8,0.058452227554687479,0.05777293610115198,0.059121143198350351,1.9027417823791498e-05,1.8806294303760411e-05,1.9245163801546338e-05,ok
experiment_05,e005_spectral_residual_curves,edm_1k,test,16,0.0075280199627840785,edm_18_rho7,5,high_frequency_residual,1000,8,0.27585771580376062,0.27366162601267635,0.27803484483573215,8.9797433529869997e-05,8.9082560551001421e-05,9.050613438663156e-05,ok
experiment_05,e005_spectral_residual_curves,edm_1k,test,17,0.0020000000000000031,edm_18_rho7,5,full,1000,8,0.022061712546628351,0.021933891937202094,0.022191295864833087,7.1815470529389163e-06,7.1399387816413064e-06,7.2237291226670202e-06,ok
experiment_05,e005_spectral_residual_curves,edm_1k,test,17,0.0020000000000000031,edm_18_rho7,5,low_frequency_residual,1000,8,0.0032096125761912858,0.0031704589568741972,0.003250006040380045,1.0447957604789342e-06,1.0320504416908195e-06,1.0579446746028792e-06,ok
experiment_05,e005_spectral_residual_curves,edm_1k,test,17,0.0020000000000000031,edm_18_rho7,5,high_frequency_residual,1000,8,0.018852099970437044,0.01872334913626561,0.018981199105216142,6.1367512924599755e-06,6.094840213628128e-06,6.1787757503958799e-06,ok
experiment_05,e005_spectral_residual_curves,edm_1k,test,0,80,edm_18_rho7,6,full,1000,8,793.65109361545035,772.33093657942061,815.44972188872839,0.25834996536961274,0.25140981008444679,0.26544587301065375,ok
experiment_05,e005_spectral_residual_curves,edm_1k,test,0,80,edm_18_rho7,6,low_frequency_residual,1000,8,726.79822831201295,706.38506368261983,747.8352716955751,0.23658796494531673,0.22994305458418615,0.24343596083840335,ok
experiment_05,e005_spectral_residual_curves,edm_1k,test,0,80,edm_18_rho7,6,high_frequency_residual,1000,8,66.852865303436815,64.816548656917149,68.910179069845739,0.021762000424295838,0.021099136932590218,0.022431698915965411,ok
experiment_05,e005_spectral_residual_curves,edm_1k,test,1,57.58598472124816,edm_18_rho7,6,full,1000,8,779.61772315579901,759.09125009543516,801.10742311929232,0.25378181092311164,0.24710001630710779,0.2607771559633113,ok
experiment_05,e005_spectral_residual_curves,edm_1k,test,1,57.58598472124816,edm_18_rho7,6,low_frequency_residual,1000,8,712.94951226060539,693.03830697663284,733.52010536209229,0.23207991935566583,0.22559840721895599,0.23877607596422276,ok
experiment_05,e005_spectral_residual_curves,edm_1k,test,1,57.58598472124816,edm_18_rho7,6,high_frequency_residual,1000,8,66.668210895193099,64.690664080689743,68.680220774796808,0.021701891567445671,0.021058158880432859,0.022356842700129168,ok
experiment_05,e005_spectral_residual_curves,edm_1k,test,2,40.785573796507961,edm_18_rho7,6,full,1000,8,745.70101423271205,726.12119061567205,765.88997363564101,0.24274121557054429,0.23636757507020575,0.24931314245951855,ok
experiment_05,e005_spectral_residual_curves,edm_1k,test,2,40.785573796507961,edm_18_rho7,6,low_frequency_residual,1000,8,679.5920061866633,661.00933358955308,698.70164301253328,0.22122135618055447,0.21517230911118265,0.227441941084809,ok
experiment_05,e005_spectral_residual_curves,edm_1k,test,2,40.785573796507961,edm_18_rho7,6,high_frequency_residual,1000,8,66.109008046048302,64.1410654299236,68.083699298495233,0.021519859389989682,0.020879253069636589,0.022162662532062252,ok
experiment_05,e005_spectral_residual_curves,edm_1k,test,3,28.374584604156844,edm_18_rho7,6,full,1000,8,699.40121691920285,681.27374347555212,717.65144933608713,0.22766966696588634,0.22176879670428129,0.23361049783075752,ok
experiment_05,e005_spectral_residual_curves,edm_1k,test,3,28.374584604156844,edm_18_rho7,6,low_frequency_residual,1000,8,633.86877455038587,616.62262037409187,651.72559440893576,0.20633749171562041,0.20072350923635804,0.21215025859665879,ok
experiment_05,e005_spectral_residual_curves,edm_1k,test,3,28.374584604156844,edm_18_rho7,6,high_frequency_residual,1000,8,65.532442368816461,63.59483390976532,67.566268195577848,0.021332175250265775,0.020701443330001731,0.021994227928247997,ok
experiment_05,e005_spectral_residual_curves,edm_1k,test,4,19.352452980325229,edm_18_rho7,6,full,1000,8,654.55398469795307,639.41363280246321,670.21892776856487,0.2130709585605316,0.20814245859455183,0.21817022388299637,ok
experiment_05,e005_spectral_residual_curves,edm_1k,test,4,19.352452980325229,edm_18_rho7,6,low_frequency_residual,1000,8,589.17829702718791,574.97005109074451,604.13131150725656,0.19178981023020439,0.18716473017276838,0.19665732796460175,ok
experiment_05,e005_spectral_residual_curves,edm_1k,test,4,19.352452980325229,edm_18_rho7,6,high_frequency_residual,1000,8,65.375687670764663,63.391738283968223,67.358344956334989,0.02128114833032704,0.020635331472645905,0.021926544582140297,ok
experiment_05,e005_spectral_residual_curves,edm_1k,test,5,12.91008238075732,edm_18_rho7,6,full,1000,8,602.90705479062183,590.41323686129442,615.4382449803195,0.19625880689798889,0.19219180887411927,0.20033797037119774,ok
experiment_05,e005_spectral_residual_curves,edm_1k,test,5,12.91008238075732,edm_18_rho7,6,low_frequency_residual,1000,8,535.5849733392115,523.95021196338746,547.05842984943081,0.17434406684219125,0.17055670962349853,0.1780789159666116,ok
experiment_05,e005_spectral_residual_curves,edm_1k,test,5,12.91008238075732,edm_18_rho7,6,high_frequency_residual,1000,8,67.322081451409986,65.35719693648096,69.29734724772895,0.021914740055797521,0.021275129211094063,0.022557730223870101,ok
experiment_05,e005_spectral_residual_curves,edm_1k,test,6,8.4009353090998165,edm_18_rho7,6,full,1000,8,553.66996496999241,542.93387193156673,564.36798513234623,0.1802311083886694,0.17673628643605688,0.18371353682693561,ok
experiment_05,e005_spectral_residual_curves,edm_1k,test,6,8.4009353090998165,edm_18_rho7,6,low_frequency_residual,1000,8,480.9865295979173,471.69304419958439,490.3234699538425,0.15657113593682204,0.15354591282538554,0.15961050454226644,ok
experiment_05,e005_spectral_residual_curves,edm_1k,test,6,8.4009353090998165,edm_18_rho7,6,high_frequency_residual,1000,8,72.683435372074896,70.662278551121048,74.724958077756526,0.023659972451847297,0.023002043799193048,0.024324530624269702,ok
experiment_05,e005_spectral_residual_curves,edm_1k,test,7,5.3151945217963821,edm_18_rho7,6,full,1000,8,502.0056082958933,492.41509493348724,511.56192594438659,0.1634132839504861,0.1602913720486612,0.16652406443502168,ok
experiment_05,e005_spectral_residual_curves,edm_1k,test,7,5.3151945217963821,edm_18_rho7,6,low_frequency_residual,1000,8,421.32675791465033,413.22270916784197,429.48514677438897,0.13715063734200858,0.13451260064057355,0.13980636288228807,ok
experiment_05,e005_spectral_residual_curves,edm_1k,test,7,5.3151945217963821,edm_18_rho7,6,high_frequency_residual,1000,8,80.678850381242583,78.585184365471676,82.751041555907833,0.026262646608477404,0.025581114702301979,0.026937188006480414,ok
experiment_05,e005_spectral_residual_curves,edm_1k,test,8,3.2568215197655368,edm_18_rho7,6,full,1000,8,432.76493701046792,424.18719227398049,441.55440219400629,0.14087400293309502,0.13808176831835303,0.14373515696419475,ok
experiment_05,e005_spectral_residual_curves,edm_1k,test,8,3.2568215197655368,edm_18_rho7,6,low_frequency_residual,1000,8,348.89325933883265,341.92044367777447,356.05139238793072,0.11357202452435959,0.11130222775969222,0.11590214595961286,ok
experiment_05,e005_spectral_residual_curves,edm_1k,test,8,3.2568215197655368,edm_18_rho7,6,high_frequency_residual,1000,8,83.871677671635041,81.686976684389847,86.067342322396925,0.027301978408735366,0.026590812722783155,0.028016712995571916,ok
experiment_05,e005_spectral_residual_curves,edm_1k,test,9,1.9233398370400518,edm_18_rho7,6,full,1000,8,357.97441760797238,350.40243756760873,365.38241341753798,0.11652813073176184,0.1140632934790393,0.11893958770102148,ok
experiment_05,e005_spectral_residual_curves,edm_1k,test,9,1.9233398370400518,edm_18_rho7,6,low_frequency_residual,1000,8,277.68345178152771,271.96728611198904,283.70285132713332,0.090391748626799384,0.088531017614579766,0.092351188583051205,ok
experiment_05,e005_spectral_residual_curves,edm_1k,test,9,1.9233398370400518,edm_18_rho7,6,high_frequency_residual,1000,8,80.290965826444435,78.162388604976499,82.471522866453569,0.026136382104962382,0.025443485874015789,0.02684619884975702,ok
experiment_05,e005_spectral_residual_curves,edm_1k,test,10,1.088170636545279,edm_18_rho7,6,full,1000,8,269.75523412396842,263.96569194560271,275.66365396183818,0.087810948608062642,0.08592633201354255,0.089734262357369199,ok
experiment_05,e005_spectral_residual_curves,edm_1k,test,10,1.088170636545279,edm_18_rho7,6,low_frequency_residual,1000,8,199.63661040483956,195.38115584324936,203.99945755209282,0.064985875782825372,0.063600636667724406,0.066406073421905215,ok
experiment_05,e005_spectral_residual_curves,edm_1k,test,10,1.088170636545279,edm_18_rho7,6,high_frequency_residual,1000,8,70.118623719128664,68.182405740300879,72.02021657756967,0.022825072825237196,0.022194793535254193,0.023444080917177628,ok
experiment_05,e005_spectral_residual_curves,edm_1k,test,11,0.58534812319454221,edm_18_rho7,6,full,1000,8,178.50161462086453,174.86827404370786,182.20086130276047,0.058105994342729339,0.056923266290269482,0.059310176205325672,ok
experiment_05,e005_spectral_residual_curves,edm_1k,test,11,0.58534812319454221,edm_18_rho7,6,low_frequency_residual,1000,8,122.33317583593305,119.82921550303857,124.90495639130293,0.03982199734242612,0.039006906088228703,0.040659165491960587,ok
experiment_05,e005_spectral_residual_curves,edm_1k,test,11,0.58534812319454221,edm_18_rho7,6,high_frequency_residual,1000,8,56.168438784931361,54.680918003824175,57.750337355051911,0.018283997000303177,0.017799777996036516,0.018798937941097629,ok
experiment_05,e005_spectral_residual_curves,edm_1k,test,12,0.29644228447915727,edm_18_rho7,6,full,1000,8,95.310512257031675,93.631759782314873,97.088181155205532,0.031025557375335831,0.030479088470805622,0.031604225636460134,ok
experiment_05,e005_spectral_residual_curves,edm_1k,test,12,0.29644228447915727,edm_18_rho7,6,low_frequency_residual,1000,8,57.121069283787321,56.113022059085544,58.139053008412667,0.01859409807414952,0.018265957701525243,0.01892547298450933,ok
experiment_05,e005_spectral_residual_curves,edm_1k,test,12,0.29644228447915727,edm_18_rho7,6,high_frequency_residual,1000,8,38.189442973244297,37.244132041372595,39.160397738576208,0.012431459301186295,0.012123740898884308,0.012747525305526109,ok
experiment_05,e005_spectral_residual_curves,edm_1k,test,13,0.13951646873101678,edm_18_rho7,6,full,1000,8,40.005804530575773,39.404434408711694,40.606704025118098,0.013022722828963468,0.012826964325752505,0.013218328133176464,ok
experiment_05,e005_spectral_residual_curves,edm_1k,test,13,0.13951646873101678,edm_18_rho7,6,low_frequency_residual,1000,8,19.28098032262853,18.995165593262215,19.561960106227239,0.0062763607821056415,0.0061833221332233774,0.0063678255554125126,ok
experiment_05,e005_spectral_residual_curves,edm_1k,test,13,0.13951646873101678,edm_18_rho7,6,high_frequency_residual,1000,8,20.724824207947211,20.286067710365806,21.159283015279133,0.0067463620468578159,0.0066035376661347026,0.0068877874398695091,ok
experiment_05,e005_spectral_residual_curves,edm_1k,test,14,0.05994731123547159,edm_18_rho7,6,full,1000,8,12.783221459207343,12.630062890110025,12.937688382918587,0.0041612049020857238,0.0041113485970410242,0.0042114871038146443,ok
experiment_05,e005_spectral_residual_curves,edm_1k,test,14,0.05994731123547159,edm_18_rho7,6,low_frequency_residual,1000,8,4.6673060523684233,4.6103454990780088,4.7226188947610641,0.0015193053555886795,0.0015007635088144561,0.0015373108381383672,ok
experiment_05,e005_spectral_residual_curves,edm_1k,test,14,0.05994731123547159,edm_18_rho7,6,high_frequency_residual,1000,8,8.1159154068389121,7.9878318185590436,8.2478673840057368,0.0026418995464970417,0.0026002056701038552,0.0026848526640643675,ok
experiment_05,e005_spectral_residual_curves,edm_1k,test,15,0.022934518372333384,edm_18_rho7,6,full,1000,8,2.6936375675156086,2.6716327370646828,2.7156734386685466,0.00087683514567565379,0.00086967211492990982,0.00088400828081658422,ok
experiment_05,e005_spectral_residual_curves,edm_1k,test,15,0.022934518372333384,edm_18_rho7,6,low_frequency_residual,1000,8,0.75387063170269186,0.74595948657616085,0.76206699126311206,0.00024540059625738667,0.00024282535370317735,0.00024806868205179427,ok
experiment_05,e005_spectral_residual_curves,edm_1k,test,15,0.022934518372333384,edm_18_rho7,6,high_frequency_residual,1000,8,1.9397669358129153,1.91832176967898,1.9613088129599696,0.00063143454941826669,0.00062445370106737632,0.00063844687921874011,ok
experiment_05,e005_spectral_residual_curves,edm_1k,test,16,0.0075280199627840785,edm_18_rho7,6,full,1000,8,0.33430994335844832,0.33218781087875288,0.3363588472985195,0.00010882485135366156,0.00010813405302042737,0.00010949181227165349,ok
experiment_05,e005_spectral_residual_curves,edm_1k,test,16,0.0075280199627840785,edm_18_rho7,6,low_frequency_residual,1000,8,0.076856656843128382,0.076085509733170922,0.07764708567714973,2.5018442982789187e-05,2.4767418532933244e-05,2.5275744035530511e-05,ok
experiment_05,e005_spectral_residual_curves,edm_1k,test,16,0.0075280199627840785,edm_18_rho7,6,high_frequency_residual,1000,8,0.25745328651531973,0.25525603211938042,0.25965326444089809,8.3806408370872305e-05,8.3091156288860808e-05,8.4522547018521518e-05,ok
experiment_05,e005_spectral_residual_curves,edm_1k,test,17,0.0020000000000000031,edm_18_rho7,6,full,1000,8,0.022061712546628351,0.021929364891717436,0.022190872963238649,7.1815470529389163e-06,7.1384651340226025e-06,7.2235914593875813e-06,ok
experiment_05,e005_spectral_residual_curves,edm_1k,test,17,0.0020000000000000031,edm_18_rho7,6,low_frequency_residual,1000,8,0.0042810105654121711,0.0042328612804045113,0.0043288863360481404,1.3935581267617744e-06,1.3778845313816769e-06,1.4091426875156706e-06,ok
experiment_05,e005_spectral_residual_curves,edm_1k,test,17,0.0020000000000000031,edm_18_rho7,6,high_frequency_residual,1000,8,0.01778070198121616,0.017658508121515641,0.017905522906126198,5.7879889261771351e-06,5.7482122791392061e-06,5.8286207376712886e-06,ok
experiment_05,e005_spectral_residual_curves,edm_50k,train,0,80,edm_18_rho7,3,full,1000,8,766.39901601085239,745.03093385630791,788.66196769760256,0.24947884635769935,0.2425230904480169,0.25672590094323,ok
experiment_05,e005_spectral_residual_curves,edm_50k,train,0,80,edm_18_rho7,3,low_frequency_residual,1000,8,600.04151913584838,580.76211501710213,619.66797679141712,0.19532601534370064,0.18905016764879626,0.20171483619512276,ok
experiment_05,e005_spectral_residual_curves,edm_50k,train,0,80,edm_18_rho7,3,high_frequency_residual,1000,8,166.35749687500356,161.24366337619816,171.78938275714759,0.054152831013998558,0.052488171671939504,0.055921023032925649,ok
experiment_05,e005_spectral_residual_curves,edm_50k,train,1,57.58598472124816,edm_18_rho7,3,full,1000,8,749.76997725514809,728.52624769281806,771.59046392878781,0.24406574780441018,0.23715047125417255,0.25116877081015226,ok
experiment_05,e005_spectral_residual_curves,edm_50k,train,1,57.58598472124816,edm_18_rho7,3,low_frequency_residual,1000,8,583.95457372083956,565.20134944721565,602.60947108608252,0.19008937946641913,0.18398481427318217,0.19616193720250083,ok
experiment_05,e005_spectral_residual_curves,edm_50k,train,1,57.58598472124816,edm_18_rho7,3,high_frequency_residual,1000,8,165.81540353430816,160.61601401300533,171.04571964928613,0.053976368337990938,0.052283858728191836,0.055678945198335328,ok
experiment_05,e005_spectral_residual_curves,edm_50k,train,2,40.785573796507961,edm_18_rho7,3,full,1000,8,725.08391139161029,704.66198513652114,745.48874410733026,0.23602991907278981,0.22938215661996131,0.24267211722243823,ok
experiment_05,e005_spectral_residual_curves,edm_50k,train,2,40.785573796507961,edm_18_rho7,3,low_frequency_residual,1000,8,559.81005856226636,541.76093750929226,578.04554869841604,0.18222983677157109,0.17635447184547273,0.18816586871693231,ok
experiment_05,e005_spectral_residual_curves,edm_50k,train,2,40.785573796507961,edm_18_rho7,3,high_frequency_residual,1000,8,165.27385282934344,160.13185796260578,170.41435380475852,0.05380008230121857,0.052126255847202402,0.055473422462486495,ok
experiment_05,e005_spectral_residual_curves,edm_50k,train,3,28.374584604156844,edm_18_rho7,3,full,1000,8,694.62002848533984,676.31239375769064,713.16411233238921,0.22611329052257156,0.22015377400966493,0.23214977614986629,ok
experiment_05,e005_spectral_residual_curves,edm_50k,train,3,28.374584604156844,edm_18_rho7,3,low_frequency_residual,1000,8,530.1896203952557,513.56445539592482,546.44407691754873,0.1725877670557473,0.16717592949086094,0.17787893128826457,ok
experiment_05,e005_spectral_residual_curves,edm_50k,train,3,28.374584604156844,edm_18_rho7,3,high_frequency_residual,1000,8,164.43040809008363,159.27119267578306,169.52765636419906,0.053525523466824099,0.051846091365814799,0.055184783972721051,ok
experiment_05,e005_spectral_residual_curves,edm_50k,train,4,19.352452980325229,edm_18_rho7,3,full,1000,8,644.66732595640724,628.71507146333261,660.42186622637644,0.20985264516810131,0.20465985399197026,0.21498107624556526,ok
experiment_05,e005_spectral_residual_curves,edm_50k,train,4,19.352452980325229,edm_18_rho7,3,low_frequency_residual,1000,8,481.47073175484007,468.69026483369515,494.33776171369232,0.15672875382644533,0.15256844558388513,0.16091724014117589,ok
experiment_05,e005_spectral_residual_curves,edm_50k,train,4,19.352452980325229,edm_18_rho7,3,high_frequency_residual,1000,8,163.19659420156677,158.17415413492134,168.37004663777054,0.053123891341655849,0.051488982465794704,0.054807957889899263,ok
experiment_05,e005_spectral_residual_curves,edm_50k,train,5,12.91008238075732,edm_18_rho7,3,full,1000,8,571.17749761626067,558.19436547290888,583.98744817399643,0.18593017500529319,0.18170389501071252,0.19010008078580612,ok
experiment_05,e005_spectral_residual_curves,edm_50k,train,5,12.91008238075732,edm_18_rho7,3,low_frequency_residual,1000,8,410.53890351556259,401.16191494177104,420.13332010496117,0.13363896598813887,0.13058656085344109,0.13676214847166704,ok
experiment_05,e005_spectral_residual_curves,edm_50k,train,5,12.91008238075732,edm_18_rho7,3,high_frequency_residual,1000,8,160.63859410069762,155.72549152436576,165.69140874598068,0.052291209017154172,0.050691891772254478,0.053936005451165586,ok
experiment_05,e005_spectral_residual_curves,edm_50k,train,6,8.4009353090998165,edm_18_rho7,3,full,1000,8,475.62014362202422,465.39717041427036,486.00285100282321,0.15482426550196102,0.15149647474422864,0.15820405306081484,ok
experiment_05,e005_spectral_residual_curves,edm_50k,train,6,8.4009353090998165,edm_18_rho7,3,low_frequency_residual,1000,8,319.85228983538741,313.05592905273693,326.69838885297855,0.10411858393079017,0.1019062269051878,0.10634713178807896,ok
experiment_05,e005_spectral_residual_curves,edm_50k,train,6,8.4009353090998165,edm_18_rho7,3,high_frequency_residual,1000,8,155.76785378663644,151.02044627794649,160.47914300299217,0.050705681571170717,0.04916030152276904,0.052239304362953182,ok
experiment_05,e005_spectral_residual_curves,edm_50k,train,7,5.3151945217963821,edm_18_rho7,3,full,1000,8,371.99242973785033,364.50070327271584,379.51409655302029,0.12109128572195649,0.11865257267992052,0.12353974497168629,ok
experiment_05,e005_spectral_residual_curves,edm_50k,train,7,5.3151945217963821,edm_18_rho7,3,low_frequency_residual,1000,8,224.54703713314416,220.49209471874798,228.71159679802358,0.073094738650112026,0.071774770416259112,0.074450389582689971,ok
experiment_05,e005_spectral_residual_curves,edm_50k,train,7,5.3151945217963821,edm_18_rho7,3,high_frequency_residual,1000,8,147.44539260470594,143.16444943988017,151.78949848619553,0.047996547071844385,0.04660301088537766,0.049410644038475109,ok
experiment_05,e005_spectral_residual_curves,edm_50k,train,8,3.2568215197655368,edm_18_rho7,3,full,1000,8,266.44992236283184,261.08995383291688,271.73704973932456,0.086735000769150986,0.084990219346652629,0.088456070878686385,ok
experiment_05,e005_spectral_residual_curves,edm_50k,train,8,3.2568215197655368,edm_18_rho7,3,low_frequency_residual,1000,8,135.05019097220065,132.80558456100502,137.34856672792532,0.043961650707096567,0.043230984557618819,0.044709819898413189,ok
experiment_05,e005_spectral_residual_curves,edm_50k,train,8,3.2568215197655368,edm_18_rho7,3,high_frequency_residual,1000,8,131.39973139063099,127.6915423965397,135.08544930929509,0.042773350062054356,0.041566257290540268,0.043973128030369492,ok
experiment_05,e005_spectral_residual_curves,edm_50k,train,9,1.9233398370400518,edm_18_rho7,3,full,1000,8,170.62701668629671,167.24289104766493,174.14644440783508,0.05554264866090388,0.054441045262911762,0.056688295705675483,ok
experiment_05,e005_spectral_residual_curves,edm_50k,train,9,1.9233398370400518,edm_18_rho7,3,low_frequency_residual,1000,8,67.698569809655382,66.543690001927899,68.843310365980201,0.022037294859913861,0.02166135742250257,0.02240993175975918,ok
experiment_05,e005_spectral_residual_curves,edm_50k,train,9,1.9233398370400518,edm_18_rho7,3,high_frequency_residual,1000,8,102.92844687664122,100.31952268050827,105.60981233707625,0.033505353800989977,0.032656094622561284,0.034378194120142008,ok
experiment_05,e005_spectral_residual_curves,edm_50k,train,10,1.088170636545279,edm_18_rho7,3,full,1000,8,95.89311002063414,93.878796402876119,97.870469339857735,0.031215205084841841,0.030559504037394571,0.03185887673823494,ok
experiment_05,e005_spectral_residual_curves,edm_50k,train,10,1.088170636545279,edm_18_rho7,3,low_frequency_residual,1000,8,28.290526269997368,27.808052423411212,28.788532575625748,0.0092091556868481011,0.0090521003982458378,0.0093712671144615071,ok
experiment_05,e005_spectral_residual_curves,edm_50k,train,10,1.088170636545279,edm_18_rho7,3,high_frequency_residual,1000,8,67.602583750636697,65.858927938621065,69.237241422680398,0.022006049397993718,0.021438453105019878,0.022538164525612109,ok
experiment_05,e005_spectral_residual_curves,edm_50k,train,11,0.58534812319454221,edm_18_rho7,3,full,1000,8,48.73279072360134,47.65636455188492,49.779393505919728,0.015863538647005643,0.015513139502566706,0.016204229656874913,ok
experiment_05,e005_spectral_residual_curves,edm_50k,train,11,0.58534812319454221,edm_18_rho7,3,low_frequency_residual,1000,8,10.429721956837181,10.263725528319588,10.595918430916374,0.0033950917828246031,0.0033410564870831991,0.0034491921975639238,ok
experiment_05,e005_spectral_residual_curves,edm_50k,train,11,0.58534812319454221,edm_18_rho7,3,high_frequency_residual,1000,8,38.303068766764135,37.384139215600996,39.249169499745449,0.012468446864181033,0.012169316150911783,0.012776422363198389,ok
experiment_05,e005_spectral_residual_curves,edm_50k,train,12,0.29644228447915727,edm_18_rho7,3,full,1000,8,21.974378591971206,21.498396833733967,22.453319966932497,0.0071531180312406272,0.0069981760526477759,0.0073090234267358389,ok
experiment_05,e005_spectral_residual_curves,edm_50k,train,12,0.29644228447915727,edm_18_rho7,3,low_frequency_residual,1000,8,3.4040024270443636,3.3556888862230174,3.4521101221379626,0.0011080737067201704,0.0010923466426507218,0.0011237337637167847,ok
experiment_05,e005_spectral_residual_curves,edm_50k,train,12,0.29644228447915727,edm_18_rho7,3,high_frequency_residual,1000,8,18.570376164926827,18.134668198719741,19.011598624302906,0.0060450443245204516,0.0059032123042707489,0.0061886714271819354,ok
experiment_05,e005_spectral_residual_curves,edm_50k,train,13,0.13951646873101678,edm_18_rho7,3,full,1000,8,8.5369643987112003,8.3570141442479358,8.7140886142981611,0.002778959765205469,0.0027203822084140416,0.0028366173874668494,ok
experiment_05,e005_spectral_residual_curves,edm_50k,train,13,0.13951646873101678,edm_18_rho7,3,low_frequency_residual,1000,8,0.96850485975552469,0.95604272735785301,0.98096318597233245,0.00031526850903500155,0.00031121182531180109,0.00031932395376703529,ok
experiment_05,e005_spectral_residual_curves,edm_50k,train,13,0.13951646873101678,edm_18_rho7,3,high_frequency_residual,1000,8,7.5684595389556693,7.4019667526221165,7.7374209670517775,0.0024636912561704651,0.0024094943856191784,0.0025186917210455006,ok
experiment_05,e005_spectral_residual_curves,edm_50k,train,14,0.05994731123547159,edm_18_rho7,3,full,1000,8,2.7125018436494481,2.661824337104683,2.7625703094340381,0.0008829758605629714,0.00086647927640126404,0.00089927418926889259,ok
experiment_05,e005_spectral_residual_curves,edm_50k,train,14,0.05994731123547159,edm_18_rho7,3,low_frequency_residual,1000,8,0.22763456973846882,0.22518449338120755,0.22997280705512155,7.4099794836741153e-05,7.3302243939195162e-05,7.4860939796589045e-05,ok
experiment_05,e005_spectral_residual_curves,edm_50k,train,14,0.05994731123547159,edm_18_rho7,3,high_frequency_residual,1000,8,2.4848672739109778,2.4359823661878521,2.5348922867380463,0.00080887606572622973,0.00079296300982677475,0.00082516024958920783,ok
experiment_05,e005_spectral_residual_curves,edm_50k,train,15,0.022934518372333384,edm_18_rho7,3,full,1000,8,0.64579990708902824,0.63569749553578181,0.6559289640653776,0.00021022132392220971,0.00020693277849472065,0.00021351854299003176,ok
experiment_05,e005_spectral_residual_curves,edm_50k,train,15,0.022934518372333384,edm_18_rho7,3,low_frequency_residual,1000,8,0.040378404494420872,0.040063882665310198,0.040683475005432512,1.3144011879694294e-05,1.3041628471780664e-05,1.324331868666423e-05,ok
experiment_05,e005_spectral_residual_curves,edm_50k,train,15,0.022934518372333384,edm_18_rho7,3,high_frequency_residual,1000,8,0.60542150259460714,0.59547741780908658,0.61523402373271485,0.00019707731204251535,0.00019384030527639536,0.00020027149210049311,ok
experiment_05,e005_spectral_residual_curves,edm_50k,train,16,0.0075280199627840785,edm_18_rho7,3,full,1000,8,0.1023991089003269,0.10110069657355822,0.10371798729720615,3.333304326182516e-05,3.2910382999205147e-05,3.3762365656642626e-05,ok
experiment_05,e005_spectral_residual_curves,edm_50k,train,16,0.0075280199627840785,edm_18_rho7,3,low_frequency_residual,1000,8,0.0047617683017065161,0.0047344833336720599,0.0047891475508792559,1.5500547857117565e-06,1.5411729601797071e-06,1.5589673017185079e-06,ok
experiment_05,e005_spectral_residual_curves,edm_50k,train,16,0.0075280199627840785,edm_18_rho7,3,high_frequency_residual,1000,8,0.097637340598620309,0.096351147005948393,0.098934679097965536,3.1782988476113382e-05,3.1364305665998826e-05,3.2205299185535654e-05,ok
experiment_05,e005_spectral_residual_curves,edm_50k,train,17,0.0020000000000000031,edm_18_rho7,3,full,1000,8,0.010509870649589333,0.010440357251511637,0.010578560248245694,3.421181852079861e-06,3.3985537928097775e-06,3.4435417474758119e-06,ok
experiment_05,e005_spectral_residual_curves,edm_50k,train,17,0.0020000000000000031,edm_18_rho7,3,low_frequency_residual,1000,8,0.00034629175856423582,0.00034500076117108735,0.00034759261152747241,1.1272518182429552e-07,1.1230493527704666e-07,1.1314863656493243e-07,ok
experiment_05,e005_spectral_residual_curves,edm_50k,train,17,0.0020000000000000031,edm_18_rho7,3,high_frequency_residual,1000,8,0.01016357889102509,0.010093148625532461,0.010230703368123364,3.3084566702555633e-06,3.2855301515405145e-06,3.3303070859776576e-06,ok
experiment_05,e005_spectral_residual_curves,edm_50k,train,0,80,edm_18_rho7,4,full,1000,8,766.39901601085239,744.44236477645586,788.97825893864047,0.24947884635769935,0.24233149895066922,0.25682886033158869,ok
experiment_05,e005_spectral_residual_curves,edm_50k,train,0,80,edm_18_rho7,4,low_frequency_residual,1000,8,643.56324233218311,623.48564598050473,664.55849473949866,0.20949324294667418,0.20295756705094556,0.21632763500634722,ok
experiment_05,e005_spectral_residual_curves,edm_50k,train,0,80,edm_18_rho7,4,high_frequency_residual,1000,8,122.83577367866882,119.03600758954308,126.61420314780052,0.039985603411025007,0.038748700387221051,0.041215560920507981,ok
experiment_05,e005_spectral_residual_curves,edm_50k,train,1,57.58598472124816,edm_18_rho7,4,full,1000,8,749.76997725514809,728.6370651812291,771.55887269851644,0.24406574780441018,0.23718654465534803,0.25115848720654832,ok
experiment_05,e005_spectral_residual_curves,edm_50k,train,1,57.58598472124816,edm_18_rho7,4,low_frequency_residual,1000,8,627.31836664915454,607.85764717761492,647.62633991943403,0.20420519747693833,0.19787032785729652,0.21081586585919077,ok
experiment_05,e005_spectral_residual_curves,edm_50k,train,1,57.58598472124816,edm_18_rho7,4,high_frequency_residual,1000,8,122.45161060599301,118.6007245090106,126.39086324944623,0.039860550327471683,0.038607006676110223,0.04114285913067911,ok
experiment_05,e005_spectral_residual_curves,edm_50k,train,2,40.785573796507961,edm_18_rho7,4,full,1000,8,725.08391139161029,705.22381586156359,745.46650195979294,0.23602991907278981,0.2295650442257694,0.24266487694003677,ok
experiment_05,e005_spectral_residual_curves,edm_50k,train,2,40.785573796507961,edm_18_rho7,4,low_frequency_residual,1000,8,603.01704274721067,584.59242190807026,621.90964576622935,0.19629461026927431,0.19029701233986662,0.20244454614786112,ok
experiment_05,e005_spectral_residual_curves,edm_50k,train,2,40.785573796507961,edm_18_rho7,4,high_frequency_residual,1000,8,122.06686864439914,118.39121744289265,125.92321932698172,0.039735308803515342,0.038538807761358283,0.040990631291335199,ok
experiment_05,e005_spectral_residual_curves,edm_50k,train,3,28.374584604156844,edm_18_rho7,4,full,1000,8,694.62002848533984,676.28568684244851,713.79569959589389,0.22611329052257156,0.22014508035235955,0.23235537096220504,ok
experiment_05,e005_spectral_residual_curves,edm_50k,train,3,28.374584604156844,edm_18_rho7,4,low_frequency_residual,1000,8,573.15970446158838,556.4470985204016,589.92812887447406,0.18657542462942331,0.18113512321627656,0.19203389611799285,ok
experiment_05,e005_spectral_residual_curves,edm_50k,train,3,28.374584604156844,edm_18_rho7,4,high_frequency_residual,1000,8,121.46032402375091,117.61278988341758,125.30695465145477,0.039537865893148082,0.038285413373508326,0.040790024300603765,ok
experiment_05,e005_spectral_residual_curves,edm_50k,train,4,19.352452980325229,edm_18_rho7,4,full,1000,8,644.66732595640724,628.84486555994431,660.48201222106024,0.20985264516810131,0.20470210467446104,0.21500065501987639,ok
experiment_05,e005_spectral_residual_curves,edm_50k,train,4,19.352452980325229,edm_18_rho7,4,low_frequency_residual,1000,8,524.05112755588812,510.50292218547929,537.85557713353933,0.17058955975126566,0.16617933664891904,0.17508319568149067,ok
experiment_05,e005_spectral_residual_curves,edm_50k,train,4,19.352452980325229,edm_18_rho7,4,high_frequency_residual,1000,8,120.61619840051866,116.88026387388639,124.43847982372566,0.0392630854168355,0.038046960896447393,0.040507317650952362,ok
experiment_05,e005_spectral_residual_curves,edm_50k,train,5,12.91008238075732,edm_18_rho7,4,full,1000,8,571.17749761626067,558.53345400327657,583.78887436362572,0.18593017500529319,0.18181427539169159,0.19003544087357607,ok
experiment_05,e005_spectral_residual_curves,edm_50k,train,5,12.91008238075732,edm_18_rho7,4,low_frequency_residual,1000,8,452.22564518594879,441.90673331154784,462.5508557596159,0.14720886887563436,0.14384984808318615,0.15056994002591664,ok
experiment_05,e005_spectral_residual_curves,edm_50k,train,5,12.91008238075732,edm_18_rho7,4,high_frequency_residual,1000,8,118.95185243031143,115.29631659105966,122.73011182893143,0.03872130612965867,0.037531353056985566,0.039951208277646949,ok
experiment_05,e005_spectral_residual_curves,edm_50k,train,6,8.4009353090998165,edm_18_rho7,4,full,1000,8,475.62014362202422,465.64121545523159,485.92056804263694,0.15482426550196102,0.15157591648933319,0.15817726824304587,ok
experiment_05,e005_spectral_residual_curves,edm_50k,train,6,8.4009353090998165,edm_18_rho7,4,low_frequency_residual,1000,8,359.74530435321071,352.10344773365642,367.42180947093561,0.11710459126081078,0.11461700772579962,0.11960345360382019,ok
experiment_05,e005_spectral_residual_curves,edm_50k,train,6,8.4009353090998165,edm_18_rho7,4,high_frequency_residual,1000,8,115.87483926881313,112.27024894651176,119.48881855969495,0.037719674241150108,0.036546304995609298,0.038896099791567364,ok
experiment_05,e005_spectral_residual_curves,edm_50k,train,7,5.3151945217963821,edm_18_rho7,4,full,1000,8,371.99242973785033,364.54139072877075,379.41126275702499,0.12109128572195649,0.11866581729452173,0.12350627042871908,ok
experiment_05,e005_spectral_residual_curves,edm_50k,train,7,5.3151945217963821,edm_18_rho7,4,low_frequency_residual,1000,8,260.95292943651225,256.1740507823618,265.86487092240662,0.084945615050947998,0.083389990489050062,0.086544554336720911,ok
experiment_05,e005_spectral_residual_curves,edm_50k,train,7,5.3151945217963821,edm_18_rho7,4,high_frequency_residual,1000,8,111.0395003013378,107.63492056411557,114.44261623472006,0.036145670671008399,0.035037409037798041,0.03725345580557294,ok
experiment_05,e005_spectral_residual_curves,edm_50k,train,8,3.2568215197655368,edm_18_rho7,4,full,1000,8,266.44992236283184,261.11882392741711,271.80436044813246,0.086735000769150986,0.084999617163872762,0.088477981916709789,ok
experiment_05,e005_spectral_residual_curves,edm_50k,train,8,3.2568215197655368,edm_18_rho7,4,low_frequency_residual,1000,8,164.80329327701375,161.87896875503722,167.6628880266544,0.053646905363611247,0.052694976808280343,0.054577763029509896,ok
experiment_05,e005_spectral_residual_curves,edm_50k,train,8,3.2568215197655368,edm_18_rho7,4,high_frequency_residual,1000,8,101.64662908581792,98.753013646052779,104.65001391775323,0.03308809540553969,0.032146163296241141,0.03406575973885196,ok
experiment_05,e005_spectral_residual_curves,edm_50k,train,9,1.9233398370400518,edm_18_rho7,4,full,1000,8,170.62701668629671,167.28304068168623,174.06771153720655,0.05554264866090388,0.054454114805236403,0.056662666516017757,ok
experiment_05,e005_spectral_residual_curves,edm_50k,train,9,1.9233398370400518,edm_18_rho7,4,low_frequency_residual,1000,8,87.312361294529694,85.767208366148409,88.882851032987901,0.028421992608896385,0.027919013140022268,0.028933219737300748,ok
experiment_05,e005_spectral_residual_curves,edm_50k,train,9,1.9233398370400518,edm_18_rho7,4,high_frequency_residual,1000,8,83.314655391766891,81.111124559274472,85.527083368776516,0.02712065605200745,0.026403360859138827,0.027840847450773604,ok
experiment_05,e005_spectral_residual_curves,edm_50k,train,10,1.088170636545279,edm_18_rho7,4,full,1000,8,95.89311002063414,93.8896656618561,97.898912484096314,0.031215205084841841,0.030563042207635449,0.031868135574250105,ok
experiment_05,e005_spectral_residual_curves,edm_50k,train,10,1.088170636545279,edm_18_rho7,4,low_frequency_residual,1000,8,38.208447216124561,37.530682040104494,38.879807450306522,0.012437645578165547,0.012217018893263182,0.012656187321063321,ok
experiment_05,e005_spectral_residual_curves,edm_50k,train,10,1.088170636545279,edm_18_rho7,4,high_frequency_residual,1000,8,57.684662804509514,56.193479627021794,59.207109922596871,0.018777559506676273,0.018292148316087824,0.019273147761262002,ok
experiment_05,e005_spectral_residual_curves,edm_50k,train,11,0.58534812319454221,edm_18_rho7,4,full,1000,8,48.73279072360134,47.672433664374481,49.767116559231432,0.015863538647005643,0.015518370333455234,0.01620023325495815,ok
experiment_05,e005_spectral_residual_curves,edm_50k,train,11,0.58534812319454221,edm_18_rho7,4,low_frequency_residual,1000,8,14.650214591605858,14.412396523564277,14.891840119651786,0.0047689500623716982,0.0046915353266810799,0.0048476042056158153,ok
experiment_05,e005_spectral_residual_curves,edm_50k,train,11,0.58534812319454221,edm_18_rho7,4,high_frequency_residual,1000,8,34.082576131995445,33.215854691685735,34.954429786613147,0.011094588584633934,0.010812452699116451,0.011378395112829801,ok
experiment_05,e005_spectral_residual_curves,edm_50k,train,12,0.29644228447915727,edm_18_rho7,4,full,1000,8,21.974378591971206,21.48821621924035,22.443415879122568,0.0071531180312406272,0.0069948620505339678,0.0073057994398185444,ok
experiment_05,e005_spectral_residual_curves,edm_50k,train,12,0.29644228447915727,edm_18_rho7,4,low_frequency_residual,1000,8,4.9412665086855903,4.8647567789157833,5.0169985846300547,0.0016084851916294239,0.0015835796806366483,0.0016331375601009292,ok
experiment_05,e005_spectral_residual_curves,edm_50k,train,12,0.29644228447915727,edm_18_rho7,4,high_frequency_residual,1000,8,17.033112083285598,16.625168176998255,17.450603426881028,0.0055446328396111973,0.0054118385992832857,0.0056805349696878345,ok
experiment_05,e005_spectral_residual_curves,edm_50k,train,13,0.13951646873101678,edm_18_rho7,4,full,1000,8,8.5369643987112003,8.3579244215009432,8.7124431801707019,0.002778959765205469,0.0027206785226240051,0.0028360817643784835,ok
experiment_05,e005_spectral_residual_curves,edm_50k,train,13,0.13951646873101678,edm_18_rho7,4,low_frequency_residual,1000,8,1.4540103574735443,1.4339789624916057,1.4735719143978951,0.00047331066324008607,0.00046679002685273626,0.00047967835755139814,ok
experiment_05,e005_spectral_residual_curves,edm_50k,train,13,0.13951646873101678,edm_18_rho7,4,high_frequency_residual,1000,8,7.0829540412376497,6.9207664383052432,7.2444711652096041,0.0023056491019653809,0.002252853658302488,0.0023582262907583347,ok
experiment_05,e005_spectral_residual_curves,edm_50k,train,14,0.05994731123547159,edm_18_rho7,4,full,1000,8,2.7125018436494481,2.6620924113954567,2.7625987968370271,0.0008829758605629714,0.00086656654016779194,0.00089928346251205314,ok
experiment_05,e005_spectral_residual_curves,edm_50k,train,14,0.05994731123547159,edm_18_rho7,4,low_frequency_residual,1000,8,0.35545915384772886,0.35138732757815005,0.3594533306774686,0.00011570935997647423,0.00011438389569601239,0.0001170095477465718,ok
experiment_05,e005_spectral_residual_curves,edm_50k,train,14,0.05994731123547159,edm_18_rho7,4,high_frequency_residual,1000,8,2.3570426898017183,2.3097139059814658,2.4050938065984746,0.0007672665005864968,0.00075185999543667505,0.00078290814016877429,ok
experiment_05,e005_spectral_residual_curves,edm_50k,train,15,0.022934518372333384,edm_18_rho7,4,full,1000,8,0.64579990708902824,0.63573900133809225,0.65603947467188062,0.00021022132392220971,0.00020694628949807691,0.00021355451649475281,ok
experiment_05,e005_spectral_residual_curves,edm_50k,train,15,0.022934518372333384,edm_18_rho7,4,low_frequency_residual,1000,8,0.065645176434922764,0.065094274127276239,0.066176660755582539,2.1368872537409755e-05,2.1189542359139401e-05,2.1541881756374526e-05,ok
experiment_05,e005_spectral_residual_curves,edm_50k,train,15,0.022934518372333384,edm_18_rho7,4,high_frequency_residual,1000,8,0.58015473065410517,0.57029953403133893,0.589880393496927,0.00018885245138479986,0.00018564437956749313,0.00019201835725811425,ok
experiment_05,e005_spectral_residual_curves,edm_50k,train,16,0.0075280199627840785,edm_18_rho7,4,full,1000,8,0.1023991089003269,0.10109666415952991,0.10370057856895717,3.333304326182516e-05,3.2909070364430306e-05,3.3756698752915745e-05,ok
experiment_05,e005_spectral_residual_curves,edm_50k,train,16,0.0075280199627840785,edm_18_rho7,4,low_frequency_residual,1000,8,0.007918162599426298,0.0078703281257893713,0.0079640576708880674,2.5775268878340815e-06,2.5619557701137278e-06,2.5924666897422096e-06,ok
experiment_05,e005_spectral_residual_curves,edm_50k,train,16,0.0075280199627840785,edm_18_rho7,4,high_frequency_residual,1000,8,0.094480946300900523,0.093205893072322785,0.095755992577114896,3.0755516373991058e-05,3.0340459984480072e-05,3.1170570500362922e-05,ok
experiment_05,e005_spectral_residual_curves,edm_50k,train,17,0.0020000000000000031,edm_18_rho7,4,full,1000,8,0.010509870649589333,0.010438516607595618,0.010577277518408366,3.421181852079861e-06,3.3979546248683651e-06,3.4431241921902235e-06,ok
experiment_05,e005_spectral_residual_curves,edm_50k,train,17,0.0020000000000000031,edm_18_rho7,4,low_frequency_residual,1000,8,0.00058121998293245907,0.00057915482184172902,0.00058323435140337815,1.8919921319415986e-07,1.8852696023493784e-07,1.8985493209745383e-07,ok
experiment_05,e005_spectral_residual_curves,edm_50k,train,17,0.0020000000000000031,edm_18_rho7,4,high_frequency_residual,1000,8,0.0099286506666568675,0.0098594630657649479,0.0099951042581435286,3.2319826388856992e-06,3.2094606333870273e-06,3.25361466736443e-06,ok
experiment_05,e005_spectral_residual_curves,edm_50k,train,0,80,edm_18_rho7,5,full,1000,8,766.39901601085239,744.72362122793709,788.85858913395407,0.24947884635769935,0.24242305378513576,0.25678990531704232,ok
experiment_05,e005_spectral_residual_curves,edm_50k,train,0,80,edm_18_rho7,5,low_frequency_residual,1000,8,676.69242269454287,656.42306593285412,697.48303668180881,0.22027748134587985,0.21367938344168427,0.22704525933652631,ok
experiment_05,e005_spectral_residual_curves,edm_50k,train,0,80,edm_18_rho7,5,high_frequency_residual,1000,8,89.706593316309053,86.889897386577744,92.565832179389275,0.029201365011819354,0.028284471805526609,0.030132106829228279,ok
experiment_05,e005_spectral_residual_curves,edm_50k,train,1,57.58598472124816,edm_18_rho7,5,full,1000,8,749.76997725514809,728.43736411377859,771.58944426289361,0.24406574780441018,0.23712153779745396,0.25116843888766066,ok
experiment_05,e005_spectral_residual_curves,edm_50k,train,1,57.58598472124816,edm_18_rho7,5,low_frequency_residual,1000,8,660.35632390334854,640.39944346183313,680.42466965855454,0.21495974085395461,0.20846336050189881,0.22149240548781071,ok
experiment_05,e005_spectral_residual_curves,edm_50k,train,1,57.58598472124816,edm_18_rho7,5,high_frequency_residual,1000,8,89.413653351798999,86.636349283486709,92.224204474354565,0.029106006950455402,0.028201936615718331,0.030020899893995628,ok
experiment_05,e005_spectral_residual_curves,edm_50k,train,2,40.785573796507961,edm_18_rho7,5,full,1000,8,725.08391139161029,705.28063871031179,745.44578258668855,0.23602991907278981,0.2295835412468463,0.24265813235243769,ok
experiment_05,e005_spectral_residual_curves,edm_50k,train,2,40.785573796507961,edm_18_rho7,5,low_frequency_residual,1000,8,635.95983609784469,617.16752048577632,655.21329266000873,0.20701817581310047,0.20090088557479699,0.21328557703776327,ok
experiment_05,e005_spectral_residual_curves,edm_50k,train,2,40.785573796507961,edm_18_rho7,5,high_frequency_residual,1000,8,89.124075293765259,86.333125622780628,91.962477593287403,0.029011743259689211,0.028103230996998903,0.02993570234156491,ok
experiment_05,e005_spectral_residual_curves,edm_50k,train,3,28.374584604156844,edm_18_rho7,5,full,1000,8,694.62002848533984,676.71401930637626,713.33317253317898,0.22611329052257156,0.22028451149296102,0.23220480876731087,ok
experiment_05,e005_spectral_residual_curves,edm_50k,train,3,28.374584604156844,edm_18_rho7,5,low_frequency_residual,1000,8,605.92718841444093,588.85907833018564,623.07731887787531,0.1972419233119925,0.19168589789394064,0.20282464807222503,ok
experiment_05,e005_spectral_residual_curves,edm_50k,train,3,28.374584604156844,edm_18_rho7,5,high_frequency_residual,1000,8,88.692840070898384,85.877796292350638,91.524377236553107,0.0288713672105789,0.027955011813916224,0.029793091548357131,ok
experiment_05,e005_spectral_residual_curves,edm_50k,train,4,19.352452980325229,edm_18_rho7,5,full,1000,8,644.66732595640724,628.89660673964545,660.7609778651962,0.20985264516810131,0.20471894750639499,0.21509146414882688,ok
experiment_05,e005_spectral_residual_curves,edm_50k,train,4,19.352452980325229,edm_18_rho7,5,low_frequency_residual,1000,8,556.62202907189351,542.31431519174089,571.01832349422705,0.18119206675517366,0.17653460780981148,0.18587836051244369,ok
experiment_05,e005_spectral_residual_curves,edm_50k,train,4,19.352452980325229,edm_18_rho7,5,high_frequency_residual,1000,8,88.045296884513277,85.318561139541998,90.813356121577669,0.0286605784129275,0.027772969120944662,0.029561639362492731,ok
experiment_05,e005_spectral_residual_curves,edm_50k,train,5,12.91008238075732,edm_18_rho7,5,full,1000,8,571.17749761626067,558.78905130783505,583.66580990593388,0.18593017500529319,0.18189747763926922,0.18999538082875453,ok
experiment_05,e005_spectral_residual_curves,edm_50k,train,5,12.91008238075732,edm_18_rho7,5,low_frequency_residual,1000,8,484.34828553622054,473.43891388446986,495.77169278950214,0.1576654575313218,0.15411422978010086,0.16138401457991605,ok
experiment_05,e005_spectral_residual_curves,edm_50k,train,5,12.91008238075732,edm_18_rho7,5,high_frequency_residual,1000,8,86.829212080039724,84.097799639942551,89.588218000810272,0.028264717473971263,0.027375585820293799,0.029162831380472095,ok
experiment_05,e005_spectral_residual_curves,edm_50k,train,6,8.4009353090998165,edm_18_rho7,5,full,1000,8,475.62014362202422,465.19614992353547,485.71143538374173,0.15482426550196102,0.15143103838656755,0.15810919120564509,ok
experiment_05,e005_spectral_residual_curves,edm_50k,train,6,8.4009353090998165,edm_18_rho7,5,low_frequency_residual,1000,8,390.96489634388416,382.58624886673527,399.33662555717547,0.12726721886194145,0.12453979455297372,0.12999239113189306,ok
experiment_05,e005_spectral_residual_curves,edm_50k,train,6,8.4009353090998165,edm_18_rho7,5,high_frequency_residual,1000,8,84.655247278139669,82.042566642105143,87.370719421648559,0.027557046640019425,0.026706564662143602,0.028440989395067891,ok
experiment_05,e005_spectral_residual_curves,edm_50k,train,7,5.3151945217963821,edm_18_rho7,5,full,1000,8,371.99242973785033,364.50533995143797,379.60159311967294,0.12109128572195649,0.11865408201544204,0.12356822692697687,ok
experiment_05,e005_spectral_residual_curves,edm_50k,train,7,5.3151945217963821,edm_18_rho7,5,low_frequency_residual,1000,8,290.41192592625691,284.89884230898303,295.86632388633495,0.094535132137453418,0.092740508564122082,0.096310652306749664,ok
experiment_05,e005_spectral_residual_curves,edm_50k,train,7,5.3151945217963821,edm_18_rho7,5,high_frequency_residual,1000,8,81.580503811593161,79.043203949864804,84.18673613312825,0.026556153584502983,0.025730209619096615,0.027404536501669352,ok
experiment_05,e005_spectral_residual_curves,edm_50k,train,8,3.2568215197655368,edm_18_rho7,5,full,1000,8,266.44992236283184,261.06604493701821,271.89182221854225,0.086735000769150986,0.084982436502935618,0.088506452545098382,ok
experiment_05,e005_spectral_residual_curves,edm_50k,train,8,3.2568215197655368,edm_18_rho7,5,low_frequency_residual,1000,8,190.59303320723981,187.16111541643804,194.07604087914831,0.062042002997148377,0.060924842257955088,0.063175794557014428,ok
experiment_05,e005_spectral_residual_curves,edm_50k,train,8,3.2568215197655368,edm_18_rho7,5,high_frequency_residual,1000,8,75.856889155591901,73.562780962124023,78.161628272082581,0.024692997772002571,0.023946217761108082,0.025443238369818547,ok
experiment_05,e005_spectral_residual_curves,edm_50k,train,9,1.9233398370400518,edm_18_rho7,5,full,1000,8,170.62701668629671,167.27480926071081,174.12979467563449,0.05554264866090388,0.054451435306220965,0.056682875870974765,ok
experiment_05,e005_spectral_residual_curves,edm_50k,train,9,1.9233398370400518,edm_18_rho7,5,low_frequency_residual,1000,8,106.18782316432271,104.26361576872856,108.12222841395736,0.034566348686302963,0.033939979091382994,0.035196037895168411,ok
experiment_05,e005_spectral_residual_curves,edm_50k,train,9,1.9233398370400518,edm_18_rho7,5,high_frequency_residual,1000,8,64.439193521973905,62.600319226292534,66.248425398777698,0.020976299974600879,0.020377708081475435,0.021565242642831283,ok
experiment_05,e005_spectral_residual_curves,edm_50k,train,10,1.088170636545279,edm_18_rho7,5,full,1000,8,95.89311002063414,93.914458226970424,97.880065766424877,0.031215205084841841,0.030571112704091935,0.031862000575008098,ok
experiment_05,e005_spectral_residual_curves,edm_50k,train,10,1.088170636545279,edm_18_rho7,5,low_frequency_residual,1000,8,49.078571614069951,48.1808763510601,49.98226487742798,0.015976097530621729,0.015683879020527376,0.016270268514787755,ok
experiment_05,e005_spectral_residual_curves,edm_50k,train,10,1.088170636545279,edm_18_rho7,5,high_frequency_residual,1000,8,46.814538406564118,45.561935977066135,48.081629148314185,0.01523910755422009,0.014831359367534548,0.015651571988383524,ok
experiment_05,e005_spectral_residual_curves,edm_50k,train,11,0.58534812319454221,edm_18_rho7,5,full,1000,8,48.73279072360134,47.69034997447811,49.803330696102265,0.015863538647005643,0.015524202465650427,0.016212021710970789,ok
experiment_05,e005_spectral_residual_curves,edm_50k,train,11,0.58534812319454221,edm_18_rho7,5,low_frequency_residual,1000,8,19.757276067687528,19.417289063490095,20.102529685920576,0.0064314049699503674,0.0063207321170215157,0.0065437922154689375,ok
experiment_05,e005_spectral_residual_curves,edm_50k,train,11,0.58534812319454221,edm_18_rho7,5,high_frequency_residual,1000,8,28.975514655913788,28.2012304787064,29.73033628380999,0.00943213367705527,0.0091800880464539061,0.0096778438423860639,ok
experiment_05,e005_spectral_residual_curves,edm_50k,train,12,0.29644228447915727,edm_18_rho7,5,full,1000,8,21.974378591971206,21.504770305010744,22.455836032835411,0.0071531180312406272,0.0070002507503290181,0.0073098424586052766,ok
experiment_05,e005_spectral_residual_curves,edm_50k,train,12,0.29644228447915727,edm_18_rho7,5,low_frequency_residual,1000,8,6.9225876684596992,6.8109843688903453,7.0352853211844257,0.0022534465066600582,0.0022171173075814926,0.0022901319404897221,ok
experiment_05,e005_spectral_residual_curves,edm_50k,train,12,0.29644228447915727,edm_18_rho7,5,high_frequency_residual,1000,8,15.05179092351149,14.673447399021388,15.430301847877939,0.0048996715245805634,0.0047765128252022747,0.0050228847161060998,ok
experiment_05,e005_spectral_residual_curves,edm_50k,train,13,0.13951646873101678,edm_18_rho7,5,full,1000,8,8.5369643987112003,8.3553309054210612,8.7134582993847527,0.002778959765205469,0.0027198342791084182,0.0028364122068309742,ok
experiment_05,e005_spectral_residual_curves,edm_50k,train,13,0.13951646873101678,edm_18_rho7,5,low_frequency_residual,1000,8,2.1083536602313036,2.077054684954347,2.1396489586868661,0.00068631304043987749,0.00067612457192524312,0.00069650031207254756,ok
experiment_05,e005_spectral_residual_curves,edm_50k,train,13,0.13951646873101678,edm_18_rho7,5,high_frequency_residual,1000,8,6.4286107384798905,6.2760075145084224,6.5845771719009951,0.0020926467247655892,0.0020429711961290438,0.0021434170481448552,ok
experiment_05,e005_spectral_residual_curves,edm_50k,train,14,0.05994731123547159,edm_18_rho7,5,full,1000,8,2.7125018436494481,2.6611270552526891,2.762194210474068,0.0008829758605629714,0.00086625229663173477,0.0008991517612220273,ok
experiment_05,e005_spectral_residual_curves,edm_50k,train,14,0.05994731123547159,edm_18_rho7,5,low_frequency_residual,1000,8,0.53591790414698415,0.52920476779629222,0.54273072814643342,0.00017445244275617974,0.0001722671770170222,0.0001766701589018338,ok
experiment_05,e005_spectral_residual_curves,edm_50k,train,14,0.05994731123547159,edm_18_rho7,5,high_frequency_residual,1000,8,2.1765839395024629,2.1315387485216575,2.2222053257951146,0.0007085234178067913,0.00069386026970106034,0.00072337412949059722,ok
experiment_05,e005_spectral_residual_curves,edm_50k,train,15,0.022934518372333384,edm_18_rho7,5,full,1000,8,0.64579990708902824,0.63564280798200057,0.65588899129323108,0.00021022132392220971,0.0002069149765566408,0.000213505531019932,ok
experiment_05,e005_spectral_residual_curves,edm_50k,train,15,0.022934518372333384,edm_18_rho7,5,low_frequency_residual,1000,8,0.10324340505912537,0.10229464325293447,0.10415666266512674,3.360787925101737e-05,3.3299037517231273e-05,3.3905163627970943e-05,ok
experiment_05,e005_spectral_residual_curves,edm_50k,train,15,0.022934518372333384,edm_18_rho7,5,high_frequency_residual,1000,8,0.54255650202990247,0.53311413832228582,0.55211459831775489,0.0001766134446711922,0.00017353975856845242,0.00017972480413989416,ok
experiment_05,e005_spectral_residual_curves,edm_50k,train,16,0.0075280199627840785,edm_18_rho7,5,full,1000,8,0.1023991089003269,0.1010790549436542,0.10373155923280079,3.333304326182516e-05,3.2903338197804099e-05,3.3766783604427339e-05,ok
experiment_05,e005_spectral_residual_curves,edm_50k,train,16,0.0075280199627840785,edm_18_rho7,5,low_frequency_residual,1000,8,0.012788077202831694,0.012704418561947158,0.012866584626931098,4.1627855477967755e-06,4.135552917300507e-06,4.1883413499124664e-06,ok
experiment_05,e005_spectral_residual_curves,edm_50k,train,16,0.0075280199627840785,edm_18_rho7,5,high_frequency_residual,1000,8,0.089611031697495125,0.088357823706479266,0.090876521519542355,2.9170257714028361e-05,2.8762312404452886e-05,2.9582201015476026e-05,ok
experiment_05,e005_spectral_residual_curves,edm_50k,train,17,0.0020000000000000031,edm_18_rho7,5,full,1000,8,0.010509870649589333,0.010439559527586423,0.010576713327151172,3.421181852079861e-06,3.3982941170528721e-06,3.4429405361820221e-06,ok
experiment_05,e005_spectral_residual_curves,edm_50k,train,17,0.0020000000000000031,edm_18_rho7,5,low_frequency_residual,1000,8,0.00095262068101714399,0.00094907235942026029,0.00095602819175046581,3.1009787793526824e-07,3.08942825332116e-07,3.112070936687714e-07,ok
experiment_05,e005_spectral_residual_curves,edm_50k,train,17,0.0020000000000000031,edm_18_rho7,5,high_frequency_residual,1000,8,0.0095572499685721828,0.0094904083883080963,0.0096242520067036375,3.1110839741445909e-06,3.0893256472357083e-06,3.1328945334321736e-06,ok
experiment_05,e005_spectral_residual_curves,edm_50k,train,0,80,edm_18_rho7,6,full,1000,8,766.39901601085239,744.97243577287702,788.80631625947615,0.24947884635769935,0.24250404810315007,0.25677288940738158,ok
experiment_05,e005_spectral_residual_curves,edm_50k,train,0,80,edm_18_rho7,6,low_frequency_residual,1000,8,697.8539832536618,677.2307029233325,719.45215208812829,0.22716601017371804,0.22045270277452231,0.23419666409118758,ok
experiment_05,e005_spectral_residual_curves,edm_50k,train,0,80,edm_18_rho7,6,high_frequency_residual,1000,8,68.545032757190157,66.379684489108996,70.728976363931537,0.02231283618398117,0.0216079702112985,0.023023755326800632,ok
experiment_05,e005_spectral_residual_curves,edm_50k,train,1,57.58598472124816,edm_18_rho7,6,full,1000,8,749.76997725514809,727.97548321710337,770.67763444760726,0.24406574780441018,0.23697118594306751,0.25087162579674716,ok
experiment_05,e005_spectral_residual_curves,edm_50k,train,1,57.58598472124816,edm_18_rho7,6,low_frequency_residual,1000,8,681.45597495342543,660.75352681631261,701.71603973352114,0.22182811684681816,0.2150890386771851,0.22842319001742226,ok
experiment_05,e005_spectral_residual_curves,edm_50k,train,1,57.58598472124816,edm_18_rho7,6,high_frequency_residual,1000,8,68.31400230172224,66.169466637744648,70.511387158122517,0.022237630957591875,0.021539539921140837,0.022952925507201339,ok
experiment_05,e005_spectral_residual_curves,edm_50k,train,2,40.785573796507961,edm_18_rho7,6,full,1000,8,725.08391139161029,704.53396201069029,745.83010953126359,0.23602991907278981,0.2293404824253549,0.2427832387797082,ok
experiment_05,e005_spectral_residual_curves,edm_50k,train,2,40.785573796507961,edm_18_rho7,6,low_frequency_residual,1000,8,656.98516915885193,637.50640986175415,676.49796929320553,0.21386235975223045,0.20752161779353975,0.22021418271263202,ok
experiment_05,e005_spectral_residual_curves,edm_50k,train,2,40.785573796507961,edm_18_rho7,6,high_frequency_residual,1000,8,68.098742232757871,65.933983166913791,70.345149297444138,0.022167559320559204,0.021462885145479751,0.022898811620261764,ok
experiment_05,e005_spectral_residual_curves,edm_50k,train,3,28.374584604156844,edm_18_rho7,6,full,1000,8,694.62002848533984,676.29598499124791,713.3387518313109,0.22611329052257156,0.2201484326143385,0.23220662494508817,ok
experiment_05,e005_spectral_residual_curves,edm_50k,train,3,28.374584604156844,edm_18_rho7,6,low_frequency_residual,1000,8,626.8836635105389,609.79156937410607,644.99471969986848,0.20406369254900356,0.19849985982230015,0.20995921865230094,ok
experiment_05,e005_spectral_residual_curves,edm_50k,train,3,28.374584604156844,edm_18_rho7,6,high_frequency_residual,1000,8,67.736364974800608,65.610281983812627,69.903130028427753,0.022049597973567907,0.021357513666605672,0.022754925139462159,ok
experiment_05,e005_spectral_residual_curves,edm_50k,train,4,19.352452980325229,edm_18_rho7,6,full,1000,8,644.66732595640724,628.9240114439109,660.32107446233601,0.20985264516810131,0.20472786830856474,0.21494826642654166,ok
experiment_05,e005_spectral_residual_curves,edm_50k,train,4,19.352452980325229,edm_18_rho7,6,low_frequency_residual,1000,8,577.45933036857377,562.48936006533688,592.10365824101268,0.18797504243768678,0.18310200522960185,0.19274207625032966,ok
experiment_05,e005_spectral_residual_curves,edm_50k,train,4,19.352452980325229,edm_18_rho7,6,high_frequency_residual,1000,8,67.207995587833096,65.070869063165773,69.345370063481823,0.021877602730414419,0.021181923523165943,0.022573362650872991,ok
experiment_05,e005_spectral_residual_curves,edm_50k,train,5,12.91008238075732,edm_18_rho7,6,full,1000,8,571.17749761626067,558.46450059013318,583.94062770076061,0.18593017500529319,0.18179182961918397,0.19008483974634136,ok
experiment_05,e005_spectral_residual_curves,edm_50k,train,5,12.91008238075732,edm_18_rho7,6,low_frequency_residual,1000,8,504.87808052351113,493.82257787420417,516.29712893789929,0.16434833350374711,0.16074953706842585,0.16806547165947242,ok
experiment_05,e005_spectral_residual_curves,edm_50k,train,5,12.91008238075732,edm_18_rho7,6,high_frequency_residual,1000,8,66.299417092749096,64.221497808476173,68.450334813008894,0.021581841501545931,0.020905435484530003,0.022282010030276331,ok
experiment_05,e005_spectral_residual_curves,edm_50k,train,6,8.4009353090998165,edm_18_rho7,6,full,1000,8,475.62014362202422,465.43133799728452,486.01932979504926,0.15482426550196102,0.1515075970043244,0.15820941725099261,ok
experiment_05,e005_spectral_residual_curves,edm_50k,train,6,8.4009353090998165,edm_18_rho7,6,low_frequency_residual,1000,8,410.98989589651393,402.08778789457966,419.7238303425334,0.13378577340381312,0.13088795178860016,0.1366288510229601,ok
experiment_05,e005_spectral_residual_curves,edm_50k,train,6,8.4009353090998165,edm_18_rho7,6,high_frequency_residual,1000,8,64.630247725509989,62.567723347466909,66.69419406229278,0.021038492098147784,0.020367097443836885,0.021710349629652598,ok
experiment_05,e005_spectral_residual_curves,edm_50k,train,7,5.3151945217963821,edm_18_rho7,6,full,1000,8,371.99242973785033,364.58178959510718,379.58179133052857,0.12109128572195649,0.11867896796715728,0.1235617810320731,ok
experiment_05,e005_spectral_residual_curves,edm_50k,train,7,5.3151945217963821,edm_18_rho7,6,low_frequency_residual,1000,8,309.54733362335583,303.67035387468599,315.52610837109205,0.10076410599718615,0.098851026651916016,0.10271032173538153,ok
experiment_05,e005_spectral_residual_curves,edm_50k,train,7,5.3151945217963821,edm_18_rho7,6,high_frequency_residual,1000,8,62.445096114494199,60.491826230751613,64.448692003104171,0.020327179724770248,0.019691349684489459,0.020979391928093807,ok
experiment_05,e005_spectral_residual_curves,edm_50k,train,8,3.2568215197655368,edm_18_rho7,6,full,1000,8,266.44992236283184,261.16210584244755,271.8079993349694,0.086735000769150986,0.085013706328921732,0.088479166450185345,ok
experiment_05,e005_spectral_residual_curves,edm_50k,train,8,3.2568215197655368,edm_18_rho7,6,low_frequency_residual,1000,8,207.84177377604891,203.95186469077615,211.69071865954041,0.067656827401057593,0.066390580954028694,0.06890973914698581,ok
experiment_05,e005_spectral_residual_curves,edm_50k,train,8,3.2568215197655368,edm_18_rho7,6,high_frequency_residual,1000,8,58.608148586782761,56.792742467703526,60.463201340468196,0.019078173368093348,0.01848722085537224,0.019682031686350323,ok
experiment_05,e005_spectral_residual_curves,edm_50k,train,9,1.9233398370400518,edm_18_rho7,6,full,1000,8,170.62701668629671,167.19502413963133,174.05622860987003,0.05554264866090388,0.054425463587119575,0.056658928583942066,ok
experiment_05,e005_spectral_residual_curves,edm_50k,train,9,1.9233398370400518,edm_18_rho7,6,low_frequency_residual,1000,8,119.54495416576157,117.23555777383476,121.7592626807488,0.038914373100833843,0.038162616462836835,0.039635176653889582,ok
experiment_05,e005_spectral_residual_curves,edm_50k,train,9,1.9233398370400518,edm_18_rho7,6,high_frequency_residual,1000,8,51.082062520535032,49.596890207120722,52.610611343421262,0.016628275560069999,0.016144821030963777,0.017125850046686607,ok
experiment_05,e005_spectral_residual_curves,edm_50k,train,10,1.088170636545279,edm_18_rho7,6,full,1000,8,95.89311002063414,93.9063102884448,97.887985003439354,0.031215205084841841,0.030568460380353126,0.031864578451640417,ok
experiment_05,e005_spectral_residual_curves,edm_50k,train,10,1.088170636545279,edm_18_rho7,6,low_frequency_residual,1000,8,57.299890004498955,56.217990455268904,58.372797449249973,0.018652307944172837,0.018300127101324514,0.019001561669677727,ok
experiment_05,e005_spectral_residual_curves,edm_50k,train,10,1.088170636545279,edm_18_rho7,6,high_frequency_residual,1000,8,38.593220016135106,37.495035663753505,39.686538943270236,0.01256289714066898,0.012205415255128095,0.012918795228929114,ok
experiment_05,e005_spectral_residual_curves,edm_50k,train,11,0.58534812319454221,edm_18_rho7,6,full,1000,8,48.73279072360134,47.710434452543566,49.798935158367279,0.015863538647005643,0.015530740381687358,0.016210590871864348,ok
experiment_05,e005_spectral_residual_curves,edm_50k,train,11,0.58534812319454221,edm_18_rho7,6,low_frequency_residual,1000,8,23.873821343167009,23.449377103169319,24.302847202080915,0.0077714262184788441,0.0076332607757712626,0.0079110830735940486,ok
experiment_05,e005_spectral_residual_curves,edm_50k,train,11,0.58534812319454221,edm_18_rho7,6,high_frequency_residual,1000,8,24.858969380434296,24.189094151001836,25.548458819795272,0.008092112428526789,0.0078740540856125762,0.0083165556054021067,ok
experiment_05,e005_spectral_residual_curves,edm_50k,train,12,0.29644228447915727,edm_18_rho7,6,full,1000,8,21.974378591971206,21.512258095236952,22.456879809496503,0.0071531180312406272,0.0070026881820432789,0.0073101822296538091,ok
experiment_05,e005_spectral_residual_curves,edm_50k,train,12,0.29644228447915727,edm_18_rho7,6,low_frequency_residual,1000,8,8.6055513748323769,8.4602602752420886,8.7549996644816623,0.0028012862548282475,0.0027539909750137009,0.0028499347866151243,ok
experiment_05,e005_spectral_residual_curves,edm_50k,train,12,0.29644228447915727,edm_18_rho7,6,high_frequency_residual,1000,8,13.368827217138811,13.021810098413823,13.728912826382498,0.0043518317764123732,0.0042388704747440831,0.004469047144004719,ok
experiment_05,e005_spectral_residual_curves,edm_50k,train,13,0.13951646873101678,edm_18_rho7,6,full,1000,8,8.5369643987112003,8.3669866523826943,8.7128550401056852,0.002778959765205469,0.0027236284675724916,0.0028362158333677359,ok
experiment_05,e005_spectral_residual_curves,edm_50k,train,13,0.13951646873101678,edm_18_rho7,6,low_frequency_residual,1000,8,2.6863671343306841,2.6445844933321565,2.728802643566032,0.00087446846820660293,0.00086086734808989466,0.0008882821105358177,ok
experiment_05,e005_spectral_residual_curves,edm_50k,train,13,0.13951646873101678,edm_18_rho7,6,high_frequency_residual,1000,8,5.85059726438051,5.7081484573442376,5.9942790996045012,0.001904491296998864,0.0018581212426250773,0.0019512627277358402,ok
experiment_05,e005_spectral_residual_curves,edm_50k,train,14,0.05994731123547159,edm_18_rho7,6,full,1000,8,2.7125018436494481,2.6613715252446219,2.7627923800922618,0.0008829758605629714,0.00086633187670723374,0.00089934647789461644,ok
experiment_05,e005_spectral_residual_curves,edm_50k,train,14,0.05994731123547159,edm_18_rho7,6,low_frequency_residual,1000,8,0.70045510338678141,0.6911678111501377,0.70944419307827111,0.00022801272896705123,0.00022498952185876877,0.00023093886493433304,ok
experiment_05,e005_spectral_residual_curves,edm_50k,train,14,0.05994731123547159,edm_18_rho7,6,high_frequency_residual,1000,8,2.0120467402626656,1.9691104499947121,2.0550027440833087,0.00065496313159591976,0.00064098647460765371,0.0006689462057562854,ok
experiment_05,e005_spectral_residual_curves,edm_50k,train,15,0.022934518372333384,edm_18_rho7,6,full,1000,8,0.64579990708902824,0.6356146955288251,0.65612465357310712,0.00021022132392220971,0.00020690582536745609,0.00021358224400166246,ok
experiment_05,e005_spectral_residual_curves,edm_50k,train,15,0.022934518372333384,edm_18_rho7,6,low_frequency_residual,1000,8,0.13852896391083452,0.137196898967264,0.13985224180971631,4.5094063773058115e-05,4.466044888257292e-05,4.5524818297433692e-05,ok
experiment_05,e005_spectral_residual_curves,edm_50k,train,15,0.022934518372333384,edm_18_rho7,6,high_frequency_residual,1000,8,0.50727094317819343,0.49818790176608119,0.51647788512196657,0.00016512726014915151,0.00016217054093947954,0.00016812431156314016,ok
experiment_05,e005_spectral_residual_curves,edm_50k,train,16,0.0075280199627840785,edm_18_rho7,6,full,1000,8,0.1023991089003269,0.10108647539560416,0.10373445117479131,3.333304326182516e-05,3.2905753709506561e-05,3.3767724991794047e-05,ok
experiment_05,e005_spectral_residual_curves,edm_50k,train,16,0.0075280199627840785,edm_18_rho7,6,low_frequency_residual,1000,8,0.017487624535286801,0.017369677482533281,0.017607465523198331,5.6925861117470056e-06,5.6541918888454687e-06,5.7315968499994567e-06,ok
experiment_05,e005_spectral_residual_curves,edm_50k,train,16,0.0075280199627840785,edm_18_rho7,6,high_frequency_residual,1000,8,0.084911484365040021,0.083691117882727248,0.086144644477527052,2.7640457150078131e-05,2.724320243578361e-05,2.8041876457528337e-05,ok
experiment_05,e005_spectral_residual_curves,edm_50k,train,17,0.0020000000000000031,edm_18_rho7,6,full,1000,8,0.010509870649589333,0.010439442742839955,0.01057767853539273,3.421181852079861e-06,3.3982561011848811e-06,3.4432547315731545e-06,ok
experiment_05,e005_spectral_residual_curves,edm_50k,train,17,0.0020000000000000031,edm_18_rho7,6,low_frequency_residual,1000,8,0.0013204756399927799,0.0013151127000526771,0.0013255171256752033,4.2984233072681639e-07,4.2809658204839747e-07,4.3148343934739694e-07,ok
experiment_05,e005_spectral_residual_curves,edm_50k,train,17,0.0020000000000000031,edm_18_rho7,6,high_frequency_residual,1000,8,0.009189395009596547,0.0091239657814126424,0.0092536547763926533,2.9913395213530427e-06,2.9700409444702611e-06,3.0122574141903167e-06,ok
experiment_05,e005_spectral_residual_curves,edm_50k,test,0,80,edm_18_rho7,3,full,1000,8,763.90891425776363,742.03401119265334,786.33049774552103,0.2486682663599491,0.24154752968510851,0.25596695890153681,ok
experiment_05,e005_spectral_residual_curves,edm_50k,test,0,80,edm_18_rho7,3,low_frequency_residual,1000,8,605.0097918296533,585.06356351396971,625.38844822854514,0.19694329161121527,0.19045037874803702,0.20357696882439621,ok
experiment_05,e005_spectral_residual_curves,edm_50k,test,0,80,edm_18_rho7,3,high_frequency_residual,1000,8,158.89912242810982,154.13443012909352,163.76879638313528,0.051724974748733665,0.050173968140980962,0.053310155072635181,ok
experiment_05,e005_spectral_residual_curves,edm_50k,test,1,57.58598472124816,edm_18_rho7,3,full,1000,8,748.26664474466168,726.27033534629572,769.9204477943324,0.24357638175281957,0.23641612478720564,0.25062514576638423,ok
experiment_05,e005_spectral_residual_curves,edm_50k,test,1,57.58598472124816,edm_18_rho7,3,low_frequency_residual,1000,8,589.79945521573575,570.21115682293305,610.00837803937566,0.19199201016137232,0.18561561094496518,0.19857043555969259,ok
experiment_05,e005_spectral_residual_curves,edm_50k,test,1,57.58598472124816,edm_18_rho7,3,high_frequency_residual,1000,8,158.46718952892545,153.75025529578122,163.27490376677298,0.051584371591447083,0.050048911229095445,0.053149382736579744,ok
experiment_05,e005_spectral_residual_curves,edm_50k,test,2,40.785573796507961,edm_18_rho7,3,full,1000,8,725.19441107998557,704.76975688728703,746.10811217552077,0.23606588902343281,0.22941723857008042,0.24287373443213567,ok
experiment_05,e005_spectral_residual_curves,edm_50k,test,2,40.785573796507961,edm_18_rho7,3,low_frequency_residual,1000,8,567.21456217098216,548.98023719700689,586.17204807719054,0.18464015695669991,0.17870450429590068,0.19081121356679379,ok
experiment_05,e005_spectral_residual_curves,edm_50k,test,2,40.785573796507961,edm_18_rho7,3,high_frequency_residual,1000,8,157.97984890900295,153.21107033712656,162.71788620969525,0.051425732066732732,0.049873395292033385,0.052968061917218506,ok
experiment_05,e005_spectral_residual_curves,edm_50k,test,3,28.374584604156844,edm_18_rho7,3,full,1000,8,691.3503154859452,672.83495667974069,710.3035295124771,0.22504893082224778,0.21902179579418643,0.23121859684650947,ok
experiment_05,e005_spectral_residual_curves,edm_50k,test,3,28.374584604156844,edm_18_rho7,3,low_frequency_residual,1000,8,534.0250719124698,517.72245420759145,550.85079599780579,0.17383628642984042,0.16852944472903367,0.17931341015553573,ok
experiment_05,e005_spectral_residual_curves,edm_50k,test,3,28.374584604156844,edm_18_rho7,3,high_frequency_residual,1000,8,157.32524357347481,152.63659945982369,162.0961902588563,0.051212644392407164,0.049686393053328025,0.052765686933221451,ok
experiment_05,e005_spectral_residual_curves,edm_50k,test,4,19.352452980325229,edm_18_rho7,3,full,1000,8,645.13320264489948,629.07424000077208,661.10552274995825,0.21000429773596987,0.20477677083358467,0.21520362068683538,ok
experiment_05,e005_spectral_residual_curves,edm_50k,test,4,19.352452980325229,edm_18_rho7,3,low_frequency_residual,1000,8,489.07536021950307,476.11185984444728,502.56082347626705,0.15920421882145283,0.15498432937644768,0.16359401805868068,ok
experiment_05,e005_spectral_residual_curves,edm_50k,test,4,19.352452980325229,edm_18_rho7,3,high_frequency_residual,1000,8,156.0578424253959,151.28302227832589,160.71152208861733,0.050800078914516898,0.049245775481225877,0.052314948596555118,ok
experiment_05,e005_spectral_residual_curves,edm_50k,test,5,12.91008238075732,edm_18_rho7,3,full,1000,8,566.22514877730714,553.70535328973529,578.75865526151051,0.18431808228427968,0.18024262802400237,0.18839799975960628,ok
experiment_05,e005_spectral_residual_curves,edm_50k,test,5,12.91008238075732,edm_18_rho7,3,low_frequency_residual,1000,8,412.49428087143076,402.86143806246463,422.16810550146226,0.13427548205450221,0.13113979103595855,0.13742451350959059,ok
experiment_05,e005_spectral_residual_curves,edm_50k,test,5,12.91008238075732,edm_18_rho7,3,high_frequency_residual,1000,8,153.73086790587587,149.21963991625881,158.47768357716905,0.050042600229777301,0.048574101535240499,0.051587787622776382,ok
experiment_05,e005_spectral_residual_curves,edm_50k,test,6,8.4009353090998165,edm_18_rho7,3,full,1000,8,471.4807779926515,461.36084268303193,481.52052298922439,0.15347681575281624,0.15018256597754945,0.15674496191055481,ok
experiment_05,e005_spectral_residual_curves,edm_50k,test,6,8.4009353090998165,edm_18_rho7,3,low_frequency_residual,1000,8,322.02415109139679,315.21832426921128,328.87340344916493,0.10482557001673072,0.10261013159805055,0.1070551443519417,ok
experiment_05,e005_spectral_residual_curves,edm_50k,test,6,8.4009353090998165,edm_18_rho7,3,high_frequency_residual,1000,8,149.45662690125442,145.09562938977621,153.98675128936947,0.048651245736085424,0.047231650191984442,0.050125895602008287,ok
experiment_05,e005_spectral_residual_curves,edm_50k,test,7,5.3151945217963821,edm_18_rho7,3,full,1000,8,368.54314661899747,360.99704793013649,376.18629284826608,0.11996847220670491,0.11751205987309131,0.12245647553654494,ok
experiment_05,e005_spectral_residual_curves,edm_50k,test,7,5.3151945217963821,edm_18_rho7,3,low_frequency_residual,1000,8,225.71729725923751,221.51681060038322,230.09374025928963,0.073475682701574715,0.072108336783978919,0.07490030607398751,ok
experiment_05,e005_spectral_residual_curves,edm_50k,test,7,5.3151945217963821,edm_18_rho7,3,high_frequency_residual,1000,8,142.82584935975967,138.75026259961913,146.98267253105232,0.046492789505130104,0.045166101106646851,0.04784592204786859,ok
experiment_05,e005_spectral_residual_curves,edm_50k,test,8,3.2568215197655368,edm_18_rho7,3,full,1000,8,265.51097875450887,260.32856455347684,270.69027177409845,0.086429355063316685,0.084742371273918246,0.088115322843131005,ok
experiment_05,e005_spectral_residual_curves,edm_50k,test,8,3.2568215197655368,edm_18_rho7,3,low_frequency_residual,1000,8,136.55030887913728,134.26862941823634,138.82835075253089,0.044449970338260834,0.043707236138748808,0.045191520427256153,ok
experiment_05,e005_spectral_residual_curves,edm_50k,test,8,3.2568215197655368,edm_18_rho7,3,high_frequency_residual,1000,8,128.96066987537145,125.43325348022529,132.47974532466498,0.041979384725055809,0.04083113720059417,0.043124917097872716,ok
experiment_05,e005_spectral_residual_curves,edm_50k,test,9,1.9233398370400518,edm_18_rho7,3,full,1000,8,172.29229708625678,168.99024099690789,175.70635660369712,0.056084732124432546,0.055009844074514286,0.057196079623599322,ok
experiment_05,e005_spectral_residual_curves,edm_50k,test,9,1.9233398370400518,edm_18_rho7,3,low_frequency_residual,1000,8,68.649843559990927,67.536558255642191,69.748661762721653,0.022346954283851212,0.02198455672384186,0.022704642500885955,ok
experiment_05,e005_spectral_residual_curves,edm_50k,test,9,1.9233398370400518,edm_18_rho7,3,high_frequency_residual,1000,8,103.64245352626573,101.0696394111131,106.29086605027322,0.033737777840581289,0.032900273245805044,0.034599891292406648,ok
experiment_05,e005_spectral_residual_curves,edm_50k,test,10,1.088170636545279,edm_18_rho7,3,full,1000,8,99.38661872799257,97.451362722903525,101.36506347638678,0.032352414950518417,0.031722448803028491,0.032996439933719653,ok
experiment_05,e005_spectral_residual_curves,edm_50k,test,10,1.088170636545279,edm_18_rho7,3,low_frequency_residual,1000,8,29.212622430190248,28.738013167937961,29.671189579329081,0.0095093171973275551,0.0093548219947714711,0.0096585903578545185,ok
experiment_05,e005_spectral_residual_curves,edm_50k,test,10,1.088170636545279,edm_18_rho7,3,high_frequency_residual,1000,8,70.173996297802248,68.504752237212443,71.864869354738943,0.022843097753190836,0.022299724035550927,0.02339351215974575,ok
experiment_05,e005_spectral_residual_curves,edm_50k,test,11,0.58534812319454221,edm_18_rho7,3,full,1000,8,50.903391102441759,49.86334259537648,51.921273150860557,0.016570114291159427,0.016231556834432448,0.016901456103795755,ok
experiment_05,e005_spectral_residual_curves,edm_50k,test,11,0.58534812319454221,edm_18_rho7,3,low_frequency_residual,1000,8,10.79256972123844,10.628297555225233,10.958074150660906,0.0035132062894656381,0.0034597322770915473,0.0035670814292515971,ok
experiment_05,e005_spectral_residual_curves,edm_50k,test,11,0.58534812319454221,edm_18_rho7,3,high_frequency_residual,1000,8,40.110821381203287,39.195071393723879,41.024316097463107,0.013056908001693778,0.012758812302644492,0.013354269562976272,ok
experiment_05,e005_spectral_residual_curves,edm_50k,test,12,0.29644228447915727,edm_18_rho7,3,full,1000,8,22.903699987822403,22.439984824149867,23.37511618503531,0.0074556315064526054,0.0073046825599446183,0.0076090872998161819,ok
experiment_05,e005_spectral_residual_curves,edm_50k,test,12,0.29644228447915727,edm_18_rho7,3,low_frequency_residual,1000,8,3.532637942394429,3.4821083498073895,3.5835586154920951,0.0011499472468731865,0.0011334988117862597,0.001166522986813833,ok
experiment_05,e005_spectral_residual_curves,edm_50k,test,12,0.29644228447915727,edm_18_rho7,3,high_frequency_residual,1000,8,19.371062045427955,18.938575292933582,19.807357126941969,0.0063056842595794124,0.0061649008115018172,0.0064477073980930893,ok
experiment_05,e005_spectral_residual_curves,edm_50k,test,13,0.13951646873101678,edm_18_rho7,3,full,1000,8,8.8007858873404814,8.6304013572536551,8.9733911856671149,0.0028648391560353128,0.002809375441814341,0.0029210257765843474,ok
experiment_05,e005_spectral_residual_curves,edm_50k,test,13,0.13951646873101678,edm_18_rho7,3,low_frequency_residual,1000,8,0.99568999739310471,0.98237217108470454,1.0087139960253297,0.00032411783769306792,0.00031978260777496892,0.00032835742058116201,ok
experiment_05,e005_spectral_residual_curves,edm_50k,test,13,0.13951646873101678,edm_18_rho7,3,high_frequency_residual,1000,8,7.8050958899473715,7.6393701684702879,7.9696885600591321,0.0025407213183422433,0.002486774143382255,0.0025942996614775819,ok
experiment_05,e005_spectral_residual_curves,edm_50k,test,14,0.05994731123547159,edm_18_rho7,3,full,1000,8,2.765212648940512,2.7167280711382893,2.81516279353507,0.00090013432582698955,0.00088435158565699525,0.00091639413852053061,ok
experiment_05,e005_spectral_residual_curves,edm_50k,test,14,0.05994731123547159,edm_18_rho7,3,low_frequency_residual,1000,8,0.23155017967323233,0.22899124378142624,0.23406920001680107,7.5374407445713643e-05,7.4541420501766359e-05,7.6194401047135764e-05,ok
experiment_05,e005_spectral_residual_curves,edm_50k,test,14,0.05994731123547159,edm_18_rho7,3,high_frequency_residual,1000,8,2.5336624692672776,2.484593999021012,2.5830512655793934,0.00082475991838127521,0.00080878710905631904,0.0008408370005141254,ok
experiment_05,e005_spectral_residual_curves,edm_50k,test,15,0.022934518372333384,edm_18_rho7,3,full,1000,8,0.65143489412106692,0.64150782114839799,0.66119859350384502,0.00021205562959670146,0.00020882416053007746,0.00021523391715619954,ok
experiment_05,e005_spectral_residual_curves,edm_50k,test,15,0.022934518372333384,edm_18_rho7,3,low_frequency_residual,1000,8,0.040518363144518621,0.04018154181631927,0.040845974382742511,1.3189571336106321e-05,1.3079928976666429e-05,1.3296215619382329e-05,ok
experiment_05,e005_spectral_residual_curves,edm_50k,test,15,0.022934518372333384,edm_18_rho7,3,high_frequency_residual,1000,8,0.61091653097654786,0.60114722377106378,0.62075159139843461,0.00019886605826059501,0.00019568594523797648,0.00020206757532501127,ok
experiment_05,e005_spectral_residual_curves,edm_50k,test,16,0.0075280199627840785,edm_18_rho7,3,full,1000,8,0.10279347761270126,0.10148276762343615,0.10407503494899628,3.346141849371786e-05,3.3034755085753956e-05,3.3878592105793063e-05,ok
experiment_05,e005_spectral_residual_curves,edm_50k,test,16,0.0075280199627840785,edm_18_rho7,3,low_frequency_residual,1000,8,0.0047515003140846017,0.0047231459933964864,0.0047788675791917241,1.5467123418244146e-06,1.5374824197254187e-06,1.5556209567681394e-06,ok
experiment_05,e005_spectral_residual_curves,edm_50k,test,16,0.0075280199627840785,edm_18_rho7,3,high_frequency_residual,1000,8,0.098041977298616564,0.096746078165122956,0.099358448222510193,3.1914706151893415e-05,3.1492863986042631e-05,3.234324486409837e-05,ok
experiment_05,e005_spectral_residual_curves,edm_50k,test,17,0.0020000000000000031,edm_18_rho7,3,full,1000,8,0.010516870969979216,0.010447895324361321,0.010585377823620189,3.4234606022067759e-06,3.4010075925655344e-06,3.4457610102930305e-06,ok
experiment_05,e005_spectral_residual_curves,edm_50k,test,17,0.0020000000000000031,edm_18_rho7,3,low_frequency_residual,1000,8,0.00034592069413641073,0.00034465922748935085,0.00034713655105749109,1.1260439262252954e-07,1.1219375894835639e-07,1.1300017938069371e-07,ok
experiment_05,e005_spectral_residual_curves,edm_50k,test,17,0.0020000000000000031,edm_18_rho7,3,high_frequency_residual,1000,8,0.010170950275842798,0.010099964332931931,0.010240048447217967,3.3108562095842442e-06,3.2877488062929464e-06,3.3333491039120989e-06,ok
experiment_05,e005_spectral_residual_curves,edm_50k,test,0,80,edm_18_rho7,4,full,1000,8,763.90891425776363,741.94298120972269,786.18547163942878,0.2486682663599491,0.2415178975292066,0.25591974988262656,ok
experiment_05,e005_spectral_residual_curves,edm_50k,test,0,80,edm_18_rho7,4,low_frequency_residual,1000,8,645.7535270637012,625.37426993589258,666.5612728325375,0.21020622625771523,0.20357235349475669,0.21697958100017498,ok
experiment_05,e005_spectral_residual_curves,edm_50k,test,0,80,edm_18_rho7,4,high_frequency_residual,1000,8,118.15538719406186,114.50777644049752,121.8610005940229,0.038462040102233676,0.03727466681005779,0.039668294464200164,ok
experiment_05,e005_spectral_residual_curves,edm_50k,test,1,57.58598472124816,edm_18_rho7,4,full,1000,8,748.26664474466168,727.01476027048272,769.65795988825221,0.24357638175281957,0.2366584506088811,0.25053970048445712,ok
experiment_05,e005_spectral_residual_curves,edm_50k,test,1,57.58598472124816,edm_18_rho7,4,low_frequency_residual,1000,8,630.39223677194889,609.85300582937668,650.970359092335,0.20520580624086879,0.1985198586684169,0.21190441376703614,ok
experiment_05,e005_spectral_residual_curves,edm_50k,test,1,57.58598472124816,edm_18_rho7,4,high_frequency_residual,1000,8,117.87440797271225,114.3521795419897,121.56004351087523,0.038370575511950604,0.037224016777991441,0.039570326663696365,ok
experiment_05,e005_spectral_residual_curves,edm_50k,test,2,40.785573796507961,edm_18_rho7,4,full,1000,8,725.19441107998557,704.98748201092599,746.2639658864822,0.23606588902343281,0.22948811263376498,0.24292446806200593,ok
experiment_05,e005_spectral_residual_curves,edm_50k,test,2,40.785573796507961,edm_18_rho7,4,low_frequency_residual,1000,8,607.66037688379288,588.72259605120337,626.85688464162683,0.19780611226685965,0.1916414700687511,0.20405497546927956,ok
experiment_05,e005_spectral_residual_curves,edm_50k,test,2,40.785573796507961,edm_18_rho7,4,high_frequency_residual,1000,8,117.53403419619208,114.00360216639879,121.12954803873961,0.038259776756572945,0.037110547580207938,0.039430191418860554,ok
experiment_05,e005_spectral_residual_curves,edm_50k,test,3,28.374584604156844,edm_18_rho7,4,full,1000,8,691.3503154859452,672.69844152075984,710.29919673889185,0.22504893082224778,0.21897735726587234,0.23121718643844136,ok
experiment_05,e005_spectral_residual_curves,edm_50k,test,3,28.374584604156844,edm_18_rho7,4,low_frequency_residual,1000,8,574.2670663354769,557.22492432197237,591.30773056594819,0.18693589398941304,0.18138832171939204,0.1924829852102696,ok
experiment_05,e005_spectral_residual_curves,edm_50k,test,3,28.374584604156844,edm_18_rho7,4,high_frequency_residual,1000,8,117.08324915046785,113.43195453357653,120.6874187900067,0.038113036832834589,0.03692446436639861,0.039286269137371974,ok
experiment_05,e005_spectral_residual_curves,edm_50k,test,4,19.352452980325229,edm_18_rho7,4,full,1000,8,645.13320264489948,629.34438175640923,660.85144332319953,0.21000429773596987,0.2048647076029978,0.21512091254010401,ok
experiment_05,e005_spectral_residual_curves,edm_50k,test,4,19.352452980325229,edm_18_rho7,4,low_frequency_residual,1000,8,528.88127086802274,514.90752990326109,543.29400259798626,0.17216187202735114,0.16761312822371779,0.17685351647069866,ok
experiment_05,e005_spectral_residual_curves,edm_50k,test,4,19.352452980325229,edm_18_rho7,4,high_frequency_residual,1000,8,116.25193177687636,112.67820448775774,119.85544161283497,0.037842425708618607,0.036679103023358639,0.039015443233344715,ok
experiment_05,e005_spectral_residual_curves,edm_50k,test,5,12.91008238075732,edm_18_rho7,4,full,1000,8,566.22514877730714,554.04021002348202,578.98656887614356,0.18431808228427968,0.18035163086701889,0.18847219038936966,ok
experiment_05,e005_spectral_residual_curves,edm_50k,test,5,12.91008238075732,edm_18_rho7,4,low_frequency_residual,1000,8,451.53311172453044,441.06589637763386,462.13447284804971,0.14698343480616224,0.14357613814376102,0.15043439871355785,ok
experiment_05,e005_spectral_residual_curves,edm_50k,test,5,12.91008238075732,edm_18_rho7,4,high_frequency_residual,1000,8,114.69203705277624,111.20005879377226,118.2627404169945,0.037334647478117267,0.036197935805264404,0.038496985812823729,ok
experiment_05,e005_spectral_residual_curves,edm_50k,test,6,8.4009353090998165,edm_18_rho7,4,full,1000,8,471.4807779926515,461.52392433629166,481.78323134281777,0.15347681575281624,0.15023565245321993,0.15683047895274016,ok
experiment_05,e005_spectral_residual_curves,edm_50k,test,6,8.4009353090998165,edm_18_rho7,4,low_frequency_residual,1000,8,359.46214930334656,351.70806895830617,367.24521077601065,0.11701241839301646,0.11448830369736529,0.11954596704948263,ok
experiment_05,e005_spectral_residual_curves,edm_50k,test,6,8.4009353090998165,edm_18_rho7,4,high_frequency_residual,1000,8,112.01862868930463,108.6319649158639,115.43043441135129,0.036464397359799686,0.035361967746049446,0.037575011201611747,ok
experiment_05,e005_spectral_residual_curves,edm_50k,test,7,5.3151945217963821,edm_18_rho7,4,full,1000,8,368.54314661899747,360.89343609792201,376.0940675561996,0.11996847220670491,0.11747833206312565,0.12242645428261706,ok
experiment_05,e005_spectral_residual_curves,edm_50k,test,7,5.3151945217963821,edm_18_rho7,4,low_frequency_residual,1000,8,260.43403455416546,255.37982045933634,265.47188793517176,0.084776703956434066,0.083131451972440221,0.086416630187230392,ok
experiment_05,e005_spectral_residual_curves,edm_50k,test,7,5.3151945217963821,edm_18_rho7,4,high_frequency_residual,1000,8,108.10911206483179,104.89342643757821,111.31831351721144,0.035191768250270768,0.034144995585149156,0.036236430181383929,ok
experiment_05,e005_spectral_residual_curves,edm_50k,test,8,3.2568215197655368,edm_18_rho7,4,full,1000,8,265.51097875450887,260.37745649239213,270.70485441154079,0.086429355063316685,0.084758286618617229,0.088120069795423431,ok
experiment_05,e005_spectral_residual_curves,edm_50k,test,8,3.2568215197655368,edm_18_rho7,4,low_frequency_residual,1000,8,165.43724806006554,162.65736217750035,168.33306471596075,0.053853270852885916,0.052948360083821727,0.054795919503893474,ok
experiment_05,e005_spectral_residual_curves,edm_50k,test,8,3.2568215197655368,edm_18_rho7,4,high_frequency_residual,1000,8,100.07373069444314,97.254789889747343,102.83593412466435,0.032576084210430713,0.031658460250568794,0.033475238972872509,ok
experiment_05,e005_spectral_residual_curves,edm_50k,test,9,1.9233398370400518,edm_18_rho7,4,full,1000,8,172.29229708625678,169.00236523883703,175.68034889464383,0.056084732124432546,0.055013790767850596,0.057187613572475204,ok
experiment_05,e005_spectral_residual_curves,edm_50k,test,9,1.9233398370400518,edm_18_rho7,4,low_frequency_residual,1000,8,88.335057935241807,86.877841664850209,89.796414602143088,0.028754901671628193,0.028280547416943427,0.02923060371163512,ok
experiment_05,e005_spectral_residual_curves,edm_50k,test,9,1.9233398370400518,edm_18_rho7,4,high_frequency_residual,1000,8,83.957239151014861,81.756864544880813,86.183553774398845,0.027329830452804318,0.026613562677370056,0.028054542244270456,ok
experiment_05,e005_spectral_residual_curves,edm_50k,test,10,1.088170636545279,edm_18_rho7,4,full,1000,8,99.38661872799257,97.491024506276574,101.27986750034603,0.032352414950518417,0.031735359539803575,0.032968706868602225,ok
experiment_05,e005_spectral_residual_curves,edm_50k,test,10,1.088170636545279,edm_18_rho7,4,low_frequency_residual,1000,8,39.507991087251256,38.857738528171069,40.172518173165216,0.012860674182047935,0.012649003427139019,0.013076991592827219,ok
experiment_05,e005_spectral_residual_curves,edm_50k,test,10,1.088170636545279,edm_18_rho7,4,high_frequency_residual,1000,8,59.87862764074125,58.38961490491625,61.376949729899472,0.019491740768470458,0.019007036101860757,0.019979475823534983,ok
experiment_05,e005_spectral_residual_curves,edm_50k,test,11,0.58534812319454221,edm_18_rho7,4,full,1000,8,50.903391102441759,49.872612843835697,51.934310572612191,0.016570114291159427,0.016234574493436099,0.016905700056188865,ok
experiment_05,e005_spectral_residual_curves,edm_50k,test,11,0.58534812319454221,edm_18_rho7,4,low_frequency_residual,1000,8,15.198733331317433,14.956579589460043,15.439208756075255,0.0049475043396215602,0.0048686782517773581,0.0050257841002849133,ok
experiment_05,e005_spectral_residual_curves,edm_50k,test,11,0.58534812319454221,edm_18_rho7,4,high_frequency_residual,1000,8,35.704657771124296,34.876875365189633,36.575988397177134,0.011622609951537856,0.011353149532939333,0.011906246223039431,ok
experiment_05,e005_spectral_residual_curves,edm_50k,test,12,0.29644228447915727,edm_18_rho7,4,full,1000,8,22.903699987822403,22.435861796962659,23.3748796290961,0.0074556315064526054,0.0073033404286987824,0.0076090102959297202,ok
experiment_05,e005_spectral_residual_curves,edm_50k,test,12,0.29644228447915727,edm_18_rho7,4,low_frequency_residual,1000,8,5.12424417001656,5.047543751638508,5.2020735488407821,0.0016680482324272657,0.0016430806483198267,0.0016933833166799422,ok
experiment_05,e005_spectral_residual_curves,edm_50k,test,12,0.29644228447915727,edm_18_rho7,4,high_frequency_residual,1000,8,17.779455817805829,17.372030522413649,18.184839774132907,0.0057875832740253352,0.0056549578523481933,0.0059195441973088894,ok
experiment_05,e005_spectral_residual_curves,edm_50k,test,13,0.13951646873101678,edm_18_rho7,4,full,1000,8,8.8007858873404814,8.6309516570809777,8.9791461434616568,0.0028648391560353128,0.0028095545758727142,0.0029228991352414249,ok
experiment_05,e005_spectral_residual_curves,edm_50k,test,13,0.13951646873101678,edm_18_rho7,4,low_frequency_residual,1000,8,1.4950916705434751,1.4737399644292282,1.5154094323330196,0.0004866834865050375,0.00047973306133763938,0.00049329734125423816,ok
experiment_05,e005_spectral_residual_curves,edm_50k,test,13,0.13951646873101678,edm_18_rho7,4,high_frequency_residual,1000,8,7.3056942167970007,7.1504231017511133,7.4629522643898012,0.0023781556695302735,0.0023276116867679405,0.0024293464402310549,ok
experiment_05,e005_spectral_residual_curves,edm_50k,test,14,0.05994731123547159,edm_18_rho7,4,full,1000,8,2.765212648940512,2.7169093781695008,2.8146893711603735,0.00090013432582698955,0.00088441060487288439,0.0009162400296746008,ok
experiment_05,e005_spectral_residual_curves,edm_50k,test,14,0.05994731123547159,edm_18_rho7,4,low_frequency_residual,1000,8,0.36144216106527505,0.35713465952577672,0.36566154087322578,0.00011765695347176922,0.00011625477198104711,0.00011903044950300318,ok
experiment_05,e005_spectral_residual_curves,edm_50k,test,14,0.05994731123547159,edm_18_rho7,4,high_frequency_residual,1000,8,2.4037704878752346,2.3571838579077959,2.4508121772965334,0.00078247737235521964,0.00076731245374602733,0.00079779042229704861,ok
experiment_05,e005_spectral_residual_curves,edm_50k,test,15,0.022934518372333384,edm_18_rho7,4,full,1000,8,0.65143489412106692,0.6415466058671373,0.66138189960614224,0.00021205562959670146,0.00020883678576404208,0.00021529358711137444,ok
experiment_05,e005_spectral_residual_curves,edm_50k,test,15,0.022934518372333384,edm_18_rho7,4,low_frequency_residual,1000,8,0.065819154748059897,0.065240880728921549,0.066369377218408437,2.1425506102884081e-05,2.1237265862279149e-05,2.1604614979950663e-05,ok
experiment_05,e005_spectral_residual_curves,edm_50k,test,15,0.022934518372333384,edm_18_rho7,4,high_frequency_residual,1000,8,0.58561573937300659,0.57625244197362102,0.59511314301060947,0.00019063012349381726,0.00018758217512162144,0.00019372172624043278,ok
experiment_05,e005_spectral_residual_curves,edm_50k,test,16,0.0075280199627840785,edm_18_rho7,4,full,1000,8,0.10279347761270126,0.10146325333257186,0.10410586330847046,3.346141849371786e-05,3.3028402777529905e-05,3.3888627379059394e-05,ok
experiment_05,e005_spectral_residual_curves,edm_50k,test,16,0.0075280199627840785,edm_18_rho7,4,low_frequency_residual,1000,8,0.007897456665703113,0.0078482230752797925,0.0079430106527794402,2.5707866750335654e-06,2.554760115650974e-06,2.5856154468683072e-06,ok
experiment_05,e005_spectral_residual_curves,edm_50k,test,16,0.0075280199627840785,edm_18_rho7,4,high_frequency_residual,1000,8,0.094896020946998061,0.093607354696641845,0.096176451240112315,3.0890631818684262e-05,3.0471144106979767e-05,3.1307438554724061e-05,ok
experiment_05,e005_spectral_residual_curves,edm_50k,test,17,0.0020000000000000031,edm_18_rho7,4,full,1000,8,0.010516870969979216,0.010444860508943254,0.010586339280055767,3.4234606022067759e-06,3.4000196969216323e-06,3.4460739843931533e-06,ok
experiment_05,e005_spectral_residual_curves,edm_50k,test,17,0.0020000000000000031,edm_18_rho7,4,low_frequency_residual,1000,8,0.00058145265462194431,0.00057935921656435574,0.00058345762998761037,1.8927495267641416e-07,1.8859349497537622e-07,1.8992761392825859e-07,ok
experiment_05,e005_spectral_residual_curves,edm_50k,test,17,0.0020000000000000031,edm_18_rho7,4,high_frequency_residual,1000,8,0.0099354183153572643,0.009867917614874086,0.010003899169624146,3.2341856495303593e-06,3.2122127652584915e-06,3.2564775942786936e-06,ok
experiment_05,e005_spectral_residual_curves,edm_50k,test,0,80,edm_18_rho7,5,full,1000,8,763.90891425776363,742.1206603857438,785.96897533879849,0.2486682663599491,0.24157573580265099,0.2558492758264318,ok
experiment_05,e005_spectral_residual_curves,edm_50k,test,0,80,edm_18_rho7,5,low_frequency_residual,1000,8,677.99896393073766,657.02268845272624,699.87845792043333,0.22070278773787033,0.21387457306403848,0.22782501885430773,ok
experiment_05,e005_spectral_residual_curves,edm_50k,test,0,80,edm_18_rho7,5,high_frequency_residual,1000,8,85.909950327025356,83.296694839645284,88.553248728055053,0.027965478622078568,0.027114809518113698,0.02882592732033042,ok
experiment_05,e005_spectral_residual_curves,edm_50k,test,1,57.58598472124816,edm_18_rho7,5,full,1000,8,748.26664474466168,727.22755038685057,770.31026471881694,0.24357638175281957,0.23672771822488625,0.25075203929648987,ok
experiment_05,e005_spectral_residual_curves,edm_50k,test,1,57.58598472124816,edm_18_rho7,5,low_frequency_residual,1000,8,662.56414668215234,642.04451721794339,683.61590915634747,0.21567843316476312,0.20899886628188261,0.22253122042849852,ok
experiment_05,e005_spectral_residual_curves,edm_50k,test,1,57.58598472124816,edm_18_rho7,5,high_frequency_residual,1000,8,85.702498062508965,83.132571723431354,88.399654628850698,0.027897948588056304,0.027061384024554477,0.028775929241162335,ok
experiment_05,e005_spectral_residual_curves,edm_50k,test,2,40.785573796507961,edm_18_rho7,5,full,1000,8,725.19441107998557,704.52836203051424,746.37025349396311,0.23606588902343281,0.22933865951514135,0.24295906689256611,ok
experiment_05,e005_spectral_residual_curves,edm_50k,test,2,40.785573796507961,edm_18_rho7,5,low_frequency_residual,1000,8,639.76763939188891,620.46755928871585,659.43799804492357,0.20825769511454717,0.20197511695596218,0.21466080665524856,ok
experiment_05,e005_spectral_residual_curves,edm_50k,test,2,40.785573796507961,edm_18_rho7,5,high_frequency_residual,1000,8,85.426771688096252,82.746205599002465,88.082804462410962,0.0278081939088855,0.026935613801758615,0.028672787910941067,ok
experiment_05,e005_spectral_residual_curves,edm_50k,test,3,28.374584604156844,edm_18_rho7,5,full,1000,8,691.3503154859452,672.86186217073623,710.41044886682118,0.22504893082224778,0.21903055409203653,0.23125340132383501,ok
experiment_05,e005_spectral_residual_curves,edm_50k,test,3,28.374584604156844,edm_18_rho7,5,low_frequency_residual,1000,8,606.23921783437254,588.71843138068607,624.07145674411595,0.19734349538879314,0.19164011438173376,0.20314826065889191,ok
experiment_05,e005_spectral_residual_curves,edm_50k,test,3,28.374584604156844,edm_18_rho7,5,high_frequency_residual,1000,8,85.111097651572251,82.58716546512639,87.780256649679458,0.027705435433454509,0.02688384292484583,0.028574302294817531,ok
experiment_05,e005_spectral_residual_curves,edm_50k,test,4,19.352452980325229,edm_18_rho7,5,full,1000,8,645.13320264489948,629.34100445362708,661.22762882597578,0.21000429773596987,0.20486360822058172,0.21524336875845565,ok
experiment_05,e005_spectral_residual_curves,edm_50k,test,4,19.352452980325229,edm_18_rho7,5,low_frequency_residual,1000,8,560.66473784811308,546.37015182265259,575.22539336440946,0.18250805268493264,0.17785486712976972,0.18724784940247705,ok
experiment_05,e005_spectral_residual_curves,edm_50k,test,4,19.352452980325229,edm_18_rho7,5,high_frequency_residual,1000,8,84.468464796785966,81.872937366918805,87.10202420252719,0.027496245051037097,0.026651346799127215,0.02835352350342682,ok
experiment_05,e005_spectral_residual_curves,edm_50k,test,5,12.91008238075732,edm_18_rho7,5,full,1000,8,566.22514877730714,553.45459117209009,578.96017613356742,0.18431808228427968,0.18016099973049807,0.18846359900181231,ok
experiment_05,e005_spectral_residual_curves,edm_50k,test,5,12.91008238075732,edm_18_rho7,5,low_frequency_residual,1000,8,482.95487903016237,471.88665237547167,494.55293023315448,0.15721187468429765,0.15360893632014053,0.16098728197693832,ok
experiment_05,e005_spectral_residual_curves,edm_50k,test,5,12.91008238075732,edm_18_rho7,5,high_frequency_residual,1000,8,83.27026974714434,80.754275823976158,85.863274213719762,0.02710620759998188,0.026287199161450572,0.027950284574778567,ok
experiment_05,e005_spectral_residual_curves,edm_50k,test,6,8.4009353090998165,edm_18_rho7,5,full,1000,8,471.4807779926515,461.42681311682247,481.71691574027039,0.15347681575281624,0.15020404072813232,0.15680889184253594,ok
experiment_05,e005_spectral_residual_curves,edm_50k,test,6,8.4009353090998165,edm_18_rho7,5,low_frequency_residual,1000,8,390.08091841379627,381.88251125097509,398.53221275327587,0.12697946562949097,0.12431071329784345,0.12973053800562365,ok
experiment_05,e005_spectral_residual_curves,edm_50k,test,6,8.4009353090998165,edm_18_rho7,5,high_frequency_residual,1000,8,81.39985957885493,78.947108198102072,83.895050837357388,0.026497350123325172,0.025698928449903017,0.02730958686111894,ok
experiment_05,e005_spectral_residual_curves,edm_50k,test,7,5.3151945217963821,edm_18_rho7,5,full,1000,8,368.54314661899747,361.12075989972448,376.12196672627016,0.11996847220670491,0.11755233069652489,0.12243553604370773,ok
experiment_05,e005_spectral_residual_curves,edm_50k,test,7,5.3151945217963821,edm_18_rho7,5,low_frequency_residual,1000,8,289.68035447250651,283.94744733106404,295.51068568644001,0.094296990388185717,0.092430809678080747,0.096194884663554692,ok
experiment_05,e005_spectral_residual_curves,edm_50k,test,7,5.3151945217963821,edm_18_rho7,5,high_frequency_residual,1000,8,78.862792146490747,76.42207711385845,81.200972157477821,0.025671481818519123,0.024876978227167463,0.026432608124178979,ok
experiment_05,e005_spectral_residual_curves,edm_50k,test,8,3.2568215197655368,edm_18_rho7,5,full,1000,8,265.51097875450887,260.47146890107172,270.72929013728884,0.086429355063316685,0.084788889616234278,0.08812802413323205,ok
experiment_05,e005_spectral_residual_curves,edm_50k,test,8,3.2568215197655368,edm_18_rho7,5,low_frequency_residual,1000,8,191.36015259990094,187.9218533209617,194.78994602448537,0.062291716341113586,0.061172478294583887,0.063408185554845495,ok
experiment_05,e005_spectral_residual_curves,edm_50k,test,8,3.2568215197655368,edm_18_rho7,5,high_frequency_residual,1000,8,74.15082615460777,71.939128984397627,76.385827309780638,0.02413763872220305,0.023417685216275269,0.024865178160735885,ok
experiment_05,e005_spectral_residual_curves,edm_50k,test,9,1.9233398370400518,edm_18_rho7,5,full,1000,8,172.29229708625678,168.93835856822867,175.6426760049859,0.056084732124432546,0.054992955263095271,0.057175350262039681,ok
experiment_05,e005_spectral_residual_curves,edm_50k,test,9,1.9233398370400518,edm_18_rho7,5,low_frequency_residual,1000,8,107.86301968317119,105.96173854367744,109.73010617281066,0.035111660053115619,0.034492753432186669,0.035719435603128472,ok
experiment_05,e005_spectral_residual_curves,edm_50k,test,9,1.9233398370400518,edm_18_rho7,5,high_frequency_residual,1000,8,64.429277403085479,62.653087954945526,66.234144392832945,0.020973072071316889,0.020394885402000497,0.021560593877875307,ok
experiment_05,e005_spectral_residual_curves,edm_50k,test,10,1.088170636545279,edm_18_rho7,5,full,1000,8,99.38661872799257,97.439414318813633,101.31150304567527,0.032352414950518417,0.031718559348572144,0.032979004897680748,ok
experiment_05,e005_spectral_residual_curves,edm_50k,test,10,1.088170636545279,edm_18_rho7,5,low_frequency_residual,1000,8,51.033381248596505,50.161584155021913,51.882951067582674,0.016612428791860843,0.016328640675462861,0.016888981467312068,ok
experiment_05,e005_spectral_residual_curves,edm_50k,test,10,1.088170636545279,edm_18_rho7,5,high_frequency_residual,1000,8,48.353237479396007,47.08019198733858,49.648127319104674,0.015739986158657553,0.015325583329211778,0.016161499778354387,ok
experiment_05,e005_spectral_residual_curves,edm_50k,test,11,0.58534812319454221,edm_18_rho7,5,full,1000,8,50.903391102441759,49.884733568332088,51.926987725566796,0.016570114291159427,0.016238520041774767,0.016903316316916276,ok
experiment_05,e005_spectral_residual_curves,edm_50k,test,11,0.58534812319454221,edm_18_rho7,5,low_frequency_residual,1000,8,20.544945457867748,20.21363678813778,20.884949041347369,0.0066878077662329907,0.0065799598919719336,0.0067984860160635969,ok
experiment_05,e005_spectral_residual_curves,edm_50k,test,11,0.58534812319454221,edm_18_rho7,5,high_frequency_residual,1000,8,30.35844564457398,29.598364869096347,31.122525260963741,0.0098823065249264257,0.009634884397492301,0.010131030358386634,ok
experiment_05,e005_spectral_residual_curves,edm_50k,test,12,0.29644228447915727,edm_18_rho7,5,full,1000,8,22.903699987822403,22.447444760459472,23.382134392420777,0.0074556315064526054,0.0073071109246287342,0.0076113718725328051,ok
experiment_05,e005_spectral_residual_curves,edm_50k,test,12,0.29644228447915727,edm_18_rho7,5,low_frequency_residual,1000,8,7.1805962167220585,7.0720473619510482,7.2932190527852052,0.0023374336642975452,0.0023020987506351068,0.0023740947437451841,ok
experiment_05,e005_spectral_residual_curves,edm_50k,test,12,0.29644228447915727,edm_18_rho7,5,high_frequency_residual,1000,8,15.723103771100327,15.344484893565253,16.10098005585683,0.0051181978421550546,0.0049949495096241062,0.0052412044452658955,ok
experiment_05,e005_spectral_residual_curves,edm_50k,test,13,0.13951646873101678,edm_18_rho7,5,full,1000,8,8.8007858873404814,8.6272016920604901,8.9730091649145738,0.0028648391560353128,0.0028083338841342741,0.0029209014208706296,ok
experiment_05,e005_spectral_residual_curves,edm_50k,test,13,0.13951646873101678,edm_18_rho7,5,low_frequency_residual,1000,8,2.1678615540715445,2.1352004154060125,2.1993029577982703,0.00070568409963266425,0.00069505221855664472,0.00071591893157495776,ok
experiment_05,e005_spectral_residual_curves,edm_50k,test,13,0.13951646873101678,edm_18_rho7,5,high_frequency_residual,1000,8,6.6329243332689307,6.4887306612283391,6.7815891887996598,0.0021591550564026467,0.0021122170121186,0.0022075485640623894,ok
experiment_05,e005_spectral_residual_curves,edm_50k,test,14,0.05994731123547159,edm_18_rho7,5,full,1000,8,2.765212648940512,2.7161277381637752,2.8134289774399335,0.00090013432582698955,0.0008841561647668539,0.00091582974526039501,ok
experiment_05,e005_spectral_residual_curves,edm_50k,test,14,0.05994731123547159,edm_18_rho7,5,low_frequency_residual,1000,8,0.54489442438741587,0.53788359842160005,0.55166824413882043,0.00017737448710527861,0.00017509231719453126,0.00017957950655560562,ok
experiment_05,e005_spectral_residual_curves,edm_50k,test,14,0.05994731123547159,edm_18_rho7,5,high_frequency_residual,1000,8,2.2203182245530941,2.1771623140095455,2.2644951279667684,0.00072275983872171037,0.00070871169075831556,0.0007371403411350158,ok
experiment_05,e005_spectral_residual_curves,edm_50k,test,15,0.022934518372333384,edm_18_rho7,5,full,1000,8,0.65143489412106692,0.64149473427949577,0.66111701960055869,0.00021205562959670146,0.00020881990048160669,0.00021520736315122353,ok
experiment_05,e005_spectral_residual_curves,edm_50k,test,15,0.022934518372333384,edm_18_rho7,5,low_frequency_residual,1000,8,0.1034515080034395,0.10248887575537725,0.10445273098994377,3.3675621094869625e-05,3.3362264243286869e-05,3.4001540035788991e-05,ok
experiment_05,e005_spectral_residual_curves,edm_50k,test,15,0.022934518372333384,edm_18_rho7,5,high_frequency_residual,1000,8,0.54798338611762687,0.53866123101759689,0.55720383705388576,0.00017838000850183165,0.00017534545280520732,0.00018138145737431178,ok
experiment_05,e005_spectral_residual_curves,edm_50k,test,16,0.0075280199627840785,edm_18_rho7,5,full,1000,8,0.10279347761270126,0.10147540960854401,0.10409069882116229,3.346141849371786e-05,3.3032359898614584e-05,3.3883691022513767e-05,ok
experiment_05,e005_spectral_residual_curves,edm_50k,test,16,0.0075280199627840785,edm_18_rho7,5,low_frequency_residual,1000,8,0.012756277360741895,0.012672185325679965,0.012836651266270233,4.1524340366998352e-06,4.1250603273697802e-06,4.1785974174056749e-06,ok
experiment_05,e005_spectral_residual_curves,edm_50k,test,16,0.0075280199627840785,edm_18_rho7,5,high_frequency_residual,1000,8,0.090037200251959271,0.088811860499746001,0.091296410837869602,2.9308984457017992e-05,2.8910110839761068e-05,2.9718883736285678e-05,ok
experiment_05,e005_spectral_residual_curves,edm_50k,test,17,0.0020000000000000031,edm_18_rho7,5,full,1000,8,0.010516870969979216,0.010447056205613781,0.010584605362911231,3.4234606022067759e-06,3.4007344419315692e-06,3.445509558239333e-06,ok
experiment_05,e005_spectral_residual_curves,edm_50k,test,17,0.0020000000000000031,edm_18_rho7,5,low_frequency_residual,1000,8,0.00095280968495988134,0.00094921124295842968,0.00095627053127265559,3.1015940265621137e-07,3.0898803481719714e-07,3.1128598023198422e-07,ok
experiment_05,e005_spectral_residual_curves,edm_50k,test,17,0.0020000000000000031,edm_18_rho7,5,high_frequency_residual,1000,8,0.009564061285019328,0.0094953246572593766,0.0096289262322409551,3.1133011995505626e-06,3.09092599520162e-06,3.1344160912242694e-06,ok
experiment_05,e005_spectral_residual_curves,edm_50k,test,0,80,edm_18_rho7,6,full,1000,8,763.90891425776363,742.28859629391991,786.1572215292075,0.2486682663599491,0.24163040243942704,0.25591055388320555,ok
experiment_05,e005_spectral_residual_curves,edm_50k,test,0,80,edm_18_rho7,6,low_frequency_residual,1000,8,698.23600880621314,677.18577221235,719.37236214532652,0.22729036744993916,0.22043807689204101,0.23417069080251515,ok
experiment_05,e005_spectral_residual_curves,edm_50k,test,0,80,edm_18_rho7,6,high_frequency_residual,1000,8,65.672905451549852,63.652701478802435,67.684134937560543,0.021377898910009716,0.020720280429297668,0.022032596008320488,ok
experiment_05,e005_spectral_residual_curves,edm_50k,test,1,57.58598472124816,edm_18_rho7,6,full,1000,8,748.26664474466168,726.97786233174475,769.76961284213144,0.24357638175281957,0.23664643956111484,0.25057604584704801,ok
experiment_05,e005_spectral_residual_curves,edm_50k,test,1,57.58598472124816,edm_18_rho7,6,low_frequency_residual,1000,8,682.76791737662734,662.2003149086994,704.33210008885248,0.2222551814377042,0.21555999834267559,0.22927477216434,ok
experiment_05,e005_spectral_residual_curves,edm_50k,test,1,57.58598472124816,edm_18_rho7,6,high_frequency_residual,1000,8,65.498727368033741,63.5388380042736,67.528274378559061,0.021321200315115151,0.020683215496182811,0.021981860149270529,ok
experiment_05,e005_spectral_residual_curves,edm_50k,test,2,40.785573796507961,edm_18_rho7,6,full,1000,8,725.19441107998557,705.02704097885373,745.85984097454411,0.23606588902343281,0.22950098990197063,0.24279291698390107,ok
experiment_05,e005_spectral_residual_curves,edm_50k,test,2,40.785573796507961,edm_18_rho7,6,low_frequency_residual,1000,8,659.90842748387365,640.02228878884193,679.46617520303971,0.21481394123824013,0.20834058879845116,0.22118039557390615,ok
experiment_05,e005_spectral_residual_curves,edm_50k,test,2,40.785573796507961,edm_18_rho7,6,high_frequency_residual,1000,8,65.285983596111436,63.248729708091908,67.302973572438987,0.021251947785192526,0.020588779201852835,0.02190852004311165,ok
experiment_05,e005_spectral_residual_curves,edm_50k,test,3,28.374584604156844,edm_18_rho7,6,full,1000,8,691.3503154859452,672.53849828078921,710.29526606472461,0.22504893082224778,0.21892529240911107,0.23121590692211089,ok
experiment_05,e005_spectral_residual_curves,edm_50k,test,3,28.374584604156844,edm_18_rho7,6,low_frequency_residual,1000,8,626.31701517123474,608.50440290934898,644.24176369484348,0.20387923670938632,0.19808086032205371,0.20971411578608187,ok
experiment_05,e005_spectral_residual_curves,edm_50k,test,3,28.374584604156844,edm_18_rho7,6,high_frequency_residual,1000,8,65.033300314710033,63.035694034514286,67.041151595432552,0.021169694112861338,0.020519431651860119,0.021823291534971534,ok
experiment_05,e005_spectral_residual_curves,edm_50k,test,4,19.352452980325229,edm_18_rho7,6,full,1000,8,645.13320264489948,629.53269491239837,660.72023909430277,0.21000429773596987,0.20492600745846301,0.21507820283017667,ok
experiment_05,e005_spectral_residual_curves,edm_50k,test,4,19.352452980325229,edm_18_rho7,6,low_frequency_residual,1000,8,580.61691034454111,565.82310413155324,595.96848219620699,0.18900290050278032,0.18418720837615665,0.19400015696491113,ok
experiment_05,e005_spectral_residual_curves,edm_50k,test,4,19.352452980325229,edm_18_rho7,6,high_frequency_residual,1000,8,64.516292300357989,62.531808544571852,66.519158409733166,0.021001397233189448,0.020355406427269483,0.021653371878168348,ok
experiment_05,e005_spectral_residual_curves,edm_50k,test,5,12.91008238075732,edm_18_rho7,6,full,1000,8,566.22514877730714,553.75202704778553,578.71272978679769,0.18431808228427968,0.18025782130461768,0.18838305006080655,ok
experiment_05,e005_spectral_residual_curves,edm_50k,test,5,12.91008238075732,edm_18_rho7,6,low_frequency_residual,1000,8,502.63405034520451,491.28695453798963,514.20781185388239,0.1636178549300796,0.15992413884700182,0.16738535542118568,ok
experiment_05,e005_spectral_residual_curves,edm_50k,test,5,12.91008238075732,edm_18_rho7,6,high_frequency_residual,1000,8,63.591098432102214,61.699464001885545,65.573191753991495,0.020700227354199938,0.020084460938113783,0.021345440024085772,ok
experiment_05,e005_spectral_residual_curves,edm_50k,test,6,8.4009353090998165,edm_18_rho7,6,full,1000,8,471.4807779926515,461.51896351724071,481.68698002923492,0.15347681575281624,0.15023403760326845,0.15679914714493323,ok
experiment_05,e005_spectral_residual_curves,edm_50k,test,6,8.4009353090998165,edm_18_rho7,6,low_frequency_residual,1000,8,409.3252461581738,400.49927991711462,418.07129799535983,0.13324389523378052,0.13037085934801909,0.13609091731619785,ok
experiment_05,e005_spectral_residual_curves,edm_50k,test,6,8.4009353090998165,edm_18_rho7,6,high_frequency_residual,1000,8,62.155531834477451,60.257396448842925,64.122958898394685,0.020232920519035628,0.019615037906524389,0.020873359016404521,ok
experiment_05,e005_spectral_residual_curves,edm_50k,test,7,5.3151945217963821,edm_18_rho7,6,full,1000,8,368.54314661899747,361.14555136304534,376.01495098536395,0.11996847220670491,0.11756040083432466,0.12240070019054816,ok
experiment_05,e005_spectral_residual_curves,edm_50k,test,7,5.3151945217963821,edm_18_rho7,6,low_frequency_residual,1000,8,308.24384877011909,302.12689789426838,314.38141105130507,0.10033979452152314,0.09834859957495716,0.10233769890993004,ok
experiment_05,e005_spectral_residual_curves,edm_50k,test,7,5.3151945217963821,edm_18_rho7,6,high_frequency_residual,1000,8,60.29929784887814,58.470789616162719,62.127488700518654,0.019628677685181686,0.019033460161511303,0.020223791894700083,ok
experiment_05,e005_spectral_residual_curves,edm_50k,test,8,3.2568215197655368,edm_18_rho7,6,full,1000,8,265.51097875450887,260.36070414200043,270.74589160248621,0.086429355063316685,0.084752833379557427,0.088133428256017651,ok
experiment_05,e005_spectral_residual_curves,edm_50k,test,8,3.2568215197655368,edm_18_rho7,6,low_frequency_residual,1000,8,208.29147156563215,204.42676518463506,212.14223611348396,0.067803213400270887,0.066545170958540054,0.06905671748485806,ok
experiment_05,e005_spectral_residual_curves,edm_50k,test,8,3.2568215197655368,edm_18_rho7,6,high_frequency_residual,1000,8,57.21950718887657,55.520904664599129,58.982372426015729,0.018626141663045759,0.018073211153840862,0.019199991024093661,ok
experiment_05,e005_spectral_residual_curves,edm_50k,test,9,1.9233398370400518,edm_18_rho7,6,full,1000,8,172.29229708625678,168.90598198653962,175.60893376819871,0.056084732124432546,0.054982416011243367,0.057164366461002182,ok
experiment_05,e005_spectral_residual_curves,edm_50k,test,9,1.9233398370400518,edm_18_rho7,6,low_frequency_residual,1000,8,121.3736959175943,119.13822511587594,123.57683947787919,0.039509666639841894,0.038781974321574202,0.040226835767538799,ok
experiment_05,e005_spectral_residual_curves,edm_50k,test,9,1.9233398370400518,edm_18_rho7,6,high_frequency_residual,1000,8,50.91860116866237,49.424432421093854,52.402379120360287,0.016575065484590614,0.01608868242874149,0.017058066119908948,ok
experiment_05,e005_spectral_residual_curves,edm_50k,test,10,1.088170636545279,edm_18_rho7,6,full,1000,8,99.38661872799257,97.412421560340448,101.29680835001027,0.032352414950518417,0.03170977264333999,0.032974221468102298,ok
experiment_05,e005_spectral_residual_curves,edm_50k,test,10,1.088170636545279,edm_18_rho7,6,low_frequency_residual,1000,8,59.674586239356664,58.633723571891174,60.71200719810448,0.019425321041457246,0.019086498558558325,0.019763023176466301,ok
experiment_05,e005_spectral_residual_curves,edm_50k,test,10,1.088170636545279,edm_18_rho7,6,high_frequency_residual,1000,8,39.712032488635842,38.59578083387472,40.821349117779015,0.012927093909061146,0.012563730740193594,0.013288199582610356,ok
experiment_05,e005_spectral_residual_curves,edm_50k,test,11,0.58534812319454221,edm_18_rho7,6,full,1000,8,50.903391102441759,49.865758887624587,51.938811251254009,0.016570114291159427,0.01623234338789863,0.016907165120850914,ok
experiment_05,e005_spectral_residual_curves,edm_50k,test,11,0.58534812319454221,edm_18_rho7,6,low_frequency_residual,1000,8,24.897689418539557,24.472889569322721,25.320187628250299,0.0081047166075975119,0.0079664354066805738,0.0082422485769043947,ok
experiment_05,e005_spectral_residual_curves,edm_50k,test,11,0.58534812319454221,edm_18_rho7,6,high_frequency_residual,1000,8,26.005701683902171,25.32627091840715,26.705562227689377,0.0084653976835619045,0.0082442288145856604,0.0086932168709926358,ok
experiment_05,e005_spectral_residual_curves,edm_50k,test,12,0.29644228447915727,edm_18_rho7,6,full,1000,8,22.903699987822403,22.436451558184288,23.38026766855754,0.0074556315064526054,0.0073035324082631149,0.0076107642150252406,ok
experiment_05,e005_spectral_residual_curves,edm_50k,test,12,0.29644228447915727,edm_18_rho7,6,low_frequency_residual,1000,8,8.9457865743008806,8.8014492576771097,9.0900649238087379,0.0029120399004885678,0.0028650550969001008,0.0029590055090523235,ok
experiment_05,e005_spectral_residual_curves,edm_50k,test,12,0.29644228447915727,edm_18_rho7,6,high_frequency_residual,1000,8,13.957913413521506,13.615162992658604,14.306619148265742,0.004543591605964032,0.0044320192033393893,0.0046571025873260877,ok
experiment_05,e005_spectral_residual_curves,edm_50k,test,13,0.13951646873101678,edm_18_rho7,6,full,1000,8,8.8007858873404814,8.6282512818218962,8.9775805248659193,0.0028648391560353128,0.0028086755474680653,0.0029223894937714582,ok
experiment_05,e005_spectral_residual_curves,edm_50k,test,13,0.13951646873101678,edm_18_rho7,6,low_frequency_residual,1000,8,2.7663964901150804,2.7239215819954583,2.8089191522402772,0.00090051969079266939,0.00088669322330581322,0.0009143617032032152,ok
experiment_05,e005_spectral_residual_curves,edm_50k,test,13,0.13951646873101678,edm_18_rho7,6,high_frequency_residual,1000,8,6.0343893972253957,5.8969764592219365,6.1765720745303563,0.0019643194652426417,0.0019195886911529741,0.0020106028888445169,ok
experiment_05,e005_spectral_residual_curves,edm_50k,test,14,0.05994731123547159,edm_18_rho7,6,full,1000,8,2.765212648940512,2.7158929093796176,2.8147620100524162,0.00090013432582698955,0.00088407972310534423,0.00091626367514727094,ok
experiment_05,e005_spectral_residual_curves,edm_50k,test,14,0.05994731123547159,edm_18_rho7,6,low_frequency_residual,1000,8,0.71232262430683968,0.70248915852787797,0.7217701809956989,0.00023187585426654938,0.00022867485629162693,0.00023495123079287074,ok
experiment_05,e005_spectral_residual_curves,edm_50k,test,14,0.05994731123547159,edm_18_rho7,6,high_frequency_residual,1000,8,2.0528900246336703,2.0112660268700218,2.0942177362588446,0.00066825847156043959,0.00065470899312175188,0.00068171150268842593,ok
experiment_05,e005_spectral_residual_curves,edm_50k,test,15,0.022934518372333384,edm_18_rho7,6,full,1000,8,0.65143489412106692,0.64157723662250643,0.66148768655760681,0.00021205562959670146,0.00020884675671305547,0.00021532802296797096,ok
experiment_05,e005_spectral_residual_curves,edm_50k,test,15,0.022934518372333384,edm_18_rho7,6,low_frequency_residual,1000,8,0.13890748314729348,0.13748121035420532,0.14027991733857928,4.5217279670342932e-05,4.4752998162176212e-05,4.5664035591985443e-05,ok
experiment_05,e005_spectral_residual_curves,edm_50k,test,15,0.022934518372333384,edm_18_rho7,6,high_frequency_residual,1000,8,0.51252741097377297,0.50368250024526728,0.52144104096109212,0.00016683834992635839,0.00016395914721525627,0.00016973992218785551,ok
experiment_05,e005_spectral_residual_curves,edm_50k,test,16,0.0075280199627840785,edm_18_rho7,6,full,1000,8,0.10279347761270126,0.10150217785573593,0.10409450584626141,3.346141849371786e-05,3.3041073520747369e-05,3.3884930288496556e-05,ok
experiment_05,e005_spectral_residual_curves,edm_50k,test,16,0.0075280199627840785,edm_18_rho7,6,low_frequency_residual,1000,8,0.017448655467803685,0.017323565851940448,0.017567449347724553,5.6799008684256787e-06,5.6391815924285312e-06,5.7185707512124198e-06,ok
experiment_05,e005_spectral_residual_curves,edm_50k,test,16,0.0075280199627840785,edm_18_rho7,6,high_frequency_residual,1000,8,0.085344822144897498,0.084146006747157664,0.086592889176932225,2.7781517625292154e-05,2.7391278238007052e-05,2.8187789445615958e-05,ok
experiment_05,e005_spectral_residual_curves,edm_50k,test,17,0.0020000000000000031,edm_18_rho7,6,full,1000,8,0.010516870969979216,0.01044699660411353,0.01058381977294051,3.4234606022067759e-06,3.4007150404015396e-06,3.4452538323374055e-06,ok
experiment_05,e005_spectral_residual_curves,edm_50k,test,17,0.0020000000000000031,edm_18_rho7,6,low_frequency_residual,1000,8,0.0013202696179261501,0.0013147178402659306,0.0013255197742565823,4.29775266252002e-07,4.2796804696156593e-07,4.3148430151581456e-07,ok
experiment_05,e005_spectral_residual_curves,edm_50k,test,17,0.0020000000000000031,edm_18_rho7,6,high_frequency_residual,1000,8,0.0091966013520530573,0.0091315534875796283,0.0092605197861664445,2.9936853359547714e-06,2.9725109009048269e-06,3.014492117892723e-06,ok
