experiment_id,image_id,split,checkpoint,trajectory,axis_name,axis_value,cutoff,seed,S_low,S_high
experiment_05,image_001,calibration,not_applicable,low_band_first,synthetic_recovery_progress,0.00000000,20.00000000,0,0.00000000,0.00000000
experiment_05,image_001,calibration,not_applicable,low_band_first,synthetic_recovery_progress,0.01000000,20.00000000,0,0.00000000,0.00000000
experiment_05,image_001,calibration,not_applicable,low_band_first,synthetic_recovery_progress,0.02000000,20.00000000,0,0.00000000,0.00000000
experiment_05,image_001,calibration,not_applicable,low_band_first,synthetic_recovery_progress,0.03000000,20.00000000,0,0.00000000,0.00000000
experiment_05,image_001,calibration,not_applicable,low_band_first,synthetic_recovery_progress,0.04000000,20.00000000,0,0.00000000,0.00000000
experiment_05,image_001,calibration,not_applicable,low_band_first,synthetic_recovery_progress,0.05000000,20.00000000,0,0.00000000,0.00000000
experiment_05,image_001,calibration,not_applicable,low_band_first,synthetic_recovery_progress,0.06000000,20.00000000,0,0.00041278,0.00000000
experiment_05,image_001,calibration,not_applicable,low_band_first,synthetic_recovery_progress,0.07000000,20.00000000,0,0.00391098,0.00000000
experiment_05,image_001,calibration,not_applicable,low_band_first,synthetic_recovery_progress,0.08000000,20.00000000,0,0.00961655,0.00000000
experiment_05,image_001,calibration,not_applicable,low_band_first,synthetic_recovery_progress,0.09000000,20.00000000,0,0.01743353,0.00000000
experiment_05,image_001,calibration,not_applicable,low_band_first,synthetic_recovery_progress,0.10000000,20.00000000,0,0.02726595,0.00000000
experiment_05,image_001,calibration,not_applicable,low_band_first,synthetic_recovery_progress,0.11000000,20.00000000,0,0.03901785,0.00000000
experiment_05,image_001,calibration,not_applicable,low_band_first,synthetic_recovery_progress,0.12000000,20.00000000,0,0.05259325,0.00000000
experiment_05,image_001,calibration,not_applicable,low_band_first,synthetic_recovery_progress,0.13000000,20.00000000,0,0.06789616,0.00000000
experiment_05,image_001,calibration,not_applicable,low_band_first,synthetic_recovery_progress,0.14000000,20.00000000,0,0.08483060,0.00696539
experiment_05,image_001,calibration,not_applicable,low_band_first,synthetic_recovery_progress,0.15000000,20.00000000,0,0.10330058,0.01523954
experiment_05,image_001,calibration,not_applicable,low_band_first,synthetic_recovery_progress,0.16000000,20.00000000,0,0.12321010,0.02400065
experiment_05,image_001,calibration,not_applicable,low_band_first,synthetic_recovery_progress,0.17000000,20.00000000,0,0.14446315,0.03318387
experiment_05,image_001,calibration,not_applicable,low_band_first,synthetic_recovery_progress,0.18000000,20.00000000,0,0.16696374,0.04272365
experiment_05,image_001,calibration,not_applicable,low_band_first,synthetic_recovery_progress,0.19000000,20.00000000,0,0.19061584,0.05255400
experiment_05,image_001,calibration,not_applicable,low_band_first,synthetic_recovery_progress,0.20000000,20.00000000,0,0.21532345,0.06260884
experiment_05,image_001,calibration,not_applicable,low_band_first,synthetic_recovery_progress,0.21000000,20.00000000,0,0.24099054,0.07282226
experiment_05,image_001,calibration,not_applicable,low_band_first,synthetic_recovery_progress,0.22000000,20.00000000,0,0.26752108,0.08312895
experiment_05,image_001,calibration,not_applicable,low_band_first,synthetic_recovery_progress,0.23000000,20.00000000,0,0.29481904,0.09346447
experiment_05,image_001,calibration,not_applicable,low_band_first,synthetic_recovery_progress,0.24000000,20.00000000,0,0.32278837,0.10376575
experiment_05,image_001,calibration,not_applicable,low_band_first,synthetic_recovery_progress,0.25000000,20.00000000,0,0.35133303,0.11397143
experiment_05,image_001,calibration,not_applicable,low_band_first,synthetic_recovery_progress,0.26000000,20.00000000,0,0.38035695,0.12402238
experiment_05,image_001,calibration,not_applicable,low_band_first,synthetic_recovery_progress,0.27000000,20.00000000,0,0.40976405,0.13386214
experiment_05,image_001,calibration,not_applicable,low_band_first,synthetic_recovery_progress,0.28000000,20.00000000,0,0.43945825,0.14343745
experiment_05,image_001,calibration,not_applicable,low_band_first,synthetic_recovery_progress,0.29000000,20.00000000,0,0.46934343,0.15269868
experiment_05,image_001,calibration,not_applicable,low_band_first,synthetic_recovery_progress,0.30000000,20.00000000,0,0.49932347,0.16160043
experiment_05,image_001,calibration,not_applicable,low_band_first,synthetic_recovery_progress,0.31000000,20.00000000,0,0.52930221,0.17010194
experiment_05,image_001,calibration,not_applicable,low_band_first,synthetic_recovery_progress,0.32000000,20.00000000,0,0.55918345,0.17816761
experiment_05,image_001,calibration,not_applicable,low_band_first,synthetic_recovery_progress,0.33000000,20.00000000,0,0.58887095,0.18576739
experiment_05,image_001,calibration,not_applicable,low_band_first,synthetic_recovery_progress,0.34000000,20.00000000,0,0.61826843,0.19287716
experiment_05,image_001,calibration,not_applicable,low_band_first,synthetic_recovery_progress,0.35000000,20.00000000,0,0.64727952,0.19947903
experiment_05,image_001,calibration,not_applicable,low_band_first,synthetic_recovery_progress,0.36000000,20.00000000,0,0.67580777,0.20556156
experiment_05,image_001,calibration,not_applicable,low_band_first,synthetic_recovery_progress,0.37000000,20.00000000,0,0.70375658,0.21111982
experiment_05,image_001,calibration,not_applicable,low_band_first,synthetic_recovery_progress,0.38000000,20.00000000,0,0.73102921,0.21615545
experiment_05,image_001,calibration,not_applicable,low_band_first,synthetic_recovery_progress,0.39000000,20.00000000,0,0.75752869,0.22067650
experiment_05,image_001,calibration,not_applicable,low_band_first,synthetic_recovery_progress,0.40000000,20.00000000,0,0.78315771,0.22469717
experiment_05,image_001,calibration,not_applicable,low_band_first,synthetic_recovery_progress,0.41000000,20.00000000,0,0.80781851,0.22823751
experiment_05,image_001,calibration,not_applicable,low_band_first,synthetic_recovery_progress,0.42000000,20.00000000,0,0.83141269,0.23132285
experiment_05,image_001,calibration,not_applicable,low_band_first,synthetic_recovery_progress,0.43000000,20.00000000,0,0.85384084,0.23398329
experiment_05,image_001,calibration,not_applicable,low_band_first,synthetic_recovery_progress,0.44000000,20.00000000,0,0.87500204,0.23625291
experiment_05,image_001,calibration,not_applicable,low_band_first,synthetic_recovery_progress,0.45000000,20.00000000,0,0.89479297,0.23816907
experiment_05,image_001,calibration,not_applicable,low_band_first,synthetic_recovery_progress,0.46000000,20.00000000,0,0.91310633,0.24063183
experiment_05,image_001,calibration,not_applicable,low_band_first,synthetic_recovery_progress,0.47000000,20.00000000,0,0.92982805,0.24450189
experiment_05,image_001,calibration,not_applicable,low_band_first,synthetic_recovery_progress,0.48000000,20.00000000,0,0.94483189,0.24975678
experiment_05,image_001,calibration,not_applicable,low_band_first,synthetic_recovery_progress,0.49000000,20.00000000,0,0.95796899,0.25637061
experiment_05,image_001,calibration,not_applicable,low_band_first,synthetic_recovery_progress,0.50000000,20.00000000,0,0.96904762,0.26431398
experiment_05,image_001,calibration,not_applicable,low_band_first,synthetic_recovery_progress,0.51000000,20.00000000,0,0.97780094,0.27355376
experiment_05,image_001,calibration,not_applicable,low_band_first,synthetic_recovery_progress,0.52000000,20.00000000,0,0.98388641,0.28405263
experiment_05,image_001,calibration,not_applicable,low_band_first,synthetic_recovery_progress,0.53000000,20.00000000,0,0.98715381,0.29576831
experiment_05,image_001,calibration,not_applicable,low_band_first,synthetic_recovery_progress,0.54000000,20.00000000,0,0.98829756,0.30865249
experiment_05,image_001,calibration,not_applicable,low_band_first,synthetic_recovery_progress,0.55000000,20.00000000,0,0.98863455,0.32264947
experiment_05,image_001,calibration,not_applicable,low_band_first,synthetic_recovery_progress,0.56000000,20.00000000,0,0.98888712,0.33769651
experiment_05,image_001,calibration,not_applicable,low_band_first,synthetic_recovery_progress,0.57000000,20.00000000,0,0.98913968,0.35372564
experiment_05,image_001,calibration,not_applicable,low_band_first,synthetic_recovery_progress,0.58000000,20.00000000,0,0.98939225,0.37066657
experiment_05,image_001,calibration,not_applicable,low_band_first,synthetic_recovery_progress,0.59000000,20.00000000,0,0.98964481,0.38844886
experiment_05,image_001,calibration,not_applicable,low_band_first,synthetic_recovery_progress,0.60000000,20.00000000,0,0.98989738,0.40700196
experiment_05,image_001,calibration,not_applicable,low_band_first,synthetic_recovery_progress,0.61000000,20.00000000,0,0.99014994,0.42625518
experiment_05,image_001,calibration,not_applicable,low_band_first,synthetic_recovery_progress,0.62000000,20.00000000,0,0.99040251,0.44613777
experiment_05,image_001,calibration,not_applicable,low_band_first,synthetic_recovery_progress,0.63000000,20.00000000,0,0.99065508,0.46657884
experiment_05,image_001,calibration,not_applicable,low_band_first,synthetic_recovery_progress,0.64000000,20.00000000,0,0.99090764,0.48750742
experiment_05,image_001,calibration,not_applicable,low_band_first,synthetic_recovery_progress,0.65000000,20.00000000,0,0.99116021,0.50885245
experiment_05,image_001,calibration,not_applicable,low_band_first,synthetic_recovery_progress,0.66000000,20.00000000,0,0.99141277,0.53054278
experiment_05,image_001,calibration,not_applicable,low_band_first,synthetic_recovery_progress,0.67000000,20.00000000,0,0.99166534,0.55250714
experiment_05,image_001,calibration,not_applicable,low_band_first,synthetic_recovery_progress,0.68000000,20.00000000,0,0.99191790,0.57467419
experiment_05,image_001,calibration,not_applicable,low_band_first,synthetic_recovery_progress,0.69000000,20.00000000,0,0.99217047,0.59697247
experiment_05,image_001,calibration,not_applicable,low_band_first,synthetic_recovery_progress,0.70000000,20.00000000,0,0.99242303,0.61933038
experiment_05,image_001,calibration,not_applicable,low_band_first,synthetic_recovery_progress,0.71000000,20.00000000,0,0.99267560,0.64167623
experiment_05,image_001,calibration,not_applicable,low_band_first,synthetic_recovery_progress,0.72000000,20.00000000,0,0.99292817,0.66393813
experiment_05,image_001,calibration,not_applicable,low_band_first,synthetic_recovery_progress,0.73000000,20.00000000,0,0.99318073,0.68604406
experiment_05,image_001,calibration,not_applicable,low_band_first,synthetic_recovery_progress,0.74000000,20.00000000,0,0.99343330,0.70792176
experiment_05,image_001,calibration,not_applicable,low_band_first,synthetic_recovery_progress,0.75000000,20.00000000,0,0.99368586,0.72949871
experiment_05,image_001,calibration,not_applicable,low_band_first,synthetic_recovery_progress,0.76000000,20.00000000,0,0.99393843,0.75070211
experiment_05,image_001,calibration,not_applicable,low_band_first,synthetic_recovery_progress,0.77000000,20.00000000,0,0.99419099,0.77145877
experiment_05,image_001,calibration,not_applicable,low_band_first,synthetic_recovery_progress,0.78000000,20.00000000,0,0.99444356,0.79169500
experiment_05,image_001,calibration,not_applicable,low_band_first,synthetic_recovery_progress,0.79000000,20.00000000,0,0.99469612,0.81133653
experiment_05,image_001,calibration,not_applicable,low_band_first,synthetic_recovery_progress,0.80000000,20.00000000,0,0.99494869,0.83030830
experiment_05,image_001,calibration,not_applicable,low_band_first,synthetic_recovery_progress,0.81000000,20.00000000,0,0.99520126,0.84853425
experiment_05,image_001,calibration,not_applicable,low_band_first,synthetic_recovery_progress,0.82000000,20.00000000,0,0.99545382,0.86593703
experiment_05,image_001,calibration,not_applicable,low_band_first,synthetic_recovery_progress,0.83000000,20.00000000,0,0.99570639,0.88243761
experiment_05,image_001,calibration,not_applicable,low_band_first,synthetic_recovery_progress,0.84000000,20.00000000,0,0.99595895,0.89795479
experiment_05,image_001,calibration,not_applicable,low_band_first,synthetic_recovery_progress,0.85000000,20.00000000,0,0.99621152,0.91240465
experiment_05,image_001,calibration,not_applicable,low_band_first,synthetic_recovery_progress,0.86000000,20.00000000,0,0.99646408,0.92570007
experiment_05,image_001,calibration,not_applicable,low_band_first,synthetic_recovery_progress,0.87000000,20.00000000,0,0.99671665,0.93775070
experiment_05,image_001,calibration,not_applicable,low_band_first,synthetic_recovery_progress,0.88000000,20.00000000,0,0.99696921,0.94846458
experiment_05,image_001,calibration,not_applicable,low_band_first,synthetic_recovery_progress,0.89000000,20.00000000,0,0.99722178,0.95775405
experiment_05,image_001,calibration,not_applicable,low_band_first,synthetic_recovery_progress,0.90000000,20.00000000,0,0.99747434,0.96555165
experiment_05,image_001,calibration,not_applicable,low_band_first,synthetic_recovery_progress,0.91000000,20.00000000,0,0.99772691,0.97184467
experiment_05,image_001,calibration,not_applicable,low_band_first,synthetic_recovery_progress,0.92000000,20.00000000,0,0.99797948,0.97673223
experiment_05,image_001,calibration,not_applicable,low_band_first,synthetic_recovery_progress,0.93000000,20.00000000,0,0.99823204,0.98048090
experiment_05,image_001,calibration,not_applicable,low_band_first,synthetic_recovery_progress,0.94000000,20.00000000,0,0.99848461,0.98351441
experiment_05,image_001,calibration,not_applicable,low_band_first,synthetic_recovery_progress,0.95000000,20.00000000,0,0.99873717,0.98628220
experiment_05,image_001,calibration,not_applicable,low_band_first,synthetic_recovery_progress,0.96000000,20.00000000,0,0.99898974,0.98902576
experiment_05,image_001,calibration,not_applicable,low_band_first,synthetic_recovery_progress,0.97000000,20.00000000,0,0.99924230,0.99176932
experiment_05,image_001,calibration,not_applicable,low_band_first,synthetic_recovery_progress,0.98000000,20.00000000,0,0.99949487,0.99451288
experiment_05,image_001,calibration,not_applicable,low_band_first,synthetic_recovery_progress,0.99000000,20.00000000,0,0.99974743,0.99725644
experiment_05,image_001,calibration,not_applicable,low_band_first,synthetic_recovery_progress,1.00000000,20.00000000,0,1.00000000,1.00000000
experiment_05,image_001,calibration,not_applicable,high_band_first,synthetic_recovery_progress,0.00000000,20.00000000,0,0.00000000,0.00000000
experiment_05,image_001,calibration,not_applicable,high_band_first,synthetic_recovery_progress,0.01000000,20.00000000,0,0.00000000,0.00000000
experiment_05,image_001,calibration,not_applicable,high_band_first,synthetic_recovery_progress,0.02000000,20.00000000,0,0.00000000,0.00000000
experiment_05,image_001,calibration,not_applicable,high_band_first,synthetic_recovery_progress,0.03000000,20.00000000,0,0.00000000,0.00000000
experiment_05,image_001,calibration,not_applicable,high_band_first,synthetic_recovery_progress,0.04000000,20.00000000,0,0.00000000,0.00000000
experiment_05,image_001,calibration,not_applicable,high_band_first,synthetic_recovery_progress,0.05000000,20.00000000,0,0.00000000,0.00000000
experiment_05,image_001,calibration,not_applicable,high_band_first,synthetic_recovery_progress,0.06000000,20.00000000,0,0.00000000,0.00000000
experiment_05,image_001,calibration,not_applicable,high_band_first,synthetic_recovery_progress,0.07000000,20.00000000,0,0.00000000,0.00000000
experiment_05,image_001,calibration,not_applicable,high_band_first,synthetic_recovery_progress,0.08000000,20.00000000,0,0.00000000,0.00000000
experiment_05,image_001,calibration,not_applicable,high_band_first,synthetic_recovery_progress,0.09000000,20.00000000,0,0.00000000,0.00000000
experiment_05,image_001,calibration,not_applicable,high_band_first,synthetic_recovery_progress,0.10000000,20.00000000,0,0.00000000,0.00000000
experiment_05,image_001,calibration,not_applicable,high_band_first,synthetic_recovery_progress,0.11000000,20.00000000,0,0.00000000,0.00000000
experiment_05,image_001,calibration,not_applicable,high_band_first,synthetic_recovery_progress,0.12000000,20.00000000,0,0.00000000,0.00000000
experiment_05,image_001,calibration,not_applicable,high_band_first,synthetic_recovery_progress,0.13000000,20.00000000,0,0.00000000,0.00607401
experiment_05,image_001,calibration,not_applicable,high_band_first,synthetic_recovery_progress,0.14000000,20.00000000,0,0.00000000,0.01548190
experiment_05,image_001,calibration,not_applicable,high_band_first,synthetic_recovery_progress,0.15000000,20.00000000,0,0.00000000,0.02559118
experiment_05,image_001,calibration,not_applicable,high_band_first,synthetic_recovery_progress,0.16000000,20.00000000,0,0.00000000,0.03632691
experiment_05,image_001,calibration,not_applicable,high_band_first,synthetic_recovery_progress,0.17000000,20.00000000,0,0.00000000,0.04761280
experiment_05,image_001,calibration,not_applicable,high_band_first,synthetic_recovery_progress,0.18000000,20.00000000,0,0.00000000,0.05937141
experiment_05,image_001,calibration,not_applicable,high_band_first,synthetic_recovery_progress,0.19000000,20.00000000,0,0.00000000,0.07152439
experiment_05,image_001,calibration,not_applicable,high_band_first,synthetic_recovery_progress,0.20000000,20.00000000,0,0.00000000,0.08399275
experiment_05,image_001,calibration,not_applicable,high_band_first,synthetic_recovery_progress,0.21000000,20.00000000,0,0.00000000,0.09669715
experiment_05,image_001,calibration,not_applicable,high_band_first,synthetic_recovery_progress,0.22000000,20.00000000,0,0.00000000,0.10955826
experiment_05,image_001,calibration,not_applicable,high_band_first,synthetic_recovery_progress,0.23000000,20.00000000,0,0.00000000,0.12249709
experiment_05,image_001,calibration,not_applicable,high_band_first,synthetic_recovery_progress,0.24000000,20.00000000,0,0.00000000,0.13543544
experiment_05,image_001,calibration,not_applicable,high_band_first,synthetic_recovery_progress,0.25000000,20.00000000,0,0.00000000,0.14829637
experiment_05,image_001,calibration,not_applicable,high_band_first,synthetic_recovery_progress,0.26000000,20.00000000,0,0.00000000,0.16100471
experiment_05,image_001,calibration,not_applicable,high_band_first,synthetic_recovery_progress,0.27000000,20.00000000,0,0.00000000,0.17348764
experiment_05,image_001,calibration,not_applicable,high_band_first,synthetic_recovery_progress,0.28000000,20.00000000,0,0.00000000,0.18567534
experiment_05,image_001,calibration,not_applicable,high_band_first,synthetic_recovery_progress,0.29000000,20.00000000,0,0.00000000,0.19750169
experiment_05,image_001,calibration,not_applicable,high_band_first,synthetic_recovery_progress,0.30000000,20.00000000,0,0.00000000,0.20890491
experiment_05,image_001,calibration,not_applicable,high_band_first,synthetic_recovery_progress,0.31000000,20.00000000,0,0.00000000,0.21982839
experiment_05,image_001,calibration,not_applicable,high_band_first,synthetic_recovery_progress,0.32000000,20.00000000,0,0.00000000,0.23022137
experiment_05,image_001,calibration,not_applicable,high_band_first,synthetic_recovery_progress,0.33000000,20.00000000,0,0.00000000,0.24003969
experiment_05,image_001,calibration,not_applicable,high_band_first,synthetic_recovery_progress,0.34000000,20.00000000,0,0.00000000,0.24924648
experiment_05,image_001,calibration,not_applicable,high_band_first,synthetic_recovery_progress,0.35000000,20.00000000,0,0.00000000,0.25781272
experiment_05,image_001,calibration,not_applicable,high_band_first,synthetic_recovery_progress,0.36000000,20.00000000,0,0.00000000,0.26571778
experiment_05,image_001,calibration,not_applicable,high_band_first,synthetic_recovery_progress,0.37000000,20.00000000,0,0.00000000,0.27294976
experiment_05,image_001,calibration,not_applicable,high_band_first,synthetic_recovery_progress,0.38000000,20.00000000,0,0.00000000,0.27950571
experiment_05,image_001,calibration,not_applicable,high_band_first,synthetic_recovery_progress,0.39000000,20.00000000,0,0.00000000,0.28539161
experiment_05,image_001,calibration,not_applicable,high_band_first,synthetic_recovery_progress,0.40000000,20.00000000,0,0.00000000,0.29062222
experiment_05,image_001,calibration,not_applicable,high_band_first,synthetic_recovery_progress,0.41000000,20.00000000,0,0.00000000,0.29522068
experiment_05,image_001,calibration,not_applicable,high_band_first,synthetic_recovery_progress,0.42000000,20.00000000,0,0.00000000,0.29921795
experiment_05,image_001,calibration,not_applicable,high_band_first,synthetic_recovery_progress,0.43000000,20.00000000,0,0.00000000,0.30265198
experiment_05,image_001,calibration,not_applicable,high_band_first,synthetic_recovery_progress,0.44000000,20.00000000,0,0.00000000,0.30556679
experiment_05,image_001,calibration,not_applicable,high_band_first,synthetic_recovery_progress,0.45000000,20.00000000,0,0.00000000,0.30801135
experiment_05,image_001,calibration,not_applicable,high_band_first,synthetic_recovery_progress,0.46000000,20.00000000,0,0.00080983,0.31080854
experiment_05,image_001,calibration,not_applicable,high_band_first,synthetic_recovery_progress,0.47000000,20.00000000,0,0.00430614,0.31474894
experiment_05,image_001,calibration,not_applicable,high_band_first,synthetic_recovery_progress,0.48000000,20.00000000,0,0.01001021,0.31983282
experiment_05,image_001,calibration,not_applicable,high_band_first,synthetic_recovery_progress,0.49000000,20.00000000,0,0.01782606,0.32605627
experiment_05,image_001,calibration,not_applicable,high_band_first,synthetic_recovery_progress,0.50000000,20.00000000,0,0.02765773,0.33341102
experiment_05,image_001,calibration,not_applicable,high_band_first,synthetic_recovery_progress,0.51000000,20.00000000,0,0.03940922,0.34188398
experiment_05,image_001,calibration,not_applicable,high_band_first,synthetic_recovery_progress,0.52000000,20.00000000,0,0.05298455,0.35145656
experiment_05,image_001,calibration,not_applicable,high_band_first,synthetic_recovery_progress,0.53000000,20.00000000,0,0.06828773,0.36210358
experiment_05,image_001,calibration,not_applicable,high_band_first,synthetic_recovery_progress,0.54000000,20.00000000,0,0.08522278,0.37379181
experiment_05,image_001,calibration,not_applicable,high_band_first,synthetic_recovery_progress,0.55000000,20.00000000,0,0.10369370,0.38647801
experiment_05,image_001,calibration,not_applicable,high_band_first,synthetic_recovery_progress,0.56000000,20.00000000,0,0.12360451,0.40010717
experiment_05,image_001,calibration,not_applicable,high_band_first,synthetic_recovery_progress,0.57000000,20.00000000,0,0.14485921,0.41461715
experiment_05,image_001,calibration,not_applicable,high_band_first,synthetic_recovery_progress,0.58000000,20.00000000,0,0.16736180,0.42994487
experiment_05,image_001,calibration,not_applicable,high_band_first,synthetic_recovery_progress,0.59000000,20.00000000,0,0.19101631,0.44602710
experiment_05,image_001,calibration,not_applicable,high_band_first,synthetic_recovery_progress,0.60000000,20.00000000,0,0.21572672,0.46280048
experiment_05,image_001,calibration,not_applicable,high_band_first,synthetic_recovery_progress,0.61000000,20.00000000,0,0.24139704,0.48020154
experiment_05,image_001,calibration,not_applicable,high_band_first,synthetic_recovery_progress,0.62000000,20.00000000,0,0.26793129,0.49816666
experiment_05,image_001,calibration,not_applicable,high_band_first,synthetic_recovery_progress,0.63000000,20.00000000,0,0.29523345,0.51663215
experiment_05,image_001,calibration,not_applicable,high_band_first,synthetic_recovery_progress,0.64000000,20.00000000,0,0.32320753,0.53553421
experiment_05,image_001,calibration,not_applicable,high_band_first,synthetic_recovery_progress,0.65000000,20.00000000,0,0.35175754,0.55480891
experiment_05,image_001,calibration,not_applicable,high_band_first,synthetic_recovery_progress,0.66000000,20.00000000,0,0.38078748,0.57439225
experiment_05,image_001,calibration,not_applicable,high_band_first,synthetic_recovery_progress,0.67000000,20.00000000,0,0.41020133,0.59422013
experiment_05,image_001,calibration,not_applicable,high_band_first,synthetic_recovery_progress,0.68000000,20.00000000,0,0.43990312,0.61422831
experiment_05,image_001,calibration,not_applicable,high_band_first,synthetic_recovery_progress,0.69000000,20.00000000,0,0.46979683,0.63435246
experiment_05,image_001,calibration,not_applicable,high_band_first,synthetic_recovery_progress,0.70000000,20.00000000,0,0.49978646,0.65452812
experiment_05,image_001,calibration,not_applicable,high_band_first,synthetic_recovery_progress,0.71000000,20.00000000,0,0.52977600,0.67469070
experiment_05,image_001,calibration,not_applicable,high_band_first,synthetic_recovery_progress,0.72000000,20.00000000,0,0.55966947,0.69477543
experiment_05,image_001,calibration,not_applicable,high_band_first,synthetic_recovery_progress,0.73000000,20.00000000,0,0.58937084,0.71471738
experiment_05,image_001,calibration,not_applicable,high_band_first,synthetic_recovery_progress,0.74000000,20.00000000,0,0.61878411,0.73445139
experiment_05,image_001,calibration,not_applicable,high_band_first,synthetic_recovery_progress,0.75000000,20.00000000,0,0.64781327,0.75391204
experiment_05,image_001,calibration,not_applicable,high_band_first,synthetic_recovery_progress,0.76000000,20.00000000,0,0.67636231,0.77303362
experiment_05,image_001,calibration,not_applicable,high_band_first,synthetic_recovery_progress,0.77000000,20.00000000,0,0.70433522,0.79175000
experiment_05,image_001,calibration,not_applicable,high_band_first,synthetic_recovery_progress,0.78000000,20.00000000,0,0.73163596,0.80999463
experiment_05,image_001,calibration,not_applicable,high_band_first,synthetic_recovery_progress,0.79000000,20.00000000,0,0.75816853,0.82770033
experiment_05,image_001,calibration,not_applicable,high_band_first,synthetic_recovery_progress,0.80000000,20.00000000,0,0.78383688,0.84479918
experiment_05,image_001,calibration,not_applicable,high_band_first,synthetic_recovery_progress,0.81000000,20.00000000,0,0.80854496,0.86122235
experiment_05,image_001,calibration,not_applicable,high_band_first,synthetic_recovery_progress,0.82000000,20.00000000,0,0.83219672,0.87689981
experiment_05,image_001,calibration,not_applicable,high_band_first,synthetic_recovery_progress,0.83000000,20.00000000,0,0.85469608,0.89176005
experiment_05,image_001,calibration,not_applicable,high_band_first,synthetic_recovery_progress,0.84000000,20.00000000,0,0.87594690,0.90572976
experiment_05,image_001,calibration,not_applicable,high_band_first,synthetic_recovery_progress,0.85000000,20.00000000,0,0.89585301,0.91873352
experiment_05,image_001,calibration,not_applicable,high_band_first,synthetic_recovery_progress,0.86000000,20.00000000,0,0.91431816,0.93069381
experiment_05,image_001,calibration,not_applicable,high_band_first,synthetic_recovery_progress,0.87000000,20.00000000,0,0.93124591,0.94153166
experiment_05,image_001,calibration,not_applicable,high_band_first,synthetic_recovery_progress,0.88000000,20.00000000,0,0.94653958,0.95116948
experiment_05,image_001,calibration,not_applicable,high_band_first,synthetic_recovery_progress,0.89000000,20.00000000,0,0.96010193,0.95953815
experiment_05,image_001,calibration,not_applicable,high_band_first,synthetic_recovery_progress,0.90000000,20.00000000,0,0.97183452,0.96659321
experiment_05,image_001,calibration,not_applicable,high_band_first,synthetic_recovery_progress,0.91000000,20.00000000,0,0.98163598,0.97234506
experiment_05,image_001,calibration,not_applicable,high_band_first,synthetic_recovery_progress,0.92000000,20.00000000,0,0.98939615,0.97690214
experiment_05,image_001,calibration,not_applicable,high_band_first,synthetic_recovery_progress,0.93000000,20.00000000,0,0.99497071,0.98050536
experiment_05,image_001,calibration,not_applicable,high_band_first,synthetic_recovery_progress,0.94000000,20.00000000,0,0.99805777,0.98351010
experiment_05,image_001,calibration,not_applicable,high_band_first,synthetic_recovery_progress,0.95000000,20.00000000,0,0.99873717,0.98628220
experiment_05,image_001,calibration,not_applicable,high_band_first,synthetic_recovery_progress,0.96000000,20.00000000,0,0.99898974,0.98902576
experiment_05,image_001,calibration,not_applicable,high_band_first,synthetic_recovery_progress,0.97000000,20.00000000,0,0.99924230,0.99176932
experiment_05,image_001,calibration,not_applicable,high_band_first,synthetic_recovery_progress,0.98000000,20.00000000,0,0.99949487,0.99451288
experiment_05,image_001,calibration,not_applicable,high_band_first,synthetic_recovery_progress,0.99000000,20.00000000,0,0.99974743,0.99725644
experiment_05,image_001,calibration,not_applicable,high_band_first,synthetic_recovery_progress,1.00000000,20.00000000,0,1.00000000,1.00000000
experiment_05,image_001,calibration,not_applicable,together,synthetic_recovery_progress,0.00000000,20.00000000,0,0.00000000,0.00000000
experiment_05,image_001,calibration,not_applicable,together,synthetic_recovery_progress,0.01000000,20.00000000,0,0.00000000,0.00000000
experiment_05,image_001,calibration,not_applicable,together,synthetic_recovery_progress,0.02000000,20.00000000,0,0.00000000,0.00000000
experiment_05,image_001,calibration,not_applicable,together,synthetic_recovery_progress,0.03000000,20.00000000,0,0.00000000,0.00000000
experiment_05,image_001,calibration,not_applicable,together,synthetic_recovery_progress,0.04000000,20.00000000,0,0.00000000,0.00000000
experiment_05,image_001,calibration,not_applicable,together,synthetic_recovery_progress,0.05000000,20.00000000,0,0.00000000,0.00000000
experiment_05,image_001,calibration,not_applicable,together,synthetic_recovery_progress,0.06000000,20.00000000,0,0.00000000,0.00000000
experiment_05,image_001,calibration,not_applicable,together,synthetic_recovery_progress,0.07000000,20.00000000,0,0.00000000,0.00000000
experiment_05,image_001,calibration,not_applicable,together,synthetic_recovery_progress,0.08000000,20.00000000,0,0.00000000,0.00000000
experiment_05,image_001,calibration,not_applicable,together,synthetic_recovery_progress,0.09000000,20.00000000,0,0.00000000,0.00000000
experiment_05,image_001,calibration,not_applicable,together,synthetic_recovery_progress,0.10000000,20.00000000,0,0.00000000,0.00000000
experiment_05,image_001,calibration,not_applicable,together,synthetic_recovery_progress,0.11000000,20.00000000,0,0.00000000,0.00000000
experiment_05,image_001,calibration,not_applicable,together,synthetic_recovery_progress,0.12000000,20.00000000,0,0.00113843,0.00000000
experiment_05,image_001,calibration,not_applicable,together,synthetic_recovery_progress,0.13000000,20.00000000,0,0.00341820,0.00000000
experiment_05,image_001,calibration,not_applicable,together,synthetic_recovery_progress,0.14000000,20.00000000,0,0.00656491,0.00000000
experiment_05,image_001,calibration,not_applicable,together,synthetic_recovery_progress,0.15000000,20.00000000,0,0.01055514,0.00000000
experiment_05,image_001,calibration,not_applicable,together,synthetic_recovery_progress,0.16000000,20.00000000,0,0.01536546,0.00000000
experiment_05,image_001,calibration,not_applicable,together,synthetic_recovery_progress,0.17000000,20.00000000,0,0.02097245,0.00000000
experiment_05,image_001,calibration,not_applicable,together,synthetic_recovery_progress,0.18000000,20.00000000,0,0.02735269,0.00041197
experiment_05,image_001,calibration,not_applicable,together,synthetic_recovery_progress,0.19000000,20.00000000,0,0.03448274,0.00799034
experiment_05,image_001,calibration,not_applicable,together,synthetic_recovery_progress,0.20000000,20.00000000,0,0.04233919,0.01627581
experiment_05,image_001,calibration,not_applicable,together,synthetic_recovery_progress,0.21000000,20.00000000,0,0.05089860,0.02524596
experiment_05,image_001,calibration,not_applicable,together,synthetic_recovery_progress,0.22000000,20.00000000,0,0.06013754,0.03487829
experiment_05,image_001,calibration,not_applicable,together,synthetic_recovery_progress,0.23000000,20.00000000,0,0.07003258,0.04515022
experiment_05,image_001,calibration,not_applicable,together,synthetic_recovery_progress,0.24000000,20.00000000,0,0.08056029,0.05603909
experiment_05,image_001,calibration,not_applicable,together,synthetic_recovery_progress,0.25000000,20.00000000,0,0.09169725,0.06752220
experiment_05,image_001,calibration,not_applicable,together,synthetic_recovery_progress,0.26000000,20.00000000,0,0.10342002,0.07957678
experiment_05,image_001,calibration,not_applicable,together,synthetic_recovery_progress,0.27000000,20.00000000,0,0.11570516,0.09218000
experiment_05,image_001,calibration,not_applicable,together,synthetic_recovery_progress,0.28000000,20.00000000,0,0.12852925,0.10530898
experiment_05,image_001,calibration,not_applicable,together,synthetic_recovery_progress,0.29000000,20.00000000,0,0.14186885,0.11894081
experiment_05,image_001,calibration,not_applicable,together,synthetic_recovery_progress,0.30000000,20.00000000,0,0.15570054,0.13305252
experiment_05,image_001,calibration,not_applicable,together,synthetic_recovery_progress,0.31000000,20.00000000,0,0.17000086,0.14762111
experiment_05,image_001,calibration,not_applicable,together,synthetic_recovery_progress,0.32000000,20.00000000,0,0.18474640,0.16262352
experiment_05,image_001,calibration,not_applicable,together,synthetic_recovery_progress,0.33000000,20.00000000,0,0.19991371,0.17803667
experiment_05,image_001,calibration,not_applicable,together,synthetic_recovery_progress,0.34000000,20.00000000,0,0.21547937,0.19383746
experiment_05,image_001,calibration,not_applicable,together,synthetic_recovery_progress,0.35000000,20.00000000,0,0.23141993,0.21000272
experiment_05,image_001,calibration,not_applicable,together,synthetic_recovery_progress,0.36000000,20.00000000,0,0.24771196,0.22650928
experiment_05,image_001,calibration,not_applicable,together,synthetic_recovery_progress,0.37000000,20.00000000,0,0.26433203,0.24333392
experiment_05,image_001,calibration,not_applicable,together,synthetic_recovery_progress,0.38000000,20.00000000,0,0.28125670,0.26045340
experiment_05,image_001,calibration,not_applicable,together,synthetic_recovery_progress,0.39000000,20.00000000,0,0.29846253,0.27784444
experiment_05,image_001,calibration,not_applicable,together,synthetic_recovery_progress,0.40000000,20.00000000,0,0.31592609,0.29548373
experiment_05,image_001,calibration,not_applicable,together,synthetic_recovery_progress,0.41000000,20.00000000,0,0.33362394,0.31334795
experiment_05,image_001,calibration,not_applicable,together,synthetic_recovery_progress,0.42000000,20.00000000,0,0.35153265,0.33141372
experiment_05,image_001,calibration,not_applicable,together,synthetic_recovery_progress,0.43000000,20.00000000,0,0.36962876,0.34965765
experiment_05,image_001,calibration,not_applicable,together,synthetic_recovery_progress,0.44000000,20.00000000,0,0.38788886,0.36805632
experiment_05,image_001,calibration,not_applicable,together,synthetic_recovery_progress,0.45000000,20.00000000,0,0.40628949,0.38658626
experiment_05,image_001,calibration,not_applicable,together,synthetic_recovery_progress,0.46000000,20.00000000,0,0.42480723,0.40522398
experiment_05,image_001,calibration,not_applicable,together,synthetic_recovery_progress,0.47000000,20.00000000,0,0.44341863,0.42394595
experiment_05,image_001,calibration,not_applicable,together,synthetic_recovery_progress,0.48000000,20.00000000,0,0.46210025,0.44272860
experiment_05,image_001,calibration,not_applicable,together,synthetic_recovery_progress,0.49000000,20.00000000,0,0.48082866,0.46154833
experiment_05,image_001,calibration,not_applicable,together,synthetic_recovery_progress,0.50000000,20.00000000,0,0.49958040,0.48038149
experiment_05,image_001,calibration,not_applicable,together,synthetic_recovery_progress,0.51000000,20.00000000,0,0.51833206,0.49920437
experiment_05,image_001,calibration,not_applicable,together,synthetic_recovery_progress,0.52000000,20.00000000,0,0.53706017,0.51799323
experiment_05,image_001,calibration,not_applicable,together,synthetic_recovery_progress,0.53000000,20.00000000,0,0.55574130,0.53672427
experiment_05,image_001,calibration,not_applicable,together,synthetic_recovery_progress,0.54000000,20.00000000,0,0.57435201,0.55537360
experiment_05,image_001,calibration,not_applicable,together,synthetic_recovery_progress,0.55000000,20.00000000,0,0.59286885,0.57391731
experiment_05,image_001,calibration,not_applicable,together,synthetic_recovery_progress,0.56000000,20.00000000,0,0.61126838,0.59233137
experiment_05,image_001,calibration,not_applicable,together,synthetic_recovery_progress,0.57000000,20.00000000,0,0.62952715,0.61059169
experiment_05,image_001,calibration,not_applicable,together,synthetic_recovery_progress,0.58000000,20.00000000,0,0.64762172,0.62867406
experiment_05,image_001,calibration,not_applicable,together,synthetic_recovery_progress,0.59000000,20.00000000,0,0.66552863,0.64655418
experiment_05,image_001,calibration,not_applicable,together,synthetic_recovery_progress,0.60000000,20.00000000,0,0.68322444,0.66420763
experiment_05,image_001,calibration,not_applicable,together,synthetic_recovery_progress,0.61000000,20.00000000,0,0.70068570,0.68160983
experiment_05,image_001,calibration,not_applicable,together,synthetic_recovery_progress,0.62000000,20.00000000,0,0.71788894,0.69873605
experiment_05,image_001,calibration,not_applicable,together,synthetic_recovery_progress,0.63000000,20.00000000,0,0.73481072,0.71556138
experiment_05,image_001,calibration,not_applicable,together,synthetic_recovery_progress,0.64000000,20.00000000,0,0.75142756,0.73206070
experiment_05,image_001,calibration,not_applicable,together,synthetic_recovery_progress,0.65000000,20.00000000,0,0.76771600,0.74820865
experiment_05,image_001,calibration,not_applicable,together,synthetic_recovery_progress,0.66000000,20.00000000,0,0.78365258,0.76397959
experiment_05,image_001,calibration,not_applicable,together,synthetic_recovery_progress,0.67000000,20.00000000,0,0.79921381,0.77934760
experiment_05,image_001,calibration,not_applicable,together,synthetic_recovery_progress,0.68000000,20.00000000,0,0.81437620,0.79428639
experiment_05,image_001,calibration,not_applicable,together,synthetic_recovery_progress,0.69000000,20.00000000,0,0.82911626,0.80876928
experiment_05,image_001,calibration,not_applicable,together,synthetic_recovery_progress,0.70000000,20.00000000,0,0.84341048,0.82276916
experiment_05,image_001,calibration,not_applicable,together,synthetic_recovery_progress,0.71000000,20.00000000,0,0.85723532,0.83625847
experiment_05,image_001,calibration,not_applicable,together,synthetic_recovery_progress,0.72000000,20.00000000,0,0.87056723,0.84920916
experiment_05,image_001,calibration,not_applicable,together,synthetic_recovery_progress,0.73000000,20.00000000,0,0.88338263,0.86159271
experiment_05,image_001,calibration,not_applicable,together,synthetic_recovery_progress,0.74000000,20.00000000,0,0.89565789,0.87338023
experiment_05,image_001,calibration,not_applicable,together,synthetic_recovery_progress,0.75000000,20.00000000,0,0.90736933,0.88454259
experiment_05,image_001,calibration,not_applicable,together,synthetic_recovery_progress,0.76000000,20.00000000,0,0.91849319,0.89505083
experiment_05,image_001,calibration,not_applicable,together,synthetic_recovery_progress,0.77000000,20.00000000,0,0.92900559,0.90487671
experiment_05,image_001,calibration,not_applicable,together,synthetic_recovery_progress,0.78000000,20.00000000,0,0.93888247,0.91399378
experiment_05,image_001,calibration,not_applicable,together,synthetic_recovery_progress,0.79000000,20.00000000,0,0.94809954,0.92237893
experiment_05,image_001,calibration,not_applicable,together,synthetic_recovery_progress,0.80000000,20.00000000,0,0.95663207,0.93001489
experiment_05,image_001,calibration,not_applicable,together,synthetic_recovery_progress,0.81000000,20.00000000,0,0.96445472,0.93689352
experiment_05,image_001,calibration,not_applicable,together,synthetic_recovery_progress,0.82000000,20.00000000,0,0.97154099,0.94302028
experiment_05,image_001,calibration,not_applicable,together,synthetic_recovery_progress,0.83000000,20.00000000,0,0.97786241,0.94841915
experiment_05,image_001,calibration,not_applicable,together,synthetic_recovery_progress,0.84000000,20.00000000,0,0.98338670,0.95313735
experiment_05,image_001,calibration,not_applicable,together,synthetic_recovery_progress,0.85000000,20.00000000,0,0.98807398,0.95724823
experiment_05,image_001,calibration,not_applicable,together,synthetic_recovery_progress,0.86000000,20.00000000,0,0.99186846,0.96085040
experiment_05,image_001,calibration,not_applicable,together,synthetic_recovery_progress,0.87000000,20.00000000,0,0.99468434,0.96406202
experiment_05,image_001,calibration,not_applicable,together,synthetic_recovery_progress,0.88000000,20.00000000,0,0.99642013,0.96700979
experiment_05,image_001,calibration,not_applicable,together,synthetic_recovery_progress,0.89000000,20.00000000,0,0.99717373,0.96981325
experiment_05,image_001,calibration,not_applicable,together,synthetic_recovery_progress,0.90000000,20.00000000,0,0.99747434,0.97256440
experiment_05,image_001,calibration,not_applicable,together,synthetic_recovery_progress,0.91000000,20.00000000,0,0.99772691,0.97530796
experiment_05,image_001,calibration,not_applicable,together,synthetic_recovery_progress,0.92000000,20.00000000,0,0.99797948,0.97805152
experiment_05,image_001,calibration,not_applicable,together,synthetic_recovery_progress,0.93000000,20.00000000,0,0.99823204,0.98079508
experiment_05,image_001,calibration,not_applicable,together,synthetic_recovery_progress,0.94000000,20.00000000,0,0.99848461,0.98353864
experiment_05,image_001,calibration,not_applicable,together,synthetic_recovery_progress,0.95000000,20.00000000,0,0.99873717,0.98628220
experiment_05,image_001,calibration,not_applicable,together,synthetic_recovery_progress,0.96000000,20.00000000,0,0.99898974,0.98902576
experiment_05,image_001,calibration,not_applicable,together,synthetic_recovery_progress,0.97000000,20.00000000,0,0.99924230,0.99176932
experiment_05,image_001,calibration,not_applicable,together,synthetic_recovery_progress,0.98000000,20.00000000,0,0.99949487,0.99451288
experiment_05,image_001,calibration,not_applicable,together,synthetic_recovery_progress,0.99000000,20.00000000,0,0.99974743,0.99725644
experiment_05,image_001,calibration,not_applicable,together,synthetic_recovery_progress,1.00000000,20.00000000,0,1.00000000,1.00000000
experiment_05,image_001,calibration,not_applicable,low_band_first,synthetic_recovery_progress,0.00000000,40.00000000,0,0.00000000,0.00000000
experiment_05,image_001,calibration,not_applicable,low_band_first,synthetic_recovery_progress,0.01000000,40.00000000,0,0.00000000,0.00000000
experiment_05,image_001,calibration,not_applicable,low_band_first,synthetic_recovery_progress,0.02000000,40.00000000,0,0.00000000,0.00000000
experiment_05,image_001,calibration,not_applicable,low_band_first,synthetic_recovery_progress,0.03000000,40.00000000,0,0.00000000,0.00000000
experiment_05,image_001,calibration,not_applicable,low_band_first,synthetic_recovery_progress,0.04000000,40.00000000,0,0.00000000,0.00000000
experiment_05,image_001,calibration,not_applicable,low_band_first,synthetic_recovery_progress,0.05000000,40.00000000,0,0.00000000,0.00000000
experiment_05,image_001,calibration,not_applicable,low_band_first,synthetic_recovery_progress,0.06000000,40.00000000,0,0.00000000,0.00000000
experiment_05,image_001,calibration,not_applicable,low_band_first,synthetic_recovery_progress,0.07000000,40.00000000,0,0.00305662,0.00000000
experiment_05,image_001,calibration,not_applicable,low_band_first,synthetic_recovery_progress,0.08000000,40.00000000,0,0.00877541,0.00000000
experiment_05,image_001,calibration,not_applicable,low_band_first,synthetic_recovery_progress,0.09000000,40.00000000,0,0.01660389,0.00000000
experiment_05,image_001,calibration,not_applicable,low_band_first,synthetic_recovery_progress,0.10000000,40.00000000,0,0.02644619,0.00000000
experiment_05,image_001,calibration,not_applicable,low_band_first,synthetic_recovery_progress,0.11000000,40.00000000,0,0.03820645,0.00000000
experiment_05,image_001,calibration,not_applicable,low_band_first,synthetic_recovery_progress,0.12000000,40.00000000,0,0.05178874,0.00000000
experiment_05,image_001,calibration,not_applicable,low_band_first,synthetic_recovery_progress,0.13000000,40.00000000,0,0.06709714,0.00000000
experiment_05,image_001,calibration,not_applicable,low_band_first,synthetic_recovery_progress,0.14000000,40.00000000,0,0.08403569,0.00000000
experiment_05,image_001,calibration,not_applicable,low_band_first,synthetic_recovery_progress,0.15000000,40.00000000,0,0.10250843,0.00000000
experiment_05,image_001,calibration,not_applicable,low_band_first,synthetic_recovery_progress,0.16000000,40.00000000,0,0.12241936,0.00000000
experiment_05,image_001,calibration,not_applicable,low_band_first,synthetic_recovery_progress,0.17000000,40.00000000,0,0.14367249,0.00000000
experiment_05,image_001,calibration,not_applicable,low_band_first,synthetic_recovery_progress,0.18000000,40.00000000,0,0.16617177,0.00000000
experiment_05,image_001,calibration,not_applicable,low_band_first,synthetic_recovery_progress,0.19000000,40.00000000,0,0.18982118,0.00000000
experiment_05,image_001,calibration,not_applicable,low_band_first,synthetic_recovery_progress,0.20000000,40.00000000,0,0.21452464,0.00000000
experiment_05,image_001,calibration,not_applicable,low_band_first,synthetic_recovery_progress,0.21000000,40.00000000,0,0.24018607,0.00000000
experiment_05,image_001,calibration,not_applicable,low_band_first,synthetic_recovery_progress,0.22000000,40.00000000,0,0.26670936,0.00000000
experiment_05,image_001,calibration,not_applicable,low_band_first,synthetic_recovery_progress,0.23000000,40.00000000,0,0.29399838,0.00000000
experiment_05,image_001,calibration,not_applicable,low_band_first,synthetic_recovery_progress,0.24000000,40.00000000,0,0.32195695,0.00000000
experiment_05,image_001,calibration,not_applicable,low_band_first,synthetic_recovery_progress,0.25000000,40.00000000,0,0.35048888,0.00000000
experiment_05,image_001,calibration,not_applicable,low_band_first,synthetic_recovery_progress,0.26000000,40.00000000,0,0.37949791,0.00000000
experiment_05,image_001,calibration,not_applicable,low_band_first,synthetic_recovery_progress,0.27000000,40.00000000,0,0.40888776,0.00000000
experiment_05,image_001,calibration,not_applicable,low_band_first,synthetic_recovery_progress,0.28000000,40.00000000,0,0.43856208,0.00000000
experiment_05,image_001,calibration,not_applicable,low_band_first,synthetic_recovery_progress,0.29000000,40.00000000,0,0.46842444,0.00000000
experiment_05,image_001,calibration,not_applicable,low_band_first,synthetic_recovery_progress,0.30000000,40.00000000,0,0.49837833,0.00000000
experiment_05,image_001,calibration,not_applicable,low_band_first,synthetic_recovery_progress,0.31000000,40.00000000,0,0.52832715,0.00000000
experiment_05,image_001,calibration,not_applicable,low_band_first,synthetic_recovery_progress,0.32000000,40.00000000,0,0.55817413,0.00000000
experiment_05,image_001,calibration,not_applicable,low_band_first,synthetic_recovery_progress,0.33000000,40.00000000,0,0.58782237,0.00000000
experiment_05,image_001,calibration,not_applicable,low_band_first,synthetic_recovery_progress,0.34000000,40.00000000,0,0.61717473,0.00000000
experiment_05,image_001,calibration,not_applicable,low_band_first,synthetic_recovery_progress,0.35000000,40.00000000,0,0.64613382,0.00000000
experiment_05,image_001,calibration,not_applicable,low_band_first,synthetic_recovery_progress,0.36000000,40.00000000,0,0.67460186,0.00000000
experiment_05,image_001,calibration,not_applicable,low_band_first,synthetic_recovery_progress,0.37000000,40.00000000,0,0.70248061,0.00000000
experiment_05,image_001,calibration,not_applicable,low_band_first,synthetic_recovery_progress,0.38000000,40.00000000,0,0.72967122,0.00000000
experiment_05,image_001,calibration,not_applicable,low_band_first,synthetic_recovery_progress,0.39000000,40.00000000,0,0.75607395,0.00000000
experiment_05,image_001,calibration,not_applicable,low_band_first,synthetic_recovery_progress,0.40000000,40.00000000,0,0.78158788,0.00000000
experiment_05,image_001,calibration,not_applicable,low_band_first,synthetic_recovery_progress,0.41000000,40.00000000,0,0.80611042,0.00000000
experiment_05,image_001,calibration,not_applicable,low_band_first,synthetic_recovery_progress,0.42000000,40.00000000,0,0.82953656,0.00000000
experiment_05,image_001,calibration,not_applicable,low_band_first,synthetic_recovery_progress,0.43000000,40.00000000,0,0.85175782,0.00000000
experiment_05,image_001,calibration,not_applicable,low_band_first,synthetic_recovery_progress,0.44000000,40.00000000,0,0.87266045,0.00000000
experiment_05,image_001,calibration,not_applicable,low_band_first,synthetic_recovery_progress,0.45000000,40.00000000,0,0.89212273,0.00000000
experiment_05,image_001,calibration,not_applicable,low_band_first,synthetic_recovery_progress,0.46000000,40.00000000,0,0.91001054,0.00065434
experiment_05,image_001,calibration,not_applicable,low_band_first,synthetic_recovery_progress,0.47000000,40.00000000,0,0.92617052,0.00415754
experiment_05,image_001,calibration,not_applicable,low_band_first,synthetic_recovery_progress,0.48000000,40.00000000,0,0.94041983,0.00986782
experiment_05,image_001,calibration,not_applicable,low_band_first,synthetic_recovery_progress,0.49000000,40.00000000,0,0.95253465,0.01768927
experiment_05,image_001,calibration,not_applicable,low_band_first,synthetic_recovery_progress,0.50000000,40.00000000,0,0.96225120,0.02752596
experiment_05,image_001,calibration,not_applicable,low_band_first,synthetic_recovery_progress,0.51000000,40.00000000,0,0.96932790,0.03928196
experiment_05,image_001,calibration,not_applicable,low_band_first,synthetic_recovery_progress,0.52000000,40.00000000,0,0.97374790,0.05286134
experiment_05,image_001,calibration,not_applicable,low_band_first,synthetic_recovery_progress,0.53000000,40.00000000,0,0.97598786,0.06816814
experiment_05,image_001,calibration,not_applicable,low_band_first,synthetic_recovery_progress,0.54000000,40.00000000,0,0.97695606,0.08510641
experiment_05,image_001,calibration,not_applicable,low_band_first,synthetic_recovery_progress,0.55000000,40.00000000,0,0.97750000,0.10358020
experiment_05,image_001,calibration,not_applicable,low_band_first,synthetic_recovery_progress,0.56000000,40.00000000,0,0.97800000,0.12349353
experiment_05,image_001,calibration,not_applicable,low_band_first,synthetic_recovery_progress,0.57000000,40.00000000,0,0.97850000,0.14475044
experiment_05,image_001,calibration,not_applicable,low_band_first,synthetic_recovery_progress,0.58000000,40.00000000,0,0.97900000,0.16725495
experiment_05,image_001,calibration,not_applicable,low_band_first,synthetic_recovery_progress,0.59000000,40.00000000,0,0.97950000,0.19091108
experiment_05,image_001,calibration,not_applicable,low_band_first,synthetic_recovery_progress,0.60000000,40.00000000,0,0.98000000,0.21562286
experiment_05,image_001,calibration,not_applicable,low_band_first,synthetic_recovery_progress,0.61000000,40.00000000,0,0.98050000,0.24129430
experiment_05,image_001,calibration,not_applicable,low_band_first,synthetic_recovery_progress,0.62000000,40.00000000,0,0.98100000,0.26782942
experiment_05,image_001,calibration,not_applicable,low_band_first,synthetic_recovery_progress,0.63000000,40.00000000,0,0.98150000,0.29513222
experiment_05,image_001,calibration,not_applicable,low_band_first,synthetic_recovery_progress,0.64000000,40.00000000,0,0.98200000,0.32310672
experiment_05,image_001,calibration,not_applicable,low_band_first,synthetic_recovery_progress,0.65000000,40.00000000,0,0.98250000,0.35165693
experiment_05,image_001,calibration,not_applicable,low_band_first,synthetic_recovery_progress,0.66000000,40.00000000,0,0.98300000,0.38068683
experiment_05,image_001,calibration,not_applicable,low_band_first,synthetic_recovery_progress,0.67000000,40.00000000,0,0.98350000,0.41010045
experiment_05,image_001,calibration,not_applicable,low_band_first,synthetic_recovery_progress,0.68000000,40.00000000,0,0.98400000,0.43980177
experiment_05,image_001,calibration,not_applicable,low_band_first,synthetic_recovery_progress,0.69000000,40.00000000,0,0.98450000,0.46969479
experiment_05,image_001,calibration,not_applicable,low_band_first,synthetic_recovery_progress,0.70000000,40.00000000,0,0.98500000,0.49968351
experiment_05,image_001,calibration,not_applicable,low_band_first,synthetic_recovery_progress,0.71000000,40.00000000,0,0.98550000,0.52967190
experiment_05,image_001,calibration,not_applicable,low_band_first,synthetic_recovery_progress,0.72000000,40.00000000,0,0.98600000,0.55956396
experiment_05,image_001,calibration,not_applicable,low_band_first,synthetic_recovery_progress,0.73000000,40.00000000,0,0.98650000,0.58926366
experiment_05,image_001,calibration,not_applicable,low_band_first,synthetic_recovery_progress,0.74000000,40.00000000,0,0.98700000,0.61867497
experiment_05,image_001,calibration,not_applicable,low_band_first,synthetic_recovery_progress,0.75000000,40.00000000,0,0.98750000,0.64770185
experiment_05,image_001,calibration,not_applicable,low_band_first,synthetic_recovery_progress,0.76000000,40.00000000,0,0.98800000,0.67624826
experiment_05,image_001,calibration,not_applicable,low_band_first,synthetic_recovery_progress,0.77000000,40.00000000,0,0.98850000,0.70421814
experiment_05,image_001,calibration,not_applicable,low_band_first,synthetic_recovery_progress,0.78000000,40.00000000,0,0.98900000,0.73151541
experiment_05,image_001,calibration,not_applicable,low_band_first,synthetic_recovery_progress,0.79000000,40.00000000,0,0.98950000,0.75804395
experiment_05,image_001,calibration,not_applicable,low_band_first,synthetic_recovery_progress,0.80000000,40.00000000,0,0.99000000,0.78370765
experiment_05,image_001,calibration,not_applicable,low_band_first,synthetic_recovery_progress,0.81000000,40.00000000,0,0.99050000,0.80841032
experiment_05,image_001,calibration,not_applicable,low_band_first,synthetic_recovery_progress,0.82000000,40.00000000,0,0.99100000,0.83205573
experiment_05,image_001,calibration,not_applicable,low_band_first,synthetic_recovery_progress,0.83000000,40.00000000,0,0.99150000,0.85454753
experiment_05,image_001,calibration,not_applicable,low_band_first,synthetic_recovery_progress,0.84000000,40.00000000,0,0.99200000,0.87578926
experiment_05,image_001,calibration,not_applicable,low_band_first,synthetic_recovery_progress,0.85000000,40.00000000,0,0.99250000,0.89568425
experiment_05,image_001,calibration,not_applicable,low_band_first,synthetic_recovery_progress,0.86000000,40.00000000,0,0.99300000,0.91413546
experiment_05,image_001,calibration,not_applicable,low_band_first,synthetic_recovery_progress,0.87000000,40.00000000,0,0.99350000,0.93104528
experiment_05,image_001,calibration,not_applicable,low_band_first,synthetic_recovery_progress,0.88000000,40.00000000,0,0.99400000,0.94631503
experiment_05,image_001,calibration,not_applicable,low_band_first,synthetic_recovery_progress,0.89000000,40.00000000,0,0.99450000,0.95984399
experiment_05,image_001,calibration,not_applicable,low_band_first,synthetic_recovery_progress,0.90000000,40.00000000,0,0.99500000,0.97152703
experiment_05,image_001,calibration,not_applicable,low_band_first,synthetic_recovery_progress,0.91000000,40.00000000,0,0.99550000,0.98124858
experiment_05,image_001,calibration,not_applicable,low_band_first,synthetic_recovery_progress,0.92000000,40.00000000,0,0.99600000,0.98886439
experiment_05,image_001,calibration,not_applicable,low_band_first,synthetic_recovery_progress,0.93000000,40.00000000,0,0.99650000,0.99414532
experiment_05,image_001,calibration,not_applicable,low_band_first,synthetic_recovery_progress,0.94000000,40.00000000,0,0.99700000,0.99676809
experiment_05,image_001,calibration,not_applicable,low_band_first,synthetic_recovery_progress,0.95000000,40.00000000,0,0.99750000,0.99750000
experiment_05,image_001,calibration,not_applicable,low_band_first,synthetic_recovery_progress,0.96000000,40.00000000,0,0.99800000,0.99800000
experiment_05,image_001,calibration,not_applicable,low_band_first,synthetic_recovery_progress,0.97000000,40.00000000,0,0.99850000,0.99850000
experiment_05,image_001,calibration,not_applicable,low_band_first,synthetic_recovery_progress,0.98000000,40.00000000,0,0.99900000,0.99900000
experiment_05,image_001,calibration,not_applicable,low_band_first,synthetic_recovery_progress,0.99000000,40.00000000,0,0.99950000,0.99950000
experiment_05,image_001,calibration,not_applicable,low_band_first,synthetic_recovery_progress,1.00000000,40.00000000,0,1.00000000,1.00000000
experiment_05,image_001,calibration,not_applicable,high_band_first,synthetic_recovery_progress,0.00000000,40.00000000,0,0.00000000,0.00000000
experiment_05,image_001,calibration,not_applicable,high_band_first,synthetic_recovery_progress,0.01000000,40.00000000,0,0.00000000,0.00000000
experiment_05,image_001,calibration,not_applicable,high_band_first,synthetic_recovery_progress,0.02000000,40.00000000,0,0.00000000,0.00000000
experiment_05,image_001,calibration,not_applicable,high_band_first,synthetic_recovery_progress,0.03000000,40.00000000,0,0.00000000,0.00000000
experiment_05,image_001,calibration,not_applicable,high_band_first,synthetic_recovery_progress,0.04000000,40.00000000,0,0.00000000,0.00000000
experiment_05,image_001,calibration,not_applicable,high_band_first,synthetic_recovery_progress,0.05000000,40.00000000,0,0.00000000,0.00000000
experiment_05,image_001,calibration,not_applicable,high_band_first,synthetic_recovery_progress,0.06000000,40.00000000,0,0.00000000,0.00000000
experiment_05,image_001,calibration,not_applicable,high_band_first,synthetic_recovery_progress,0.07000000,40.00000000,0,0.00000000,0.00330280
experiment_05,image_001,calibration,not_applicable,high_band_first,synthetic_recovery_progress,0.08000000,40.00000000,0,0.00000000,0.00901894
experiment_05,image_001,calibration,not_applicable,high_band_first,synthetic_recovery_progress,0.09000000,40.00000000,0,0.00000000,0.01684478
experiment_05,image_001,calibration,not_applicable,high_band_first,synthetic_recovery_progress,0.10000000,40.00000000,0,0.00000000,0.02668444
experiment_05,image_001,calibration,not_applicable,high_band_first,synthetic_recovery_progress,0.11000000,40.00000000,0,0.00000000,0.03844205
experiment_05,image_001,calibration,not_applicable,high_band_first,synthetic_recovery_progress,0.12000000,40.00000000,0,0.00000000,0.05202169
experiment_05,image_001,calibration,not_applicable,high_band_first,synthetic_recovery_progress,0.13000000,40.00000000,0,0.00000000,0.06732744
experiment_05,image_001,calibration,not_applicable,high_band_first,synthetic_recovery_progress,0.14000000,40.00000000,0,0.00000000,0.08426334
experiment_05,image_001,calibration,not_applicable,high_band_first,synthetic_recovery_progress,0.15000000,40.00000000,0,0.00000000,0.10273342
experiment_05,image_001,calibration,not_applicable,high_band_first,synthetic_recovery_progress,0.16000000,40.00000000,0,0.00000000,0.12264170
experiment_05,image_001,calibration,not_applicable,high_band_first,synthetic_recovery_progress,0.17000000,40.00000000,0,0.00000000,0.14389217
experiment_05,image_001,calibration,not_applicable,high_band_first,synthetic_recovery_progress,0.18000000,40.00000000,0,0.00000000,0.16638880
experiment_05,image_001,calibration,not_applicable,high_band_first,synthetic_recovery_progress,0.19000000,40.00000000,0,0.00000000,0.19003555
experiment_05,image_001,calibration,not_applicable,high_band_first,synthetic_recovery_progress,0.20000000,40.00000000,0,0.00000000,0.21473636
experiment_05,image_001,calibration,not_applicable,high_band_first,synthetic_recovery_progress,0.21000000,40.00000000,0,0.00000000,0.24039513
experiment_05,image_001,calibration,not_applicable,high_band_first,synthetic_recovery_progress,0.22000000,40.00000000,0,0.00000000,0.26691576
experiment_05,image_001,calibration,not_applicable,high_band_first,synthetic_recovery_progress,0.23000000,40.00000000,0,0.00000000,0.29420211
experiment_05,image_001,calibration,not_applicable,high_band_first,synthetic_recovery_progress,0.24000000,40.00000000,0,0.00000000,0.32215802
experiment_05,image_001,calibration,not_applicable,high_band_first,synthetic_recovery_progress,0.25000000,40.00000000,0,0.00000000,0.35068727
experiment_05,image_001,calibration,not_applicable,high_band_first,synthetic_recovery_progress,0.26000000,40.00000000,0,0.00000000,0.37969364
experiment_05,image_001,calibration,not_applicable,high_band_first,synthetic_recovery_progress,0.27000000,40.00000000,0,0.00000000,0.40908081
experiment_05,image_001,calibration,not_applicable,high_band_first,synthetic_recovery_progress,0.28000000,40.00000000,0,0.00000000,0.43875245
experiment_05,image_001,calibration,not_applicable,high_band_first,synthetic_recovery_progress,0.29000000,40.00000000,0,0.00000000,0.46861213
experiment_05,image_001,calibration,not_applicable,high_band_first,synthetic_recovery_progress,0.30000000,40.00000000,0,0.00000000,0.49856334
experiment_05,image_001,calibration,not_applicable,high_band_first,synthetic_recovery_progress,0.31000000,40.00000000,0,0.00000000,0.52850946
experiment_05,image_001,calibration,not_applicable,high_band_first,synthetic_recovery_progress,0.32000000,40.00000000,0,0.00000000,0.55835375
experiment_05,image_001,calibration,not_applicable,high_band_first,synthetic_recovery_progress,0.33000000,40.00000000,0,0.00000000,0.58799928
experiment_05,image_001,calibration,not_applicable,high_band_first,synthetic_recovery_progress,0.34000000,40.00000000,0,0.00000000,0.61734892
experiment_05,image_001,calibration,not_applicable,high_band_first,synthetic_recovery_progress,0.35000000,40.00000000,0,0.00000000,0.64630527
experiment_05,image_001,calibration,not_applicable,high_band_first,synthetic_recovery_progress,0.36000000,40.00000000,0,0.00000000,0.67477055
experiment_05,image_001,calibration,not_applicable,high_band_first,synthetic_recovery_progress,0.37000000,40.00000000,0,0.00000000,0.70264654
experiment_05,image_001,calibration,not_applicable,high_band_first,synthetic_recovery_progress,0.38000000,40.00000000,0,0.00000000,0.72983434
experiment_05,image_001,calibration,not_applicable,high_band_first,synthetic_recovery_progress,0.39000000,40.00000000,0,0.00000000,0.75623422
experiment_05,image_001,calibration,not_applicable,high_band_first,synthetic_recovery_progress,0.40000000,40.00000000,0,0.00000000,0.78174525
experiment_05,image_001,calibration,not_applicable,high_band_first,synthetic_recovery_progress,0.41000000,40.00000000,0,0.00000000,0.80626480
experiment_05,image_001,calibration,not_applicable,high_band_first,synthetic_recovery_progress,0.42000000,40.00000000,0,0.00000000,0.82968785
experiment_05,image_001,calibration,not_applicable,high_band_first,synthetic_recovery_progress,0.43000000,40.00000000,0,0.00000000,0.85190586
experiment_05,image_001,calibration,not_applicable,high_band_first,synthetic_recovery_progress,0.44000000,40.00000000,0,0.00000000,0.87280499
experiment_05,image_001,calibration,not_applicable,high_band_first,synthetic_recovery_progress,0.45000000,40.00000000,0,0.00000000,0.89226339
experiment_05,image_001,calibration,not_applicable,high_band_first,synthetic_recovery_progress,0.46000000,40.00000000,0,0.00051127,0.91014672
experiment_05,image_001,calibration,not_applicable,high_band_first,synthetic_recovery_progress,0.47000000,40.00000000,0,0.00401712,0.92630121
experiment_05,image_001,calibration,not_applicable,high_band_first,synthetic_recovery_progress,0.48000000,40.00000000,0,0.00973004,0.94054331
experiment_05,image_001,calibration,not_applicable,high_band_first,synthetic_recovery_progress,0.49000000,40.00000000,0,0.01755414,0.95264799
experiment_05,image_001,calibration,not_applicable,high_band_first,synthetic_recovery_progress,0.50000000,40.00000000,0,0.02739348,0.96234965
experiment_05,image_001,calibration,not_applicable,high_band_first,synthetic_recovery_progress,0.51000000,40.00000000,0,0.03915213,0.96940498
experiment_05,image_001,calibration,not_applicable,high_band_first,synthetic_recovery_progress,0.52000000,40.00000000,0,0.05273415,0.97379820
experiment_05,image_001,calibration,not_applicable,high_band_first,synthetic_recovery_progress,0.53000000,40.00000000,0,0.06804361,0.97601212
experiment_05,image_001,calibration,not_applicable,high_band_first,synthetic_recovery_progress,0.54000000,40.00000000,0,0.08498453,0.97696233
experiment_05,image_001,calibration,not_applicable,high_band_first,synthetic_recovery_progress,0.55000000,40.00000000,0,0.10346097,0.97750000
experiment_05,image_001,calibration,not_applicable,high_band_first,synthetic_recovery_progress,0.56000000,40.00000000,0,0.12337695,0.97800000
experiment_05,image_001,calibration,not_applicable,high_band_first,synthetic_recovery_progress,0.57000000,40.00000000,0,0.14463650,0.97850000
experiment_05,image_001,calibration,not_applicable,high_band_first,synthetic_recovery_progress,0.58000000,40.00000000,0,0.16714366,0.97900000
experiment_05,image_001,calibration,not_applicable,high_band_first,synthetic_recovery_progress,0.59000000,40.00000000,0,0.19080245,0.97950000
experiment_05,image_001,calibration,not_applicable,high_band_first,synthetic_recovery_progress,0.60000000,40.00000000,0,0.21551688,0.98000000
experiment_05,image_001,calibration,not_applicable,high_band_first,synthetic_recovery_progress,0.61000000,40.00000000,0,0.24119097,0.98050000
experiment_05,image_001,calibration,not_applicable,high_band_first,synthetic_recovery_progress,0.62000000,40.00000000,0,0.26772874,0.98100000
experiment_05,image_001,calibration,not_applicable,high_band_first,synthetic_recovery_progress,0.63000000,40.00000000,0,0.29503419,0.98150000
experiment_05,image_001,calibration,not_applicable,high_band_first,synthetic_recovery_progress,0.64000000,40.00000000,0,0.32301134,0.98200000
experiment_05,image_001,calibration,not_applicable,high_band_first,synthetic_recovery_progress,0.65000000,40.00000000,0,0.35156419,0.98250000
experiment_05,image_001,calibration,not_applicable,high_band_first,synthetic_recovery_progress,0.66000000,40.00000000,0,0.38059675,0.98300000
experiment_05,image_001,calibration,not_applicable,high_band_first,synthetic_recovery_progress,0.67000000,40.00000000,0,0.41001302,0.98350000
experiment_05,image_001,calibration,not_applicable,high_band_first,synthetic_recovery_progress,0.68000000,40.00000000,0,0.43971699,0.98400000
experiment_05,image_001,calibration,not_applicable,high_band_first,synthetic_recovery_progress,0.69000000,40.00000000,0,0.46961266,0.98450000
experiment_05,image_001,calibration,not_applicable,high_band_first,synthetic_recovery_progress,0.70000000,40.00000000,0,0.49960403,0.98500000
experiment_05,image_001,calibration,not_applicable,high_band_first,synthetic_recovery_progress,0.71000000,40.00000000,0,0.52959508,0.98550000
experiment_05,image_001,calibration,not_applicable,high_band_first,synthetic_recovery_progress,0.72000000,40.00000000,0,0.55948978,0.98600000
experiment_05,image_001,calibration,not_applicable,high_band_first,synthetic_recovery_progress,0.73000000,40.00000000,0,0.58919214,0.98650000
experiment_05,image_001,calibration,not_applicable,high_band_first,synthetic_recovery_progress,0.74000000,40.00000000,0,0.61860610,0.98700000
experiment_05,image_001,calibration,not_applicable,high_band_first,synthetic_recovery_progress,0.75000000,40.00000000,0,0.64763564,0.98750000
experiment_05,image_001,calibration,not_applicable,high_band_first,synthetic_recovery_progress,0.76000000,40.00000000,0,0.67618470,0.98800000
experiment_05,image_001,calibration,not_applicable,high_band_first,synthetic_recovery_progress,0.77000000,40.00000000,0,0.70415723,0.98850000
experiment_05,image_001,calibration,not_applicable,high_band_first,synthetic_recovery_progress,0.78000000,40.00000000,0,0.73145715,0.98900000
experiment_05,image_001,calibration,not_applicable,high_band_first,synthetic_recovery_progress,0.79000000,40.00000000,0,0.75798836,0.98950000
experiment_05,image_001,calibration,not_applicable,high_band_first,synthetic_recovery_progress,0.80000000,40.00000000,0,0.78365471,0.99000000
experiment_05,image_001,calibration,not_applicable,high_band_first,synthetic_recovery_progress,0.81000000,40.00000000,0,0.80836004,0.99050000
experiment_05,image_001,calibration,not_applicable,high_band_first,synthetic_recovery_progress,0.82000000,40.00000000,0,0.83200810,0.99100000
experiment_05,image_001,calibration,not_applicable,high_band_first,synthetic_recovery_progress,0.83000000,40.00000000,0,0.85450256,0.99150000
experiment_05,image_001,calibration,not_applicable,high_band_first,synthetic_recovery_progress,0.84000000,40.00000000,0,0.87574696,0.99200000
experiment_05,image_001,calibration,not_applicable,high_band_first,synthetic_recovery_progress,0.85000000,40.00000000,0,0.89564461,0.99250000
experiment_05,image_001,calibration,not_applicable,high_band_first,synthetic_recovery_progress,0.86000000,40.00000000,0,0.91409849,0.99300000
experiment_05,image_001,calibration,not_applicable,high_band_first,synthetic_recovery_progress,0.87000000,40.00000000,0,0.93101099,0.99350000
experiment_05,image_001,calibration,not_applicable,high_band_first,synthetic_recovery_progress,0.88000000,40.00000000,0,0.94628345,0.99400000
experiment_05,image_001,calibration,not_applicable,high_band_first,synthetic_recovery_progress,0.89000000,40.00000000,0,0.95981514,0.99450000
experiment_05,image_001,calibration,not_applicable,high_band_first,synthetic_recovery_progress,0.90000000,40.00000000,0,0.97150098,0.99500000
experiment_05,image_001,calibration,not_applicable,high_band_first,synthetic_recovery_progress,0.91000000,40.00000000,0,0.98122546,0.99550000
experiment_05,image_001,calibration,not_applicable,high_band_first,synthetic_recovery_progress,0.92000000,40.00000000,0,0.98884466,0.99600000
experiment_05,image_001,calibration,not_applicable,high_band_first,synthetic_recovery_progress,0.93000000,40.00000000,0,0.99413053,0.99650000
experiment_05,image_001,calibration,not_applicable,high_band_first,synthetic_recovery_progress,0.94000000,40.00000000,0,0.99676227,0.99700000
experiment_05,image_001,calibration,not_applicable,high_band_first,synthetic_recovery_progress,0.95000000,40.00000000,0,0.99750000,0.99750000
experiment_05,image_001,calibration,not_applicable,high_band_first,synthetic_recovery_progress,0.96000000,40.00000000,0,0.99800000,0.99800000
experiment_05,image_001,calibration,not_applicable,high_band_first,synthetic_recovery_progress,0.97000000,40.00000000,0,0.99850000,0.99850000
experiment_05,image_001,calibration,not_applicable,high_band_first,synthetic_recovery_progress,0.98000000,40.00000000,0,0.99900000,0.99900000
experiment_05,image_001,calibration,not_applicable,high_band_first,synthetic_recovery_progress,0.99000000,40.00000000,0,0.99950000,0.99950000
experiment_05,image_001,calibration,not_applicable,high_band_first,synthetic_recovery_progress,1.00000000,40.00000000,0,1.00000000,1.00000000
experiment_05,image_001,calibration,not_applicable,together,synthetic_recovery_progress,0.00000000,40.00000000,0,0.00000000,0.00000000
experiment_05,image_001,calibration,not_applicable,together,synthetic_recovery_progress,0.01000000,40.00000000,0,0.00000000,0.00000000
experiment_05,image_001,calibration,not_applicable,together,synthetic_recovery_progress,0.02000000,40.00000000,0,0.00000000,0.00000000
experiment_05,image_001,calibration,not_applicable,together,synthetic_recovery_progress,0.03000000,40.00000000,0,0.00000000,0.00000000
experiment_05,image_001,calibration,not_applicable,together,synthetic_recovery_progress,0.04000000,40.00000000,0,0.00000000,0.00000000
experiment_05,image_001,calibration,not_applicable,together,synthetic_recovery_progress,0.05000000,40.00000000,0,0.00000000,0.00000000
experiment_05,image_001,calibration,not_applicable,together,synthetic_recovery_progress,0.06000000,40.00000000,0,0.00000000,0.00000000
experiment_05,image_001,calibration,not_applicable,together,synthetic_recovery_progress,0.07000000,40.00000000,0,0.00000000,0.00000000
experiment_05,image_001,calibration,not_applicable,together,synthetic_recovery_progress,0.08000000,40.00000000,0,0.00000000,0.00000000
experiment_05,image_001,calibration,not_applicable,together,synthetic_recovery_progress,0.09000000,40.00000000,0,0.00000000,0.00000000
experiment_05,image_001,calibration,not_applicable,together,synthetic_recovery_progress,0.10000000,40.00000000,0,0.00000000,0.00000000
experiment_05,image_001,calibration,not_applicable,together,synthetic_recovery_progress,0.11000000,40.00000000,0,0.00000000,0.00000000
experiment_05,image_001,calibration,not_applicable,together,synthetic_recovery_progress,0.12000000,40.00000000,0,0.00037307,0.00060605
experiment_05,image_001,calibration,not_applicable,together,synthetic_recovery_progress,0.13000000,40.00000000,0,0.00266803,0.00289836
experiment_05,image_001,calibration,not_applicable,together,synthetic_recovery_progress,0.14000000,40.00000000,0,0.00582920,0.00605689
experiment_05,image_001,calibration,not_applicable,together,synthetic_recovery_progress,0.15000000,40.00000000,0,0.00983321,0.01005826
experiment_05,image_001,calibration,not_applicable,together,synthetic_recovery_progress,0.16000000,40.00000000,0,0.01465668,0.01487909
experiment_05,image_001,calibration,not_applicable,together,synthetic_recovery_progress,0.17000000,40.00000000,0,0.02027623,0.02049599
experiment_05,image_001,calibration,not_applicable,together,synthetic_recovery_progress,0.18000000,40.00000000,0,0.02666845,0.02688557
experiment_05,image_001,calibration,not_applicable,together,synthetic_recovery_progress,0.19000000,40.00000000,0,0.03380996,0.03402443
experiment_05,image_001,calibration,not_applicable,together,synthetic_recovery_progress,0.20000000,40.00000000,0,0.04167736,0.04188919
experiment_05,image_001,calibration,not_applicable,together,synthetic_recovery_progress,0.21000000,40.00000000,0,0.05024725,0.05045643
experiment_05,image_001,calibration,not_applicable,together,synthetic_recovery_progress,0.22000000,40.00000000,0,0.05949622,0.05970275
experiment_05,image_001,calibration,not_applicable,together,synthetic_recovery_progress,0.23000000,40.00000000,0,0.06940086,0.06960474
experiment_05,image_001,calibration,not_applicable,together,synthetic_recovery_progress,0.24000000,40.00000000,0,0.07993777,0.08013900
experiment_05,image_001,calibration,not_applicable,together,synthetic_recovery_progress,0.25000000,40.00000000,0,0.09108352,0.09128211
experiment_05,image_001,calibration,not_applicable,together,synthetic_recovery_progress,0.26000000,40.00000000,0,0.10281472,0.10301066
experiment_05,image_001,calibration,not_applicable,together,synthetic_recovery_progress,0.27000000,40.00000000,0,0.11510794,0.11530123
experiment_05,image_001,calibration,not_applicable,together,synthetic_recovery_progress,0.28000000,40.00000000,0,0.12793976,0.12813040
experiment_05,image_001,calibration,not_applicable,together,synthetic_recovery_progress,0.29000000,40.00000000,0,0.14128676,0.14147476
experiment_05,image_001,calibration,not_applicable,together,synthetic_recovery_progress,0.30000000,40.00000000,0,0.15512553,0.15531088
experiment_05,image_001,calibration,not_applicable,together,synthetic_recovery_progress,0.31000000,40.00000000,0,0.16943263,0.16961533
experiment_05,image_001,calibration,not_applicable,together,synthetic_recovery_progress,0.32000000,40.00000000,0,0.18418465,0.18436470
experiment_05,image_001,calibration,not_applicable,together,synthetic_recovery_progress,0.33000000,40.00000000,0,0.19935816,0.19953556
experiment_05,image_001,calibration,not_applicable,together,synthetic_recovery_progress,0.34000000,40.00000000,0,0.21492974,0.21510449
experiment_05,image_001,calibration,not_applicable,together,synthetic_recovery_progress,0.35000000,40.00000000,0,0.23087594,0.23104805
experiment_05,image_001,calibration,not_applicable,together,synthetic_recovery_progress,0.36000000,40.00000000,0,0.24717336,0.24734281
experiment_05,image_001,calibration,not_applicable,together,synthetic_recovery_progress,0.37000000,40.00000000,0,0.26379855,0.26396535
experiment_05,image_001,calibration,not_applicable,together,synthetic_recovery_progress,0.38000000,40.00000000,0,0.28072808,0.28089223
experiment_05,image_001,calibration,not_applicable,together,synthetic_recovery_progress,0.39000000,40.00000000,0,0.29793852,0.29810002
experiment_05,image_001,calibration,not_applicable,together,synthetic_recovery_progress,0.40000000,40.00000000,0,0.31540644,0.31556529
experiment_05,image_001,calibration,not_applicable,together,synthetic_recovery_progress,0.41000000,40.00000000,0,0.33310840,0.33326460
experiment_05,image_001,calibration,not_applicable,together,synthetic_recovery_progress,0.42000000,40.00000000,0,0.35102097,0.35117452
experiment_05,image_001,calibration,not_applicable,together,synthetic_recovery_progress,0.43000000,40.00000000,0,0.36912071,0.36927161
experiment_05,image_001,calibration,not_applicable,together,synthetic_recovery_progress,0.44000000,40.00000000,0,0.38738418,0.38753243
experiment_05,image_001,calibration,not_applicable,together,synthetic_recovery_progress,0.45000000,40.00000000,0,0.40578794,0.40593354
experiment_05,image_001,calibration,not_applicable,together,synthetic_recovery_progress,0.46000000,40.00000000,0,0.42430855,0.42445150
experiment_05,image_001,calibration,not_applicable,together,synthetic_recovery_progress,0.47000000,40.00000000,0,0.44292257,0.44306286
experiment_05,image_001,calibration,not_applicable,together,synthetic_recovery_progress,0.48000000,40.00000000,0,0.46160655,0.46174419
experiment_05,image_001,calibration,not_applicable,together,synthetic_recovery_progress,0.49000000,40.00000000,0,0.48033705,0.48047203
experiment_05,image_001,calibration,not_applicable,together,synthetic_recovery_progress,0.50000000,40.00000000,0,0.49909062,0.49922295
experiment_05,image_001,calibration,not_applicable,together,synthetic_recovery_progress,0.51000000,40.00000000,0,0.51784380,0.51797348
experiment_05,image_001,calibration,not_applicable,together,synthetic_recovery_progress,0.52000000,40.00000000,0,0.53657315,0.53670018
experiment_05,image_001,calibration,not_applicable,together,synthetic_recovery_progress,0.53000000,40.00000000,0,0.55525522,0.55537959
experiment_05,image_001,calibration,not_applicable,together,synthetic_recovery_progress,0.54000000,40.00000000,0,0.57386654,0.57398825
experiment_05,image_001,calibration,not_applicable,together,synthetic_recovery_progress,0.55000000,40.00000000,0,0.59238365,0.59250271
experiment_05,image_001,calibration,not_applicable,together,synthetic_recovery_progress,0.56000000,40.00000000,0,0.61078309,0.61089949
experiment_05,image_001,calibration,not_applicable,together,synthetic_recovery_progress,0.57000000,40.00000000,0,0.62904138,0.62915513
experiment_05,image_001,calibration,not_applicable,together,synthetic_recovery_progress,0.58000000,40.00000000,0,0.64713506,0.64724615
experiment_05,image_001,calibration,not_applicable,together,synthetic_recovery_progress,0.59000000,40.00000000,0,0.66504065,0.66514908
experiment_05,image_001,calibration,not_applicable,together,synthetic_recovery_progress,0.60000000,40.00000000,0,0.68273465,0.68284042
experiment_05,image_001,calibration,not_applicable,together,synthetic_recovery_progress,0.61000000,40.00000000,0,0.70019357,0.70029668
experiment_05,image_001,calibration,not_applicable,together,synthetic_recovery_progress,0.62000000,40.00000000,0,0.71739390,0.71749435
experiment_05,image_001,calibration,not_applicable,together,synthetic_recovery_progress,0.63000000,40.00000000,0,0.73431213,0.73440992
experiment_05,image_001,calibration,not_applicable,together,synthetic_recovery_progress,0.64000000,40.00000000,0,0.75092473,0.75101985
experiment_05,image_001,calibration,not_applicable,together,synthetic_recovery_progress,0.65000000,40.00000000,0,0.76720814,0.76730060
experiment_05,image_001,calibration,not_applicable,together,synthetic_recovery_progress,0.66000000,40.00000000,0,0.78313879,0.78322859
experiment_05,image_001,calibration,not_applicable,together,synthetic_recovery_progress,0.67000000,40.00000000,0,0.79869310,0.79878022
experiment_05,image_001,calibration,not_applicable,together,synthetic_recovery_progress,0.68000000,40.00000000,0,0.81384742,0.81393188
experiment_05,image_001,calibration,not_applicable,together,synthetic_recovery_progress,0.69000000,40.00000000,0,0.82857810,0.82865988
experiment_05,image_001,calibration,not_applicable,together,synthetic_recovery_progress,0.70000000,40.00000000,0,0.84286140,0.84294050
experiment_05,image_001,calibration,not_applicable,together,synthetic_recovery_progress,0.71000000,40.00000000,0,0.85667354,0.85674996
experiment_05,image_001,calibration,not_applicable,together,synthetic_recovery_progress,0.72000000,40.00000000,0,0.86999064,0.87006437
experiment_05,image_001,calibration,not_applicable,together,synthetic_recovery_progress,0.73000000,40.00000000,0,0.88278871,0.88285974
experiment_05,image_001,calibration,not_applicable,together,synthetic_recovery_progress,0.74000000,40.00000000,0,0.89504359,0.89511191
experiment_05,image_001,calibration,not_applicable,together,synthetic_recovery_progress,0.75000000,40.00000000,0,0.90673092,0.90679652
experiment_05,image_001,calibration,not_applicable,together,synthetic_recovery_progress,0.76000000,40.00000000,0,0.91782605,0.91788891
experiment_05,image_001,calibration,not_applicable,together,synthetic_recovery_progress,0.77000000,40.00000000,0,0.92830390,0.92836400
experiment_05,image_001,calibration,not_applicable,together,synthetic_recovery_progress,0.78000000,40.00000000,0,0.93813879,0.93819609
experiment_05,image_001,calibration,not_applicable,together,synthetic_recovery_progress,0.79000000,40.00000000,0,0.94730413,0.94735858
experiment_05,image_001,calibration,not_applicable,together,synthetic_recovery_progress,0.80000000,40.00000000,0,0.95577198,0.95582352
experiment_05,image_001,calibration,not_applicable,together,synthetic_recovery_progress,0.81000000,40.00000000,0,0.96351227,0.96356079
experiment_05,image_001,calibration,not_applicable,together,synthetic_recovery_progress,0.82000000,40.00000000,0,0.97049153,0.97053684
experiment_05,image_001,calibration,not_applicable,together,synthetic_recovery_progress,0.83000000,40.00000000,0,0.97667074,0.97671256
experiment_05,image_001,calibration,not_applicable,together,synthetic_recovery_progress,0.84000000,40.00000000,0,0.98200202,0.98203984
experiment_05,image_001,calibration,not_applicable,together,synthetic_recovery_progress,0.85000000,40.00000000,0,0.98642446,0.98645740
experiment_05,image_001,calibration,not_applicable,together,synthetic_recovery_progress,0.86000000,40.00000000,0,0.98986489,0.98989147
experiment_05,image_001,calibration,not_applicable,together,synthetic_recovery_progress,0.87000000,40.00000000,0,0.99226830,0.99228666
experiment_05,image_001,calibration,not_applicable,together,synthetic_recovery_progress,0.88000000,40.00000000,0,0.99370303,0.99371235
experiment_05,image_001,calibration,not_applicable,together,synthetic_recovery_progress,0.89000000,40.00000000,0,0.99447511,0.99447756
experiment_05,image_001,calibration,not_applicable,together,synthetic_recovery_progress,0.90000000,40.00000000,0,0.99500000,0.99500000
experiment_05,image_001,calibration,not_applicable,together,synthetic_recovery_progress,0.91000000,40.00000000,0,0.99550000,0.99550000
experiment_05,image_001,calibration,not_applicable,together,synthetic_recovery_progress,0.92000000,40.00000000,0,0.99600000,0.99600000
experiment_05,image_001,calibration,not_applicable,together,synthetic_recovery_progress,0.93000000,40.00000000,0,0.99650000,0.99650000
experiment_05,image_001,calibration,not_applicable,together,synthetic_recovery_progress,0.94000000,40.00000000,0,0.99700000,0.99700000
experiment_05,image_001,calibration,not_applicable,together,synthetic_recovery_progress,0.95000000,40.00000000,0,0.99750000,0.99750000
experiment_05,image_001,calibration,not_applicable,together,synthetic_recovery_progress,0.96000000,40.00000000,0,0.99800000,0.99800000
experiment_05,image_001,calibration,not_applicable,together,synthetic_recovery_progress,0.97000000,40.00000000,0,0.99850000,0.99850000
experiment_05,image_001,calibration,not_applicable,together,synthetic_recovery_progress,0.98000000,40.00000000,0,0.99900000,0.99900000
experiment_05,image_001,calibration,not_applicable,together,synthetic_recovery_progress,0.99000000,40.00000000,0,0.99950000,0.99950000
experiment_05,image_001,calibration,not_applicable,together,synthetic_recovery_progress,1.00000000,40.00000000,0,1.00000000,1.00000000
experiment_05,image_001,calibration,not_applicable,low_band_first,synthetic_recovery_progress,0.00000000,80.00000000,0,0.00000000,0.00000000
experiment_05,image_001,calibration,not_applicable,low_band_first,synthetic_recovery_progress,0.01000000,80.00000000,0,0.00000000,0.00000000
experiment_05,image_001,calibration,not_applicable,low_band_first,synthetic_recovery_progress,0.02000000,80.00000000,0,0.00000000,0.00000000
experiment_05,image_001,calibration,not_applicable,low_band_first,synthetic_recovery_progress,0.03000000,80.00000000,0,0.00000000,0.00000000
experiment_05,image_001,calibration,not_applicable,low_band_first,synthetic_recovery_progress,0.04000000,80.00000000,0,0.00000000,0.00000000
experiment_05,image_001,calibration,not_applicable,low_band_first,synthetic_recovery_progress,0.05000000,80.00000000,0,0.00000000,0.00000000
experiment_05,image_001,calibration,not_applicable,low_band_first,synthetic_recovery_progress,0.06000000,80.00000000,0,0.00000000,0.00000000
experiment_05,image_001,calibration,not_applicable,low_band_first,synthetic_recovery_progress,0.07000000,80.00000000,0,0.00302714,0.00000000
experiment_05,image_001,calibration,not_applicable,low_band_first,synthetic_recovery_progress,0.08000000,80.00000000,0,0.00870336,0.00000000
experiment_05,image_001,calibration,not_applicable,low_band_first,synthetic_recovery_progress,0.09000000,80.00000000,0,0.01647312,0.00000000
experiment_05,image_001,calibration,not_applicable,low_band_first,synthetic_recovery_progress,0.10000000,80.00000000,0,0.02624090,0.00000000
experiment_05,image_001,calibration,not_applicable,low_band_first,synthetic_recovery_progress,0.11000000,80.00000000,0,0.03791107,0.00000000
experiment_05,image_001,calibration,not_applicable,low_band_first,synthetic_recovery_progress,0.12000000,80.00000000,0,0.05138788,0.00000000
experiment_05,image_001,calibration,not_applicable,low_band_first,synthetic_recovery_progress,0.13000000,80.00000000,0,0.06657546,0.00000000
experiment_05,image_001,calibration,not_applicable,low_band_first,synthetic_recovery_progress,0.14000000,80.00000000,0,0.08337784,0.00000000
experiment_05,image_001,calibration,not_applicable,low_band_first,synthetic_recovery_progress,0.15000000,80.00000000,0,0.10169894,0.00000000
experiment_05,image_001,calibration,not_applicable,low_band_first,synthetic_recovery_progress,0.16000000,80.00000000,0,0.12144252,0.00000000
experiment_05,image_001,calibration,not_applicable,low_band_first,synthetic_recovery_progress,0.17000000,80.00000000,0,0.14251224,0.00000000
experiment_05,image_001,calibration,not_applicable,low_band_first,synthetic_recovery_progress,0.18000000,80.00000000,0,0.16481161,0.00000000
experiment_05,image_001,calibration,not_applicable,low_band_first,synthetic_recovery_progress,0.19000000,80.00000000,0,0.18824396,0.00000000
experiment_05,image_001,calibration,not_applicable,low_band_first,synthetic_recovery_progress,0.20000000,80.00000000,0,0.21271244,0.00000000
experiment_05,image_001,calibration,not_applicable,low_band_first,synthetic_recovery_progress,0.21000000,80.00000000,0,0.23812001,0.00000000
experiment_05,image_001,calibration,not_applicable,low_band_first,synthetic_recovery_progress,0.22000000,80.00000000,0,0.26436936,0.00000000
experiment_05,image_001,calibration,not_applicable,low_band_first,synthetic_recovery_progress,0.23000000,80.00000000,0,0.29136290,0.00000000
experiment_05,image_001,calibration,not_applicable,low_band_first,synthetic_recovery_progress,0.24000000,80.00000000,0,0.31900273,0.00000000
experiment_05,image_001,calibration,not_applicable,low_band_first,synthetic_recovery_progress,0.25000000,80.00000000,0,0.34719053,0.00000000
experiment_05,image_001,calibration,not_applicable,low_band_first,synthetic_recovery_progress,0.26000000,80.00000000,0,0.37582753,0.00000000
experiment_05,image_001,calibration,not_applicable,low_band_first,synthetic_recovery_progress,0.27000000,80.00000000,0,0.40481441,0.00000000
experiment_05,image_001,calibration,not_applicable,low_band_first,synthetic_recovery_progress,0.28000000,80.00000000,0,0.43405116,0.00000000
experiment_05,image_001,calibration,not_applicable,low_band_first,synthetic_recovery_progress,0.29000000,80.00000000,0,0.46343695,0.00000000
experiment_05,image_001,calibration,not_applicable,low_band_first,synthetic_recovery_progress,0.30000000,80.00000000,0,0.49286998,0.00000000
experiment_05,image_001,calibration,not_applicable,low_band_first,synthetic_recovery_progress,0.31000000,80.00000000,0,0.52224720,0.00000000
experiment_05,image_001,calibration,not_applicable,low_band_first,synthetic_recovery_progress,0.32000000,80.00000000,0,0.55146406,0.00000000
experiment_05,image_001,calibration,not_applicable,low_band_first,synthetic_recovery_progress,0.33000000,80.00000000,0,0.58041412,0.00000000
experiment_05,image_001,calibration,not_applicable,low_band_first,synthetic_recovery_progress,0.34000000,80.00000000,0,0.60898862,0.00000000
experiment_05,image_001,calibration,not_applicable,low_band_first,synthetic_recovery_progress,0.35000000,80.00000000,0,0.63707581,0.00000000
experiment_05,image_001,calibration,not_applicable,low_band_first,synthetic_recovery_progress,0.36000000,80.00000000,0,0.66456027,0.00000000
experiment_05,image_001,calibration,not_applicable,low_band_first,synthetic_recovery_progress,0.37000000,80.00000000,0,0.69132183,0.00000000
experiment_05,image_001,calibration,not_applicable,low_band_first,synthetic_recovery_progress,0.38000000,80.00000000,0,0.71723445,0.00000000
experiment_05,image_001,calibration,not_applicable,low_band_first,synthetic_recovery_progress,0.39000000,80.00000000,0,0.74216457,0.00000000
experiment_05,image_001,calibration,not_applicable,low_band_first,synthetic_recovery_progress,0.40000000,80.00000000,0,0.76596940,0.00000000
experiment_05,image_001,calibration,not_applicable,low_band_first,synthetic_recovery_progress,0.41000000,80.00000000,0,0.78849486,0.00000000
experiment_05,image_001,calibration,not_applicable,low_band_first,synthetic_recovery_progress,0.42000000,80.00000000,0,0.80957379,0.00000000
experiment_05,image_001,calibration,not_applicable,low_band_first,synthetic_recovery_progress,0.43000000,80.00000000,0,0.82902504,0.00000000
experiment_05,image_001,calibration,not_applicable,low_band_first,synthetic_recovery_progress,0.44000000,80.00000000,0,0.84665531,0.00000000
experiment_05,image_001,calibration,not_applicable,low_band_first,synthetic_recovery_progress,0.45000000,80.00000000,0,0.86226651,0.00000000
experiment_05,image_001,calibration,not_applicable,low_band_first,synthetic_recovery_progress,0.46000000,80.00000000,0,0.87574365,0.00051321
experiment_05,image_001,calibration,not_applicable,low_band_first,synthetic_recovery_progress,0.47000000,80.00000000,0,0.88703884,0.00402233
experiment_05,image_001,calibration,not_applicable,low_band_first,synthetic_recovery_progress,0.48000000,80.00000000,0,0.89612829,0.00973795
experiment_05,image_001,calibration,not_applicable,low_band_first,synthetic_recovery_progress,0.49000000,80.00000000,0,0.90310924,0.01756423
experiment_05,image_001,calibration,not_applicable,low_band_first,synthetic_recovery_progress,0.50000000,80.00000000,0,0.90822040,0.02740530
experiment_05,image_001,calibration,not_applicable,low_band_first,synthetic_recovery_progress,0.51000000,80.00000000,0,0.91182697,0.03916526
experiment_05,image_001,calibration,not_applicable,low_band_first,synthetic_recovery_progress,0.52000000,80.00000000,0,0.91436850,0.05274821
experiment_05,image_001,calibration,not_applicable,low_band_first,synthetic_recovery_progress,0.53000000,80.00000000,0,0.91628709,0.06805823
experiment_05,image_001,calibration,not_applicable,low_band_first,synthetic_recovery_progress,0.54000000,80.00000000,0,0.91795852,0.08499940
experiment_05,image_001,calibration,not_applicable,low_band_first,synthetic_recovery_progress,0.55000000,80.00000000,0,0.91963698,0.10347579
experiment_05,image_001,calibration,not_applicable,low_band_first,synthetic_recovery_progress,0.56000000,80.00000000,0,0.92142224,0.12339144
experiment_05,image_001,calibration,not_applicable,low_band_first,synthetic_recovery_progress,0.57000000,80.00000000,0,0.92331860,0.14465041
experiment_05,image_001,calibration,not_applicable,low_band_first,synthetic_recovery_progress,0.58000000,80.00000000,0,0.92531808,0.16715674
experiment_05,image_001,calibration,not_applicable,low_band_first,synthetic_recovery_progress,0.59000000,80.00000000,0,0.92741268,0.19081447
experiment_05,image_001,calibration,not_applicable,low_band_first,synthetic_recovery_progress,0.60000000,80.00000000,0,0.92959435,0.21552762
experiment_05,image_001,calibration,not_applicable,low_band_first,synthetic_recovery_progress,0.61000000,80.00000000,0,0.93185502,0.24120023
experiment_05,image_001,calibration,not_applicable,low_band_first,synthetic_recovery_progress,0.62000000,80.00000000,0,0.93418657,0.26773631
experiment_05,image_001,calibration,not_applicable,low_band_first,synthetic_recovery_progress,0.63000000,80.00000000,0,0.93658090,0.29503989
experiment_05,image_001,calibration,not_applicable,low_band_first,synthetic_recovery_progress,0.64000000,80.00000000,0,0.93902985,0.32301498
experiment_05,image_001,calibration,not_applicable,low_band_first,synthetic_recovery_progress,0.65000000,80.00000000,0,0.94152523,0.35156559
experiment_05,image_001,calibration,not_applicable,low_band_first,synthetic_recovery_progress,0.66000000,80.00000000,0,0.94405886,0.38059573
experiment_05,image_001,calibration,not_applicable,low_band_first,synthetic_recovery_progress,0.67000000,80.00000000,0,0.94662251,0.41000939
experiment_05,image_001,calibration,not_applicable,low_band_first,synthetic_recovery_progress,0.68000000,80.00000000,0,0.94920793,0.43971058
experiment_05,image_001,calibration,not_applicable,low_band_first,synthetic_recovery_progress,0.69000000,80.00000000,0,0.95180686,0.46960329
experiment_05,image_001,calibration,not_applicable,low_band_first,synthetic_recovery_progress,0.70000000,80.00000000,0,0.95441100,0.49959151
experiment_05,image_001,calibration,not_applicable,low_band_first,synthetic_recovery_progress,0.71000000,80.00000000,0,0.95701201,0.52957920
experiment_05,image_001,calibration,not_applicable,low_band_first,synthetic_recovery_progress,0.72000000,80.00000000,0,0.95960155,0.55947036
experiment_05,image_001,calibration,not_applicable,low_band_first,synthetic_recovery_progress,0.73000000,80.00000000,0,0.96217121,0.58916894
experiment_05,image_001,calibration,not_applicable,low_band_first,synthetic_recovery_progress,0.74000000,80.00000000,0,0.96471257,0.61857889
experiment_05,image_001,calibration,not_applicable,low_band_first,synthetic_recovery_progress,0.75000000,80.00000000,0,0.96721715,0.64760416
experiment_05,image_001,calibration,not_applicable,low_band_first,synthetic_recovery_progress,0.76000000,80.00000000,0,0.96967640,0.67614867
experiment_05,image_001,calibration,not_applicable,low_band_first,synthetic_recovery_progress,0.77000000,80.00000000,0,0.97208174,0.70411631
experiment_05,image_001,calibration,not_applicable,low_band_first,synthetic_recovery_progress,0.78000000,80.00000000,0,0.97442451,0.73141097
experiment_05,image_001,calibration,not_applicable,low_band_first,synthetic_recovery_progress,0.79000000,80.00000000,0,0.97669594,0.75793648
experiment_05,image_001,calibration,not_applicable,low_band_first,synthetic_recovery_progress,0.80000000,80.00000000,0,0.97888720,0.78359662
experiment_05,image_001,calibration,not_applicable,low_band_first,synthetic_recovery_progress,0.81000000,80.00000000,0,0.98098934,0.80829511
experiment_05,image_001,calibration,not_applicable,low_band_first,synthetic_recovery_progress,0.82000000,80.00000000,0,0.98299332,0.83193556
experiment_05,image_001,calibration,not_applicable,low_band_first,synthetic_recovery_progress,0.83000000,80.00000000,0,0.98489001,0.85442145
experiment_05,image_001,calibration,not_applicable,low_band_first,synthetic_recovery_progress,0.84000000,80.00000000,0,0.98667022,0.87565601
experiment_05,image_001,calibration,not_applicable,low_band_first,synthetic_recovery_progress,0.85000000,80.00000000,0,0.98832485,0.89554216
experiment_05,image_001,calibration,not_applicable,low_band_first,synthetic_recovery_progress,0.86000000,80.00000000,0,0.98984513,0.91398226
experiment_05,image_001,calibration,not_applicable,low_band_first,synthetic_recovery_progress,0.87000000,80.00000000,0,0.99122305,0.93087775
experiment_05,image_001,calibration,not_applicable,low_band_first,synthetic_recovery_progress,0.88000000,80.00000000,0,0.99245225,0.94612839
experiment_05,image_001,calibration,not_applicable,low_band_first,synthetic_recovery_progress,0.89000000,80.00000000,0,0.99352941,0.95963073
experiment_05,image_001,calibration,not_applicable,low_band_first,synthetic_recovery_progress,0.90000000,80.00000000,0,0.99445642,0.97127460
experiment_05,image_001,calibration,not_applicable,low_band_first,synthetic_recovery_progress,0.91000000,80.00000000,0,0.99524293,0.98093423
experiment_05,image_001,calibration,not_applicable,low_band_first,synthetic_recovery_progress,0.92000000,80.00000000,0,0.99590866,0.98844426
experiment_05,image_001,calibration,not_applicable,low_band_first,synthetic_recovery_progress,0.93000000,80.00000000,0,0.99648353,0.99354480
experiment_05,image_001,calibration,not_applicable,low_band_first,synthetic_recovery_progress,0.94000000,80.00000000,0,0.99700412,0.99600904
experiment_05,image_001,calibration,not_applicable,low_band_first,synthetic_recovery_progress,0.95000000,80.00000000,0,0.99750494,0.99682631
experiment_05,image_001,calibration,not_applicable,low_band_first,synthetic_recovery_progress,0.96000000,80.00000000,0,0.99800395,0.99746105
experiment_05,image_001,calibration,not_applicable,low_band_first,synthetic_recovery_progress,0.97000000,80.00000000,0,0.99850296,0.99809579
experiment_05,image_001,calibration,not_applicable,low_band_first,synthetic_recovery_progress,0.98000000,80.00000000,0,0.99900198,0.99873053
experiment_05,image_001,calibration,not_applicable,low_band_first,synthetic_recovery_progress,0.99000000,80.00000000,0,0.99950099,0.99936526
experiment_05,image_001,calibration,not_applicable,low_band_first,synthetic_recovery_progress,1.00000000,80.00000000,0,1.00000000,1.00000000
experiment_05,image_001,calibration,not_applicable,high_band_first,synthetic_recovery_progress,0.00000000,80.00000000,0,0.00000000,0.00000000
experiment_05,image_001,calibration,not_applicable,high_band_first,synthetic_recovery_progress,0.01000000,80.00000000,0,0.00000000,0.00000000
experiment_05,image_001,calibration,not_applicable,high_band_first,synthetic_recovery_progress,0.02000000,80.00000000,0,0.00000000,0.00000000
experiment_05,image_001,calibration,not_applicable,high_band_first,synthetic_recovery_progress,0.03000000,80.00000000,0,0.00000000,0.00000000
experiment_05,image_001,calibration,not_applicable,high_band_first,synthetic_recovery_progress,0.04000000,80.00000000,0,0.00000000,0.00000000
experiment_05,image_001,calibration,not_applicable,high_band_first,synthetic_recovery_progress,0.05000000,80.00000000,0,0.00000000,0.00000000
experiment_05,image_001,calibration,not_applicable,high_band_first,synthetic_recovery_progress,0.06000000,80.00000000,0,0.00000000,0.00000000
experiment_05,image_001,calibration,not_applicable,high_band_first,synthetic_recovery_progress,0.07000000,80.00000000,0,0.00000000,0.00278054
experiment_05,image_001,calibration,not_applicable,high_band_first,synthetic_recovery_progress,0.08000000,80.00000000,0,0.00000000,0.00850561
experiment_05,image_001,calibration,not_applicable,high_band_first,synthetic_recovery_progress,0.09000000,80.00000000,0,0.00000000,0.01633896
experiment_05,image_001,calibration,not_applicable,high_band_first,synthetic_recovery_progress,0.10000000,80.00000000,0,0.00000000,0.02618481
experiment_05,image_001,calibration,not_applicable,high_band_first,synthetic_recovery_progress,0.11000000,80.00000000,0,0.00000000,0.03794735
experiment_05,image_001,calibration,not_applicable,high_band_first,synthetic_recovery_progress,0.12000000,80.00000000,0,0.00000000,0.05153073
experiment_05,image_001,calibration,not_applicable,high_band_first,synthetic_recovery_progress,0.13000000,80.00000000,0,0.00000000,0.06683905
experiment_05,image_001,calibration,not_applicable,high_band_first,synthetic_recovery_progress,0.14000000,80.00000000,0,0.00000000,0.08377641
experiment_05,image_001,calibration,not_applicable,high_band_first,synthetic_recovery_progress,0.15000000,80.00000000,0,0.00000000,0.10224684
experiment_05,image_001,calibration,not_applicable,high_band_first,synthetic_recovery_progress,0.16000000,80.00000000,0,0.00000000,0.12215436
experiment_05,image_001,calibration,not_applicable,high_band_first,synthetic_recovery_progress,0.17000000,80.00000000,0,0.00000000,0.14340296
experiment_05,image_001,calibration,not_applicable,high_band_first,synthetic_recovery_progress,0.18000000,80.00000000,0,0.00000000,0.16589661
experiment_05,image_001,calibration,not_applicable,high_band_first,synthetic_recovery_progress,0.19000000,80.00000000,0,0.00000483,0.18953923
experiment_05,image_001,calibration,not_applicable,high_band_first,synthetic_recovery_progress,0.20000000,80.00000000,0,0.00017648,0.21423471
experiment_05,image_001,calibration,not_applicable,high_band_first,synthetic_recovery_progress,0.21000000,80.00000000,0,0.00034879,0.23988693
experiment_05,image_001,calibration,not_applicable,high_band_first,synthetic_recovery_progress,0.22000000,80.00000000,0,0.00052069,0.26639969
experiment_05,image_001,calibration,not_applicable,high_band_first,synthetic_recovery_progress,0.23000000,80.00000000,0,0.00069116,0.29367680
experiment_05,image_001,calibration,not_applicable,high_band_first,synthetic_recovery_progress,0.24000000,80.00000000,0,0.00085926,0.32162196
experiment_05,image_001,calibration,not_applicable,high_band_first,synthetic_recovery_progress,0.25000000,80.00000000,0,0.00102411,0.35013887
experiment_05,image_001,calibration,not_applicable,high_band_first,synthetic_recovery_progress,0.26000000,80.00000000,0,0.00118489,0.37913112
experiment_05,image_001,calibration,not_applicable,high_band_first,synthetic_recovery_progress,0.27000000,80.00000000,0,0.00134087,0.40850225
experiment_05,image_001,calibration,not_applicable,high_band_first,synthetic_recovery_progress,0.28000000,80.00000000,0,0.00149141,0.43815570
experiment_05,image_001,calibration,not_applicable,high_band_first,synthetic_recovery_progress,0.29000000,80.00000000,0,0.00163592,0.46799478
experiment_05,image_001,calibration,not_applicable,high_band_first,synthetic_recovery_progress,0.30000000,80.00000000,0,0.00177393,0.49792268
experiment_05,image_001,calibration,not_applicable,high_band_first,synthetic_recovery_progress,0.31000000,80.00000000,0,0.00190503,0.52784241
experiment_05,image_001,calibration,not_applicable,high_band_first,synthetic_recovery_progress,0.32000000,80.00000000,0,0.00202890,0.55765678
experiment_05,image_001,calibration,not_applicable,high_band_first,synthetic_recovery_progress,0.33000000,80.00000000,0,0.00214531,0.58726832
experiment_05,image_001,calibration,not_applicable,high_band_first,synthetic_recovery_progress,0.34000000,80.00000000,0,0.00225412,0.61657921
experiment_05,image_001,calibration,not_applicable,high_band_first,synthetic_recovery_progress,0.35000000,80.00000000,0,0.00235525,0.64549123
experiment_05,image_001,calibration,not_applicable,high_band_first,synthetic_recovery_progress,0.36000000,80.00000000,0,0.00244874,0.67390555
experiment_05,image_001,calibration,not_applicable,high_band_first,synthetic_recovery_progress,0.37000000,80.00000000,0,0.00253466,0.70172262
experiment_05,image_001,calibration,not_applicable,high_band_first,synthetic_recovery_progress,0.38000000,80.00000000,0,0.00261318,0.72884189
experiment_05,image_001,calibration,not_applicable,high_band_first,synthetic_recovery_progress,0.39000000,80.00000000,0,0.00268454,0.75516146
experiment_05,image_001,calibration,not_applicable,high_band_first,synthetic_recovery_progress,0.40000000,80.00000000,0,0.00274903,0.78057757
experiment_05,image_001,calibration,not_applicable,high_band_first,synthetic_recovery_progress,0.41000000,80.00000000,0,0.00280702,0.80498390
experiment_05,image_001,calibration,not_applicable,high_band_first,synthetic_recovery_progress,0.42000000,80.00000000,0,0.00285891,0.82827046
experiment_05,image_001,calibration,not_applicable,high_band_first,synthetic_recovery_progress,0.43000000,80.00000000,0,0.00290515,0.85032201
experiment_05,image_001,calibration,not_applicable,high_band_first,synthetic_recovery_progress,0.44000000,80.00000000,0,0.00294624,0.87101561
experiment_05,image_001,calibration,not_applicable,high_band_first,synthetic_recovery_progress,0.45000000,80.00000000,0,0.00298268,0.89021699
experiment_05,image_001,calibration,not_applicable,high_band_first,synthetic_recovery_progress,0.46000000,80.00000000,0,0.00419416,0.90777516
experiment_05,image_001,calibration,not_applicable,high_band_first,synthetic_recovery_progress,0.47000000,80.00000000,0,0.00769671,0.92351507
experiment_05,image_001,calibration,not_applicable,high_band_first,synthetic_recovery_progress,0.48000000,80.00000000,0,0.01339540,0.93722979
experiment_05,image_001,calibration,not_applicable,high_band_first,synthetic_recovery_progress,0.49000000,80.00000000,0,0.02119519,0.94868013
experiment_05,image_001,calibration,not_applicable,high_band_first,synthetic_recovery_progress,0.50000000,80.00000000,0,0.03100103,0.95762634
experiment_05,image_001,calibration,not_applicable,high_band_first,synthetic_recovery_progress,0.51000000,80.00000000,0,0.04271778,0.96393834
experiment_05,image_001,calibration,not_applicable,high_band_first,synthetic_recovery_progress,0.52000000,80.00000000,0,0.05625027,0.96779309
experiment_05,image_001,calibration,not_applicable,high_band_first,synthetic_recovery_progress,0.53000000,80.00000000,0,0.07150325,0.96979258
experiment_05,image_001,calibration,not_applicable,high_band_first,synthetic_recovery_progress,0.54000000,80.00000000,0,0.08838137,0.97077524
experiment_05,image_001,calibration,not_applicable,high_band_first,synthetic_recovery_progress,0.55000000,80.00000000,0,0.10678923,0.97143683
experiment_05,image_001,calibration,not_applicable,high_band_first,synthetic_recovery_progress,0.56000000,80.00000000,0,0.12663127,0.97207157
experiment_05,image_001,calibration,not_applicable,high_band_first,synthetic_recovery_progress,0.57000000,80.00000000,0,0.14781191,0.97270630
experiment_05,image_001,calibration,not_applicable,high_band_first,synthetic_recovery_progress,0.58000000,80.00000000,0,0.17023550,0.97334104
experiment_05,image_001,calibration,not_applicable,high_band_first,synthetic_recovery_progress,0.59000000,80.00000000,0,0.19380645,0.97397578
experiment_05,image_001,calibration,not_applicable,high_band_first,synthetic_recovery_progress,0.60000000,80.00000000,0,0.21842912,0.97461052
experiment_05,image_001,calibration,not_applicable,high_band_first,synthetic_recovery_progress,0.61000000,80.00000000,0,0.24400789,0.97524525
experiment_05,image_001,calibration,not_applicable,high_band_first,synthetic_recovery_progress,0.62000000,80.00000000,0,0.27044712,0.97587999
experiment_05,image_001,calibration,not_applicable,high_band_first,synthetic_recovery_progress,0.63000000,80.00000000,0,0.29765120,0.97651473
experiment_05,image_001,calibration,not_applicable,high_band_first,synthetic_recovery_progress,0.64000000,80.00000000,0,0.32552447,0.97714946
experiment_05,image_001,calibration,not_applicable,high_band_first,synthetic_recovery_progress,0.65000000,80.00000000,0,0.35397130,0.97778420
experiment_05,image_001,calibration,not_applicable,high_band_first,synthetic_recovery_progress,0.66000000,80.00000000,0,0.38289606,0.97841894
experiment_05,image_001,calibration,not_applicable,high_band_first,synthetic_recovery_progress,0.67000000,80.00000000,0,0.41220310,0.97905368
experiment_05,image_001,calibration,not_applicable,high_band_first,synthetic_recovery_progress,0.68000000,80.00000000,0,0.44179677,0.97968841
experiment_05,image_001,calibration,not_applicable,high_band_first,synthetic_recovery_progress,0.69000000,80.00000000,0,0.47158144,0.98032315
experiment_05,image_001,calibration,not_applicable,high_band_first,synthetic_recovery_progress,0.70000000,80.00000000,0,0.50146144,0.98095789
experiment_05,image_001,calibration,not_applicable,high_band_first,synthetic_recovery_progress,0.71000000,80.00000000,0,0.53134112,0.98159262
experiment_05,image_001,calibration,not_applicable,high_band_first,synthetic_recovery_progress,0.72000000,80.00000000,0,0.56112482,0.98222736
experiment_05,image_001,calibration,not_applicable,high_band_first,synthetic_recovery_progress,0.73000000,80.00000000,0,0.59071687,0.98286210
experiment_05,image_001,calibration,not_applicable,high_band_first,synthetic_recovery_progress,0.74000000,80.00000000,0,0.62002161,0.98349684
experiment_05,image_001,calibration,not_applicable,high_band_first,synthetic_recovery_progress,0.75000000,80.00000000,0,0.64894335,0.98413157
experiment_05,image_001,calibration,not_applicable,high_band_first,synthetic_recovery_progress,0.76000000,80.00000000,0,0.67738640,0.98476631
experiment_05,image_001,calibration,not_applicable,high_band_first,synthetic_recovery_progress,0.77000000,80.00000000,0,0.70525505,0.98540105
experiment_05,image_001,calibration,not_applicable,high_band_first,synthetic_recovery_progress,0.78000000,80.00000000,0,0.73245359,0.98603578
experiment_05,image_001,calibration,not_applicable,high_band_first,synthetic_recovery_progress,0.79000000,80.00000000,0,0.75888626,0.98667052
experiment_05,image_001,calibration,not_applicable,high_band_first,synthetic_recovery_progress,0.80000000,80.00000000,0,0.78445729,0.98730526
experiment_05,image_001,calibration,not_applicable,high_band_first,synthetic_recovery_progress,0.81000000,80.00000000,0,0.80907086,0.98794000
experiment_05,image_001,calibration,not_applicable,high_band_first,synthetic_recovery_progress,0.82000000,80.00000000,0,0.83263109,0.98857473
experiment_05,image_001,calibration,not_applicable,high_band_first,synthetic_recovery_progress,0.83000000,80.00000000,0,0.85504199,0.98920947
experiment_05,image_001,calibration,not_applicable,high_band_first,synthetic_recovery_progress,0.84000000,80.00000000,0,0.87620747,0.98984421
experiment_05,image_001,calibration,not_applicable,high_band_first,synthetic_recovery_progress,0.85000000,80.00000000,0,0.89603119,0.99047894
experiment_05,image_001,calibration,not_applicable,high_band_first,synthetic_recovery_progress,0.86000000,80.00000000,0,0.91441649,0.99111368
experiment_05,image_001,calibration,not_applicable,high_band_first,synthetic_recovery_progress,0.87000000,80.00000000,0,0.93126612,0.99174842
experiment_05,image_001,calibration,not_applicable,high_band_first,synthetic_recovery_progress,0.88000000,80.00000000,0,0.94648176,0.99238315
experiment_05,image_001,calibration,not_applicable,high_band_first,synthetic_recovery_progress,0.89000000,80.00000000,0,0.95996305,0.99301789
experiment_05,image_001,calibration,not_applicable,high_band_first,synthetic_recovery_progress,0.90000000,80.00000000,0,0.97160528,0.99365263
experiment_05,image_001,calibration,not_applicable,high_band_first,synthetic_recovery_progress,0.91000000,80.00000000,0,0.98129331,0.99428737
experiment_05,image_001,calibration,not_applicable,high_band_first,synthetic_recovery_progress,0.92000000,80.00000000,0,0.98888359,0.99492210
experiment_05,image_001,calibration,not_applicable,high_band_first,synthetic_recovery_progress,0.93000000,80.00000000,0,0.99414870,0.99555684
experiment_05,image_001,calibration,not_applicable,high_band_first,synthetic_recovery_progress,0.94000000,80.00000000,0,0.99676946,0.99619158
experiment_05,image_001,calibration,not_applicable,high_band_first,synthetic_recovery_progress,0.95000000,80.00000000,0,0.99750494,0.99682631
experiment_05,image_001,calibration,not_applicable,high_band_first,synthetic_recovery_progress,0.96000000,80.00000000,0,0.99800395,0.99746105
experiment_05,image_001,calibration,not_applicable,high_band_first,synthetic_recovery_progress,0.97000000,80.00000000,0,0.99850296,0.99809579
experiment_05,image_001,calibration,not_applicable,high_band_first,synthetic_recovery_progress,0.98000000,80.00000000,0,0.99900198,0.99873053
experiment_05,image_001,calibration,not_applicable,high_band_first,synthetic_recovery_progress,0.99000000,80.00000000,0,0.99950099,0.99936526
experiment_05,image_001,calibration,not_applicable,high_band_first,synthetic_recovery_progress,1.00000000,80.00000000,0,1.00000000,1.00000000
experiment_05,image_001,calibration,not_applicable,together,synthetic_recovery_progress,0.00000000,80.00000000,0,0.00000000,0.00000000
experiment_05,image_001,calibration,not_applicable,together,synthetic_recovery_progress,0.01000000,80.00000000,0,0.00000000,0.00000000
experiment_05,image_001,calibration,not_applicable,together,synthetic_recovery_progress,0.02000000,80.00000000,0,0.00000000,0.00000000
experiment_05,image_001,calibration,not_applicable,together,synthetic_recovery_progress,0.03000000,80.00000000,0,0.00000000,0.00000000
experiment_05,image_001,calibration,not_applicable,together,synthetic_recovery_progress,0.04000000,80.00000000,0,0.00000000,0.00000000
experiment_05,image_001,calibration,not_applicable,together,synthetic_recovery_progress,0.05000000,80.00000000,0,0.00000000,0.00000000
experiment_05,image_001,calibration,not_applicable,together,synthetic_recovery_progress,0.06000000,80.00000000,0,0.00000000,0.00000000
experiment_05,image_001,calibration,not_applicable,together,synthetic_recovery_progress,0.07000000,80.00000000,0,0.00000000,0.00000000
experiment_05,image_001,calibration,not_applicable,together,synthetic_recovery_progress,0.08000000,80.00000000,0,0.00000000,0.00000000
experiment_05,image_001,calibration,not_applicable,together,synthetic_recovery_progress,0.09000000,80.00000000,0,0.00000000,0.00000000
experiment_05,image_001,calibration,not_applicable,together,synthetic_recovery_progress,0.10000000,80.00000000,0,0.00000000,0.00000000
experiment_05,image_001,calibration,not_applicable,together,synthetic_recovery_progress,0.11000000,80.00000000,0,0.00000000,0.00000000
experiment_05,image_001,calibration,not_applicable,together,synthetic_recovery_progress,0.12000000,80.00000000,0,0.00037776,0.00014721
experiment_05,image_001,calibration,not_applicable,together,synthetic_recovery_progress,0.13000000,80.00000000,0,0.00267263,0.00245006
experiment_05,image_001,calibration,not_applicable,together,synthetic_recovery_progress,0.14000000,80.00000000,0,0.00583372,0.00561853
experiment_05,image_001,calibration,not_applicable,together,synthetic_recovery_progress,0.15000000,80.00000000,0,0.00983765,0.00962929
experiment_05,image_001,calibration,not_applicable,together,synthetic_recovery_progress,0.16000000,80.00000000,0,0.01466105,0.01445898
experiment_05,image_001,calibration,not_applicable,together,synthetic_recovery_progress,0.17000000,80.00000000,0,0.02028052,0.02008426
experiment_05,image_001,calibration,not_applicable,together,synthetic_recovery_progress,0.18000000,80.00000000,0,0.02667267,0.02648175
experiment_05,image_001,calibration,not_applicable,together,synthetic_recovery_progress,0.19000000,80.00000000,0,0.03381411,0.03362810
experiment_05,image_001,calibration,not_applicable,together,synthetic_recovery_progress,0.20000000,80.00000000,0,0.04168145,0.04149992
experiment_05,image_001,calibration,not_applicable,together,synthetic_recovery_progress,0.21000000,80.00000000,0,0.05025127,0.05007383
experiment_05,image_001,calibration,not_applicable,together,synthetic_recovery_progress,0.22000000,80.00000000,0,0.05950018,0.05932646
experiment_05,image_001,calibration,not_applicable,together,synthetic_recovery_progress,0.23000000,80.00000000,0,0.06940476,0.06923441
experiment_05,image_001,calibration,not_applicable,together,synthetic_recovery_progress,0.24000000,80.00000000,0,0.07994161,0.07977429
experiment_05,image_001,calibration,not_applicable,together,synthetic_recovery_progress,0.25000000,80.00000000,0,0.09108732,0.09092270
experiment_05,image_001,calibration,not_applicable,together,synthetic_recovery_progress,0.26000000,80.00000000,0,0.10281846,0.10265624
experiment_05,image_001,calibration,not_applicable,together,synthetic_recovery_progress,0.27000000,80.00000000,0,0.11511163,0.11495151
experiment_05,image_001,calibration,not_applicable,together,synthetic_recovery_progress,0.28000000,80.00000000,0,0.12794340,0.12778510
experiment_05,image_001,calibration,not_applicable,together,synthetic_recovery_progress,0.29000000,80.00000000,0,0.14129036,0.14113361
experiment_05,image_001,calibration,not_applicable,together,synthetic_recovery_progress,0.30000000,80.00000000,0,0.15512908,0.15497362
experiment_05,image_001,calibration,not_applicable,together,synthetic_recovery_progress,0.31000000,80.00000000,0,0.16943614,0.16928172
experiment_05,image_001,calibration,not_applicable,together,synthetic_recovery_progress,0.32000000,80.00000000,0,0.18418812,0.18403448
experiment_05,image_001,calibration,not_applicable,together,synthetic_recovery_progress,0.33000000,80.00000000,0,0.19936159,0.19920851
experiment_05,image_001,calibration,not_applicable,together,synthetic_recovery_progress,0.34000000,80.00000000,0,0.21493312,0.21478036
experiment_05,image_001,calibration,not_applicable,together,synthetic_recovery_progress,0.35000000,80.00000000,0,0.23087929,0.23072663
experiment_05,image_001,calibration,not_applicable,together,synthetic_recovery_progress,0.36000000,80.00000000,0,0.24717667,0.24702389
experiment_05,image_001,calibration,not_applicable,together,synthetic_recovery_progress,0.37000000,80.00000000,0,0.26380183,0.26364870
experiment_05,image_001,calibration,not_applicable,together,synthetic_recovery_progress,0.38000000,80.00000000,0,0.28073133,0.28057765
experiment_05,image_001,calibration,not_applicable,together,synthetic_recovery_progress,0.39000000,80.00000000,0,0.29794174,0.29778731
experiment_05,image_001,calibration,not_applicable,together,synthetic_recovery_progress,0.40000000,80.00000000,0,0.31540963,0.31525423
experiment_05,image_001,calibration,not_applicable,together,synthetic_recovery_progress,0.41000000,80.00000000,0,0.33311156,0.33295500
experiment_05,image_001,calibration,not_applicable,together,synthetic_recovery_progress,0.42000000,80.00000000,0,0.35102410,0.35086617
experiment_05,image_001,calibration,not_applicable,together,synthetic_recovery_progress,0.43000000,80.00000000,0,0.36912382,0.36896431
experiment_05,image_001,calibration,not_applicable,together,synthetic_recovery_progress,0.44000000,80.00000000,0,0.38738726,0.38722597
experiment_05,image_001,calibration,not_applicable,together,synthetic_recovery_progress,0.45000000,80.00000000,0,0.40579100,0.40562772
experiment_05,image_001,calibration,not_applicable,together,synthetic_recovery_progress,0.46000000,80.00000000,0,0.42431158,0.42414612
experiment_05,image_001,calibration,not_applicable,together,synthetic_recovery_progress,0.47000000,80.00000000,0,0.44292558,0.44275771
experiment_05,image_001,calibration,not_applicable,together,synthetic_recovery_progress,0.48000000,80.00000000,0,0.46160954,0.46143905
experiment_05,image_001,calibration,not_applicable,together,synthetic_recovery_progress,0.49000000,80.00000000,0,0.48034002,0.48016670
experiment_05,image_001,calibration,not_applicable,together,synthetic_recovery_progress,0.50000000,80.00000000,0,0.49909357,0.49891718
experiment_05,image_001,calibration,not_applicable,together,synthetic_recovery_progress,0.51000000,80.00000000,0,0.51784674,0.51766705
experiment_05,image_001,calibration,not_applicable,together,synthetic_recovery_progress,0.52000000,80.00000000,0,0.53657608,0.53639285
experiment_05,image_001,calibration,not_applicable,together,synthetic_recovery_progress,0.53000000,80.00000000,0,0.55525813,0.55507111
experiment_05,image_001,calibration,not_applicable,together,synthetic_recovery_progress,0.54000000,80.00000000,0,0.57386944,0.57367836
experiment_05,image_001,calibration,not_applicable,together,synthetic_recovery_progress,0.55000000,80.00000000,0,0.59238654,0.59219112
experiment_05,image_001,calibration,not_applicable,together,synthetic_recovery_progress,0.56000000,80.00000000,0,0.61078597,0.61058591
experiment_05,image_001,calibration,not_applicable,together,synthetic_recovery_progress,0.57000000,80.00000000,0,0.62904427,0.62883925
experiment_05,image_001,calibration,not_applicable,together,synthetic_recovery_progress,0.58000000,80.00000000,0,0.64713794,0.64692763
experiment_05,image_001,calibration,not_applicable,together,synthetic_recovery_progress,0.59000000,80.00000000,0,0.66504353,0.66482756
experiment_05,image_001,calibration,not_applicable,together,synthetic_recovery_progress,0.60000000,80.00000000,0,0.68273753,0.68251551
experiment_05,image_001,calibration,not_applicable,together,synthetic_recovery_progress,0.61000000,80.00000000,0,0.70019645,0.69996795
experiment_05,image_001,calibration,not_applicable,together,synthetic_recovery_progress,0.62000000,80.00000000,0,0.71739680,0.71716133
experiment_05,image_001,calibration,not_applicable,together,synthetic_recovery_progress,0.63000000,80.00000000,0,0.73431504,0.73407210
experiment_05,image_001,calibration,not_applicable,together,synthetic_recovery_progress,0.64000000,80.00000000,0,0.75092765,0.75067665
experiment_05,image_001,calibration,not_applicable,together,synthetic_recovery_progress,0.65000000,80.00000000,0,0.76721108,0.76695138
experiment_05,image_001,calibration,not_applicable,together,synthetic_recovery_progress,0.66000000,80.00000000,0,0.78314176,0.78287264
experiment_05,image_001,calibration,not_applicable,together,synthetic_recovery_progress,0.67000000,80.00000000,0,0.79869609,0.79841673
experiment_05,image_001,calibration,not_applicable,together,synthetic_recovery_progress,0.68000000,80.00000000,0,0.81385045,0.81355991
experiment_05,image_001,calibration,not_applicable,together,synthetic_recovery_progress,0.69000000,80.00000000,0,0.82858117,0.82827838
experiment_05,image_001,calibration,not_applicable,together,synthetic_recovery_progress,0.70000000,80.00000000,0,0.84286452,0.84254824
experiment_05,image_001,calibration,not_applicable,together,synthetic_recovery_progress,0.71000000,80.00000000,0,0.85667672,0.85634549
experiment_05,image_001,calibration,not_applicable,together,synthetic_recovery_progress,0.72000000,80.00000000,0,0.86999389,0.86964601
experiment_05,image_001,calibration,not_applicable,together,synthetic_recovery_progress,0.73000000,80.00000000,0,0.88279204,0.88242548
experiment_05,image_001,calibration,not_applicable,together,synthetic_recovery_progress,0.74000000,80.00000000,0,0.89504702,0.89465933
experiment_05,image_001,calibration,not_applicable,together,synthetic_recovery_progress,0.75000000,80.00000000,0,0.90673447,0.90632267
experiment_05,image_001,calibration,not_applicable,together,synthetic_recovery_progress,0.76000000,80.00000000,0,0.91782975,0.91739018
experiment_05,image_001,calibration,not_applicable,together,synthetic_recovery_progress,0.77000000,80.00000000,0,0.92830777,0.92783585
experiment_05,image_001,calibration,not_applicable,together,synthetic_recovery_progress,0.78000000,80.00000000,0,0.93814286,0.93763282
experiment_05,image_001,calibration,not_applicable,together,synthetic_recovery_progress,0.79000000,80.00000000,0,0.94730846,0.94675285
experiment_05,image_001,calibration,not_applicable,together,synthetic_recovery_progress,0.80000000,80.00000000,0,0.95577664,0.95516576
experiment_05,image_001,calibration,not_applicable,together,synthetic_recovery_progress,0.81000000,80.00000000,0,0.96351734,0.96283841
experiment_05,image_001,calibration,not_applicable,together,synthetic_recovery_progress,0.82000000,80.00000000,0,0.97049712,0.96973312
experiment_05,image_001,calibration,not_applicable,together,synthetic_recovery_progress,0.83000000,80.00000000,0,0.97667701,0.97580549
experiment_05,image_001,calibration,not_applicable,together,synthetic_recovery_progress,0.84000000,80.00000000,0,0.98200918,0.98100188
experiment_05,image_001,calibration,not_applicable,together,synthetic_recovery_progress,0.85000000,80.00000000,0,0.98643277,0.98525920
experiment_05,image_001,calibration,not_applicable,together,synthetic_recovery_progress,0.86000000,80.00000000,0,0.98987454,0.98851780
experiment_05,image_001,calibration,not_applicable,together,synthetic_recovery_progress,0.87000000,80.00000000,0,0.99227917,0.99077114
experiment_05,image_001,calibration,not_applicable,together,synthetic_recovery_progress,0.88000000,80.00000000,0,0.99371436,0.99215885
experiment_05,image_001,calibration,not_applicable,together,synthetic_recovery_progress,0.89000000,80.00000000,0,0.99448594,0.99300131
experiment_05,image_001,calibration,not_applicable,together,synthetic_recovery_progress,0.90000000,80.00000000,0,0.99500988,0.99365263
experiment_05,image_001,calibration,not_applicable,together,synthetic_recovery_progress,0.91000000,80.00000000,0,0.99550889,0.99428737
experiment_05,image_001,calibration,not_applicable,together,synthetic_recovery_progress,0.92000000,80.00000000,0,0.99600791,0.99492210
experiment_05,image_001,calibration,not_applicable,together,synthetic_recovery_progress,0.93000000,80.00000000,0,0.99650692,0.99555684
experiment_05,image_001,calibration,not_applicable,together,synthetic_recovery_progress,0.94000000,80.00000000,0,0.99700593,0.99619158
experiment_05,image_001,calibration,not_applicable,together,synthetic_recovery_progress,0.95000000,80.00000000,0,0.99750494,0.99682631
experiment_05,image_001,calibration,not_applicable,together,synthetic_recovery_progress,0.96000000,80.00000000,0,0.99800395,0.99746105
experiment_05,image_001,calibration,not_applicable,together,synthetic_recovery_progress,0.97000000,80.00000000,0,0.99850296,0.99809579
experiment_05,image_001,calibration,not_applicable,together,synthetic_recovery_progress,0.98000000,80.00000000,0,0.99900198,0.99873053
experiment_05,image_001,calibration,not_applicable,together,synthetic_recovery_progress,0.99000000,80.00000000,0,0.99950099,0.99936526
experiment_05,image_001,calibration,not_applicable,together,synthetic_recovery_progress,1.00000000,80.00000000,0,1.00000000,1.00000000
experiment_05,image_002,calibration,not_applicable,low_band_first,synthetic_recovery_progress,0.00000000,20.00000000,0,0.00000000,0.00000000
experiment_05,image_002,calibration,not_applicable,low_band_first,synthetic_recovery_progress,0.01000000,20.00000000,0,0.00000000,0.00000000
experiment_05,image_002,calibration,not_applicable,low_band_first,synthetic_recovery_progress,0.02000000,20.00000000,0,0.00000000,0.00000000
experiment_05,image_002,calibration,not_applicable,low_band_first,synthetic_recovery_progress,0.03000000,20.00000000,0,0.00000000,0.00000000
experiment_05,image_002,calibration,not_applicable,low_band_first,synthetic_recovery_progress,0.04000000,20.00000000,0,0.00000000,0.00000000
experiment_05,image_002,calibration,not_applicable,low_band_first,synthetic_recovery_progress,0.05000000,20.00000000,0,0.00000000,0.00000000
experiment_05,image_002,calibration,not_applicable,low_band_first,synthetic_recovery_progress,0.06000000,20.00000000,0,0.00110398,0.00000000
experiment_05,image_002,calibration,not_applicable,low_band_first,synthetic_recovery_progress,0.07000000,20.00000000,0,0.00459513,0.00000000
experiment_05,image_002,calibration,not_applicable,low_band_first,synthetic_recovery_progress,0.08000000,20.00000000,0,0.01029355,0.00120415
experiment_05,image_002,calibration,not_applicable,low_band_first,synthetic_recovery_progress,0.09000000,20.00000000,0,0.01810329,0.00448310
experiment_05,image_002,calibration,not_applicable,low_band_first,synthetic_recovery_progress,0.10000000,20.00000000,0,0.02792840,0.00856988
experiment_05,image_002,calibration,not_applicable,low_band_first,synthetic_recovery_progress,0.11000000,20.00000000,0,0.03967289,0.01341056
experiment_05,image_002,calibration,not_applicable,low_band_first,synthetic_recovery_progress,0.12000000,20.00000000,0,0.05324082,0.01894905
experiment_05,image_002,calibration,not_applicable,low_band_first,synthetic_recovery_progress,0.13000000,20.00000000,0,0.06853618,0.02512734
experiment_05,image_002,calibration,not_applicable,low_band_first,synthetic_recovery_progress,0.14000000,20.00000000,0,0.08546301,0.03188584
experiment_05,image_002,calibration,not_applicable,low_band_first,synthetic_recovery_progress,0.15000000,20.00000000,0,0.10392530,0.03916363
experiment_05,image_002,calibration,not_applicable,low_band_first,synthetic_recovery_progress,0.16000000,20.00000000,0,0.12382706,0.04689870
experiment_05,image_002,calibration,not_applicable,low_band_first,synthetic_recovery_progress,0.17000000,20.00000000,0,0.14507228,0.05502825
experiment_05,image_002,calibration,not_applicable,low_band_first,synthetic_recovery_progress,0.18000000,20.00000000,0,0.16756497,0.06348897
experiment_05,image_002,calibration,not_applicable,low_band_first,synthetic_recovery_progress,0.19000000,20.00000000,0,0.19120911,0.07221727
experiment_05,image_002,calibration,not_applicable,low_band_first,synthetic_recovery_progress,0.20000000,20.00000000,0,0.21590867,0.08114968
experiment_05,image_002,calibration,not_applicable,low_band_first,synthetic_recovery_progress,0.21000000,20.00000000,0,0.24156764,0.09022306
experiment_05,image_002,calibration,not_applicable,low_band_first,synthetic_recovery_progress,0.22000000,20.00000000,0,0.26808998,0.09937506
experiment_05,image_002,calibration,not_applicable,low_band_first,synthetic_recovery_progress,0.23000000,20.00000000,0,0.29537964,0.10854441
experiment_05,image_002,calibration,not_applicable,low_band_first,synthetic_recovery_progress,0.24000000,20.00000000,0,0.32334059,0.11767132
experiment_05,image_002,calibration,not_applicable,low_band_first,synthetic_recovery_progress,0.25000000,20.00000000,0,0.35187676,0.12669794
experiment_05,image_002,calibration,not_applicable,low_band_first,synthetic_recovery_progress,0.26000000,20.00000000,0,0.38089207,0.13556876
experiment_05,image_002,calibration,not_applicable,low_band_first,synthetic_recovery_progress,0.27000000,20.00000000,0,0.41029045,0.14423108
experiment_05,image_002,calibration,not_applicable,low_band_first,synthetic_recovery_progress,0.28000000,20.00000000,0,0.43997578,0.15263545
experiment_05,image_002,calibration,not_applicable,low_band_first,synthetic_recovery_progress,0.29000000,20.00000000,0,0.46985195,0.16073616
experiment_05,image_002,calibration,not_applicable,low_band_first,synthetic_recovery_progress,0.30000000,20.00000000,0,0.49982280,0.16849169
experiment_05,image_002,calibration,not_applicable,low_band_first,synthetic_recovery_progress,0.31000000,20.00000000,0,0.52979215,0.17586515
experiment_05,image_002,calibration,not_applicable,low_band_first,synthetic_recovery_progress,0.32000000,20.00000000,0,0.55966377,0.18282466
experiment_05,image_002,calibration,not_applicable,low_band_first,synthetic_recovery_progress,0.33000000,20.00000000,0,0.58934140,0.18934376
experiment_05,image_002,calibration,not_applicable,low_band_first,synthetic_recovery_progress,0.34000000,20.00000000,0,0.61872869,0.19540167
experiment_05,image_002,calibration,not_applicable,low_band_first,synthetic_recovery_progress,0.35000000,20.00000000,0,0.64772922,0.20098353
experiment_05,image_002,calibration,not_applicable,low_band_first,synthetic_recovery_progress,0.36000000,20.00000000,0,0.67624647,0.20608056
experiment_05,image_002,calibration,not_applicable,low_band_first,synthetic_recovery_progress,0.37000000,20.00000000,0,0.70418377,0.21069008
experiment_05,image_002,calibration,not_applicable,low_band_first,synthetic_recovery_progress,0.38000000,20.00000000,0,0.73144424,0.21481548
experiment_05,image_002,calibration,not_applicable,low_band_first,synthetic_recovery_progress,0.39000000,20.00000000,0,0.75793075,0.21846606
experiment_05,image_002,calibration,not_applicable,low_band_first,synthetic_recovery_progress,0.40000000,20.00000000,0,0.78354581,0.22165672
experiment_05,image_002,calibration,not_applicable,low_band_first,synthetic_recovery_progress,0.41000000,20.00000000,0,0.80819138,0.22440765
experiment_05,image_002,calibration,not_applicable,low_band_first,synthetic_recovery_progress,0.42000000,20.00000000,0,0.83176867,0.22674379
experiment_05,image_002,calibration,not_applicable,low_band_first,synthetic_recovery_progress,0.43000000,20.00000000,0,0.85417773,0.22869428
experiment_05,image_002,calibration,not_applicable,low_band_first,synthetic_recovery_progress,0.44000000,20.00000000,0,0.87531686,0.23029182
experiment_05,image_002,calibration,not_applicable,low_band_first,synthetic_recovery_progress,0.45000000,20.00000000,0,0.89508155,0.23157188
experiment_05,image_002,calibration,not_applicable,low_band_first,synthetic_recovery_progress,0.46000000,20.00000000,0,0.91336271,0.23347263
experiment_05,image_002,calibration,not_applicable,low_band_first,synthetic_recovery_progress,0.47000000,20.00000000,0,0.93004335,0.23688815
experiment_05,image_002,calibration,not_applicable,low_band_first,synthetic_recovery_progress,0.48000000,20.00000000,0,0.94499237,0.24178721
experiment_05,image_002,calibration,not_applicable,low_band_first,synthetic_recovery_progress,0.49000000,20.00000000,0,0.95805266,0.24813568
experiment_05,image_002,calibration,not_applicable,low_band_first,synthetic_recovery_progress,0.50000000,20.00000000,0,0.96901855,0.25589650
experiment_05,image_002,calibration,not_applicable,low_band_first,synthetic_recovery_progress,0.51000000,20.00000000,0,0.97760335,0.26502938
experiment_05,image_002,calibration,not_applicable,low_band_first,synthetic_recovery_progress,0.52000000,20.00000000,0,0.98345693,0.27549044
experiment_05,image_002,calibration,not_applicable,low_band_first,synthetic_recovery_progress,0.53000000,20.00000000,0,0.98649110,0.28723143
experiment_05,image_002,calibration,not_applicable,low_band_first,synthetic_recovery_progress,0.54000000,20.00000000,0,0.98750561,0.30019879
experiment_05,image_002,calibration,not_applicable,low_band_first,synthetic_recovery_progress,0.55000000,20.00000000,0,0.98782112,0.31433233
experiment_05,image_002,calibration,not_applicable,low_band_first,synthetic_recovery_progress,0.56000000,20.00000000,0,0.98809176,0.32956397
experiment_05,image_002,calibration,not_applicable,low_band_first,synthetic_recovery_progress,0.57000000,20.00000000,0,0.98836240,0.34582087
experiment_05,image_002,calibration,not_applicable,low_band_first,synthetic_recovery_progress,0.58000000,20.00000000,0,0.98863304,0.36302980
experiment_05,image_002,calibration,not_applicable,low_band_first,synthetic_recovery_progress,0.59000000,20.00000000,0,0.98890369,0.38111750
experiment_05,image_002,calibration,not_applicable,low_band_first,synthetic_recovery_progress,0.60000000,20.00000000,0,0.98917433,0.40001068
experiment_05,image_002,calibration,not_applicable,low_band_first,synthetic_recovery_progress,0.61000000,20.00000000,0,0.98944497,0.41963607
experiment_05,image_002,calibration,not_applicable,low_band_first,synthetic_recovery_progress,0.62000000,20.00000000,0,0.98971561,0.43992038
experiment_05,image_002,calibration,not_applicable,low_band_first,synthetic_recovery_progress,0.63000000,20.00000000,0,0.98998625,0.46079029
experiment_05,image_002,calibration,not_applicable,low_band_first,synthetic_recovery_progress,0.64000000,20.00000000,0,0.99025690,0.48217251
experiment_05,image_002,calibration,not_applicable,low_band_first,synthetic_recovery_progress,0.65000000,20.00000000,0,0.99052754,0.50399369
experiment_05,image_002,calibration,not_applicable,low_band_first,synthetic_recovery_progress,0.66000000,20.00000000,0,0.99079818,0.52618052
experiment_05,image_002,calibration,not_applicable,low_band_first,synthetic_recovery_progress,0.67000000,20.00000000,0,0.99106882,0.54865966
experiment_05,image_002,calibration,not_applicable,low_band_first,synthetic_recovery_progress,0.68000000,20.00000000,0,0.99133946,0.57135774
experiment_05,image_002,calibration,not_applicable,low_band_first,synthetic_recovery_progress,0.69000000,20.00000000,0,0.99161010,0.59420142
experiment_05,image_002,calibration,not_applicable,low_band_first,synthetic_recovery_progress,0.70000000,20.00000000,0,0.99188075,0.61711731
experiment_05,image_002,calibration,not_applicable,low_band_first,synthetic_recovery_progress,0.71000000,20.00000000,0,0.99215139,0.64003202
experiment_05,image_002,calibration,not_applicable,low_band_first,synthetic_recovery_progress,0.72000000,20.00000000,0,0.99242203,0.66287215
experiment_05,image_002,calibration,not_applicable,low_band_first,synthetic_recovery_progress,0.73000000,20.00000000,0,0.99269267,0.68556428
experiment_05,image_002,calibration,not_applicable,low_band_first,synthetic_recovery_progress,0.74000000,20.00000000,0,0.99296331,0.70803494
experiment_05,image_002,calibration,not_applicable,low_band_first,synthetic_recovery_progress,0.75000000,20.00000000,0,0.99323395,0.73021066
experiment_05,image_002,calibration,not_applicable,low_band_first,synthetic_recovery_progress,0.76000000,20.00000000,0,0.99350460,0.75201792
experiment_05,image_002,calibration,not_applicable,low_band_first,synthetic_recovery_progress,0.77000000,20.00000000,0,0.99377524,0.77338315
experiment_05,image_002,calibration,not_applicable,low_band_first,synthetic_recovery_progress,0.78000000,20.00000000,0,0.99404588,0.79423273
experiment_05,image_002,calibration,not_applicable,low_band_first,synthetic_recovery_progress,0.79000000,20.00000000,0,0.99431652,0.81449294
experiment_05,image_002,calibration,not_applicable,low_band_first,synthetic_recovery_progress,0.80000000,20.00000000,0,0.99458716,0.83408994
experiment_05,image_002,calibration,not_applicable,low_band_first,synthetic_recovery_progress,0.81000000,20.00000000,0,0.99485781,0.85294976
experiment_05,image_002,calibration,not_applicable,low_band_first,synthetic_recovery_progress,0.82000000,20.00000000,0,0.99512845,0.87099819
experiment_05,image_002,calibration,not_applicable,low_band_first,synthetic_recovery_progress,0.83000000,20.00000000,0,0.99539909,0.88816070
experiment_05,image_002,calibration,not_applicable,low_band_first,synthetic_recovery_progress,0.84000000,20.00000000,0,0.99566973,0.90436231
experiment_05,image_002,calibration,not_applicable,low_band_first,synthetic_recovery_progress,0.85000000,20.00000000,0,0.99594037,0.91952727
experiment_05,image_002,calibration,not_applicable,low_band_first,synthetic_recovery_progress,0.86000000,20.00000000,0,0.99621101,0.93357871
experiment_05,image_002,calibration,not_applicable,low_band_first,synthetic_recovery_progress,0.87000000,20.00000000,0,0.99648166,0.94643780
experiment_05,image_002,calibration,not_applicable,low_band_first,synthetic_recovery_progress,0.88000000,20.00000000,0,0.99675230,0.95802239
experiment_05,image_002,calibration,not_applicable,low_band_first,synthetic_recovery_progress,0.89000000,20.00000000,0,0.99702294,0.96824419
experiment_05,image_002,calibration,not_applicable,low_band_first,synthetic_recovery_progress,0.90000000,20.00000000,0,0.99729358,0.97700317
experiment_05,image_002,calibration,not_applicable,low_band_first,synthetic_recovery_progress,0.91000000,20.00000000,0,0.99756422,0.98417645
experiment_05,image_002,calibration,not_applicable,low_band_first,synthetic_recovery_progress,0.92000000,20.00000000,0,0.99783487,0.98960248
experiment_05,image_002,calibration,not_applicable,low_band_first,synthetic_recovery_progress,0.93000000,20.00000000,0,0.99810551,0.99311516
experiment_05,image_002,calibration,not_applicable,low_band_first,synthetic_recovery_progress,0.94000000,20.00000000,0,0.99837615,0.99487708
experiment_05,image_002,calibration,not_applicable,low_band_first,synthetic_recovery_progress,0.95000000,20.00000000,0,0.99864679,0.99579931
experiment_05,image_002,calibration,not_applicable,low_band_first,synthetic_recovery_progress,0.96000000,20.00000000,0,0.99891743,0.99663945
experiment_05,image_002,calibration,not_applicable,low_band_first,synthetic_recovery_progress,0.97000000,20.00000000,0,0.99918807,0.99747959
experiment_05,image_002,calibration,not_applicable,low_band_first,synthetic_recovery_progress,0.98000000,20.00000000,0,0.99945872,0.99831973
experiment_05,image_002,calibration,not_applicable,low_band_first,synthetic_recovery_progress,0.99000000,20.00000000,0,0.99972936,0.99915986
experiment_05,image_002,calibration,not_applicable,low_band_first,synthetic_recovery_progress,1.00000000,20.00000000,0,1.00000000,1.00000000
experiment_05,image_002,calibration,not_applicable,high_band_first,synthetic_recovery_progress,0.00000000,20.00000000,0,0.00000000,0.00000000
experiment_05,image_002,calibration,not_applicable,high_band_first,synthetic_recovery_progress,0.01000000,20.00000000,0,0.00000000,0.00000000
experiment_05,image_002,calibration,not_applicable,high_band_first,synthetic_recovery_progress,0.02000000,20.00000000,0,0.00000000,0.00000000
experiment_05,image_002,calibration,not_applicable,high_band_first,synthetic_recovery_progress,0.03000000,20.00000000,0,0.00000000,0.00000000
experiment_05,image_002,calibration,not_applicable,high_band_first,synthetic_recovery_progress,0.04000000,20.00000000,0,0.00000000,0.00000000
experiment_05,image_002,calibration,not_applicable,high_band_first,synthetic_recovery_progress,0.05000000,20.00000000,0,0.00000000,0.00000000
experiment_05,image_002,calibration,not_applicable,high_band_first,synthetic_recovery_progress,0.06000000,20.00000000,0,0.00000000,0.00000000
experiment_05,image_002,calibration,not_applicable,high_band_first,synthetic_recovery_progress,0.07000000,20.00000000,0,0.00000000,0.00000000
experiment_05,image_002,calibration,not_applicable,high_band_first,synthetic_recovery_progress,0.08000000,20.00000000,0,0.00000000,0.00293584
experiment_05,image_002,calibration,not_applicable,high_band_first,synthetic_recovery_progress,0.09000000,20.00000000,0,0.00000000,0.00751893
experiment_05,image_002,calibration,not_applicable,high_band_first,synthetic_recovery_progress,0.10000000,20.00000000,0,0.00000000,0.01324644
experiment_05,image_002,calibration,not_applicable,high_band_first,synthetic_recovery_progress,0.11000000,20.00000000,0,0.00000000,0.02004812
experiment_05,image_002,calibration,not_applicable,high_band_first,synthetic_recovery_progress,0.12000000,20.00000000,0,0.00000000,0.02785131
experiment_05,image_002,calibration,not_applicable,high_band_first,synthetic_recovery_progress,0.13000000,20.00000000,0,0.00000000,0.03658117
experiment_05,image_002,calibration,not_applicable,high_band_first,synthetic_recovery_progress,0.14000000,20.00000000,0,0.00000000,0.04616088
experiment_05,image_002,calibration,not_applicable,high_band_first,synthetic_recovery_progress,0.15000000,20.00000000,0,0.00000000,0.05651182
experiment_05,image_002,calibration,not_applicable,high_band_first,synthetic_recovery_progress,0.16000000,20.00000000,0,0.00000000,0.06755375
experiment_05,image_002,calibration,not_applicable,high_band_first,synthetic_recovery_progress,0.17000000,20.00000000,0,0.00000000,0.07920496
experiment_05,image_002,calibration,not_applicable,high_band_first,synthetic_recovery_progress,0.18000000,20.00000000,0,0.00000000,0.09138252
experiment_05,image_002,calibration,not_applicable,high_band_first,synthetic_recovery_progress,0.19000000,20.00000000,0,0.00000000,0.10400242
experiment_05,image_002,calibration,not_applicable,high_band_first,synthetic_recovery_progress,0.20000000,20.00000000,0,0.00000000,0.11697984
experiment_05,image_002,calibration,not_applicable,high_band_first,synthetic_recovery_progress,0.21000000,20.00000000,0,0.00000000,0.13022937
experiment_05,image_002,calibration,not_applicable,high_band_first,synthetic_recovery_progress,0.22000000,20.00000000,0,0.00000000,0.14366537
experiment_05,image_002,calibration,not_applicable,high_band_first,synthetic_recovery_progress,0.23000000,20.00000000,0,0.00000000,0.15720228
experiment_05,image_002,calibration,not_applicable,high_band_first,synthetic_recovery_progress,0.24000000,20.00000000,0,0.00000000,0.17075502
experiment_05,image_002,calibration,not_applicable,high_band_first,synthetic_recovery_progress,0.25000000,20.00000000,0,0.00000000,0.18423953
experiment_05,image_002,calibration,not_applicable,high_band_first,synthetic_recovery_progress,0.26000000,20.00000000,0,0.00000000,0.19757324
experiment_05,image_002,calibration,not_applicable,high_band_first,synthetic_recovery_progress,0.27000000,20.00000000,0,0.00000000,0.21067572
experiment_05,image_002,calibration,not_applicable,high_band_first,synthetic_recovery_progress,0.28000000,20.00000000,0,0.00000000,0.22346941
experiment_05,image_002,calibration,not_applicable,high_band_first,synthetic_recovery_progress,0.29000000,20.00000000,0,0.00000000,0.23588030
experiment_05,image_002,calibration,not_applicable,high_band_first,synthetic_recovery_progress,0.30000000,20.00000000,0,0.00000222,0.24783883
experiment_05,image_002,calibration,not_applicable,high_band_first,synthetic_recovery_progress,0.31000000,20.00000000,0,0.00000472,0.25928072
experiment_05,image_002,calibration,not_applicable,high_band_first,synthetic_recovery_progress,0.32000000,20.00000000,0,0.00000714,0.27014787
experiment_05,image_002,calibration,not_applicable,high_band_first,synthetic_recovery_progress,0.33000000,20.00000000,0,0.00000949,0.28038924
experiment_05,image_002,calibration,not_applicable,high_band_first,synthetic_recovery_progress,0.34000000,20.00000000,0,0.00001177,0.28996176
experiment_05,image_002,calibration,not_applicable,high_band_first,synthetic_recovery_progress,0.35000000,20.00000000,0,0.00001397,0.29883103
experiment_05,image_002,calibration,not_applicable,high_band_first,synthetic_recovery_progress,0.36000000,20.00000000,0,0.00001610,0.30697206
experiment_05,image_002,calibration,not_applicable,high_band_first,synthetic_recovery_progress,0.37000000,20.00000000,0,0.00001815,0.31436976
experiment_05,image_002,calibration,not_applicable,high_band_first,synthetic_recovery_progress,0.38000000,20.00000000,0,0.00002014,0.32101923
experiment_05,image_002,calibration,not_applicable,high_band_first,synthetic_recovery_progress,0.39000000,20.00000000,0,0.00002205,0.32692590
experiment_05,image_002,calibration,not_applicable,high_band_first,synthetic_recovery_progress,0.40000000,20.00000000,0,0.00002388,0.33210536
experiment_05,image_002,calibration,not_applicable,high_band_first,synthetic_recovery_progress,0.41000000,20.00000000,0,0.00002564,0.33658294
experiment_05,image_002,calibration,not_applicable,high_band_first,synthetic_recovery_progress,0.42000000,20.00000000,0,0.00002733,0.34039307
experiment_05,image_002,calibration,not_applicable,high_band_first,synthetic_recovery_progress,0.43000000,20.00000000,0,0.00002895,0.34357835
experiment_05,image_002,calibration,not_applicable,high_band_first,synthetic_recovery_progress,0.44000000,20.00000000,0,0.00003049,0.34618844
experiment_05,image_002,calibration,not_applicable,high_band_first,synthetic_recovery_progress,0.45000000,20.00000000,0,0.00003196,0.34827874
experiment_05,image_002,calibration,not_applicable,high_band_first,synthetic_recovery_progress,0.46000000,20.00000000,0,0.00121723,0.35066707
experiment_05,image_002,calibration,not_applicable,high_band_first,synthetic_recovery_progress,0.47000000,20.00000000,0,0.00470620,0.35413862
experiment_05,image_002,calibration,not_applicable,high_band_first,synthetic_recovery_progress,0.48000000,20.00000000,0,0.01040290,0.35869998
experiment_05,image_002,calibration,not_applicable,high_band_first,synthetic_recovery_progress,0.49000000,20.00000000,0,0.01821135,0.36435347
experiment_05,image_002,calibration,not_applicable,high_band_first,synthetic_recovery_progress,0.50000000,20.00000000,0,0.02803558,0.37109683
experiment_05,image_002,calibration,not_applicable,high_band_first,synthetic_recovery_progress,0.51000000,20.00000000,0,0.03977960,0.37892271
experiment_05,image_002,calibration,not_applicable,high_band_first,synthetic_recovery_progress,0.52000000,20.00000000,0,0.05334745,0.38781784
experiment_05,image_002,calibration,not_applicable,high_band_first,synthetic_recovery_progress,0.53000000,20.00000000,0,0.06864313,0.39776183
experiment_05,image_002,calibration,not_applicable,high_band_first,synthetic_recovery_progress,0.54000000,20.00000000,0,0.08557065,0.40872548
experiment_05,image_002,calibration,not_applicable,high_band_first,synthetic_recovery_progress,0.55000000,20.00000000,0,0.10403402,0.42066863
experiment_05,image_002,calibration,not_applicable,high_band_first,synthetic_recovery_progress,0.56000000,20.00000000,0,0.12393727,0.43353808
experiment_05,image_002,calibration,not_applicable,high_band_first,synthetic_recovery_progress,0.57000000,20.00000000,0,0.14518439,0.44727283
experiment_05,image_002,calibration,not_applicable,high_band_first,synthetic_recovery_progress,0.58000000,20.00000000,0,0.16767939,0.46181105
experiment_05,image_002,calibration,not_applicable,high_band_first,synthetic_recovery_progress,0.59000000,20.00000000,0,0.19132629,0.47709090
experiment_05,image_002,calibration,not_applicable,high_band_first,synthetic_recovery_progress,0.60000000,20.00000000,0,0.21602908,0.49305053
experiment_05,image_002,calibration,not_applicable,high_band_first,synthetic_recovery_progress,0.61000000,20.00000000,0,0.24169177,0.50962807
experiment_05,image_002,calibration,not_applicable,high_band_first,synthetic_recovery_progress,0.62000000,20.00000000,0,0.26821836,0.52676165
experiment_05,image_002,calibration,not_applicable,high_band_first,synthetic_recovery_progress,0.63000000,20.00000000,0,0.29551286,0.54438937
experiment_05,image_002,calibration,not_applicable,high_band_first,synthetic_recovery_progress,0.64000000,20.00000000,0,0.32347928,0.56244935
experiment_05,image_002,calibration,not_applicable,high_band_first,synthetic_recovery_progress,0.65000000,20.00000000,0,0.35202161,0.58087966
experiment_05,image_002,calibration,not_applicable,high_band_first,synthetic_recovery_progress,0.66000000,20.00000000,0,0.38104385,0.59961838
experiment_05,image_002,calibration,not_applicable,high_band_first,synthetic_recovery_progress,0.67000000,20.00000000,0,0.41045000,0.61860358
experiment_05,image_002,calibration,not_applicable,high_band_first,synthetic_recovery_progress,0.68000000,20.00000000,0,0.44014407,0.63777332
experiment_05,image_002,calibration,not_applicable,high_band_first,synthetic_recovery_progress,0.69000000,20.00000000,0,0.47003005,0.65706563
experiment_05,image_002,calibration,not_applicable,high_band_first,synthetic_recovery_progress,0.70000000,20.00000000,0,0.50001194,0.67641854
experiment_05,image_002,calibration,not_applicable,high_band_first,synthetic_recovery_progress,0.71000000,20.00000000,0,0.52999374,0.69577006
experiment_05,image_002,calibration,not_applicable,high_band_first,synthetic_recovery_progress,0.72000000,20.00000000,0,0.55987943,0.71505819
experiment_05,image_002,calibration,not_applicable,high_band_first,synthetic_recovery_progress,0.73000000,20.00000000,0,0.58957303,0.73422088
experiment_05,image_002,calibration,not_applicable,high_band_first,synthetic_recovery_progress,0.74000000,20.00000000,0,0.61897850,0.75319607
experiment_05,image_002,calibration,not_applicable,high_band_first,synthetic_recovery_progress,0.75000000,20.00000000,0,0.64799986,0.77192167
experiment_05,image_002,calibration,not_applicable,high_band_first,synthetic_recovery_progress,0.76000000,20.00000000,0,0.67654107,0.79033553
experiment_05,image_002,calibration,not_applicable,high_band_first,synthetic_recovery_progress,0.77000000,20.00000000,0,0.70450613,0.80837546
experiment_05,image_002,calibration,not_applicable,high_band_first,synthetic_recovery_progress,0.78000000,20.00000000,0,0.73179901,0.82597917
experiment_05,image_002,calibration,not_applicable,high_band_first,synthetic_recovery_progress,0.79000000,20.00000000,0,0.75832367,0.84308430
experiment_05,image_002,calibration,not_applicable,high_band_first,synthetic_recovery_progress,0.80000000,20.00000000,0,0.78398409,0.85962835
experiment_05,image_002,calibration,not_applicable,high_band_first,synthetic_recovery_progress,0.81000000,20.00000000,0,0.80868420,0.87554863
experiment_05,image_002,calibration,not_applicable,high_band_first,synthetic_recovery_progress,0.82000000,20.00000000,0,0.83232794,0.89078221
experiment_05,image_002,calibration,not_applicable,high_band_first,synthetic_recovery_progress,0.83000000,20.00000000,0,0.85481921,0.90526576
experiment_05,image_002,calibration,not_applicable,high_band_first,synthetic_recovery_progress,0.84000000,20.00000000,0,0.87606186,0.91893545
experiment_05,image_002,calibration,not_applicable,high_band_first,synthetic_recovery_progress,0.85000000,20.00000000,0,0.89595971,0.93172658
experiment_05,image_002,calibration,not_applicable,high_band_first,synthetic_recovery_progress,0.86000000,20.00000000,0,0.91441643,0.94357316
experiment_05,image_002,calibration,not_applicable,high_band_first,synthetic_recovery_progress,0.87000000,20.00000000,0,0.93133555,0.95440704
experiment_05,image_002,calibration,not_applicable,high_band_first,synthetic_recovery_progress,0.88000000,20.00000000,0,0.94662027,0.96415642
experiment_05,image_002,calibration,not_applicable,high_band_first,synthetic_recovery_progress,0.89000000,20.00000000,0,0.96017314,0.97274299
experiment_05,image_002,calibration,not_applicable,high_band_first,synthetic_recovery_progress,0.90000000,20.00000000,0,0.97189535,0.98007666
experiment_05,image_002,calibration,not_applicable,high_band_first,synthetic_recovery_progress,0.91000000,20.00000000,0,0.98168468,0.98604675
experiment_05,image_002,calibration,not_applicable,high_band_first,synthetic_recovery_progress,0.92000000,20.00000000,0,0.98942869,0.99051742
experiment_05,image_002,calibration,not_applicable,high_band_first,synthetic_recovery_progress,0.93000000,20.00000000,0,0.99497537,0.99339158
experiment_05,image_002,calibration,not_applicable,high_band_first,synthetic_recovery_progress,0.94000000,20.00000000,0,0.99799953,0.99490164
experiment_05,image_002,calibration,not_applicable,high_band_first,synthetic_recovery_progress,0.95000000,20.00000000,0,0.99864679,0.99579931
experiment_05,image_002,calibration,not_applicable,high_band_first,synthetic_recovery_progress,0.96000000,20.00000000,0,0.99891743,0.99663945
experiment_05,image_002,calibration,not_applicable,high_band_first,synthetic_recovery_progress,0.97000000,20.00000000,0,0.99918807,0.99747959
experiment_05,image_002,calibration,not_applicable,high_band_first,synthetic_recovery_progress,0.98000000,20.00000000,0,0.99945872,0.99831973
experiment_05,image_002,calibration,not_applicable,high_band_first,synthetic_recovery_progress,0.99000000,20.00000000,0,0.99972936,0.99915986
experiment_05,image_002,calibration,not_applicable,high_band_first,synthetic_recovery_progress,1.00000000,20.00000000,0,1.00000000,1.00000000
experiment_05,image_002,calibration,not_applicable,together,synthetic_recovery_progress,0.00000000,20.00000000,0,0.00000000,0.00000000
experiment_05,image_002,calibration,not_applicable,together,synthetic_recovery_progress,0.01000000,20.00000000,0,0.00000000,0.00000000
experiment_05,image_002,calibration,not_applicable,together,synthetic_recovery_progress,0.02000000,20.00000000,0,0.00000000,0.00000000
experiment_05,image_002,calibration,not_applicable,together,synthetic_recovery_progress,0.03000000,20.00000000,0,0.00000000,0.00000000
experiment_05,image_002,calibration,not_applicable,together,synthetic_recovery_progress,0.04000000,20.00000000,0,0.00000000,0.00000000
experiment_05,image_002,calibration,not_applicable,together,synthetic_recovery_progress,0.05000000,20.00000000,0,0.00000000,0.00000000
experiment_05,image_002,calibration,not_applicable,together,synthetic_recovery_progress,0.06000000,20.00000000,0,0.00000000,0.00000000
experiment_05,image_002,calibration,not_applicable,together,synthetic_recovery_progress,0.07000000,20.00000000,0,0.00000000,0.00000000
experiment_05,image_002,calibration,not_applicable,together,synthetic_recovery_progress,0.08000000,20.00000000,0,0.00000000,0.00000000
experiment_05,image_002,calibration,not_applicable,together,synthetic_recovery_progress,0.09000000,20.00000000,0,0.00000000,0.00000000
experiment_05,image_002,calibration,not_applicable,together,synthetic_recovery_progress,0.10000000,20.00000000,0,0.00000000,0.00000000
experiment_05,image_002,calibration,not_applicable,together,synthetic_recovery_progress,0.11000000,20.00000000,0,0.00040561,0.00000000
experiment_05,image_002,calibration,not_applicable,together,synthetic_recovery_progress,0.12000000,20.00000000,0,0.00178801,0.00000000
experiment_05,image_002,calibration,not_applicable,together,synthetic_recovery_progress,0.13000000,20.00000000,0,0.00406074,0.00133740
experiment_05,image_002,calibration,not_applicable,together,synthetic_recovery_progress,0.14000000,20.00000000,0,0.00720036,0.00452813
experiment_05,image_002,calibration,not_applicable,together,synthetic_recovery_progress,0.15000000,20.00000000,0,0.01118347,0.00856004
experiment_05,image_002,calibration,not_applicable,together,synthetic_recovery_progress,0.16000000,20.00000000,0,0.01598664,0.01340986
experiment_05,image_002,calibration,not_applicable,together,synthetic_recovery_progress,0.17000000,20.00000000,0,0.02158645,0.01905429
experiment_05,image_002,calibration,not_applicable,together,synthetic_recovery_progress,0.18000000,20.00000000,0,0.02795948,0.02547003
experiment_05,image_002,calibration,not_applicable,together,synthetic_recovery_progress,0.19000000,20.00000000,0,0.03508229,0.03263376
experiment_05,image_002,calibration,not_applicable,together,synthetic_recovery_progress,0.20000000,20.00000000,0,0.04293147,0.04052215
experiment_05,image_002,calibration,not_applicable,together,synthetic_recovery_progress,0.21000000,20.00000000,0,0.05148359,0.04911187
experiment_05,image_002,calibration,not_applicable,together,synthetic_recovery_progress,0.22000000,20.00000000,0,0.06071521,0.05837956
experiment_05,image_002,calibration,not_applicable,together,synthetic_recovery_progress,0.23000000,20.00000000,0,0.07060292,0.06830189
experiment_05,image_002,calibration,not_applicable,together,synthetic_recovery_progress,0.24000000,20.00000000,0,0.08112328,0.07885547
experiment_05,image_002,calibration,not_applicable,together,synthetic_recovery_progress,0.25000000,20.00000000,0,0.09225286,0.09001696
experiment_05,image_002,calibration,not_applicable,together,synthetic_recovery_progress,0.26000000,20.00000000,0,0.10396823,0.10176298
experiment_05,image_002,calibration,not_applicable,together,synthetic_recovery_progress,0.27000000,20.00000000,0,0.11624596,0.11407015
experiment_05,image_002,calibration,not_applicable,together,synthetic_recovery_progress,0.28000000,20.00000000,0,0.12906262,0.12691508
experiment_05,image_002,calibration,not_applicable,together,synthetic_recovery_progress,0.29000000,20.00000000,0,0.14239478,0.14027440
experiment_05,image_002,calibration,not_applicable,together,synthetic_recovery_progress,0.30000000,20.00000000,0,0.15621899,0.15412470
experiment_05,image_002,calibration,not_applicable,together,synthetic_recovery_progress,0.31000000,20.00000000,0,0.17051184,0.16844260
experiment_05,image_002,calibration,not_applicable,together,synthetic_recovery_progress,0.32000000,20.00000000,0,0.18524988,0.18320469
experiment_05,image_002,calibration,not_applicable,together,synthetic_recovery_progress,0.33000000,20.00000000,0,0.20040968,0.19838757
experiment_05,image_002,calibration,not_applicable,together,synthetic_recovery_progress,0.34000000,20.00000000,0,0.21596781,0.21396783
experiment_05,image_002,calibration,not_applicable,together,synthetic_recovery_progress,0.35000000,20.00000000,0,0.23190084,0.22992206
experiment_05,image_002,calibration,not_applicable,together,synthetic_recovery_progress,0.36000000,20.00000000,0,0.24818532,0.24622684
experiment_05,image_002,calibration,not_applicable,together,synthetic_recovery_progress,0.37000000,20.00000000,0,0.26479782,0.26285877
experiment_05,image_002,calibration,not_applicable,together,synthetic_recovery_progress,0.38000000,20.00000000,0,0.28171491,0.27979441
experiment_05,image_002,calibration,not_applicable,together,synthetic_recovery_progress,0.39000000,20.00000000,0,0.29891315,0.29701035
experiment_05,image_002,calibration,not_applicable,together,synthetic_recovery_progress,0.40000000,20.00000000,0,0.31636911,0.31448316
experiment_05,image_002,calibration,not_applicable,together,synthetic_recovery_progress,0.41000000,20.00000000,0,0.33405934,0.33218941
experiment_05,image_002,calibration,not_applicable,together,synthetic_recovery_progress,0.42000000,20.00000000,0,0.35196041,0.35010566
experiment_05,image_002,calibration,not_applicable,together,synthetic_recovery_progress,0.43000000,20.00000000,0,0.37004888,0.36820848
experiment_05,image_002,calibration,not_applicable,together,synthetic_recovery_progress,0.44000000,20.00000000,0,0.38830132,0.38647443
experiment_05,image_002,calibration,not_applicable,together,synthetic_recovery_progress,0.45000000,20.00000000,0,0.40669429,0.40488006
experiment_05,image_002,calibration,not_applicable,together,synthetic_recovery_progress,0.46000000,20.00000000,0,0.42520435,0.42340193
experiment_05,image_002,calibration,not_applicable,together,synthetic_recovery_progress,0.47000000,20.00000000,0,0.44380805,0.44201659
experiment_05,image_002,calibration,not_applicable,together,synthetic_recovery_progress,0.48000000,20.00000000,0,0.46248196,0.46070058
experiment_05,image_002,calibration,not_applicable,together,synthetic_recovery_progress,0.49000000,20.00000000,0,0.48120264,0.47943043
experiment_05,image_002,calibration,not_applicable,together,synthetic_recovery_progress,0.50000000,20.00000000,0,0.49994666,0.49818269
experiment_05,image_002,calibration,not_applicable,together,synthetic_recovery_progress,0.51000000,20.00000000,0,0.51869056,0.51693388
experiment_05,image_002,calibration,not_applicable,together,synthetic_recovery_progress,0.52000000,20.00000000,0,0.53741090,0.53566052
experiment_05,image_002,calibration,not_applicable,together,synthetic_recovery_progress,0.53000000,20.00000000,0,0.55608425,0.55433913
experiment_05,image_002,calibration,not_applicable,together,synthetic_recovery_progress,0.54000000,20.00000000,0,0.57468716,0.57294620
experiment_05,image_002,calibration,not_applicable,together,synthetic_recovery_progress,0.55000000,20.00000000,0,0.59319618,0.59145825
experiment_05,image_002,calibration,not_applicable,together,synthetic_recovery_progress,0.56000000,20.00000000,0,0.61158788,0.60985175
experiment_05,image_002,calibration,not_applicable,together,synthetic_recovery_progress,0.57000000,20.00000000,0,0.62983879,0.62810318
experiment_05,image_002,calibration,not_applicable,together,synthetic_recovery_progress,0.58000000,20.00000000,0,0.64792548,0.64618900
experiment_05,image_002,calibration,not_applicable,together,synthetic_recovery_progress,0.59000000,20.00000000,0,0.66582450,0.66408565
experiment_05,image_002,calibration,not_applicable,together,synthetic_recovery_progress,0.60000000,20.00000000,0,0.68351238,0.68176956
experiment_05,image_002,calibration,not_applicable,together,synthetic_recovery_progress,0.61000000,20.00000000,0,0.70096568,0.69921713
experiment_05,image_002,calibration,not_applicable,together,synthetic_recovery_progress,0.62000000,20.00000000,0,0.71816094,0.71640473
experiment_05,image_002,calibration,not_applicable,together,synthetic_recovery_progress,0.63000000,20.00000000,0,0.73507470,0.73330870
experiment_05,image_002,calibration,not_applicable,together,synthetic_recovery_progress,0.64000000,20.00000000,0,0.75168349,0.74990535
experiment_05,image_002,calibration,not_applicable,together,synthetic_recovery_progress,0.65000000,20.00000000,0,0.76796384,0.76617094
experiment_05,image_002,calibration,not_applicable,together,synthetic_recovery_progress,0.66000000,20.00000000,0,0.78389227,0.78208166
experiment_05,image_002,calibration,not_applicable,together,synthetic_recovery_progress,0.67000000,20.00000000,0,0.79944530,0.79761366
experiment_05,image_002,calibration,not_applicable,together,synthetic_recovery_progress,0.68000000,20.00000000,0,0.81459943,0.81274295
experiment_05,image_002,calibration,not_applicable,together,synthetic_recovery_progress,0.69000000,20.00000000,0,0.82933116,0.82744550
experiment_05,image_002,calibration,not_applicable,together,synthetic_recovery_progress,0.70000000,20.00000000,0,0.84361697,0.84169707
experiment_05,image_002,calibration,not_applicable,together,synthetic_recovery_progress,0.71000000,20.00000000,0,0.85743330,0.85547331
experiment_05,image_002,calibration,not_applicable,together,synthetic_recovery_progress,0.72000000,20.00000000,0,0.87075659,0.86874959
experiment_05,image_002,calibration,not_applicable,together,synthetic_recovery_progress,0.73000000,20.00000000,0,0.88356323,0.88150102
experiment_05,image_002,calibration,not_applicable,together,synthetic_recovery_progress,0.74000000,20.00000000,0,0.89582957,0.89370229
experiment_05,image_002,calibration,not_applicable,together,synthetic_recovery_progress,0.75000000,20.00000000,0,0.90753188,0.90532759
experiment_05,image_002,calibration,not_applicable,together,synthetic_recovery_progress,0.76000000,20.00000000,0,0.91864635,0.91635037
experiment_05,image_002,calibration,not_applicable,together,synthetic_recovery_progress,0.77000000,20.00000000,0,0.92914903,0.92674311
experiment_05,image_002,calibration,not_applicable,together,synthetic_recovery_progress,0.78000000,20.00000000,0,0.93901577,0.93647693
experiment_05,image_002,calibration,not_applicable,together,synthetic_recovery_progress,0.79000000,20.00000000,0,0.94822213,0.94552103
experiment_05,image_002,calibration,not_applicable,together,synthetic_recovery_progress,0.80000000,20.00000000,0,0.95674319,0.95384188
experiment_05,image_002,calibration,not_applicable,together,synthetic_recovery_progress,0.81000000,20.00000000,0,0.96455329,0.96140218
experiment_05,image_002,calibration,not_applicable,together,synthetic_recovery_progress,0.82000000,20.00000000,0,0.97162544,0.96815948
experiment_05,image_002,calibration,not_applicable,together,synthetic_recovery_progress,0.83000000,20.00000000,0,0.97793035,0.97406511
experiment_05,image_002,calibration,not_applicable,together,synthetic_recovery_progress,0.84000000,20.00000000,0,0.98343435,0.97906514
experiment_05,image_002,calibration,not_applicable,together,synthetic_recovery_progress,0.85000000,20.00000000,0,0.98809498,0.98310879
experiment_05,image_002,calibration,not_applicable,together,synthetic_recovery_progress,0.86000000,20.00000000,0,0.99185187,0.98617492
experiment_05,image_002,calibration,not_applicable,together,synthetic_recovery_progress,0.87000000,20.00000000,0,0.99461295,0.98832420
experiment_05,image_002,calibration,not_applicable,together,synthetic_recovery_progress,0.88000000,20.00000000,0,0.99628084,0.98974873
experiment_05,image_002,calibration,not_applicable,together,synthetic_recovery_progress,0.89000000,20.00000000,0,0.99699128,0.99074619
experiment_05,image_002,calibration,not_applicable,together,synthetic_recovery_progress,0.90000000,20.00000000,0,0.99729358,0.99159863
experiment_05,image_002,calibration,not_applicable,together,synthetic_recovery_progress,0.91000000,20.00000000,0,0.99756422,0.99243877
experiment_05,image_002,calibration,not_applicable,together,synthetic_recovery_progress,0.92000000,20.00000000,0,0.99783487,0.99327890
experiment_05,image_002,calibration,not_applicable,together,synthetic_recovery_progress,0.93000000,20.00000000,0,0.99810551,0.99411904
experiment_05,image_002,calibration,not_applicable,together,synthetic_recovery_progress,0.94000000,20.00000000,0,0.99837615,0.99495918
experiment_05,image_002,calibration,not_applicable,together,synthetic_recovery_progress,0.95000000,20.00000000,0,0.99864679,0.99579931
experiment_05,image_002,calibration,not_applicable,together,synthetic_recovery_progress,0.96000000,20.00000000,0,0.99891743,0.99663945
experiment_05,image_002,calibration,not_applicable,together,synthetic_recovery_progress,0.97000000,20.00000000,0,0.99918807,0.99747959
experiment_05,image_002,calibration,not_applicable,together,synthetic_recovery_progress,0.98000000,20.00000000,0,0.99945872,0.99831973
experiment_05,image_002,calibration,not_applicable,together,synthetic_recovery_progress,0.99000000,20.00000000,0,0.99972936,0.99915986
experiment_05,image_002,calibration,not_applicable,together,synthetic_recovery_progress,1.00000000,20.00000000,0,1.00000000,1.00000000
experiment_05,image_002,calibration,not_applicable,low_band_first,synthetic_recovery_progress,0.00000000,40.00000000,0,0.00000000,0.00000000
experiment_05,image_002,calibration,not_applicable,low_band_first,synthetic_recovery_progress,0.01000000,40.00000000,0,0.00000000,0.00000000
experiment_05,image_002,calibration,not_applicable,low_band_first,synthetic_recovery_progress,0.02000000,40.00000000,0,0.00000000,0.00000000
experiment_05,image_002,calibration,not_applicable,low_band_first,synthetic_recovery_progress,0.03000000,40.00000000,0,0.00000000,0.00000000
experiment_05,image_002,calibration,not_applicable,low_band_first,synthetic_recovery_progress,0.04000000,40.00000000,0,0.00000000,0.00000000
experiment_05,image_002,calibration,not_applicable,low_band_first,synthetic_recovery_progress,0.05000000,40.00000000,0,0.00000000,0.00000000
experiment_05,image_002,calibration,not_applicable,low_band_first,synthetic_recovery_progress,0.06000000,40.00000000,0,0.00028906,0.00000000
experiment_05,image_002,calibration,not_applicable,low_band_first,synthetic_recovery_progress,0.07000000,40.00000000,0,0.00379442,0.00000000
experiment_05,image_002,calibration,not_applicable,low_band_first,synthetic_recovery_progress,0.08000000,40.00000000,0,0.00950528,0.00000000
experiment_05,image_002,calibration,not_applicable,low_band_first,synthetic_recovery_progress,0.09000000,40.00000000,0,0.01732583,0.00000000
experiment_05,image_002,calibration,not_applicable,low_band_first,synthetic_recovery_progress,0.10000000,40.00000000,0,0.02716021,0.00000000
experiment_05,image_002,calibration,not_applicable,low_band_first,synthetic_recovery_progress,0.11000000,40.00000000,0,0.03891253,0.00000000
experiment_05,image_002,calibration,not_applicable,low_band_first,synthetic_recovery_progress,0.12000000,40.00000000,0,0.05248688,0.00000000
experiment_05,image_002,calibration,not_applicable,low_band_first,synthetic_recovery_progress,0.13000000,40.00000000,0,0.06778734,0.00000000
experiment_05,image_002,calibration,not_applicable,low_band_first,synthetic_recovery_progress,0.14000000,40.00000000,0,0.08471795,0.00000000
experiment_05,image_002,calibration,not_applicable,low_band_first,synthetic_recovery_progress,0.15000000,40.00000000,0,0.10318274,0.00000000
experiment_05,image_002,calibration,not_applicable,low_band_first,synthetic_recovery_progress,0.16000000,40.00000000,0,0.12308572,0.00000000
experiment_05,image_002,calibration,not_applicable,low_band_first,synthetic_recovery_progress,0.17000000,40.00000000,0,0.14433089,0.00000000
experiment_05,image_002,calibration,not_applicable,low_band_first,synthetic_recovery_progress,0.18000000,40.00000000,0,0.16682222,0.00000000
experiment_05,image_002,calibration,not_applicable,low_band_first,synthetic_recovery_progress,0.19000000,40.00000000,0,0.19046367,0.00000000
experiment_05,image_002,calibration,not_applicable,low_band_first,synthetic_recovery_progress,0.20000000,40.00000000,0,0.21515917,0.00000000
experiment_05,image_002,calibration,not_applicable,low_band_first,synthetic_recovery_progress,0.21000000,40.00000000,0,0.24081263,0.00000000
experiment_05,image_002,calibration,not_applicable,low_band_first,synthetic_recovery_progress,0.22000000,40.00000000,0,0.26732795,0.00000000
experiment_05,image_002,calibration,not_applicable,low_band_first,synthetic_recovery_progress,0.23000000,40.00000000,0,0.29460898,0.00000000
experiment_05,image_002,calibration,not_applicable,low_band_first,synthetic_recovery_progress,0.24000000,40.00000000,0,0.32255957,0.00000000
experiment_05,image_002,calibration,not_applicable,low_band_first,synthetic_recovery_progress,0.25000000,40.00000000,0,0.35108351,0.00000000
experiment_05,image_002,calibration,not_applicable,low_band_first,synthetic_recovery_progress,0.26000000,40.00000000,0,0.38008454,0.00000000
experiment_05,image_002,calibration,not_applicable,low_band_first,synthetic_recovery_progress,0.27000000,40.00000000,0,0.40946639,0.00000000
experiment_05,image_002,calibration,not_applicable,low_band_first,synthetic_recovery_progress,0.28000000,40.00000000,0,0.43913269,0.00000000
experiment_05,image_002,calibration,not_applicable,low_band_first,synthetic_recovery_progress,0.29000000,40.00000000,0,0.46898702,0.00000000
experiment_05,image_002,calibration,not_applicable,low_band_first,synthetic_recovery_progress,0.30000000,40.00000000,0,0.49893287,0.00000000
experiment_05,image_002,calibration,not_applicable,low_band_first,synthetic_recovery_progress,0.31000000,40.00000000,0,0.52887362,0.00000000
experiment_05,image_002,calibration,not_applicable,low_band_first,synthetic_recovery_progress,0.32000000,40.00000000,0,0.55871253,0.00000000
experiment_05,image_002,calibration,not_applicable,low_band_first,synthetic_recovery_progress,0.33000000,40.00000000,0,0.58835266,0.00000000
experiment_05,image_002,calibration,not_applicable,low_band_first,synthetic_recovery_progress,0.34000000,40.00000000,0,0.61769688,0.00000000
experiment_05,image_002,calibration,not_applicable,low_band_first,synthetic_recovery_progress,0.35000000,40.00000000,0,0.64664778,0.00000000
experiment_05,image_002,calibration,not_applicable,low_band_first,synthetic_recovery_progress,0.36000000,40.00000000,0,0.67510758,0.00000000
experiment_05,image_002,calibration,not_applicable,low_band_first,synthetic_recovery_progress,0.37000000,40.00000000,0,0.70297804,0.00000000
experiment_05,image_002,calibration,not_applicable,low_band_first,synthetic_recovery_progress,0.38000000,40.00000000,0,0.73016025,0.00000000
experiment_05,image_002,calibration,not_applicable,low_band_first,synthetic_recovery_progress,0.39000000,40.00000000,0,0.75655447,0.00000000
experiment_05,image_002,calibration,not_applicable,low_band_first,synthetic_recovery_progress,0.40000000,40.00000000,0,0.78205972,0.00000000
experiment_05,image_002,calibration,not_applicable,low_band_first,synthetic_recovery_progress,0.41000000,40.00000000,0,0.80657335,0.00000000
experiment_05,image_002,calibration,not_applicable,low_band_first,synthetic_recovery_progress,0.42000000,40.00000000,0,0.82999027,0.00000000
experiment_05,image_002,calibration,not_applicable,low_band_first,synthetic_recovery_progress,0.43000000,40.00000000,0,0.85220182,0.00000000
experiment_05,image_002,calibration,not_applicable,low_band_first,synthetic_recovery_progress,0.44000000,40.00000000,0,0.87309401,0.00000000
experiment_05,image_002,calibration,not_applicable,low_band_first,synthetic_recovery_progress,0.45000000,40.00000000,0,0.89254473,0.00000000
experiment_05,image_002,calibration,not_applicable,low_band_first,synthetic_recovery_progress,0.46000000,40.00000000,0,0.91041918,0.00071430
experiment_05,image_002,calibration,not_applicable,low_band_first,synthetic_recovery_progress,0.47000000,40.00000000,0,0.92656279,0.00421640
experiment_05,image_002,calibration,not_applicable,low_band_first,synthetic_recovery_progress,0.48000000,40.00000000,0,0.94079058,0.00992557
experiment_05,image_002,calibration,not_applicable,low_band_first,synthetic_recovery_progress,0.49000000,40.00000000,0,0.95287507,0.01774590
experiment_05,image_002,calibration,not_applicable,low_band_first,synthetic_recovery_progress,0.50000000,40.00000000,0,0.96254695,0.02758148
experiment_05,image_002,calibration,not_applicable,low_band_first,synthetic_recovery_progress,0.51000000,40.00000000,0,0.96955942,0.03933638
experiment_05,image_002,calibration,not_applicable,low_band_first,synthetic_recovery_progress,0.52000000,40.00000000,0,0.97389891,0.05291464
experiment_05,image_002,calibration,not_applicable,low_band_first,synthetic_recovery_progress,0.53000000,40.00000000,0,0.97606061,0.06822034
experiment_05,image_002,calibration,not_applicable,low_band_first,synthetic_recovery_progress,0.54000000,40.00000000,0,0.97697484,0.08515750
experiment_05,image_002,calibration,not_applicable,low_band_first,synthetic_recovery_progress,0.55000000,40.00000000,0,0.97750000,0.10363017
experiment_05,image_002,calibration,not_applicable,low_band_first,synthetic_recovery_progress,0.56000000,40.00000000,0,0.97800000,0.12354240
experiment_05,image_002,calibration,not_applicable,low_band_first,synthetic_recovery_progress,0.57000000,40.00000000,0,0.97850000,0.14479819
experiment_05,image_002,calibration,not_applicable,low_band_first,synthetic_recovery_progress,0.58000000,40.00000000,0,0.97900000,0.16730159
experiment_05,image_002,calibration,not_applicable,low_band_first,synthetic_recovery_progress,0.59000000,40.00000000,0,0.97950000,0.19095661
experiment_05,image_002,calibration,not_applicable,low_band_first,synthetic_recovery_progress,0.60000000,40.00000000,0,0.98000000,0.21566728
experiment_05,image_002,calibration,not_applicable,low_band_first,synthetic_recovery_progress,0.61000000,40.00000000,0,0.98050000,0.24133761
experiment_05,image_002,calibration,not_applicable,low_band_first,synthetic_recovery_progress,0.62000000,40.00000000,0,0.98100000,0.26787162
experiment_05,image_002,calibration,not_applicable,low_band_first,synthetic_recovery_progress,0.63000000,40.00000000,0,0.98150000,0.29517331
experiment_05,image_002,calibration,not_applicable,low_band_first,synthetic_recovery_progress,0.64000000,40.00000000,0,0.98200000,0.32314670
experiment_05,image_002,calibration,not_applicable,low_band_first,synthetic_recovery_progress,0.65000000,40.00000000,0,0.98250000,0.35169579
experiment_05,image_002,calibration,not_applicable,low_band_first,synthetic_recovery_progress,0.66000000,40.00000000,0,0.98300000,0.38072459
experiment_05,image_002,calibration,not_applicable,low_band_first,synthetic_recovery_progress,0.67000000,40.00000000,0,0.98350000,0.41013709
experiment_05,image_002,calibration,not_applicable,low_band_first,synthetic_recovery_progress,0.68000000,40.00000000,0,0.98400000,0.43983730
experiment_05,image_002,calibration,not_applicable,low_band_first,synthetic_recovery_progress,0.69000000,40.00000000,0,0.98450000,0.46972921
experiment_05,image_002,calibration,not_applicable,low_band_first,synthetic_recovery_progress,0.70000000,40.00000000,0,0.98500000,0.49971682
experiment_05,image_002,calibration,not_applicable,low_band_first,synthetic_recovery_progress,0.71000000,40.00000000,0,0.98550000,0.52970410
experiment_05,image_002,calibration,not_applicable,low_band_first,synthetic_recovery_progress,0.72000000,40.00000000,0,0.98600000,0.55959504
experiment_05,image_002,calibration,not_applicable,low_band_first,synthetic_recovery_progress,0.73000000,40.00000000,0,0.98650000,0.58929363
experiment_05,image_002,calibration,not_applicable,low_band_first,synthetic_recovery_progress,0.74000000,40.00000000,0,0.98700000,0.61870383
experiment_05,image_002,calibration,not_applicable,low_band_first,synthetic_recovery_progress,0.75000000,40.00000000,0,0.98750000,0.64772960
experiment_05,image_002,calibration,not_applicable,low_band_first,synthetic_recovery_progress,0.76000000,40.00000000,0,0.98800000,0.67627490
experiment_05,image_002,calibration,not_applicable,low_band_first,synthetic_recovery_progress,0.77000000,40.00000000,0,0.98850000,0.70424367
experiment_05,image_002,calibration,not_applicable,low_band_first,synthetic_recovery_progress,0.78000000,40.00000000,0,0.98900000,0.73153982
experiment_05,image_002,calibration,not_applicable,low_band_first,synthetic_recovery_progress,0.79000000,40.00000000,0,0.98950000,0.75806726
experiment_05,image_002,calibration,not_applicable,low_band_first,synthetic_recovery_progress,0.80000000,40.00000000,0,0.99000000,0.78372984
experiment_05,image_002,calibration,not_applicable,low_band_first,synthetic_recovery_progress,0.81000000,40.00000000,0,0.99050000,0.80843140
experiment_05,image_002,calibration,not_applicable,low_band_first,synthetic_recovery_progress,0.82000000,40.00000000,0,0.99100000,0.83207569
experiment_05,image_002,calibration,not_applicable,low_band_first,synthetic_recovery_progress,0.83000000,40.00000000,0,0.99150000,0.85456638
experiment_05,image_002,calibration,not_applicable,low_band_first,synthetic_recovery_progress,0.84000000,40.00000000,0,0.99200000,0.87580700
experiment_05,image_002,calibration,not_applicable,low_band_first,synthetic_recovery_progress,0.85000000,40.00000000,0,0.99250000,0.89570087
experiment_05,image_002,calibration,not_applicable,low_band_first,synthetic_recovery_progress,0.86000000,40.00000000,0,0.99300000,0.91415095
experiment_05,image_002,calibration,not_applicable,low_band_first,synthetic_recovery_progress,0.87000000,40.00000000,0,0.99350000,0.93105965
experiment_05,image_002,calibration,not_applicable,low_band_first,synthetic_recovery_progress,0.88000000,40.00000000,0,0.99400000,0.94632827
experiment_05,image_002,calibration,not_applicable,low_band_first,synthetic_recovery_progress,0.89000000,40.00000000,0,0.99450000,0.95985609
experiment_05,image_002,calibration,not_applicable,low_band_first,synthetic_recovery_progress,0.90000000,40.00000000,0,0.99500000,0.97153796
experiment_05,image_002,calibration,not_applicable,low_band_first,synthetic_recovery_progress,0.91000000,40.00000000,0,0.99550000,0.98125827
experiment_05,image_002,calibration,not_applicable,low_band_first,synthetic_recovery_progress,0.92000000,40.00000000,0,0.99600000,0.98887266
experiment_05,image_002,calibration,not_applicable,low_band_first,synthetic_recovery_progress,0.93000000,40.00000000,0,0.99650000,0.99415153
experiment_05,image_002,calibration,not_applicable,low_band_first,synthetic_recovery_progress,0.94000000,40.00000000,0,0.99700000,0.99677053
experiment_05,image_002,calibration,not_applicable,low_band_first,synthetic_recovery_progress,0.95000000,40.00000000,0,0.99750000,0.99750000
experiment_05,image_002,calibration,not_applicable,low_band_first,synthetic_recovery_progress,0.96000000,40.00000000,0,0.99800000,0.99800000
experiment_05,image_002,calibration,not_applicable,low_band_first,synthetic_recovery_progress,0.97000000,40.00000000,0,0.99850000,0.99850000
experiment_05,image_002,calibration,not_applicable,low_band_first,synthetic_recovery_progress,0.98000000,40.00000000,0,0.99900000,0.99900000
experiment_05,image_002,calibration,not_applicable,low_band_first,synthetic_recovery_progress,0.99000000,40.00000000,0,0.99950000,0.99950000
experiment_05,image_002,calibration,not_applicable,low_band_first,synthetic_recovery_progress,1.00000000,40.00000000,0,1.00000000,1.00000000
experiment_05,image_002,calibration,not_applicable,high_band_first,synthetic_recovery_progress,0.00000000,40.00000000,0,0.00000000,0.00000000
experiment_05,image_002,calibration,not_applicable,high_band_first,synthetic_recovery_progress,0.01000000,40.00000000,0,0.00000000,0.00000000
experiment_05,image_002,calibration,not_applicable,high_band_first,synthetic_recovery_progress,0.02000000,40.00000000,0,0.00000000,0.00000000
experiment_05,image_002,calibration,not_applicable,high_band_first,synthetic_recovery_progress,0.03000000,40.00000000,0,0.00000000,0.00000000
experiment_05,image_002,calibration,not_applicable,high_band_first,synthetic_recovery_progress,0.04000000,40.00000000,0,0.00000000,0.00000000
experiment_05,image_002,calibration,not_applicable,high_band_first,synthetic_recovery_progress,0.05000000,40.00000000,0,0.00000000,0.00000000
experiment_05,image_002,calibration,not_applicable,high_band_first,synthetic_recovery_progress,0.06000000,40.00000000,0,0.00000000,0.00000000
experiment_05,image_002,calibration,not_applicable,high_band_first,synthetic_recovery_progress,0.07000000,40.00000000,0,0.00000000,0.00340599
experiment_05,image_002,calibration,not_applicable,high_band_first,synthetic_recovery_progress,0.08000000,40.00000000,0,0.00000000,0.00912102
experiment_05,image_002,calibration,not_applicable,high_band_first,synthetic_recovery_progress,0.09000000,40.00000000,0,0.00000000,0.01694575
experiment_05,image_002,calibration,not_applicable,high_band_first,synthetic_recovery_progress,0.10000000,40.00000000,0,0.00000000,0.02678430
experiment_05,image_002,calibration,not_applicable,high_band_first,synthetic_recovery_progress,0.11000000,40.00000000,0,0.00000000,0.03854080
experiment_05,image_002,calibration,not_applicable,high_band_first,synthetic_recovery_progress,0.12000000,40.00000000,0,0.00000000,0.05211933
experiment_05,image_002,calibration,not_applicable,high_band_first,synthetic_recovery_progress,0.13000000,40.00000000,0,0.00000000,0.06742397
experiment_05,image_002,calibration,not_applicable,high_band_first,synthetic_recovery_progress,0.14000000,40.00000000,0,0.00000000,0.08435876
experiment_05,image_002,calibration,not_applicable,high_band_first,synthetic_recovery_progress,0.15000000,40.00000000,0,0.00000000,0.10282773
experiment_05,image_002,calibration,not_applicable,high_band_first,synthetic_recovery_progress,0.16000000,40.00000000,0,0.00000000,0.12273490
experiment_05,image_002,calibration,not_applicable,high_band_first,synthetic_recovery_progress,0.17000000,40.00000000,0,0.00000000,0.14398426
experiment_05,image_002,calibration,not_applicable,high_band_first,synthetic_recovery_progress,0.18000000,40.00000000,0,0.00000000,0.16647978
experiment_05,image_002,calibration,not_applicable,high_band_first,synthetic_recovery_progress,0.19000000,40.00000000,0,0.00000000,0.19012541
experiment_05,image_002,calibration,not_applicable,high_band_first,synthetic_recovery_progress,0.20000000,40.00000000,0,0.00000000,0.21482510
experiment_05,image_002,calibration,not_applicable,high_band_first,synthetic_recovery_progress,0.21000000,40.00000000,0,0.00000000,0.24048276
experiment_05,image_002,calibration,not_applicable,high_band_first,synthetic_recovery_progress,0.22000000,40.00000000,0,0.00000000,0.26700227
experiment_05,image_002,calibration,not_applicable,high_band_first,synthetic_recovery_progress,0.23000000,40.00000000,0,0.00000000,0.29428751
experiment_05,image_002,calibration,not_applicable,high_band_first,synthetic_recovery_progress,0.24000000,40.00000000,0,0.00000000,0.32224230
experiment_05,image_002,calibration,not_applicable,high_band_first,synthetic_recovery_progress,0.25000000,40.00000000,0,0.00000000,0.35077044
experiment_05,image_002,calibration,not_applicable,high_band_first,synthetic_recovery_progress,0.26000000,40.00000000,0,0.00000000,0.37977568
experiment_05,image_002,calibration,not_applicable,high_band_first,synthetic_recovery_progress,0.27000000,40.00000000,0,0.00000000,0.40916174
experiment_05,image_002,calibration,not_applicable,high_band_first,synthetic_recovery_progress,0.28000000,40.00000000,0,0.00000000,0.43883226
experiment_05,image_002,calibration,not_applicable,high_band_first,synthetic_recovery_progress,0.29000000,40.00000000,0,0.00000000,0.46869081
experiment_05,image_002,calibration,not_applicable,high_band_first,synthetic_recovery_progress,0.30000000,40.00000000,0,0.00000000,0.49864090
experiment_05,image_002,calibration,not_applicable,high_band_first,synthetic_recovery_progress,0.31000000,40.00000000,0,0.00000000,0.52858589
experiment_05,image_002,calibration,not_applicable,high_band_first,synthetic_recovery_progress,0.32000000,40.00000000,0,0.00000000,0.55842905
experiment_05,image_002,calibration,not_applicable,high_band_first,synthetic_recovery_progress,0.33000000,40.00000000,0,0.00000000,0.58807344
experiment_05,image_002,calibration,not_applicable,high_band_first,synthetic_recovery_progress,0.34000000,40.00000000,0,0.00000000,0.61742194
experiment_05,image_002,calibration,not_applicable,high_band_first,synthetic_recovery_progress,0.35000000,40.00000000,0,0.00000000,0.64637715
experiment_05,image_002,calibration,not_applicable,high_band_first,synthetic_recovery_progress,0.36000000,40.00000000,0,0.00000000,0.67484128
experiment_05,image_002,calibration,not_applicable,high_band_first,synthetic_recovery_progress,0.37000000,40.00000000,0,0.00000000,0.70271610
experiment_05,image_002,calibration,not_applicable,high_band_first,synthetic_recovery_progress,0.38000000,40.00000000,0,0.00000000,0.72990273
experiment_05,image_002,calibration,not_applicable,high_band_first,synthetic_recovery_progress,0.39000000,40.00000000,0,0.00000000,0.75630142
experiment_05,image_002,calibration,not_applicable,high_band_first,synthetic_recovery_progress,0.40000000,40.00000000,0,0.00000000,0.78181123
experiment_05,image_002,calibration,not_applicable,high_band_first,synthetic_recovery_progress,0.41000000,40.00000000,0,0.00000000,0.80632953
experiment_05,image_002,calibration,not_applicable,high_band_first,synthetic_recovery_progress,0.42000000,40.00000000,0,0.00000000,0.82975130
experiment_05,image_002,calibration,not_applicable,high_band_first,synthetic_recovery_progress,0.43000000,40.00000000,0,0.00000000,0.85196794
experiment_05,image_002,calibration,not_applicable,high_band_first,synthetic_recovery_progress,0.44000000,40.00000000,0,0.00000000,0.87286561
experiment_05,image_002,calibration,not_applicable,high_band_first,synthetic_recovery_progress,0.45000000,40.00000000,0,0.00000000,0.89232239
experiment_05,image_002,calibration,not_applicable,high_band_first,synthetic_recovery_progress,0.46000000,40.00000000,0,0.00094001,0.91020385
experiment_05,image_002,calibration,not_applicable,high_band_first,synthetic_recovery_progress,0.47000000,40.00000000,0,0.00443792,0.92635605
experiment_05,image_002,calibration,not_applicable,high_band_first,synthetic_recovery_progress,0.48000000,40.00000000,0,0.01014291,0.94059514
experiment_05,image_002,calibration,not_applicable,high_band_first,synthetic_recovery_progress,0.49000000,40.00000000,0,0.01795907,0.95269557
experiment_05,image_002,calibration,not_applicable,high_band_first,synthetic_recovery_progress,0.50000000,40.00000000,0,0.02779047,0.96239099
experiment_05,image_002,calibration,not_applicable,high_band_first,synthetic_recovery_progress,0.51000000,40.00000000,0,0.03954119,0.96943734
experiment_05,image_002,calibration,not_applicable,high_band_first,synthetic_recovery_progress,0.52000000,40.00000000,0,0.05311528,0.97381931
experiment_05,image_002,calibration,not_applicable,high_band_first,synthetic_recovery_progress,0.53000000,40.00000000,0,0.06841679,0.97602229
experiment_05,image_002,calibration,not_applicable,high_band_first,synthetic_recovery_progress,0.54000000,40.00000000,0,0.08534977,0.97696495
experiment_05,image_002,calibration,not_applicable,high_band_first,synthetic_recovery_progress,0.55000000,40.00000000,0,0.10381827,0.97750000
experiment_05,image_002,calibration,not_applicable,high_band_first,synthetic_recovery_progress,0.56000000,40.00000000,0,0.12372631,0.97800000
experiment_05,image_002,calibration,not_applicable,high_band_first,synthetic_recovery_progress,0.57000000,40.00000000,0,0.14497793,0.97850000
experiment_05,image_002,calibration,not_applicable,high_band_first,synthetic_recovery_progress,0.58000000,40.00000000,0,0.16747714,0.97900000
experiment_05,image_002,calibration,not_applicable,high_band_first,synthetic_recovery_progress,0.59000000,40.00000000,0,0.19112799,0.97950000
experiment_05,image_002,calibration,not_applicable,high_band_first,synthetic_recovery_progress,0.60000000,40.00000000,0,0.21583448,0.98000000
experiment_05,image_002,calibration,not_applicable,high_band_first,synthetic_recovery_progress,0.61000000,40.00000000,0,0.24150063,0.98050000
experiment_05,image_002,calibration,not_applicable,high_band_first,synthetic_recovery_progress,0.62000000,40.00000000,0,0.26803045,0.98100000
experiment_05,image_002,calibration,not_applicable,high_band_first,synthetic_recovery_progress,0.63000000,40.00000000,0,0.29532796,0.98150000
experiment_05,image_002,calibration,not_applicable,high_band_first,synthetic_recovery_progress,0.64000000,40.00000000,0,0.32329717,0.98200000
experiment_05,image_002,calibration,not_applicable,high_band_first,synthetic_recovery_progress,0.65000000,40.00000000,0,0.35184208,0.98250000
experiment_05,image_002,calibration,not_applicable,high_band_first,synthetic_recovery_progress,0.66000000,40.00000000,0,0.38086670,0.98300000
experiment_05,image_002,calibration,not_applicable,high_band_first,synthetic_recovery_progress,0.67000000,40.00000000,0,0.41027502,0.98350000
experiment_05,image_002,calibration,not_applicable,high_band_first,synthetic_recovery_progress,0.68000000,40.00000000,0,0.43997105,0.98400000
experiment_05,image_002,calibration,not_applicable,high_band_first,synthetic_recovery_progress,0.69000000,40.00000000,0,0.46985878,0.98450000
experiment_05,image_002,calibration,not_applicable,high_band_first,synthetic_recovery_progress,0.70000000,40.00000000,0,0.49984220,0.98500000
experiment_05,image_002,calibration,not_applicable,high_band_first,synthetic_recovery_progress,0.71000000,40.00000000,0,0.52982530,0.98550000
experiment_05,image_002,calibration,not_applicable,high_band_first,synthetic_recovery_progress,0.72000000,40.00000000,0,0.55971206,0.98600000
experiment_05,image_002,calibration,not_applicable,high_band_first,synthetic_recovery_progress,0.73000000,40.00000000,0,0.58940646,0.98650000
experiment_05,image_002,calibration,not_applicable,high_band_first,synthetic_recovery_progress,0.74000000,40.00000000,0,0.61881248,0.98700000
experiment_05,image_002,calibration,not_applicable,high_band_first,synthetic_recovery_progress,0.75000000,40.00000000,0,0.64783407,0.98750000
experiment_05,image_002,calibration,not_applicable,high_band_first,synthetic_recovery_progress,0.76000000,40.00000000,0,0.67637518,0.98800000
experiment_05,image_002,calibration,not_applicable,high_band_first,synthetic_recovery_progress,0.77000000,40.00000000,0,0.70433977,0.98850000
experiment_05,image_002,calibration,not_applicable,high_band_first,synthetic_recovery_progress,0.78000000,40.00000000,0,0.73163173,0.98900000
experiment_05,image_002,calibration,not_applicable,high_band_first,synthetic_recovery_progress,0.79000000,40.00000000,0,0.75815498,0.98950000
experiment_05,image_002,calibration,not_applicable,high_band_first,synthetic_recovery_progress,0.80000000,40.00000000,0,0.78381338,0.99000000
experiment_05,image_002,calibration,not_applicable,high_band_first,synthetic_recovery_progress,0.81000000,40.00000000,0,0.80851075,0.99050000
experiment_05,image_002,calibration,not_applicable,high_band_first,synthetic_recovery_progress,0.82000000,40.00000000,0,0.83215085,0.99100000
experiment_05,image_002,calibration,not_applicable,high_band_first,synthetic_recovery_progress,0.83000000,40.00000000,0,0.85463734,0.99150000
experiment_05,image_002,calibration,not_applicable,high_band_first,synthetic_recovery_progress,0.84000000,40.00000000,0,0.87587376,0.99200000
experiment_05,image_002,calibration,not_applicable,high_band_first,synthetic_recovery_progress,0.85000000,40.00000000,0,0.89576342,0.99250000
experiment_05,image_002,calibration,not_applicable,high_band_first,synthetic_recovery_progress,0.86000000,40.00000000,0,0.91420930,0.99300000
experiment_05,image_002,calibration,not_applicable,high_band_first,synthetic_recovery_progress,0.87000000,40.00000000,0,0.93111376,0.99350000
experiment_05,image_002,calibration,not_applicable,high_band_first,synthetic_recovery_progress,0.88000000,40.00000000,0,0.94637813,0.99400000
experiment_05,image_002,calibration,not_applicable,high_band_first,synthetic_recovery_progress,0.89000000,40.00000000,0,0.95990165,0.99450000
experiment_05,image_002,calibration,not_applicable,high_band_first,synthetic_recovery_progress,0.90000000,40.00000000,0,0.97157912,0.99500000
experiment_05,image_002,calibration,not_applicable,high_band_first,synthetic_recovery_progress,0.91000000,40.00000000,0,0.98129480,0.99550000
experiment_05,image_002,calibration,not_applicable,high_band_first,synthetic_recovery_progress,0.92000000,40.00000000,0,0.98890387,0.99600000
experiment_05,image_002,calibration,not_applicable,high_band_first,synthetic_recovery_progress,0.93000000,40.00000000,0,0.99417496,0.99650000
experiment_05,image_002,calibration,not_applicable,high_band_first,synthetic_recovery_progress,0.94000000,40.00000000,0,0.99677974,0.99700000
experiment_05,image_002,calibration,not_applicable,high_band_first,synthetic_recovery_progress,0.95000000,40.00000000,0,0.99750000,0.99750000
experiment_05,image_002,calibration,not_applicable,high_band_first,synthetic_recovery_progress,0.96000000,40.00000000,0,0.99800000,0.99800000
experiment_05,image_002,calibration,not_applicable,high_band_first,synthetic_recovery_progress,0.97000000,40.00000000,0,0.99850000,0.99850000
experiment_05,image_002,calibration,not_applicable,high_band_first,synthetic_recovery_progress,0.98000000,40.00000000,0,0.99900000,0.99900000
experiment_05,image_002,calibration,not_applicable,high_band_first,synthetic_recovery_progress,0.99000000,40.00000000,0,0.99950000,0.99950000
experiment_05,image_002,calibration,not_applicable,high_band_first,synthetic_recovery_progress,1.00000000,40.00000000,0,1.00000000,1.00000000
experiment_05,image_002,calibration,not_applicable,together,synthetic_recovery_progress,0.00000000,40.00000000,0,0.00000000,0.00000000
experiment_05,image_002,calibration,not_applicable,together,synthetic_recovery_progress,0.01000000,40.00000000,0,0.00000000,0.00000000
experiment_05,image_002,calibration,not_applicable,together,synthetic_recovery_progress,0.02000000,40.00000000,0,0.00000000,0.00000000
experiment_05,image_002,calibration,not_applicable,together,synthetic_recovery_progress,0.03000000,40.00000000,0,0.00000000,0.00000000
experiment_05,image_002,calibration,not_applicable,together,synthetic_recovery_progress,0.04000000,40.00000000,0,0.00000000,0.00000000
experiment_05,image_002,calibration,not_applicable,together,synthetic_recovery_progress,0.05000000,40.00000000,0,0.00000000,0.00000000
experiment_05,image_002,calibration,not_applicable,together,synthetic_recovery_progress,0.06000000,40.00000000,0,0.00000000,0.00000000
experiment_05,image_002,calibration,not_applicable,together,synthetic_recovery_progress,0.07000000,40.00000000,0,0.00000000,0.00000000
experiment_05,image_002,calibration,not_applicable,together,synthetic_recovery_progress,0.08000000,40.00000000,0,0.00000000,0.00000000
experiment_05,image_002,calibration,not_applicable,together,synthetic_recovery_progress,0.09000000,40.00000000,0,0.00000000,0.00000000
experiment_05,image_002,calibration,not_applicable,together,synthetic_recovery_progress,0.10000000,40.00000000,0,0.00000000,0.00000000
experiment_05,image_002,calibration,not_applicable,together,synthetic_recovery_progress,0.11000000,40.00000000,0,0.00000000,0.00000000
experiment_05,image_002,calibration,not_applicable,together,synthetic_recovery_progress,0.12000000,40.00000000,0,0.00107130,0.00070371
experiment_05,image_002,calibration,not_applicable,together,synthetic_recovery_progress,0.13000000,40.00000000,0,0.00335833,0.00299491
experiment_05,image_002,calibration,not_applicable,together,synthetic_recovery_progress,0.14000000,40.00000000,0,0.00651158,0.00615233
experiment_05,image_002,calibration,not_applicable,together,synthetic_recovery_progress,0.15000000,40.00000000,0,0.01050767,0.01015259
experiment_05,image_002,calibration,not_applicable,together,synthetic_recovery_progress,0.16000000,40.00000000,0,0.01532321,0.01497231
experiment_05,image_002,calibration,not_applicable,together,synthetic_recovery_progress,0.17000000,40.00000000,0,0.02093483,0.02058810
experiment_05,image_002,calibration,not_applicable,together,synthetic_recovery_progress,0.18000000,40.00000000,0,0.02731913,0.02697657
experiment_05,image_002,calibration,not_applicable,together,synthetic_recovery_progress,0.19000000,40.00000000,0,0.03445271,0.03411433
experiment_05,image_002,calibration,not_applicable,together,synthetic_recovery_progress,0.20000000,40.00000000,0,0.04231218,0.04197797
experiment_05,image_002,calibration,not_applicable,together,synthetic_recovery_progress,0.21000000,40.00000000,0,0.05087413,0.05054410
experiment_05,image_002,calibration,not_applicable,together,synthetic_recovery_progress,0.22000000,40.00000000,0,0.06011517,0.05978932
experiment_05,image_002,calibration,not_applicable,together,synthetic_recovery_progress,0.23000000,40.00000000,0,0.07001188,0.06969020
experiment_05,image_002,calibration,not_applicable,together,synthetic_recovery_progress,0.24000000,40.00000000,0,0.08054085,0.08022335
experiment_05,image_002,calibration,not_applicable,together,synthetic_recovery_progress,0.25000000,40.00000000,0,0.09167868,0.09136535
experiment_05,image_002,calibration,not_applicable,together,synthetic_recovery_progress,0.26000000,40.00000000,0,0.10340194,0.10309279
experiment_05,image_002,calibration,not_applicable,together,synthetic_recovery_progress,0.27000000,40.00000000,0,0.11568722,0.11538225
experiment_05,image_002,calibration,not_applicable,together,synthetic_recovery_progress,0.28000000,40.00000000,0,0.12851110,0.12821031
experiment_05,image_002,calibration,not_applicable,together,synthetic_recovery_progress,0.29000000,40.00000000,0,0.14185017,0.14155356
experiment_05,image_002,calibration,not_applicable,together,synthetic_recovery_progress,0.30000000,40.00000000,0,0.15568100,0.15538856
experiment_05,image_002,calibration,not_applicable,together,synthetic_recovery_progress,0.31000000,40.00000000,0,0.16998017,0.16969191
experiment_05,image_002,calibration,not_applicable,together,synthetic_recovery_progress,0.32000000,40.00000000,0,0.18472425,0.18444017
experiment_05,image_002,calibration,not_applicable,together,synthetic_recovery_progress,0.33000000,40.00000000,0,0.19988982,0.19960992
experiment_05,image_002,calibration,not_applicable,together,synthetic_recovery_progress,0.34000000,40.00000000,0,0.21545345,0.21517774
experiment_05,image_002,calibration,not_applicable,together,synthetic_recovery_progress,0.35000000,40.00000000,0,0.23139172,0.23112018
experiment_05,image_002,calibration,not_applicable,together,synthetic_recovery_progress,0.36000000,40.00000000,0,0.24768119,0.24741384
experiment_05,image_002,calibration,not_applicable,together,synthetic_recovery_progress,0.37000000,40.00000000,0,0.26429844,0.26403526
experiment_05,image_002,calibration,not_applicable,together,synthetic_recovery_progress,0.38000000,40.00000000,0,0.28122003,0.28096103
experiment_05,image_002,calibration,not_applicable,together,synthetic_recovery_progress,0.39000000,40.00000000,0,0.29842253,0.29816772
experiment_05,image_002,calibration,not_applicable,together,synthetic_recovery_progress,0.40000000,40.00000000,0,0.31588251,0.31563187
experiment_05,image_002,calibration,not_applicable,together,synthetic_recovery_progress,0.41000000,40.00000000,0,0.33357653,0.33333008
experiment_05,image_002,calibration,not_applicable,together,synthetic_recovery_progress,0.42000000,40.00000000,0,0.35148115,0.35123888
experiment_05,image_002,calibration,not_applicable,together,synthetic_recovery_progress,0.43000000,40.00000000,0,0.36957295,0.36933486
experiment_05,image_002,calibration,not_applicable,together,synthetic_recovery_progress,0.44000000,40.00000000,0,0.38782847,0.38759457
experiment_05,image_002,calibration,not_applicable,together,synthetic_recovery_progress,0.45000000,40.00000000,0,0.40622428,0.40599456
experiment_05,image_002,calibration,not_applicable,together,synthetic_recovery_progress,0.46000000,40.00000000,0,0.42473695,0.42451141
experiment_05,image_002,calibration,not_applicable,together,synthetic_recovery_progress,0.47000000,40.00000000,0,0.44334302,0.44312166
experiment_05,image_002,calibration,not_applicable,together,synthetic_recovery_progress,0.48000000,40.00000000,0,0.46201905,0.46180188
experiment_05,image_002,calibration,not_applicable,together,synthetic_recovery_progress,0.49000000,40.00000000,0,0.48074160,0.48052861
experiment_05,image_002,calibration,not_applicable,together,synthetic_recovery_progress,0.50000000,40.00000000,0,0.49948721,0.49927841
experiment_05,image_002,calibration,not_applicable,together,synthetic_recovery_progress,0.51000000,40.00000000,0,0.51823245,0.51802783
experiment_05,image_002,calibration,not_applicable,together,synthetic_recovery_progress,0.52000000,40.00000000,0,0.53695385,0.53675342
experiment_05,image_002,calibration,not_applicable,together,synthetic_recovery_progress,0.53000000,40.00000000,0,0.55562796,0.55543172
experiment_05,image_002,calibration,not_applicable,together,synthetic_recovery_progress,0.54000000,40.00000000,0,0.57423132,0.57403927
experiment_05,image_002,calibration,not_applicable,together,synthetic_recovery_progress,0.55000000,40.00000000,0,0.59274048,0.59255261
experiment_05,image_002,calibration,not_applicable,together,synthetic_recovery_progress,0.56000000,40.00000000,0,0.61113196,0.61094828
experiment_05,image_002,calibration,not_applicable,together,synthetic_recovery_progress,0.57000000,40.00000000,0,0.62938230,0.62920281
experiment_05,image_002,calibration,not_applicable,together,synthetic_recovery_progress,0.58000000,40.00000000,0,0.64746802,0.64729272
experiment_05,image_002,calibration,not_applicable,together,synthetic_recovery_progress,0.59000000,40.00000000,0,0.66536564,0.66519453
experiment_05,image_002,calibration,not_applicable,together,synthetic_recovery_progress,0.60000000,40.00000000,0,0.68305168,0.68288476
experiment_05,image_002,calibration,not_applicable,together,synthetic_recovery_progress,0.61000000,40.00000000,0,0.70050263,0.70033991
experiment_05,image_002,calibration,not_applicable,together,synthetic_recovery_progress,0.62000000,40.00000000,0,0.71769499,0.71753646
experiment_05,image_002,calibration,not_applicable,together,synthetic_recovery_progress,0.63000000,40.00000000,0,0.73460525,0.73445092
experiment_05,image_002,calibration,not_applicable,together,synthetic_recovery_progress,0.64000000,40.00000000,0,0.75120986,0.75105973
experiment_05,image_002,calibration,not_applicable,together,synthetic_recovery_progress,0.65000000,40.00000000,0,0.76748529,0.76733936
experiment_05,image_002,calibration,not_applicable,together,synthetic_recovery_progress,0.66000000,40.00000000,0,0.78340796,0.78326623
experiment_05,image_002,calibration,not_applicable,together,synthetic_recovery_progress,0.67000000,40.00000000,0,0.79895427,0.79881675
experiment_05,image_002,calibration,not_applicable,together,synthetic_recovery_progress,0.68000000,40.00000000,0,0.81410059,0.81396728
experiment_05,image_002,calibration,not_applicable,together,synthetic_recovery_progress,0.69000000,40.00000000,0,0.82882325,0.82869416
experiment_05,image_002,calibration,not_applicable,together,synthetic_recovery_progress,0.70000000,40.00000000,0,0.84309853,0.84297366
experiment_05,image_002,calibration,not_applicable,together,synthetic_recovery_progress,0.71000000,40.00000000,0,0.85690263,0.85678200
experiment_05,image_002,calibration,not_applicable,together,synthetic_recovery_progress,0.72000000,40.00000000,0,0.87021167,0.87009528
experiment_05,image_002,calibration,not_applicable,together,synthetic_recovery_progress,0.73000000,40.00000000,0,0.88300166,0.88288952
experiment_05,image_002,calibration,not_applicable,together,synthetic_recovery_progress,0.74000000,40.00000000,0,0.89524843,0.89514056
experiment_05,image_002,calibration,not_applicable,together,synthetic_recovery_progress,0.75000000,40.00000000,0,0.90692762,0.90682403
experiment_05,image_002,calibration,not_applicable,together,synthetic_recovery_progress,0.76000000,40.00000000,0,0.91801455,0.91791527
experiment_05,image_002,calibration,not_applicable,together,synthetic_recovery_progress,0.77000000,40.00000000,0,0.92848412,0.92838920
experiment_05,image_002,calibration,not_applicable,together,synthetic_recovery_progress,0.78000000,40.00000000,0,0.93831064,0.93822012
experiment_05,image_002,calibration,not_applicable,together,synthetic_recovery_progress,0.79000000,40.00000000,0,0.94746746,0.94738142
experiment_05,image_002,calibration,not_applicable,together,synthetic_recovery_progress,0.80000000,40.00000000,0,0.95592659,0.95584514
experiment_05,image_002,calibration,not_applicable,together,synthetic_recovery_progress,0.81000000,40.00000000,0,0.96365783,0.96358114
experiment_05,image_002,calibration,not_applicable,together,synthetic_recovery_progress,0.82000000,40.00000000,0,0.97062751,0.97055586
experiment_05,image_002,calibration,not_applicable,together,synthetic_recovery_progress,0.83000000,40.00000000,0,0.97679627,0.97673011
experiment_05,image_002,calibration,not_applicable,together,synthetic_recovery_progress,0.84000000,40.00000000,0,0.98211558,0.98205572
experiment_05,image_002,calibration,not_applicable,together,synthetic_recovery_progress,0.85000000,40.00000000,0,0.98652339,0.98647122
experiment_05,image_002,calibration,not_applicable,together,synthetic_recovery_progress,0.86000000,40.00000000,0,0.98994475,0.98990264
experiment_05,image_002,calibration,not_applicable,together,synthetic_recovery_progress,0.87000000,40.00000000,0,0.99232344,0.99229437
experiment_05,image_002,calibration,not_applicable,together,synthetic_recovery_progress,0.88000000,40.00000000,0,0.99373100,0.99371626
experiment_05,image_002,calibration,not_applicable,together,synthetic_recovery_progress,0.89000000,40.00000000,0,0.99448247,0.99447859
experiment_05,image_002,calibration,not_applicable,together,synthetic_recovery_progress,0.90000000,40.00000000,0,0.99500000,0.99500000
experiment_05,image_002,calibration,not_applicable,together,synthetic_recovery_progress,0.91000000,40.00000000,0,0.99550000,0.99550000
experiment_05,image_002,calibration,not_applicable,together,synthetic_recovery_progress,0.92000000,40.00000000,0,0.99600000,0.99600000
experiment_05,image_002,calibration,not_applicable,together,synthetic_recovery_progress,0.93000000,40.00000000,0,0.99650000,0.99650000
experiment_05,image_002,calibration,not_applicable,together,synthetic_recovery_progress,0.94000000,40.00000000,0,0.99700000,0.99700000
experiment_05,image_002,calibration,not_applicable,together,synthetic_recovery_progress,0.95000000,40.00000000,0,0.99750000,0.99750000
experiment_05,image_002,calibration,not_applicable,together,synthetic_recovery_progress,0.96000000,40.00000000,0,0.99800000,0.99800000
experiment_05,image_002,calibration,not_applicable,together,synthetic_recovery_progress,0.97000000,40.00000000,0,0.99850000,0.99850000
experiment_05,image_002,calibration,not_applicable,together,synthetic_recovery_progress,0.98000000,40.00000000,0,0.99900000,0.99900000
experiment_05,image_002,calibration,not_applicable,together,synthetic_recovery_progress,0.99000000,40.00000000,0,0.99950000,0.99950000
experiment_05,image_002,calibration,not_applicable,together,synthetic_recovery_progress,1.00000000,40.00000000,0,1.00000000,1.00000000
experiment_05,image_002,calibration,not_applicable,low_band_first,synthetic_recovery_progress,0.00000000,80.00000000,0,0.00000000,0.00000000
experiment_05,image_002,calibration,not_applicable,low_band_first,synthetic_recovery_progress,0.01000000,80.00000000,0,0.00000000,0.00000000
experiment_05,image_002,calibration,not_applicable,low_band_first,synthetic_recovery_progress,0.02000000,80.00000000,0,0.00000000,0.00000000
experiment_05,image_002,calibration,not_applicable,low_band_first,synthetic_recovery_progress,0.03000000,80.00000000,0,0.00000000,0.00000000
experiment_05,image_002,calibration,not_applicable,low_band_first,synthetic_recovery_progress,0.04000000,80.00000000,0,0.00000000,0.00000000
experiment_05,image_002,calibration,not_applicable,low_band_first,synthetic_recovery_progress,0.05000000,80.00000000,0,0.00000000,0.00000000
experiment_05,image_002,calibration,not_applicable,low_band_first,synthetic_recovery_progress,0.06000000,80.00000000,0,0.00018679,0.00000000
experiment_05,image_002,calibration,not_applicable,low_band_first,synthetic_recovery_progress,0.07000000,80.00000000,0,0.00331113,0.00000000
experiment_05,image_002,calibration,not_applicable,low_band_first,synthetic_recovery_progress,0.08000000,80.00000000,0,0.00839788,0.00000000
experiment_05,image_002,calibration,not_applicable,low_band_first,synthetic_recovery_progress,0.09000000,80.00000000,0,0.01535801,0.00000000
experiment_05,image_002,calibration,not_applicable,low_band_first,synthetic_recovery_progress,0.10000000,80.00000000,0,0.02410125,0.00000000
experiment_05,image_002,calibration,not_applicable,low_band_first,synthetic_recovery_progress,0.11000000,80.00000000,0,0.03453614,0.00000000
experiment_05,image_002,calibration,not_applicable,low_band_first,synthetic_recovery_progress,0.12000000,80.00000000,0,0.04657006,0.00000000
experiment_05,image_002,calibration,not_applicable,low_band_first,synthetic_recovery_progress,0.13000000,80.00000000,0,0.06010928,0.00000000
experiment_05,image_002,calibration,not_applicable,low_band_first,synthetic_recovery_progress,0.14000000,80.00000000,0,0.07505895,0.00000000
experiment_05,image_002,calibration,not_applicable,low_band_first,synthetic_recovery_progress,0.15000000,80.00000000,0,0.09132305,0.00000000
experiment_05,image_002,calibration,not_applicable,low_band_first,synthetic_recovery_progress,0.16000000,80.00000000,0,0.10880440,0.00000000
experiment_05,image_002,calibration,not_applicable,low_band_first,synthetic_recovery_progress,0.17000000,80.00000000,0,0.12740454,0.00000000
experiment_05,image_002,calibration,not_applicable,low_band_first,synthetic_recovery_progress,0.18000000,80.00000000,0,0.14702369,0.00000000
experiment_05,image_002,calibration,not_applicable,low_band_first,synthetic_recovery_progress,0.19000000,80.00000000,0,0.16756064,0.00000000
experiment_05,image_002,calibration,not_applicable,low_band_first,synthetic_recovery_progress,0.20000000,80.00000000,0,0.18891262,0.00000000
experiment_05,image_002,calibration,not_applicable,low_band_first,synthetic_recovery_progress,0.21000000,80.00000000,0,0.21097522,0.00000000
experiment_05,image_002,calibration,not_applicable,low_band_first,synthetic_recovery_progress,0.22000000,80.00000000,0,0.23364217,0.00000000
experiment_05,image_002,calibration,not_applicable,low_band_first,synthetic_recovery_progress,0.23000000,80.00000000,0,0.25680523,0.00000000
experiment_05,image_002,calibration,not_applicable,low_band_first,synthetic_recovery_progress,0.24000000,80.00000000,0,0.28035403,0.00000000
experiment_05,image_002,calibration,not_applicable,low_band_first,synthetic_recovery_progress,0.25000000,80.00000000,0,0.30417586,0.00000000
experiment_05,image_002,calibration,not_applicable,low_band_first,synthetic_recovery_progress,0.26000000,80.00000000,0,0.32815553,0.00000000
experiment_05,image_002,calibration,not_applicable,low_band_first,synthetic_recovery_progress,0.27000000,80.00000000,0,0.35217523,0.00000000
experiment_05,image_002,calibration,not_applicable,low_band_first,synthetic_recovery_progress,0.28000000,80.00000000,0,0.37611444,0.00000000
experiment_05,image_002,calibration,not_applicable,low_band_first,synthetic_recovery_progress,0.29000000,80.00000000,0,0.39984988,0.00000000
experiment_05,image_002,calibration,not_applicable,low_band_first,synthetic_recovery_progress,0.30000000,80.00000000,0,0.42325565,0.00000000
experiment_05,image_002,calibration,not_applicable,low_band_first,synthetic_recovery_progress,0.31000000,80.00000000,0,0.44620345,0.00000000
experiment_05,image_002,calibration,not_applicable,low_band_first,synthetic_recovery_progress,0.32000000,80.00000000,0,0.46856312,0.00000000
experiment_05,image_002,calibration,not_applicable,low_band_first,synthetic_recovery_progress,0.33000000,80.00000000,0,0.49020346,0.00000000
experiment_05,image_002,calibration,not_applicable,low_band_first,synthetic_recovery_progress,0.34000000,80.00000000,0,0.51099349,0.00000000
experiment_05,image_002,calibration,not_applicable,low_band_first,synthetic_recovery_progress,0.35000000,80.00000000,0,0.53080427,0.00000000
experiment_05,image_002,calibration,not_applicable,low_band_first,synthetic_recovery_progress,0.36000000,80.00000000,0,0.54951133,0.00000000
experiment_05,image_002,calibration,not_applicable,low_band_first,synthetic_recovery_progress,0.37000000,80.00000000,0,0.56699786,0.00000000
experiment_05,image_002,calibration,not_applicable,low_band_first,synthetic_recovery_progress,0.38000000,80.00000000,0,0.58315855,0.00000000
experiment_05,image_002,calibration,not_applicable,low_band_first,synthetic_recovery_progress,0.39000000,80.00000000,0,0.59790410,0.00000000
experiment_05,image_002,calibration,not_applicable,low_band_first,synthetic_recovery_progress,0.40000000,80.00000000,0,0.61116610,0.00000000
experiment_05,image_002,calibration,not_applicable,low_band_first,synthetic_recovery_progress,0.41000000,80.00000000,0,0.62290186,0.00000000
experiment_05,image_002,calibration,not_applicable,low_band_first,synthetic_recovery_progress,0.42000000,80.00000000,0,0.63309867,0.00000000
experiment_05,image_002,calibration,not_applicable,low_band_first,synthetic_recovery_progress,0.43000000,80.00000000,0,0.64177686,0.00000000
experiment_05,image_002,calibration,not_applicable,low_band_first,synthetic_recovery_progress,0.44000000,80.00000000,0,0.64899101,0.00000000
experiment_05,image_002,calibration,not_applicable,low_band_first,synthetic_recovery_progress,0.45000000,80.00000000,0,0.65482894,0.00000000
experiment_05,image_002,calibration,not_applicable,low_band_first,synthetic_recovery_progress,0.46000000,80.00000000,0,0.65978663,0.00037346
experiment_05,image_002,calibration,not_applicable,low_band_first,synthetic_recovery_progress,0.47000000,80.00000000,0,0.66437924,0.00388730
experiment_05,image_002,calibration,not_applicable,low_band_first,synthetic_recovery_progress,0.48000000,80.00000000,0,0.66874854,0.00960729
experiment_05,image_002,calibration,not_applicable,low_band_first,synthetic_recovery_progress,0.49000000,80.00000000,0,0.67303537,0.01743760
experiment_05,image_002,calibration,not_applicable,low_band_first,synthetic_recovery_progress,0.50000000,80.00000000,0,0.67737512,0.02728239
experiment_05,image_002,calibration,not_applicable,low_band_first,synthetic_recovery_progress,0.51000000,80.00000000,0,0.68189325,0.03904581
experiment_05,image_002,calibration,not_applicable,low_band_first,synthetic_recovery_progress,0.52000000,80.00000000,0,0.68670054,0.05263197
experiment_05,image_002,calibration,not_applicable,low_band_first,synthetic_recovery_progress,0.53000000,80.00000000,0,0.69188801,0.06794497
experiment_05,image_002,calibration,not_applicable,low_band_first,synthetic_recovery_progress,0.54000000,80.00000000,0,0.69752112,0.08488892
experiment_05,image_002,calibration,not_applicable,low_band_first,synthetic_recovery_progress,0.55000000,80.00000000,0,0.70363274,0.10336788
experiment_05,image_002,calibration,not_applicable,low_band_first,synthetic_recovery_progress,0.56000000,80.00000000,0,0.71021634,0.12328593
experiment_05,image_002,calibration,not_applicable,low_band_first,synthetic_recovery_progress,0.57000000,80.00000000,0,0.71724205,0.14454713
experiment_05,image_002,calibration,not_applicable,low_band_first,synthetic_recovery_progress,0.58000000,80.00000000,0,0.72467827,0.16705554
experiment_05,image_002,calibration,not_applicable,low_band_first,synthetic_recovery_progress,0.59000000,80.00000000,0,0.73249340,0.19071519
experiment_05,image_002,calibration,not_applicable,low_band_first,synthetic_recovery_progress,0.60000000,80.00000000,0,0.74065584,0.21543012
experiment_05,image_002,calibration,not_applicable,low_band_first,synthetic_recovery_progress,0.61000000,80.00000000,0,0.74913397,0.24110438
experiment_05,image_002,calibration,not_applicable,low_band_first,synthetic_recovery_progress,0.62000000,80.00000000,0,0.75789617,0.26764199
experiment_05,image_002,calibration,not_applicable,low_band_first,synthetic_recovery_progress,0.63000000,80.00000000,0,0.76691079,0.29494697
experiment_05,image_002,calibration,not_applicable,low_band_first,synthetic_recovery_progress,0.64000000,80.00000000,0,0.77614622,0.32292333
experiment_05,image_002,calibration,not_applicable,low_band_first,synthetic_recovery_progress,0.65000000,80.00000000,0,0.78557078,0.35147510
experiment_05,image_002,calibration,not_applicable,low_band_first,synthetic_recovery_progress,0.66000000,80.00000000,0,0.79515285,0.38050628
experiment_05,image_002,calibration,not_applicable,low_band_first,synthetic_recovery_progress,0.67000000,80.00000000,0,0.80486074,0.40992088
experiment_05,image_002,calibration,not_applicable,low_band_first,synthetic_recovery_progress,0.68000000,80.00000000,0,0.81466280,0.43962288
experiment_05,image_002,calibration,not_applicable,low_band_first,synthetic_recovery_progress,0.69000000,80.00000000,0,0.82452735,0.46951628
experiment_05,image_002,calibration,not_applicable,low_band_first,synthetic_recovery_progress,0.70000000,80.00000000,0,0.83442270,0.49950506
experiment_05,image_002,calibration,not_applicable,low_band_first,synthetic_recovery_progress,0.71000000,80.00000000,0,0.84431715,0.52949321
experiment_05,image_002,calibration,not_applicable,low_band_first,synthetic_recovery_progress,0.72000000,80.00000000,0,0.85417899,0.55938467
experiment_05,image_002,calibration,not_applicable,low_band_first,synthetic_recovery_progress,0.73000000,80.00000000,0,0.86397650,0.58908342
experiment_05,image_002,calibration,not_applicable,low_band_first,synthetic_recovery_progress,0.74000000,80.00000000,0,0.87367794,0.61849339
experiment_05,image_002,calibration,not_applicable,low_band_first,synthetic_recovery_progress,0.75000000,80.00000000,0,0.88325153,0.64751851
experiment_05,image_002,calibration,not_applicable,low_band_first,synthetic_recovery_progress,0.76000000,80.00000000,0,0.89266548,0.67606268
experiment_05,image_002,calibration,not_applicable,low_band_first,synthetic_recovery_progress,0.77000000,80.00000000,0,0.90188796,0.70402978
experiment_05,image_002,calibration,not_applicable,low_band_first,synthetic_recovery_progress,0.78000000,80.00000000,0,0.91088710,0.73132365
experiment_05,image_002,calibration,not_applicable,low_band_first,synthetic_recovery_progress,0.79000000,80.00000000,0,0.91963095,0.75784809
experiment_05,image_002,calibration,not_applicable,low_band_first,synthetic_recovery_progress,0.80000000,80.00000000,0,0.92808748,0.78350683
experiment_05,image_002,calibration,not_applicable,low_band_first,synthetic_recovery_progress,0.81000000,80.00000000,0,0.93622457,0.80820351
experiment_05,image_002,calibration,not_applicable,low_band_first,synthetic_recovery_progress,0.82000000,80.00000000,0,0.94400989,0.83184166
experiment_05,image_002,calibration,not_applicable,low_band_first,synthetic_recovery_progress,0.83000000,80.00000000,0,0.95141094,0.85432461
experiment_05,image_002,calibration,not_applicable,low_band_first,synthetic_recovery_progress,0.84000000,80.00000000,0,0.95839481,0.87555544
experiment_05,image_002,calibration,not_applicable,low_band_first,synthetic_recovery_progress,0.85000000,80.00000000,0,0.96492814,0.89543680
experiment_05,image_002,calibration,not_applicable,low_band_first,synthetic_recovery_progress,0.86000000,80.00000000,0,0.97097670,0.91387066
experiment_05,image_002,calibration,not_applicable,low_band_first,synthetic_recovery_progress,0.87000000,80.00000000,0,0.97650498,0.93075785
experiment_05,image_002,calibration,not_applicable,low_band_first,synthetic_recovery_progress,0.88000000,80.00000000,0,0.98147529,0.94599715
experiment_05,image_002,calibration,not_applicable,low_band_first,synthetic_recovery_progress,0.89000000,80.00000000,0,0.98584613,0.95948343
experiment_05,image_002,calibration,not_applicable,low_band_first,synthetic_recovery_progress,0.90000000,80.00000000,0,0.98956952,0.97110346
experiment_05,image_002,calibration,not_applicable,low_band_first,synthetic_recovery_progress,0.91000000,80.00000000,0,0.99258739,0.98072560
experiment_05,image_002,calibration,not_applicable,low_band_first,synthetic_recovery_progress,0.92000000,80.00000000,0,0.99483390,0.98817360
experiment_05,image_002,calibration,not_applicable,low_band_first,synthetic_recovery_progress,0.93000000,80.00000000,0,0.99627987,0.99317941
experiment_05,image_002,calibration,not_applicable,low_band_first,synthetic_recovery_progress,0.94000000,80.00000000,0,0.99707301,0.99558473
experiment_05,image_002,calibration,not_applicable,low_band_first,synthetic_recovery_progress,0.95000000,80.00000000,0,0.99758315,0.99645738
experiment_05,image_002,calibration,not_applicable,low_band_first,synthetic_recovery_progress,0.96000000,80.00000000,0,0.99806652,0.99716591
experiment_05,image_002,calibration,not_applicable,low_band_first,synthetic_recovery_progress,0.97000000,80.00000000,0,0.99854989,0.99787443
experiment_05,image_002,calibration,not_applicable,low_band_first,synthetic_recovery_progress,0.98000000,80.00000000,0,0.99903326,0.99858295
experiment_05,image_002,calibration,not_applicable,low_band_first,synthetic_recovery_progress,0.99000000,80.00000000,0,0.99951663,0.99929148
experiment_05,image_002,calibration,not_applicable,low_band_first,synthetic_recovery_progress,1.00000000,80.00000000,0,1.00000000,1.00000000
experiment_05,image_002,calibration,not_applicable,high_band_first,synthetic_recovery_progress,0.00000000,80.00000000,0,0.00000000,0.00000000
experiment_05,image_002,calibration,not_applicable,high_band_first,synthetic_recovery_progress,0.01000000,80.00000000,0,0.00000000,0.00000000
experiment_05,image_002,calibration,not_applicable,high_band_first,synthetic_recovery_progress,0.02000000,80.00000000,0,0.00000000,0.00000000
experiment_05,image_002,calibration,not_applicable,high_band_first,synthetic_recovery_progress,0.03000000,80.00000000,0,0.00000000,0.00000000
experiment_05,image_002,calibration,not_applicable,high_band_first,synthetic_recovery_progress,0.04000000,80.00000000,0,0.00000000,0.00000000
experiment_05,image_002,calibration,not_applicable,high_band_first,synthetic_recovery_progress,0.05000000,80.00000000,0,0.00000000,0.00000000
experiment_05,image_002,calibration,not_applicable,high_band_first,synthetic_recovery_progress,0.06000000,80.00000000,0,0.00000000,0.00000000
experiment_05,image_002,calibration,not_applicable,high_band_first,synthetic_recovery_progress,0.07000000,80.00000000,0,0.00000000,0.00235911
experiment_05,image_002,calibration,not_applicable,high_band_first,synthetic_recovery_progress,0.08000000,80.00000000,0,0.00029478,0.00809086
experiment_05,image_002,calibration,not_applicable,high_band_first,synthetic_recovery_progress,0.09000000,80.00000000,0,0.00115253,0.01592996
experiment_05,image_002,calibration,not_applicable,high_band_first,synthetic_recovery_progress,0.10000000,80.00000000,0,0.00221803,0.02578072
experiment_05,image_002,calibration,not_applicable,high_band_first,synthetic_recovery_progress,0.11000000,80.00000000,0,0.00347541,0.03754735
experiment_05,image_002,calibration,not_applicable,high_band_first,synthetic_recovery_progress,0.12000000,80.00000000,0,0.00490805,0.05113404
experiment_05,image_002,calibration,not_applicable,high_band_first,synthetic_recovery_progress,0.13000000,80.00000000,0,0.00649878,0.06644494
experiment_05,image_002,calibration,not_applicable,high_band_first,synthetic_recovery_progress,0.14000000,80.00000000,0,0.00823003,0.08338413
experiment_05,image_002,calibration,not_applicable,high_band_first,synthetic_recovery_progress,0.15000000,80.00000000,0,0.01008398,0.10185568
experiment_05,image_002,calibration,not_applicable,high_band_first,synthetic_recovery_progress,0.16000000,80.00000000,0,0.01204269,0.12176361
experiment_05,image_002,calibration,not_applicable,high_band_first,synthetic_recovery_progress,0.17000000,80.00000000,0,0.01408823,0.14301191
experiment_05,image_002,calibration,not_applicable,high_band_first,synthetic_recovery_progress,0.18000000,80.00000000,0,0.01620282,0.16550452
experiment_05,image_002,calibration,not_applicable,high_band_first,synthetic_recovery_progress,0.19000000,80.00000000,0,0.01836899,0.18914537
experiment_05,image_002,calibration,not_applicable,high_band_first,synthetic_recovery_progress,0.20000000,80.00000000,0,0.02056962,0.21383831
experiment_05,image_002,calibration,not_applicable,high_band_first,synthetic_recovery_progress,0.21000000,80.00000000,0,0.02278813,0.23948718
experiment_05,image_002,calibration,not_applicable,high_band_first,synthetic_recovery_progress,0.22000000,80.00000000,0,0.02500855,0.26599577
experiment_05,image_002,calibration,not_applicable,high_band_first,synthetic_recovery_progress,0.23000000,80.00000000,0,0.02721564,0.29326779
experiment_05,image_002,calibration,not_applicable,high_band_first,synthetic_recovery_progress,0.24000000,80.00000000,0,0.02939498,0.32120692
experiment_05,image_002,calibration,not_applicable,high_band_first,synthetic_recovery_progress,0.25000000,80.00000000,0,0.03153306,0.34971674
experiment_05,image_002,calibration,not_applicable,high_band_first,synthetic_recovery_progress,0.26000000,80.00000000,0,0.03361735,0.37870078
experiment_05,image_002,calibration,not_applicable,high_band_first,synthetic_recovery_progress,0.27000000,80.00000000,0,0.03563642,0.40806245
experiment_05,image_002,calibration,not_applicable,high_band_first,synthetic_recovery_progress,0.28000000,80.00000000,0,0.03757993,0.43770504
experiment_05,image_002,calibration,not_applicable,high_band_first,synthetic_recovery_progress,0.29000000,80.00000000,0,0.03943877,0.46753173
experiment_05,image_002,calibration,not_applicable,high_band_first,synthetic_recovery_progress,0.30000000,80.00000000,0,0.04120503,0.49744549
experiment_05,image_002,calibration,not_applicable,high_band_first,synthetic_recovery_progress,0.31000000,80.00000000,0,0.04287210,0.52734910
experiment_05,image_002,calibration,not_applicable,high_band_first,synthetic_recovery_progress,0.32000000,80.00000000,0,0.04443465,0.55714509
experiment_05,image_002,calibration,not_applicable,high_band_first,synthetic_recovery_progress,0.33000000,80.00000000,0,0.04588864,0.58673562
experiment_05,image_002,calibration,not_applicable,high_band_first,synthetic_recovery_progress,0.34000000,80.00000000,0,0.04723136,0.61602247
experiment_05,image_002,calibration,not_applicable,high_band_first,synthetic_recovery_progress,0.35000000,80.00000000,0,0.04846137,0.64490686
experiment_05,image_002,calibration,not_applicable,high_band_first,synthetic_recovery_progress,0.36000000,80.00000000,0,0.04957852,0.67328933
experiment_05,image_002,calibration,not_applicable,high_band_first,synthetic_recovery_progress,0.37000000,80.00000000,0,0.05058385,0.70106949
experiment_05,image_002,calibration,not_applicable,high_band_first,synthetic_recovery_progress,0.38000000,80.00000000,0,0.05147961,0.72814574
experiment_05,image_002,calibration,not_applicable,high_band_first,synthetic_recovery_progress,0.39000000,80.00000000,0,0.05226914,0.75441482
experiment_05,image_002,calibration,not_applicable,high_band_first,synthetic_recovery_progress,0.40000000,80.00000000,0,0.05295681,0.77977126
experiment_05,image_002,calibration,not_applicable,high_band_first,synthetic_recovery_progress,0.41000000,80.00000000,0,0.05354793,0.80410646
experiment_05,image_002,calibration,not_applicable,high_band_first,synthetic_recovery_progress,0.42000000,80.00000000,0,0.05404865,0.82730745
experiment_05,image_002,calibration,not_applicable,high_band_first,synthetic_recovery_progress,0.43000000,80.00000000,0,0.05446586,0.84925504
experiment_05,image_002,calibration,not_applicable,high_band_first,synthetic_recovery_progress,0.44000000,80.00000000,0,0.05480701,0.86982107
experiment_05,image_002,calibration,not_applicable,high_band_first,synthetic_recovery_progress,0.45000000,80.00000000,0,0.05508003,0.88886447
experiment_05,image_002,calibration,not_applicable,high_band_first,synthetic_recovery_progress,0.46000000,80.00000000,0,0.05640998,0.90622574
experiment_05,image_002,calibration,not_applicable,high_band_first,synthetic_recovery_progress,0.47000000,80.00000000,0,0.05986243,0.92172034
experiment_05,image_002,calibration,not_applicable,high_band_first,synthetic_recovery_progress,0.48000000,80.00000000,0,0.06535586,0.93513392
experiment_05,image_002,calibration,not_applicable,high_band_first,synthetic_recovery_progress,0.49000000,80.00000000,0,0.07280802,0.94623046
experiment_05,image_002,calibration,not_applicable,high_band_first,synthetic_recovery_progress,0.50000000,80.00000000,0,0.08213605,0.95479976
experiment_05,image_002,calibration,not_applicable,high_band_first,synthetic_recovery_progress,0.51000000,80.00000000,0,0.09325636,0.96077937
experiment_05,image_002,calibration,not_applicable,high_band_first,synthetic_recovery_progress,0.52000000,80.00000000,0,0.10608457,0.96442536
experiment_05,image_002,calibration,not_applicable,high_band_first,synthetic_recovery_progress,0.53000000,80.00000000,0,0.12053540,0.96636382
experiment_05,image_002,calibration,not_applicable,high_band_first,synthetic_recovery_progress,0.54000000,80.00000000,0,0.13652241,0.96738401
experiment_05,image_002,calibration,not_applicable,high_band_first,synthetic_recovery_progress,0.55000000,80.00000000,0,0.15395778,0.96811645
experiment_05,image_002,calibration,not_applicable,high_band_first,synthetic_recovery_progress,0.56000000,80.00000000,0,0.17275200,0.96882497
experiment_05,image_002,calibration,not_applicable,high_band_first,synthetic_recovery_progress,0.57000000,80.00000000,0,0.19281460,0.96953349
experiment_05,image_002,calibration,not_applicable,high_band_first,synthetic_recovery_progress,0.58000000,80.00000000,0,0.21405496,0.97024202
experiment_05,image_002,calibration,not_applicable,high_band_first,synthetic_recovery_progress,0.59000000,80.00000000,0,0.23638248,0.97095054
experiment_05,image_002,calibration,not_applicable,high_band_first,synthetic_recovery_progress,0.60000000,80.00000000,0,0.25970655,0.97165906
experiment_05,image_002,calibration,not_applicable,high_band_first,synthetic_recovery_progress,0.61000000,80.00000000,0,0.28393656,0.97236759
experiment_05,image_002,calibration,not_applicable,high_band_first,synthetic_recovery_progress,0.62000000,80.00000000,0,0.30898190,0.97307611
experiment_05,image_002,calibration,not_applicable,high_band_first,synthetic_recovery_progress,0.63000000,80.00000000,0,0.33475195,0.97378463
experiment_05,image_002,calibration,not_applicable,high_band_first,synthetic_recovery_progress,0.64000000,80.00000000,0,0.36115609,0.97449316
experiment_05,image_002,calibration,not_applicable,high_band_first,synthetic_recovery_progress,0.65000000,80.00000000,0,0.38810370,0.97520168
experiment_05,image_002,calibration,not_applicable,high_band_first,synthetic_recovery_progress,0.66000000,80.00000000,0,0.41550416,0.97591020
experiment_05,image_002,calibration,not_applicable,high_band_first,synthetic_recovery_progress,0.67000000,80.00000000,0,0.44326684,0.97661873
experiment_05,image_002,calibration,not_applicable,high_band_first,synthetic_recovery_progress,0.68000000,80.00000000,0,0.47130111,0.97732725
experiment_05,image_002,calibration,not_applicable,high_band_first,synthetic_recovery_progress,0.69000000,80.00000000,0,0.49951634,0.97803577
experiment_05,image_002,calibration,not_applicable,high_band_first,synthetic_recovery_progress,0.70000000,80.00000000,0,0.52782189,0.97874430
experiment_05,image_002,calibration,not_applicable,high_band_first,synthetic_recovery_progress,0.71000000,80.00000000,0,0.55612713,0.97945282
experiment_05,image_002,calibration,not_applicable,high_band_first,synthetic_recovery_progress,0.72000000,80.00000000,0,0.58434140,0.98016134
experiment_05,image_002,calibration,not_applicable,high_band_first,synthetic_recovery_progress,0.73000000,80.00000000,0,0.61237407,0.98086987
experiment_05,image_002,calibration,not_applicable,high_band_first,synthetic_recovery_progress,0.74000000,80.00000000,0,0.64013446,0.98157839
experiment_05,image_002,calibration,not_applicable,high_band_first,synthetic_recovery_progress,0.75000000,80.00000000,0,0.66753193,0.98228691
experiment_05,image_002,calibration,not_applicable,high_band_first,synthetic_recovery_progress,0.76000000,80.00000000,0,0.69447578,0.98299544
experiment_05,image_002,calibration,not_applicable,high_band_first,synthetic_recovery_progress,0.77000000,80.00000000,0,0.72087535,0.98370396
experiment_05,image_002,calibration,not_applicable,high_band_first,synthetic_recovery_progress,0.78000000,80.00000000,0,0.74663991,0.98441248
experiment_05,image_002,calibration,not_applicable,high_band_first,synthetic_recovery_progress,0.79000000,80.00000000,0,0.77167874,0.98512101
experiment_05,image_002,calibration,not_applicable,high_band_first,synthetic_recovery_progress,0.80000000,80.00000000,0,0.79590108,0.98582953
experiment_05,image_002,calibration,not_applicable,high_band_first,synthetic_recovery_progress,0.81000000,80.00000000,0,0.81921612,0.98653806
experiment_05,image_002,calibration,not_applicable,high_band_first,synthetic_recovery_progress,0.82000000,80.00000000,0,0.84153300,0.98724658
experiment_05,image_002,calibration,not_applicable,high_band_first,synthetic_recovery_progress,0.83000000,80.00000000,0,0.86276076,0.98795510
experiment_05,image_002,calibration,not_applicable,high_band_first,synthetic_recovery_progress,0.84000000,80.00000000,0,0.88280832,0.98866363
experiment_05,image_002,calibration,not_applicable,high_band_first,synthetic_recovery_progress,0.85000000,80.00000000,0,0.90158435,0.98937215
experiment_05,image_002,calibration,not_applicable,high_band_first,synthetic_recovery_progress,0.86000000,80.00000000,0,0.91899723,0.99008067
experiment_05,image_002,calibration,not_applicable,high_band_first,synthetic_recovery_progress,0.87000000,80.00000000,0,0.93495471,0.99078920
experiment_05,image_002,calibration,not_applicable,high_band_first,synthetic_recovery_progress,0.88000000,80.00000000,0,0.94936352,0.99149772
experiment_05,image_002,calibration,not_applicable,high_band_first,synthetic_recovery_progress,0.89000000,80.00000000,0,0.96212832,0.99220624
experiment_05,image_002,calibration,not_applicable,high_band_first,synthetic_recovery_progress,0.90000000,80.00000000,0,0.97314942,0.99291477
experiment_05,image_002,calibration,not_applicable,high_band_first,synthetic_recovery_progress,0.91000000,80.00000000,0,0.98231673,0.99362329
experiment_05,image_002,calibration,not_applicable,high_band_first,synthetic_recovery_progress,0.92000000,80.00000000,0,0.98949176,0.99433181
experiment_05,image_002,calibration,not_applicable,high_band_first,synthetic_recovery_progress,0.93000000,80.00000000,0,0.99445283,0.99504034
experiment_05,image_002,calibration,not_applicable,high_band_first,synthetic_recovery_progress,0.94000000,80.00000000,0,0.99689641,0.99574886
experiment_05,image_002,calibration,not_applicable,high_band_first,synthetic_recovery_progress,0.95000000,80.00000000,0,0.99758315,0.99645738
experiment_05,image_002,calibration,not_applicable,high_band_first,synthetic_recovery_progress,0.96000000,80.00000000,0,0.99806652,0.99716591
experiment_05,image_002,calibration,not_applicable,high_band_first,synthetic_recovery_progress,0.97000000,80.00000000,0,0.99854989,0.99787443
experiment_05,image_002,calibration,not_applicable,high_band_first,synthetic_recovery_progress,0.98000000,80.00000000,0,0.99903326,0.99858295
experiment_05,image_002,calibration,not_applicable,high_band_first,synthetic_recovery_progress,0.99000000,80.00000000,0,0.99951663,0.99929148
experiment_05,image_002,calibration,not_applicable,high_band_first,synthetic_recovery_progress,1.00000000,80.00000000,0,1.00000000,1.00000000
experiment_05,image_002,calibration,not_applicable,together,synthetic_recovery_progress,0.00000000,80.00000000,0,0.00000000,0.00000000
experiment_05,image_002,calibration,not_applicable,together,synthetic_recovery_progress,0.01000000,80.00000000,0,0.00000000,0.00000000
experiment_05,image_002,calibration,not_applicable,together,synthetic_recovery_progress,0.02000000,80.00000000,0,0.00000000,0.00000000
experiment_05,image_002,calibration,not_applicable,together,synthetic_recovery_progress,0.03000000,80.00000000,0,0.00000000,0.00000000
experiment_05,image_002,calibration,not_applicable,together,synthetic_recovery_progress,0.04000000,80.00000000,0,0.00000000,0.00000000
experiment_05,image_002,calibration,not_applicable,together,synthetic_recovery_progress,0.05000000,80.00000000,0,0.00000000,0.00000000
experiment_05,image_002,calibration,not_applicable,together,synthetic_recovery_progress,0.06000000,80.00000000,0,0.00000000,0.00000000
experiment_05,image_002,calibration,not_applicable,together,synthetic_recovery_progress,0.07000000,80.00000000,0,0.00000000,0.00000000
experiment_05,image_002,calibration,not_applicable,together,synthetic_recovery_progress,0.08000000,80.00000000,0,0.00000000,0.00000000
experiment_05,image_002,calibration,not_applicable,together,synthetic_recovery_progress,0.09000000,80.00000000,0,0.00000000,0.00000000
experiment_05,image_002,calibration,not_applicable,together,synthetic_recovery_progress,0.10000000,80.00000000,0,0.00000000,0.00000000
experiment_05,image_002,calibration,not_applicable,together,synthetic_recovery_progress,0.11000000,80.00000000,0,0.00000000,0.00000000
experiment_05,image_002,calibration,not_applicable,together,synthetic_recovery_progress,0.12000000,80.00000000,0,0.00109185,0.00000000
experiment_05,image_002,calibration,not_applicable,together,synthetic_recovery_progress,0.13000000,80.00000000,0,0.00337808,0.00208188
experiment_05,image_002,calibration,not_applicable,together,synthetic_recovery_progress,0.14000000,80.00000000,0,0.00653059,0.00525768
experiment_05,image_002,calibration,not_applicable,together,synthetic_recovery_progress,0.15000000,80.00000000,0,0.01052600,0.00927541
experiment_05,image_002,calibration,not_applicable,together,synthetic_recovery_progress,0.16000000,80.00000000,0,0.01534092,0.01411174
experiment_05,image_002,calibration,not_applicable,together,synthetic_recovery_progress,0.17000000,80.00000000,0,0.02095196,0.01974333
experiment_05,image_002,calibration,not_applicable,together,synthetic_recovery_progress,0.18000000,80.00000000,0,0.02733574,0.02614685
experiment_05,image_002,calibration,not_applicable,together,synthetic_recovery_progress,0.19000000,80.00000000,0,0.03446884,0.03329893
experiment_05,image_002,calibration,not_applicable,together,synthetic_recovery_progress,0.20000000,80.00000000,0,0.04232788,0.04117622
experiment_05,image_002,calibration,not_applicable,together,synthetic_recovery_progress,0.21000000,80.00000000,0,0.05088944,0.04975535
experiment_05,image_002,calibration,not_applicable,together,synthetic_recovery_progress,0.22000000,80.00000000,0,0.06013013,0.05901296
experiment_05,image_002,calibration,not_applicable,together,synthetic_recovery_progress,0.23000000,80.00000000,0,0.07002653,0.06892566
experiment_05,image_002,calibration,not_applicable,together,synthetic_recovery_progress,0.24000000,80.00000000,0,0.08055522,0.07947007
experiment_05,image_002,calibration,not_applicable,together,synthetic_recovery_progress,0.25000000,80.00000000,0,0.09169280,0.09062281
experiment_05,image_002,calibration,not_applicable,together,synthetic_recovery_progress,0.26000000,80.00000000,0,0.10341585,0.10236048
experiment_05,image_002,calibration,not_applicable,together,synthetic_recovery_progress,0.27000000,80.00000000,0,0.11570096,0.11465969
experiment_05,image_002,calibration,not_applicable,together,synthetic_recovery_progress,0.28000000,80.00000000,0,0.12852469,0.12749704
experiment_05,image_002,calibration,not_applicable,together,synthetic_recovery_progress,0.29000000,80.00000000,0,0.14186364,0.14084913
experiment_05,image_002,calibration,not_applicable,together,synthetic_recovery_progress,0.30000000,80.00000000,0,0.15569438,0.15469255
experiment_05,image_002,calibration,not_applicable,together,synthetic_recovery_progress,0.31000000,80.00000000,0,0.16999348,0.16900390
experiment_05,image_002,calibration,not_applicable,together,synthetic_recovery_progress,0.32000000,80.00000000,0,0.18473752,0.18375977
experiment_05,image_002,calibration,not_applicable,together,synthetic_recovery_progress,0.33000000,80.00000000,0,0.19990308,0.19893673
experiment_05,image_002,calibration,not_applicable,together,synthetic_recovery_progress,0.34000000,80.00000000,0,0.21546672,0.21451139
experiment_05,image_002,calibration,not_applicable,together,synthetic_recovery_progress,0.35000000,80.00000000,0,0.23140503,0.23046030
experiment_05,image_002,calibration,not_applicable,together,synthetic_recovery_progress,0.36000000,80.00000000,0,0.24769456,0.24676007
experiment_05,image_002,calibration,not_applicable,together,synthetic_recovery_progress,0.37000000,80.00000000,0,0.26431188,0.26338726
experiment_05,image_002,calibration,not_applicable,together,synthetic_recovery_progress,0.38000000,80.00000000,0,0.28123358,0.28031844
experiment_05,image_002,calibration,not_applicable,together,synthetic_recovery_progress,0.39000000,80.00000000,0,0.29843620,0.29753020
experiment_05,image_002,calibration,not_applicable,together,synthetic_recovery_progress,0.40000000,80.00000000,0,0.31589633,0.31499910
experiment_05,image_002,calibration,not_applicable,together,synthetic_recovery_progress,0.41000000,80.00000000,0,0.33359052,0.33270170
experiment_05,image_002,calibration,not_applicable,together,synthetic_recovery_progress,0.42000000,80.00000000,0,0.35149534,0.35061458
experiment_05,image_002,calibration,not_applicable,together,synthetic_recovery_progress,0.43000000,80.00000000,0,0.36958734,0.36871429
experiment_05,image_002,calibration,not_applicable,together,synthetic_recovery_progress,0.44000000,80.00000000,0,0.38784310,0.38697740
experiment_05,image_002,calibration,not_applicable,together,synthetic_recovery_progress,0.45000000,80.00000000,0,0.40623917,0.40538047
experiment_05,image_002,calibration,not_applicable,together,synthetic_recovery_progress,0.46000000,80.00000000,0,0.42475211,0.42390004
experiment_05,image_002,calibration,not_applicable,together,synthetic_recovery_progress,0.47000000,80.00000000,0,0.44335849,0.44251268
experiment_05,image_002,calibration,not_applicable,together,synthetic_recovery_progress,0.48000000,80.00000000,0,0.46203484,0.46119494
experiment_05,image_002,calibration,not_applicable,together,synthetic_recovery_progress,0.49000000,80.00000000,0,0.48075774,0.47992334
experiment_05,image_002,calibration,not_applicable,together,synthetic_recovery_progress,0.50000000,80.00000000,0,0.49950373,0.49867445
experiment_05,image_002,calibration,not_applicable,together,synthetic_recovery_progress,0.51000000,80.00000000,0,0.51824936,0.51742480
experiment_05,image_002,calibration,not_applicable,together,synthetic_recovery_progress,0.52000000,80.00000000,0,0.53697118,0.53615091
experiment_05,image_002,calibration,not_applicable,together,synthetic_recovery_progress,0.53000000,80.00000000,0,0.55564574,0.55482932
experiment_05,image_002,calibration,not_applicable,together,synthetic_recovery_progress,0.54000000,80.00000000,0,0.57424958,0.57343656
experiment_05,image_002,calibration,not_applicable,together,synthetic_recovery_progress,0.55000000,80.00000000,0,0.59275924,0.59194912
experiment_05,image_002,calibration,not_applicable,together,synthetic_recovery_progress,0.56000000,80.00000000,0,0.61115127,0.61034353
experiment_05,image_002,calibration,not_applicable,together,synthetic_recovery_progress,0.57000000,80.00000000,0,0.62940218,0.62859629
experiment_05,image_002,calibration,not_applicable,together,synthetic_recovery_progress,0.58000000,80.00000000,0,0.64748851,0.64668387
experiment_05,image_002,calibration,not_applicable,together,synthetic_recovery_progress,0.59000000,80.00000000,0,0.66538678,0.66458276
experiment_05,image_002,calibration,not_applicable,together,synthetic_recovery_progress,0.60000000,80.00000000,0,0.68307350,0.68226942
experiment_05,image_002,calibration,not_applicable,together,synthetic_recovery_progress,0.61000000,80.00000000,0,0.70052519,0.69972030
experiment_05,image_002,calibration,not_applicable,together,synthetic_recovery_progress,0.62000000,80.00000000,0,0.71771834,0.71691182
experiment_05,image_002,calibration,not_applicable,together,synthetic_recovery_progress,0.63000000,80.00000000,0,0.73462944,0.73382039
experiment_05,image_002,calibration,not_applicable,together,synthetic_recovery_progress,0.64000000,80.00000000,0,0.75123496,0.75042238
experiment_05,image_002,calibration,not_applicable,together,synthetic_recovery_progress,0.65000000,80.00000000,0,0.76751136,0.76669414
experiment_05,image_002,calibration,not_applicable,together,synthetic_recovery_progress,0.66000000,80.00000000,0,0.78343508,0.78261197
experiment_05,image_002,calibration,not_applicable,together,synthetic_recovery_progress,0.67000000,80.00000000,0,0.79898253,0.79815212
experiment_05,image_002,calibration,not_applicable,together,synthetic_recovery_progress,0.68000000,80.00000000,0,0.81413009,0.81329076
experiment_05,image_002,calibration,not_applicable,together,synthetic_recovery_progress,0.69000000,80.00000000,0,0.82885411,0.82800401
experiment_05,image_002,calibration,not_applicable,together,synthetic_recovery_progress,0.70000000,80.00000000,0,0.84313088,0.84226788
experiment_05,image_002,calibration,not_applicable,together,synthetic_recovery_progress,0.71000000,80.00000000,0,0.85693663,0.85605823
experiment_05,image_002,calibration,not_applicable,together,synthetic_recovery_progress,0.72000000,80.00000000,0,0.87024750,0.86935077
experiment_05,image_002,calibration,not_applicable,together,synthetic_recovery_progress,0.73000000,80.00000000,0,0.88303954,0.88212099
experiment_05,image_002,calibration,not_applicable,together,synthetic_recovery_progress,0.74000000,80.00000000,0,0.89528863,0.89434407
experiment_05,image_002,calibration,not_applicable,together,synthetic_recovery_progress,0.75000000,80.00000000,0,0.90697046,0.90599481
experiment_05,image_002,calibration,not_applicable,together,synthetic_recovery_progress,0.76000000,80.00000000,0,0.91806043,0.91704746
experiment_05,image_002,calibration,not_applicable,together,synthetic_recovery_progress,0.77000000,80.00000000,0,0.92853355,0.92747549
experiment_05,image_002,calibration,not_applicable,together,synthetic_recovery_progress,0.78000000,80.00000000,0,0.93836426,0.93725131
experiment_05,image_002,calibration,not_applicable,together,synthetic_recovery_progress,0.79000000,80.00000000,0,0.94752610,0.94634578
experiment_05,image_002,calibration,not_applicable,together,synthetic_recovery_progress,0.80000000,80.00000000,0,0.95599135,0.95472748
experiment_05,image_002,calibration,not_applicable,together,synthetic_recovery_progress,0.81000000,80.00000000,0,0.96373018,0.96236166
experiment_05,image_002,calibration,not_applicable,together,synthetic_recovery_progress,0.82000000,80.00000000,0,0.97070946,0.96920865
experiment_05,image_002,calibration,not_applicable,together,synthetic_recovery_progress,0.83000000,80.00000000,0,0.97689058,0.97522194
experiment_05,image_002,calibration,not_applicable,together,synthetic_recovery_progress,0.84000000,80.00000000,0,0.98222598,0.98034660
experiment_05,image_002,calibration,not_applicable,together,synthetic_recovery_progress,0.85000000,80.00000000,0,0.98665445,0.98452222
experiment_05,image_002,calibration,not_applicable,together,synthetic_recovery_progress,0.86000000,80.00000000,0,0.99010042,0.98770166
experiment_05,image_002,calibration,not_applicable,together,synthetic_recovery_progress,0.87000000,80.00000000,0,0.99250213,0.98990482
experiment_05,image_002,calibration,not_applicable,together,synthetic_recovery_progress,0.88000000,80.00000000,0,0.99391994,0.99129643
experiment_05,image_002,calibration,not_applicable,together,synthetic_recovery_progress,0.89000000,80.00000000,0,0.99466432,0.99219145
experiment_05,image_002,calibration,not_applicable,together,synthetic_recovery_progress,0.90000000,80.00000000,0,0.99516629,0.99291477
experiment_05,image_002,calibration,not_applicable,together,synthetic_recovery_progress,0.91000000,80.00000000,0,0.99564966,0.99362329
experiment_05,image_002,calibration,not_applicable,together,synthetic_recovery_progress,0.92000000,80.00000000,0,0.99613303,0.99433181
experiment_05,image_002,calibration,not_applicable,together,synthetic_recovery_progress,0.93000000,80.00000000,0,0.99661640,0.99504034
experiment_05,image_002,calibration,not_applicable,together,synthetic_recovery_progress,0.94000000,80.00000000,0,0.99709978,0.99574886
experiment_05,image_002,calibration,not_applicable,together,synthetic_recovery_progress,0.95000000,80.00000000,0,0.99758315,0.99645738
experiment_05,image_002,calibration,not_applicable,together,synthetic_recovery_progress,0.96000000,80.00000000,0,0.99806652,0.99716591
experiment_05,image_002,calibration,not_applicable,together,synthetic_recovery_progress,0.97000000,80.00000000,0,0.99854989,0.99787443
experiment_05,image_002,calibration,not_applicable,together,synthetic_recovery_progress,0.98000000,80.00000000,0,0.99903326,0.99858295
experiment_05,image_002,calibration,not_applicable,together,synthetic_recovery_progress,0.99000000,80.00000000,0,0.99951663,0.99929148
experiment_05,image_002,calibration,not_applicable,together,synthetic_recovery_progress,1.00000000,80.00000000,0,1.00000000,1.00000000
experiment_05,image_003,calibration,not_applicable,low_band_first,synthetic_recovery_progress,0.00000000,20.00000000,0,0.00000000,0.00000000
experiment_05,image_003,calibration,not_applicable,low_band_first,synthetic_recovery_progress,0.01000000,20.00000000,0,0.00000000,0.00000000
experiment_05,image_003,calibration,not_applicable,low_band_first,synthetic_recovery_progress,0.02000000,20.00000000,0,0.00000000,0.00000000
experiment_05,image_003,calibration,not_applicable,low_band_first,synthetic_recovery_progress,0.03000000,20.00000000,0,0.00000000,0.00000000
experiment_05,image_003,calibration,not_applicable,low_band_first,synthetic_recovery_progress,0.04000000,20.00000000,0,0.00000000,0.00000000
experiment_05,image_003,calibration,not_applicable,low_band_first,synthetic_recovery_progress,0.05000000,20.00000000,0,0.00000000,0.00000000
experiment_05,image_003,calibration,not_applicable,low_band_first,synthetic_recovery_progress,0.06000000,20.00000000,0,0.00043364,0.00000000
experiment_05,image_003,calibration,not_applicable,low_band_first,synthetic_recovery_progress,0.07000000,20.00000000,0,0.00393173,0.00000000
experiment_05,image_003,calibration,not_applicable,low_band_first,synthetic_recovery_progress,0.08000000,20.00000000,0,0.00963714,0.00000000
experiment_05,image_003,calibration,not_applicable,low_band_first,synthetic_recovery_progress,0.09000000,20.00000000,0,0.01745394,0.00357519
experiment_05,image_003,calibration,not_applicable,low_band_first,synthetic_recovery_progress,0.10000000,20.00000000,0,0.02728615,0.01081375
experiment_05,image_003,calibration,not_applicable,low_band_first,synthetic_recovery_progress,0.11000000,20.00000000,0,0.03903781,0.01939908
experiment_05,image_003,calibration,not_applicable,low_band_first,synthetic_recovery_progress,0.12000000,20.00000000,0,0.05261294,0.02924821
experiment_05,image_003,calibration,not_applicable,low_band_first,synthetic_recovery_progress,0.13000000,20.00000000,0,0.06791557,0.04027606
experiment_05,image_003,calibration,not_applicable,low_band_first,synthetic_recovery_progress,0.14000000,20.00000000,0,0.08484969,0.05239560
experiment_05,image_003,calibration,not_applicable,low_band_first,synthetic_recovery_progress,0.15000000,20.00000000,0,0.10331934,0.06551793
experiment_05,image_003,calibration,not_applicable,low_band_first,synthetic_recovery_progress,0.16000000,20.00000000,0,0.12322849,0.07955229
experiment_05,image_003,calibration,not_applicable,low_band_first,synthetic_recovery_progress,0.17000000,20.00000000,0,0.14448116,0.09440619
experiment_05,image_003,calibration,not_applicable,low_band_first,synthetic_recovery_progress,0.18000000,20.00000000,0,0.16698134,0.10998539
experiment_05,image_003,calibration,not_applicable,low_band_first,synthetic_recovery_progress,0.19000000,20.00000000,0,0.19063301,0.12619404
experiment_05,image_003,calibration,not_applicable,low_band_first,synthetic_recovery_progress,0.20000000,20.00000000,0,0.21534015,0.14293466
experiment_05,image_003,calibration,not_applicable,low_band_first,synthetic_recovery_progress,0.21000000,20.00000000,0,0.24100676,0.16010832
experiment_05,image_003,calibration,not_applicable,low_band_first,synthetic_recovery_progress,0.22000000,20.00000000,0,0.26753678,0.17761469
experiment_05,image_003,calibration,not_applicable,low_band_first,synthetic_recovery_progress,0.23000000,20.00000000,0,0.29483420,0.19535226
experiment_05,image_003,calibration,not_applicable,low_band_first,synthetic_recovery_progress,0.24000000,20.00000000,0,0.32280295,0.21321853
experiment_05,image_003,calibration,not_applicable,low_band_first,synthetic_recovery_progress,0.25000000,20.00000000,0,0.35134699,0.23111035
experiment_05,image_003,calibration,not_applicable,low_band_first,synthetic_recovery_progress,0.26000000,20.00000000,0,0.38037026,0.24892429
experiment_05,image_003,calibration,not_applicable,low_band_first,synthetic_recovery_progress,0.27000000,20.00000000,0,0.40977667,0.26655713
experiment_05,image_003,calibration,not_applicable,low_band_first,synthetic_recovery_progress,0.28000000,20.00000000,0,0.43947012,0.28390655
experiment_05,image_003,calibration,not_applicable,low_band_first,synthetic_recovery_progress,0.29000000,20.00000000,0,0.46935451,0.30087186
experiment_05,image_003,calibration,not_applicable,low_band_first,synthetic_recovery_progress,0.30000000,20.00000000,0,0.49933370,0.31735498
experiment_05,image_003,calibration,not_applicable,low_band_first,synthetic_recovery_progress,0.31000000,20.00000000,0,0.52931151,0.33326154
experiment_05,image_003,calibration,not_applicable,low_band_first,synthetic_recovery_progress,0.32000000,20.00000000,0,0.55919175,0.34850216
experiment_05,image_003,calibration,not_applicable,low_band_first,synthetic_recovery_progress,0.33000000,20.00000000,0,0.58887817,0.36299391
experiment_05,image_003,calibration,not_applicable,low_band_first,synthetic_recovery_progress,0.34000000,20.00000000,0,0.61827446,0.37666188
experiment_05,image_003,calibration,not_applicable,low_band_first,synthetic_recovery_progress,0.35000000,20.00000000,0,0.64728423,0.38944076
experiment_05,image_003,calibration,not_applicable,low_band_first,synthetic_recovery_progress,0.36000000,20.00000000,0,0.67581101,0.40127655
experiment_05,image_003,calibration,not_applicable,low_band_first,synthetic_recovery_progress,0.37000000,20.00000000,0,0.70375818,0.41212805
experiment_05,image_003,calibration,not_applicable,low_band_first,synthetic_recovery_progress,0.38000000,20.00000000,0,0.73102895,0.42196826
experiment_05,image_003,calibration,not_applicable,low_band_first,synthetic_recovery_progress,0.39000000,20.00000000,0,0.75752630,0.43078540
experiment_05,image_003,calibration,not_applicable,low_band_first,synthetic_recovery_progress,0.40000000,20.00000000,0,0.78315285,0.43858361
experiment_05,image_003,calibration,not_applicable,low_band_first,synthetic_recovery_progress,0.41000000,20.00000000,0,0.80781077,0.44538305
experiment_05,image_003,calibration,not_applicable,low_band_first,synthetic_recovery_progress,0.42000000,20.00000000,0,0.83140151,0.45121956
experiment_05,image_003,calibration,not_applicable,low_band_first,synthetic_recovery_progress,0.43000000,20.00000000,0,0.85382550,0.45614369
experiment_05,image_003,calibration,not_applicable,low_band_first,synthetic_recovery_progress,0.44000000,20.00000000,0,0.87498157,0.46021917
experiment_05,image_003,calibration,not_applicable,low_band_first,synthetic_recovery_progress,0.45000000,20.00000000,0,0.89476602,0.46352098
experiment_05,image_003,calibration,not_applicable,low_band_first,synthetic_recovery_progress,0.46000000,20.00000000,0,0.91307099,0.46673805
experiment_05,image_003,calibration,not_applicable,low_band_first,synthetic_recovery_progress,0.47000000,20.00000000,0,0.92978153,0.47054164
experiment_05,image_003,calibration,not_applicable,low_band_first,synthetic_recovery_progress,0.48000000,20.00000000,0,0.94476996,0.47498354
experiment_05,image_003,calibration,not_applicable,low_band_first,synthetic_recovery_progress,0.49000000,20.00000000,0,0.95788508,0.48011023
experiment_05,image_003,calibration,not_applicable,low_band_first,synthetic_recovery_progress,0.50000000,20.00000000,0,0.96893153,0.48596210
experiment_05,image_003,calibration,not_applicable,low_band_first,synthetic_recovery_progress,0.51000000,20.00000000,0,0.97763807,0.49257231
experiment_05,image_003,calibration,not_applicable,low_band_first,synthetic_recovery_progress,0.52000000,20.00000000,0,0.98366349,0.49996525
experiment_05,image_003,calibration,not_applicable,low_band_first,synthetic_recovery_progress,0.53000000,20.00000000,0,0.98687923,0.50815459
experiment_05,image_003,calibration,not_applicable,low_band_first,synthetic_recovery_progress,0.54000000,20.00000000,0,0.98800439,0.51714058
experiment_05,image_003,calibration,not_applicable,low_band_first,synthetic_recovery_progress,0.55000000,20.00000000,0,0.98834404,0.52690672
experiment_05,image_003,calibration,not_applicable,low_band_first,synthetic_recovery_progress,0.56000000,20.00000000,0,0.98860306,0.53741623
experiment_05,image_003,calibration,not_applicable,low_band_first,synthetic_recovery_progress,0.57000000,20.00000000,0,0.98886208,0.54862033
experiment_05,image_003,calibration,not_applicable,low_band_first,synthetic_recovery_progress,0.58000000,20.00000000,0,0.98912110,0.56046934
experiment_05,image_003,calibration,not_applicable,low_band_first,synthetic_recovery_progress,0.59000000,20.00000000,0,0.98938012,0.57291351
experiment_05,image_003,calibration,not_applicable,low_band_first,synthetic_recovery_progress,0.60000000,20.00000000,0,0.98963914,0.58590305
experiment_05,image_003,calibration,not_applicable,low_band_first,synthetic_recovery_progress,0.61000000,20.00000000,0,0.98989817,0.59938811
experiment_05,image_003,calibration,not_applicable,low_band_first,synthetic_recovery_progress,0.62000000,20.00000000,0,0.99015719,0.61331880
experiment_05,image_003,calibration,not_applicable,low_band_first,synthetic_recovery_progress,0.63000000,20.00000000,0,0.99041621,0.62764518
experiment_05,image_003,calibration,not_applicable,low_band_first,synthetic_recovery_progress,0.64000000,20.00000000,0,0.99067523,0.64231726
experiment_05,image_003,calibration,not_applicable,low_band_first,synthetic_recovery_progress,0.65000000,20.00000000,0,0.99093425,0.65728502
experiment_05,image_003,calibration,not_applicable,low_band_first,synthetic_recovery_progress,0.66000000,20.00000000,0,0.99119327,0.67249839
experiment_05,image_003,calibration,not_applicable,low_band_first,synthetic_recovery_progress,0.67000000,20.00000000,0,0.99145229,0.68790725
experiment_05,image_003,calibration,not_applicable,low_band_first,synthetic_recovery_progress,0.68000000,20.00000000,0,0.99171132,0.70346145
experiment_05,image_003,calibration,not_applicable,low_band_first,synthetic_recovery_progress,0.69000000,20.00000000,0,0.99197034,0.71911077
experiment_05,image_003,calibration,not_applicable,low_band_first,synthetic_recovery_progress,0.70000000,20.00000000,0,0.99222936,0.73480495
experiment_05,image_003,calibration,not_applicable,low_band_first,synthetic_recovery_progress,0.71000000,20.00000000,0,0.99248838,0.75049367
experiment_05,image_003,calibration,not_applicable,low_band_first,synthetic_recovery_progress,0.72000000,20.00000000,0,0.99274740,0.76612651
experiment_05,image_003,calibration,not_applicable,low_band_first,synthetic_recovery_progress,0.73000000,20.00000000,0,0.99300642,0.78165300
experiment_05,image_003,calibration,not_applicable,low_band_first,synthetic_recovery_progress,0.74000000,20.00000000,0,0.99326544,0.79702254
experiment_05,image_003,calibration,not_applicable,low_band_first,synthetic_recovery_progress,0.75000000,20.00000000,0,0.99352447,0.81218442
experiment_05,image_003,calibration,not_applicable,low_band_first,synthetic_recovery_progress,0.76000000,20.00000000,0,0.99378349,0.82708777
experiment_05,image_003,calibration,not_applicable,low_band_first,synthetic_recovery_progress,0.77000000,20.00000000,0,0.99404251,0.84168153
experiment_05,image_003,calibration,not_applicable,low_band_first,synthetic_recovery_progress,0.78000000,20.00000000,0,0.99430153,0.85591440
experiment_05,image_003,calibration,not_applicable,low_band_first,synthetic_recovery_progress,0.79000000,20.00000000,0,0.99456055,0.86973475
experiment_05,image_003,calibration,not_applicable,low_band_first,synthetic_recovery_progress,0.80000000,20.00000000,0,0.99481957,0.88309054
experiment_05,image_003,calibration,not_applicable,low_band_first,synthetic_recovery_progress,0.81000000,20.00000000,0,0.99507859,0.89592918
experiment_05,image_003,calibration,not_applicable,low_band_first,synthetic_recovery_progress,0.82000000,20.00000000,0,0.99533761,0.90819733
experiment_05,image_003,calibration,not_applicable,low_band_first,synthetic_recovery_progress,0.83000000,20.00000000,0,0.99559664,0.91984063
experiment_05,image_003,calibration,not_applicable,low_band_first,synthetic_recovery_progress,0.84000000,20.00000000,0,0.99585566,0.93080336
experiment_05,image_003,calibration,not_applicable,low_band_first,synthetic_recovery_progress,0.85000000,20.00000000,0,0.99611468,0.94102785
experiment_05,image_003,calibration,not_applicable,low_band_first,synthetic_recovery_progress,0.86000000,20.00000000,0,0.99637370,0.95045385
experiment_05,image_003,calibration,not_applicable,low_band_first,synthetic_recovery_progress,0.87000000,20.00000000,0,0.99663272,0.95901761
experiment_05,image_003,calibration,not_applicable,low_band_first,synthetic_recovery_progress,0.88000000,20.00000000,0,0.99689174,0.96665124
experiment_05,image_003,calibration,not_applicable,low_band_first,synthetic_recovery_progress,0.89000000,20.00000000,0,0.99715076,0.97328338
experiment_05,image_003,calibration,not_applicable,low_band_first,synthetic_recovery_progress,0.90000000,20.00000000,0,0.99740979,0.97884466
experiment_05,image_003,calibration,not_applicable,low_band_first,synthetic_recovery_progress,0.91000000,20.00000000,0,0.99766881,0.98328693
experiment_05,image_003,calibration,not_applicable,low_band_first,synthetic_recovery_progress,0.92000000,20.00000000,0,0.99792783,0.98662955
experiment_05,image_003,calibration,not_applicable,low_band_first,synthetic_recovery_progress,0.93000000,20.00000000,0,0.99818685,0.98902992
experiment_05,image_003,calibration,not_applicable,low_band_first,synthetic_recovery_progress,0.94000000,20.00000000,0,0.99844587,0.99081266
experiment_05,image_003,calibration,not_applicable,low_band_first,synthetic_recovery_progress,0.95000000,20.00000000,0,0.99870489,0.99236153
experiment_05,image_003,calibration,not_applicable,low_band_first,synthetic_recovery_progress,0.96000000,20.00000000,0,0.99896391,0.99388922
experiment_05,image_003,calibration,not_applicable,low_band_first,synthetic_recovery_progress,0.97000000,20.00000000,0,0.99922294,0.99541692
experiment_05,image_003,calibration,not_applicable,low_band_first,synthetic_recovery_progress,0.98000000,20.00000000,0,0.99948196,0.99694461
experiment_05,image_003,calibration,not_applicable,low_band_first,synthetic_recovery_progress,0.99000000,20.00000000,0,0.99974098,0.99847231
experiment_05,image_003,calibration,not_applicable,low_band_first,synthetic_recovery_progress,1.00000000,20.00000000,0,1.00000000,1.00000000
experiment_05,image_003,calibration,not_applicable,high_band_first,synthetic_recovery_progress,0.00000000,20.00000000,0,0.00000000,0.00000000
experiment_05,image_003,calibration,not_applicable,high_band_first,synthetic_recovery_progress,0.01000000,20.00000000,0,0.00000000,0.00000000
experiment_05,image_003,calibration,not_applicable,high_band_first,synthetic_recovery_progress,0.02000000,20.00000000,0,0.00000000,0.00000000
experiment_05,image_003,calibration,not_applicable,high_band_first,synthetic_recovery_progress,0.03000000,20.00000000,0,0.00000000,0.00000000
experiment_05,image_003,calibration,not_applicable,high_band_first,synthetic_recovery_progress,0.04000000,20.00000000,0,0.00000000,0.00000000
experiment_05,image_003,calibration,not_applicable,high_band_first,synthetic_recovery_progress,0.05000000,20.00000000,0,0.00000000,0.00000000
experiment_05,image_003,calibration,not_applicable,high_band_first,synthetic_recovery_progress,0.06000000,20.00000000,0,0.00000000,0.00000000
experiment_05,image_003,calibration,not_applicable,high_band_first,synthetic_recovery_progress,0.07000000,20.00000000,0,0.00000000,0.00000000
experiment_05,image_003,calibration,not_applicable,high_band_first,synthetic_recovery_progress,0.08000000,20.00000000,0,0.00000000,0.00000000
experiment_05,image_003,calibration,not_applicable,high_band_first,synthetic_recovery_progress,0.09000000,20.00000000,0,0.00000000,0.00000000
experiment_05,image_003,calibration,not_applicable,high_band_first,synthetic_recovery_progress,0.10000000,20.00000000,0,0.00000000,0.00000000
experiment_05,image_003,calibration,not_applicable,high_band_first,synthetic_recovery_progress,0.11000000,20.00000000,0,0.00000000,0.00152443
experiment_05,image_003,calibration,not_applicable,high_band_first,synthetic_recovery_progress,0.12000000,20.00000000,0,0.00000000,0.00527259
experiment_05,image_003,calibration,not_applicable,high_band_first,synthetic_recovery_progress,0.13000000,20.00000000,0,0.00000000,0.00942559
experiment_05,image_003,calibration,not_applicable,high_band_first,synthetic_recovery_progress,0.14000000,20.00000000,0,0.00000000,0.01394229
experiment_05,image_003,calibration,not_applicable,high_band_first,synthetic_recovery_progress,0.15000000,20.00000000,0,0.00000000,0.01878075
experiment_05,image_003,calibration,not_applicable,high_band_first,synthetic_recovery_progress,0.16000000,20.00000000,0,0.00000000,0.02389846
experiment_05,image_003,calibration,not_applicable,high_band_first,synthetic_recovery_progress,0.17000000,20.00000000,0,0.00000000,0.02925257
experiment_05,image_003,calibration,not_applicable,high_band_first,synthetic_recovery_progress,0.18000000,20.00000000,0,0.00000000,0.03480023
experiment_05,image_003,calibration,not_applicable,high_band_first,synthetic_recovery_progress,0.19000000,20.00000000,0,0.00000000,0.04049875
experiment_05,image_003,calibration,not_applicable,high_band_first,synthetic_recovery_progress,0.20000000,20.00000000,0,0.00000000,0.04630591
experiment_05,image_003,calibration,not_applicable,high_band_first,synthetic_recovery_progress,0.21000000,20.00000000,0,0.00000000,0.05218022
experiment_05,image_003,calibration,not_applicable,high_band_first,synthetic_recovery_progress,0.22000000,20.00000000,0,0.00000000,0.05808116
experiment_05,image_003,calibration,not_applicable,high_band_first,synthetic_recovery_progress,0.23000000,20.00000000,0,0.00000000,0.06396948
experiment_05,image_003,calibration,not_applicable,high_band_first,synthetic_recovery_progress,0.24000000,20.00000000,0,0.00000000,0.06980744
experiment_05,image_003,calibration,not_applicable,high_band_first,synthetic_recovery_progress,0.25000000,20.00000000,0,0.00000000,0.07555906
experiment_05,image_003,calibration,not_applicable,high_band_first,synthetic_recovery_progress,0.26000000,20.00000000,0,0.00000000,0.08119044
experiment_05,image_003,calibration,not_applicable,high_band_first,synthetic_recovery_progress,0.27000000,20.00000000,0,0.00000000,0.08666995
experiment_05,image_003,calibration,not_applicable,high_band_first,synthetic_recovery_progress,0.28000000,20.00000000,0,0.00000000,0.09196851
experiment_05,image_003,calibration,not_applicable,high_band_first,synthetic_recovery_progress,0.29000000,20.00000000,0,0.00000000,0.09705979
experiment_05,image_003,calibration,not_applicable,high_band_first,synthetic_recovery_progress,0.30000000,20.00000000,0,0.00000000,0.10192047
experiment_05,image_003,calibration,not_applicable,high_band_first,synthetic_recovery_progress,0.31000000,20.00000000,0,0.00000000,0.10653035
experiment_05,image_003,calibration,not_applicable,high_band_first,synthetic_recovery_progress,0.32000000,20.00000000,0,0.00000000,0.11087257
experiment_05,image_003,calibration,not_applicable,high_band_first,synthetic_recovery_progress,0.33000000,20.00000000,0,0.00000000,0.11493369
experiment_05,image_003,calibration,not_applicable,high_band_first,synthetic_recovery_progress,0.34000000,20.00000000,0,0.00000000,0.11870379
experiment_05,image_003,calibration,not_applicable,high_band_first,synthetic_recovery_progress,0.35000000,20.00000000,0,0.00000000,0.12217652
experiment_05,image_003,calibration,not_applicable,high_band_first,synthetic_recovery_progress,0.36000000,20.00000000,0,0.00000000,0.12534908
experiment_05,image_003,calibration,not_applicable,high_band_first,synthetic_recovery_progress,0.37000000,20.00000000,0,0.00000000,0.12822218
experiment_05,image_003,calibration,not_applicable,high_band_first,synthetic_recovery_progress,0.38000000,20.00000000,0,0.00000000,0.13079993
experiment_05,image_003,calibration,not_applicable,high_band_first,synthetic_recovery_progress,0.39000000,20.00000000,0,0.00000000,0.13308972
experiment_05,image_003,calibration,not_applicable,high_band_first,synthetic_recovery_progress,0.40000000,20.00000000,0,0.00000000,0.13510201
experiment_05,image_003,calibration,not_applicable,high_band_first,synthetic_recovery_progress,0.41000000,20.00000000,0,0.00000000,0.13685006
experiment_05,image_003,calibration,not_applicable,high_band_first,synthetic_recovery_progress,0.42000000,20.00000000,0,0.00000000,0.13834972
experiment_05,image_003,calibration,not_applicable,high_band_first,synthetic_recovery_progress,0.43000000,20.00000000,0,0.00000000,0.13961902
experiment_05,image_003,calibration,not_applicable,high_band_first,synthetic_recovery_progress,0.44000000,20.00000000,0,0.00000000,0.14067785
experiment_05,image_003,calibration,not_applicable,high_band_first,synthetic_recovery_progress,0.45000000,20.00000000,0,0.00000000,0.14154755
experiment_05,image_003,calibration,not_applicable,high_band_first,synthetic_recovery_progress,0.46000000,20.00000000,0,0.00082539,0.14325401
experiment_05,image_003,calibration,not_applicable,high_band_first,synthetic_recovery_progress,0.47000000,20.00000000,0,0.00432148,0.14677196
experiment_05,image_003,calibration,not_applicable,high_band_first,synthetic_recovery_progress,0.48000000,20.00000000,0,0.01002532,0.15204528
experiment_05,image_003,calibration,not_applicable,high_band_first,synthetic_recovery_progress,0.49000000,20.00000000,0,0.01784094,0.15901596
experiment_05,image_003,calibration,not_applicable,high_band_first,synthetic_recovery_progress,0.50000000,20.00000000,0,0.02767235,0.16762413
experiment_05,image_003,calibration,not_applicable,high_band_first,synthetic_recovery_progress,0.51000000,20.00000000,0,0.03942358,0.17780792
experiment_05,image_003,calibration,not_applicable,high_band_first,synthetic_recovery_progress,0.52000000,20.00000000,0,0.05299864,0.18950324
experiment_05,image_003,calibration,not_applicable,high_band_first,synthetic_recovery_progress,0.53000000,20.00000000,0,0.06830155,0.20264339
experiment_05,image_003,calibration,not_applicable,high_band_first,synthetic_recovery_progress,0.54000000,20.00000000,0,0.08523632,0.21715850
experiment_05,image_003,calibration,not_applicable,high_band_first,synthetic_recovery_progress,0.55000000,20.00000000,0,0.10370695,0.23297477
experiment_05,image_003,calibration,not_applicable,high_band_first,synthetic_recovery_progress,0.56000000,20.00000000,0,0.12361746,0.25001373
experiment_05,image_003,calibration,not_applicable,high_band_first,synthetic_recovery_progress,0.57000000,20.00000000,0,0.14487186,0.26819414
experiment_05,image_003,calibration,not_applicable,high_band_first,synthetic_recovery_progress,0.58000000,20.00000000,0,0.16737416,0.28743442
experiment_05,image_003,calibration,not_applicable,high_band_first,synthetic_recovery_progress,0.59000000,20.00000000,0,0.19102835,0.30765295
experiment_05,image_003,calibration,not_applicable,high_band_first,synthetic_recovery_progress,0.60000000,20.00000000,0,0.21573844,0.32876810
experiment_05,image_003,calibration,not_applicable,high_band_first,synthetic_recovery_progress,0.61000000,20.00000000,0,0.24140845,0.35069818
experiment_05,image_003,calibration,not_applicable,high_band_first,synthetic_recovery_progress,0.62000000,20.00000000,0,0.26794237,0.37336148
experiment_05,image_003,calibration,not_applicable,high_band_first,synthetic_recovery_progress,0.63000000,20.00000000,0,0.29524420,0.39667627
experiment_05,image_003,calibration,not_applicable,high_band_first,synthetic_recovery_progress,0.64000000,20.00000000,0,0.32321796,0.42056079
experiment_05,image_003,calibration,not_applicable,high_band_first,synthetic_recovery_progress,0.65000000,20.00000000,0,0.35176763,0.44493324
experiment_05,image_003,calibration,not_applicable,high_band_first,synthetic_recovery_progress,0.66000000,20.00000000,0,0.38079722,0.46971180
experiment_05,image_003,calibration,not_applicable,high_band_first,synthetic_recovery_progress,0.67000000,20.00000000,0,0.41021074,0.49481464
experiment_05,image_003,calibration,not_applicable,high_band_first,synthetic_recovery_progress,0.68000000,20.00000000,0,0.43991217,0.52015987
experiment_05,image_003,calibration,not_applicable,high_band_first,synthetic_recovery_progress,0.69000000,20.00000000,0,0.46980553,0.54566558
experiment_05,image_003,calibration,not_applicable,high_band_first,synthetic_recovery_progress,0.70000000,20.00000000,0,0.49979480,0.57124983
experiment_05,image_003,calibration,not_applicable,high_band_first,synthetic_recovery_progress,0.71000000,20.00000000,0,0.52978399,0.59683063
experiment_05,image_003,calibration,not_applicable,high_band_first,synthetic_recovery_progress,0.72000000,20.00000000,0,0.55967709,0.62232595
experiment_05,image_003,calibration,not_applicable,high_band_first,synthetic_recovery_progress,0.73000000,20.00000000,0,0.58937809,0.64765369
experiment_05,image_003,calibration,not_applicable,high_band_first,synthetic_recovery_progress,0.74000000,20.00000000,0,0.61879099,0.67273169
experiment_05,image_003,calibration,not_applicable,high_band_first,synthetic_recovery_progress,0.75000000,20.00000000,0,0.64781977,0.69747770
experiment_05,image_003,calibration,not_applicable,high_band_first,synthetic_recovery_progress,0.76000000,20.00000000,0,0.67636843,0.72180936
experiment_05,image_003,calibration,not_applicable,high_band_first,synthetic_recovery_progress,0.77000000,20.00000000,0,0.70434094,0.74564419
experiment_05,image_003,calibration,not_applicable,high_band_first,synthetic_recovery_progress,0.78000000,20.00000000,0,0.73164129,0.76889951
experiment_05,image_003,calibration,not_applicable,high_band_first,synthetic_recovery_progress,0.79000000,20.00000000,0,0.75817344,0.79149242
experiment_05,image_003,calibration,not_applicable,high_band_first,synthetic_recovery_progress,0.80000000,20.00000000,0,0.78384137,0.81333970
experiment_05,image_003,calibration,not_applicable,high_band_first,synthetic_recovery_progress,0.81000000,20.00000000,0,0.80854902,0.83435772
experiment_05,image_003,calibration,not_applicable,high_band_first,synthetic_recovery_progress,0.82000000,20.00000000,0,0.83220032,0.85446224
experiment_05,image_003,calibration,not_applicable,high_band_first,synthetic_recovery_progress,0.83000000,20.00000000,0,0.85469920,0.87356817
experiment_05,image_003,calibration,not_applicable,high_band_first,synthetic_recovery_progress,0.84000000,20.00000000,0,0.87594952,0.89158919
experiment_05,image_003,calibration,not_applicable,high_band_first,synthetic_recovery_progress,0.85000000,20.00000000,0,0.89585510,0.90843715
experiment_05,image_003,calibration,not_applicable,high_band_first,synthetic_recovery_progress,0.86000000,20.00000000,0,0.91431965,0.92402106
experiment_05,image_003,calibration,not_applicable,high_band_first,synthetic_recovery_progress,0.87000000,20.00000000,0,0.93124675,0.93824549
experiment_05,image_003,calibration,not_applicable,high_band_first,synthetic_recovery_progress,0.88000000,20.00000000,0,0.94653965,0.95100791
experiment_05,image_003,calibration,not_applicable,high_band_first,synthetic_recovery_progress,0.89000000,20.00000000,0,0.96010106,0.96219439
experiment_05,image_003,calibration,not_applicable,high_band_first,synthetic_recovery_progress,0.90000000,20.00000000,0,0.97183241,0.97167392
experiment_05,image_003,calibration,not_applicable,high_band_first,synthetic_recovery_progress,0.91000000,20.00000000,0,0.98163206,0.97929675
experiment_05,image_003,calibration,not_applicable,high_band_first,synthetic_recovery_progress,0.92000000,20.00000000,0,0.98938914,0.98492664
experiment_05,image_003,calibration,not_applicable,high_band_first,synthetic_recovery_progress,0.93000000,20.00000000,0,0.99495709,0.98859375
experiment_05,image_003,calibration,not_applicable,high_band_first,synthetic_recovery_progress,0.94000000,20.00000000,0,0.99802876,0.99077990
experiment_05,image_003,calibration,not_applicable,high_band_first,synthetic_recovery_progress,0.95000000,20.00000000,0,0.99870489,0.99236153
experiment_05,image_003,calibration,not_applicable,high_band_first,synthetic_recovery_progress,0.96000000,20.00000000,0,0.99896391,0.99388922
experiment_05,image_003,calibration,not_applicable,high_band_first,synthetic_recovery_progress,0.97000000,20.00000000,0,0.99922294,0.99541692
experiment_05,image_003,calibration,not_applicable,high_band_first,synthetic_recovery_progress,0.98000000,20.00000000,0,0.99948196,0.99694461
experiment_05,image_003,calibration,not_applicable,high_band_first,synthetic_recovery_progress,0.99000000,20.00000000,0,0.99974098,0.99847231
experiment_05,image_003,calibration,not_applicable,high_band_first,synthetic_recovery_progress,1.00000000,20.00000000,0,1.00000000,1.00000000
experiment_05,image_003,calibration,not_applicable,together,synthetic_recovery_progress,0.00000000,20.00000000,0,0.00000000,0.00000000
experiment_05,image_003,calibration,not_applicable,together,synthetic_recovery_progress,0.01000000,20.00000000,0,0.00000000,0.00000000
experiment_05,image_003,calibration,not_applicable,together,synthetic_recovery_progress,0.02000000,20.00000000,0,0.00000000,0.00000000
experiment_05,image_003,calibration,not_applicable,together,synthetic_recovery_progress,0.03000000,20.00000000,0,0.00000000,0.00000000
experiment_05,image_003,calibration,not_applicable,together,synthetic_recovery_progress,0.04000000,20.00000000,0,0.00000000,0.00000000
experiment_05,image_003,calibration,not_applicable,together,synthetic_recovery_progress,0.05000000,20.00000000,0,0.00000000,0.00000000
experiment_05,image_003,calibration,not_applicable,together,synthetic_recovery_progress,0.06000000,20.00000000,0,0.00000000,0.00000000
experiment_05,image_003,calibration,not_applicable,together,synthetic_recovery_progress,0.07000000,20.00000000,0,0.00000000,0.00000000
experiment_05,image_003,calibration,not_applicable,together,synthetic_recovery_progress,0.08000000,20.00000000,0,0.00000000,0.00000000
experiment_05,image_003,calibration,not_applicable,together,synthetic_recovery_progress,0.09000000,20.00000000,0,0.00000000,0.00000000
experiment_05,image_003,calibration,not_applicable,together,synthetic_recovery_progress,0.10000000,20.00000000,0,0.00000000,0.00000000
experiment_05,image_003,calibration,not_applicable,together,synthetic_recovery_progress,0.11000000,20.00000000,0,0.00000000,0.00000000
experiment_05,image_003,calibration,not_applicable,together,synthetic_recovery_progress,0.12000000,20.00000000,0,0.00115882,0.00000000
experiment_05,image_003,calibration,not_applicable,together,synthetic_recovery_progress,0.13000000,20.00000000,0,0.00343847,0.00000000
experiment_05,image_003,calibration,not_applicable,together,synthetic_recovery_progress,0.14000000,20.00000000,0,0.00658506,0.00000000
experiment_05,image_003,calibration,not_applicable,together,synthetic_recovery_progress,0.15000000,20.00000000,0,0.01057514,0.00286883
experiment_05,image_003,calibration,not_applicable,together,synthetic_recovery_progress,0.16000000,20.00000000,0,0.01538531,0.00782576
experiment_05,image_003,calibration,not_applicable,together,synthetic_recovery_progress,0.17000000,20.00000000,0,0.02099214,0.01357216
experiment_05,image_003,calibration,not_applicable,together,synthetic_recovery_progress,0.18000000,20.00000000,0,0.02737221,0.02008501
experiment_05,image_003,calibration,not_applicable,together,synthetic_recovery_progress,0.19000000,20.00000000,0,0.03450208,0.02734127
experiment_05,image_003,calibration,not_applicable,together,synthetic_recovery_progress,0.20000000,20.00000000,0,0.04235833,0.03531786
experiment_05,image_003,calibration,not_applicable,together,synthetic_recovery_progress,0.21000000,20.00000000,0,0.05091754,0.04399167
experiment_05,image_003,calibration,not_applicable,together,synthetic_recovery_progress,0.22000000,20.00000000,0,0.06015627,0.05333957
experiment_05,image_003,calibration,not_applicable,together,synthetic_recovery_progress,0.23000000,20.00000000,0,0.07005110,0.06333840
experiment_05,image_003,calibration,not_applicable,together,synthetic_recovery_progress,0.24000000,20.00000000,0,0.08057859,0.07396496
experiment_05,image_003,calibration,not_applicable,together,synthetic_recovery_progress,0.25000000,20.00000000,0,0.09171532,0.08519607
experiment_05,image_003,calibration,not_applicable,together,synthetic_recovery_progress,0.26000000,20.00000000,0,0.10343785,0.09700849
experiment_05,image_003,calibration,not_applicable,together,synthetic_recovery_progress,0.27000000,20.00000000,0,0.11572275,0.10937898
experiment_05,image_003,calibration,not_applicable,together,synthetic_recovery_progress,0.28000000,20.00000000,0,0.12854659,0.12228429
experiment_05,image_003,calibration,not_applicable,together,synthetic_recovery_progress,0.29000000,20.00000000,0,0.14188594,0.13570114
experiment_05,image_003,calibration,not_applicable,together,synthetic_recovery_progress,0.30000000,20.00000000,0,0.15571736,0.14960624
experiment_05,image_003,calibration,not_applicable,together,synthetic_recovery_progress,0.31000000,20.00000000,0,0.17001742,0.16397629
experiment_05,image_003,calibration,not_applicable,together,synthetic_recovery_progress,0.32000000,20.00000000,0,0.18476269,0.17878799
experiment_05,image_003,calibration,not_applicable,together,synthetic_recovery_progress,0.33000000,20.00000000,0,0.19992972,0.19401799
experiment_05,image_003,calibration,not_applicable,together,synthetic_recovery_progress,0.34000000,20.00000000,0,0.21549510,0.20964298
experiment_05,image_003,calibration,not_applicable,together,synthetic_recovery_progress,0.35000000,20.00000000,0,0.23143537,0.22563959
experiment_05,image_003,calibration,not_applicable,together,synthetic_recovery_progress,0.36000000,20.00000000,0,0.24772712,0.24198446
experiment_05,image_003,calibration,not_applicable,together,synthetic_recovery_progress,0.37000000,20.00000000,0,0.26434689,0.25865423
experiment_05,image_003,calibration,not_applicable,together,synthetic_recovery_progress,0.38000000,20.00000000,0,0.28127126,0.27562552
experiment_05,image_003,calibration,not_applicable,together,synthetic_recovery_progress,0.39000000,20.00000000,0,0.29847679,0.29287494
experiment_05,image_003,calibration,not_applicable,together,synthetic_recovery_progress,0.40000000,20.00000000,0,0.31594004,0.31037908
experiment_05,image_003,calibration,not_applicable,together,synthetic_recovery_progress,0.41000000,20.00000000,0,0.33363757,0.32811454
experiment_05,image_003,calibration,not_applicable,together,synthetic_recovery_progress,0.42000000,20.00000000,0,0.35154596,0.34605788
experiment_05,image_003,calibration,not_applicable,together,synthetic_recovery_progress,0.43000000,20.00000000,0,0.36964175,0.36418570
experiment_05,image_003,calibration,not_applicable,together,synthetic_recovery_progress,0.44000000,20.00000000,0,0.38790152,0.38247452
experiment_05,image_003,calibration,not_applicable,together,synthetic_recovery_progress,0.45000000,20.00000000,0,0.40630183,0.40090092
experiment_05,image_003,calibration,not_applicable,together,synthetic_recovery_progress,0.46000000,20.00000000,0,0.42481923,0.41944140
experiment_05,image_003,calibration,not_applicable,together,synthetic_recovery_progress,0.47000000,20.00000000,0,0.44343029,0.43807251
experiment_05,image_003,calibration,not_applicable,together,synthetic_recovery_progress,0.48000000,20.00000000,0,0.46211156,0.45677074
experiment_05,image_003,calibration,not_applicable,together,synthetic_recovery_progress,0.49000000,20.00000000,0,0.48083962,0.47551258
experiment_05,image_003,calibration,not_applicable,together,synthetic_recovery_progress,0.50000000,20.00000000,0,0.49959101,0.49427451
experiment_05,image_003,calibration,not_applicable,together,synthetic_recovery_progress,0.51000000,20.00000000,0,0.51834230,0.51303298
experiment_05,image_003,calibration,not_applicable,together,synthetic_recovery_progress,0.52000000,20.00000000,0,0.53707005,0.53176443
experiment_05,image_003,calibration,not_applicable,together,synthetic_recovery_progress,0.53000000,20.00000000,0,0.55575081,0.55044528
experiment_05,image_003,calibration,not_applicable,together,synthetic_recovery_progress,0.54000000,20.00000000,0,0.57436115,0.56905192
experiment_05,image_003,calibration,not_applicable,together,synthetic_recovery_progress,0.55000000,20.00000000,0,0.59287761,0.58756070
experiment_05,image_003,calibration,not_applicable,together,synthetic_recovery_progress,0.56000000,20.00000000,0,0.61127675,0.60594795
experiment_05,image_003,calibration,not_applicable,together,synthetic_recovery_progress,0.57000000,20.00000000,0,0.62953512,0.62418997
experiment_05,image_003,calibration,not_applicable,together,synthetic_recovery_progress,0.58000000,20.00000000,0,0.64762929,0.64226300
experiment_05,image_003,calibration,not_applicable,together,synthetic_recovery_progress,0.59000000,20.00000000,0,0.66553579,0.66014325
experiment_05,image_003,calibration,not_applicable,together,synthetic_recovery_progress,0.60000000,20.00000000,0,0.68323118,0.67780685
experiment_05,image_003,calibration,not_applicable,together,synthetic_recovery_progress,0.61000000,20.00000000,0,0.70069201,0.69522990
experiment_05,image_003,calibration,not_applicable,together,synthetic_recovery_progress,0.62000000,20.00000000,0,0.71789481,0.71238838
experiment_05,image_003,calibration,not_applicable,together,synthetic_recovery_progress,0.63000000,20.00000000,0,0.73481614,0.72925820
experiment_05,image_003,calibration,not_applicable,together,synthetic_recovery_progress,0.64000000,20.00000000,0,0.75143252,0.74581517
experiment_05,image_003,calibration,not_applicable,together,synthetic_recovery_progress,0.65000000,20.00000000,0,0.76772049,0.76203494
experiment_05,image_003,calibration,not_applicable,together,synthetic_recovery_progress,0.66000000,20.00000000,0,0.78365657,0.77789304
experiment_05,image_003,calibration,not_applicable,together,synthetic_recovery_progress,0.67000000,20.00000000,0,0.79921729,0.79336477
experiment_05,image_003,calibration,not_applicable,together,synthetic_recovery_progress,0.68000000,20.00000000,0,0.81437915,0.80842522
experiment_05,image_003,calibration,not_applicable,together,synthetic_recovery_progress,0.69000000,20.00000000,0,0.82911865,0.82304919
experiment_05,image_003,calibration,not_applicable,together,synthetic_recovery_progress,0.70000000,20.00000000,0,0.84341229,0.83721114
experiment_05,image_003,calibration,not_applicable,together,synthetic_recovery_progress,0.71000000,20.00000000,0,0.85723651,0.85088509
experiment_05,image_003,calibration,not_applicable,together,synthetic_recovery_progress,0.72000000,20.00000000,0,0.87056777,0.86404451
experiment_05,image_003,calibration,not_applicable,together,synthetic_recovery_progress,0.73000000,20.00000000,0,0.88338247,0.87666221
experiment_05,image_003,calibration,not_applicable,together,synthetic_recovery_progress,0.74000000,20.00000000,0,0.89565698,0.88871017
experiment_05,image_003,calibration,not_applicable,together,synthetic_recovery_progress,0.75000000,20.00000000,0,0.90736759,0.90015932
experiment_05,image_003,calibration,not_applicable,together,synthetic_recovery_progress,0.76000000,20.00000000,0,0.91849054,0.91097929
experiment_05,image_003,calibration,not_applicable,together,synthetic_recovery_progress,0.77000000,20.00000000,0,0.92900192,0.92113815
experiment_05,image_003,calibration,not_applicable,together,synthetic_recovery_progress,0.78000000,20.00000000,0,0.93887765,0.93060213
experiment_05,image_003,calibration,not_applicable,together,synthetic_recovery_progress,0.79000000,20.00000000,0,0.94809338,0.93933546
experiment_05,image_003,calibration,not_applicable,together,synthetic_recovery_progress,0.80000000,20.00000000,0,0.95662432,0.94730057
experiment_05,image_003,calibration,not_applicable,together,synthetic_recovery_progress,0.81000000,20.00000000,0,0.96444503,0.95445910
experiment_05,image_003,calibration,not_applicable,together,synthetic_recovery_progress,0.82000000,20.00000000,0,0.97152888,0.96077464
experiment_05,image_003,calibration,not_applicable,together,synthetic_recovery_progress,0.83000000,20.00000000,0,0.97784712,0.96621880
experiment_05,image_003,calibration,not_applicable,together,synthetic_recovery_progress,0.84000000,20.00000000,0,0.98336709,0.97078213
experiment_05,image_003,calibration,not_applicable,together,synthetic_recovery_progress,0.85000000,20.00000000,0,0.98804818,0.97449068
experiment_05,image_003,calibration,not_applicable,together,synthetic_recovery_progress,0.86000000,20.00000000,0,0.99183344,0.97742374
experiment_05,image_003,calibration,not_applicable,together,synthetic_recovery_progress,0.87000000,20.00000000,0,0.99463586,0.97972251
experiment_05,image_003,calibration,not_applicable,together,synthetic_recovery_progress,0.88000000,20.00000000,0,0.99635660,0.98157701
experiment_05,image_003,calibration,not_applicable,together,synthetic_recovery_progress,0.89000000,20.00000000,0,0.99710456,0.98318939
experiment_05,image_003,calibration,not_applicable,together,synthetic_recovery_progress,0.90000000,20.00000000,0,0.99740979,0.98472305
experiment_05,image_003,calibration,not_applicable,together,synthetic_recovery_progress,0.91000000,20.00000000,0,0.99766881,0.98625075
experiment_05,image_003,calibration,not_applicable,together,synthetic_recovery_progress,0.92000000,20.00000000,0,0.99792783,0.98777844
experiment_05,image_003,calibration,not_applicable,together,synthetic_recovery_progress,0.93000000,20.00000000,0,0.99818685,0.98930614
experiment_05,image_003,calibration,not_applicable,together,synthetic_recovery_progress,0.94000000,20.00000000,0,0.99844587,0.99083383
experiment_05,image_003,calibration,not_applicable,together,synthetic_recovery_progress,0.95000000,20.00000000,0,0.99870489,0.99236153
experiment_05,image_003,calibration,not_applicable,together,synthetic_recovery_progress,0.96000000,20.00000000,0,0.99896391,0.99388922
experiment_05,image_003,calibration,not_applicable,together,synthetic_recovery_progress,0.97000000,20.00000000,0,0.99922294,0.99541692
experiment_05,image_003,calibration,not_applicable,together,synthetic_recovery_progress,0.98000000,20.00000000,0,0.99948196,0.99694461
experiment_05,image_003,calibration,not_applicable,together,synthetic_recovery_progress,0.99000000,20.00000000,0,0.99974098,0.99847231
experiment_05,image_003,calibration,not_applicable,together,synthetic_recovery_progress,1.00000000,20.00000000,0,1.00000000,1.00000000
experiment_05,image_003,calibration,not_applicable,low_band_first,synthetic_recovery_progress,0.00000000,40.00000000,0,0.00000000,0.00000000
experiment_05,image_003,calibration,not_applicable,low_band_first,synthetic_recovery_progress,0.01000000,40.00000000,0,0.00000000,0.00000000
experiment_05,image_003,calibration,not_applicable,low_band_first,synthetic_recovery_progress,0.02000000,40.00000000,0,0.00000000,0.00000000
experiment_05,image_003,calibration,not_applicable,low_band_first,synthetic_recovery_progress,0.03000000,40.00000000,0,0.00000000,0.00000000
experiment_05,image_003,calibration,not_applicable,low_band_first,synthetic_recovery_progress,0.04000000,40.00000000,0,0.00000000,0.00000000
experiment_05,image_003,calibration,not_applicable,low_band_first,synthetic_recovery_progress,0.05000000,40.00000000,0,0.00000000,0.00000000
experiment_05,image_003,calibration,not_applicable,low_band_first,synthetic_recovery_progress,0.06000000,40.00000000,0,0.00000000,0.00000000
experiment_05,image_003,calibration,not_applicable,low_band_first,synthetic_recovery_progress,0.07000000,40.00000000,0,0.00317983,0.00000000
experiment_05,image_003,calibration,not_applicable,low_band_first,synthetic_recovery_progress,0.08000000,40.00000000,0,0.00889730,0.00000000
experiment_05,image_003,calibration,not_applicable,low_band_first,synthetic_recovery_progress,0.09000000,40.00000000,0,0.01672445,0.00000000
experiment_05,image_003,calibration,not_applicable,low_band_first,synthetic_recovery_progress,0.10000000,40.00000000,0,0.02656543,0.00000000
experiment_05,image_003,calibration,not_applicable,low_band_first,synthetic_recovery_progress,0.11000000,40.00000000,0,0.03832436,0.00000000
experiment_05,image_003,calibration,not_applicable,low_band_first,synthetic_recovery_progress,0.12000000,40.00000000,0,0.05190533,0.00000000
experiment_05,image_003,calibration,not_applicable,low_band_first,synthetic_recovery_progress,0.13000000,40.00000000,0,0.06721240,0.00000000
experiment_05,image_003,calibration,not_applicable,low_band_first,synthetic_recovery_progress,0.14000000,40.00000000,0,0.08414963,0.00000000
experiment_05,image_003,calibration,not_applicable,low_band_first,synthetic_recovery_progress,0.15000000,40.00000000,0,0.10262104,0.00000000
experiment_05,image_003,calibration,not_applicable,low_band_first,synthetic_recovery_progress,0.16000000,40.00000000,0,0.12253064,0.00000000
experiment_05,image_003,calibration,not_applicable,low_band_first,synthetic_recovery_progress,0.17000000,40.00000000,0,0.14378244,0.00000000
experiment_05,image_003,calibration,not_applicable,low_band_first,synthetic_recovery_progress,0.18000000,40.00000000,0,0.16628039,0.00000000
experiment_05,image_003,calibration,not_applicable,low_band_first,synthetic_recovery_progress,0.19000000,40.00000000,0,0.18992847,0.00000000
experiment_05,image_003,calibration,not_applicable,low_band_first,synthetic_recovery_progress,0.20000000,40.00000000,0,0.21463060,0.00000000
experiment_05,image_003,calibration,not_applicable,low_band_first,synthetic_recovery_progress,0.21000000,40.00000000,0,0.24029070,0.00000000
experiment_05,image_003,calibration,not_applicable,low_band_first,synthetic_recovery_progress,0.22000000,40.00000000,0,0.26681266,0.00000000
experiment_05,image_003,calibration,not_applicable,low_band_first,synthetic_recovery_progress,0.23000000,40.00000000,0,0.29410034,0.00000000
experiment_05,image_003,calibration,not_applicable,low_band_first,synthetic_recovery_progress,0.24000000,40.00000000,0,0.32205758,0.00000000
experiment_05,image_003,calibration,not_applicable,low_band_first,synthetic_recovery_progress,0.25000000,40.00000000,0,0.35058817,0.00000000
experiment_05,image_003,calibration,not_applicable,low_band_first,synthetic_recovery_progress,0.26000000,40.00000000,0,0.37959587,0.00000000
experiment_05,image_003,calibration,not_applicable,low_band_first,synthetic_recovery_progress,0.27000000,40.00000000,0,0.40898438,0.00000000
experiment_05,image_003,calibration,not_applicable,low_band_first,synthetic_recovery_progress,0.28000000,40.00000000,0,0.43865736,0.00000000
experiment_05,image_003,calibration,not_applicable,low_band_first,synthetic_recovery_progress,0.29000000,40.00000000,0,0.46851838,0.00000000
experiment_05,image_003,calibration,not_applicable,low_band_first,synthetic_recovery_progress,0.30000000,40.00000000,0,0.49847093,0.00000000
experiment_05,image_003,calibration,not_applicable,low_band_first,synthetic_recovery_progress,0.31000000,40.00000000,0,0.52841839,0.00000000
experiment_05,image_003,calibration,not_applicable,low_band_first,synthetic_recovery_progress,0.32000000,40.00000000,0,0.55826403,0.00000000
experiment_05,image_003,calibration,not_applicable,low_band_first,synthetic_recovery_progress,0.33000000,40.00000000,0,0.58791091,0.00000000
experiment_05,image_003,calibration,not_applicable,low_band_first,synthetic_recovery_progress,0.34000000,40.00000000,0,0.61726191,0.00000000
experiment_05,image_003,calibration,not_applicable,low_band_first,synthetic_recovery_progress,0.35000000,40.00000000,0,0.64621962,0.00000000
experiment_05,image_003,calibration,not_applicable,low_band_first,synthetic_recovery_progress,0.36000000,40.00000000,0,0.67468628,0.00000000
experiment_05,image_003,calibration,not_applicable,low_band_first,synthetic_recovery_progress,0.37000000,40.00000000,0,0.70256365,0.00000000
experiment_05,image_003,calibration,not_applicable,low_band_first,synthetic_recovery_progress,0.38000000,40.00000000,0,0.72975285,0.00000000
experiment_05,image_003,calibration,not_applicable,low_band_first,synthetic_recovery_progress,0.39000000,40.00000000,0,0.75615416,0.00000000
experiment_05,image_003,calibration,not_applicable,low_band_first,synthetic_recovery_progress,0.40000000,40.00000000,0,0.78166663,0.00000000
experiment_05,image_003,calibration,not_applicable,low_band_first,synthetic_recovery_progress,0.41000000,40.00000000,0,0.80618767,0.00000000
experiment_05,image_003,calibration,not_applicable,low_band_first,synthetic_recovery_progress,0.42000000,40.00000000,0,0.82961227,0.00000000
experiment_05,image_003,calibration,not_applicable,low_band_first,synthetic_recovery_progress,0.43000000,40.00000000,0,0.85183190,0.00000000
experiment_05,image_003,calibration,not_applicable,low_band_first,synthetic_recovery_progress,0.44000000,40.00000000,0,0.87273278,0.00000000
experiment_05,image_003,calibration,not_applicable,low_band_first,synthetic_recovery_progress,0.45000000,40.00000000,0,0.89219311,0.00000000
experiment_05,image_003,calibration,not_applicable,low_band_first,synthetic_recovery_progress,0.46000000,40.00000000,0,0.91007868,0.00073407
experiment_05,image_003,calibration,not_applicable,low_band_first,synthetic_recovery_progress,0.47000000,40.00000000,0,0.92623591,0.00423580
experiment_05,image_003,calibration,not_applicable,low_band_first,synthetic_recovery_progress,0.48000000,40.00000000,0,0.94048161,0.00994461
experiment_05,image_003,calibration,not_applicable,low_band_first,synthetic_recovery_progress,0.49000000,40.00000000,0,0.95259134,0.01776458
experiment_05,image_003,calibration,not_applicable,low_band_first,synthetic_recovery_progress,0.50000000,40.00000000,0,0.96230044,0.02759979
experiment_05,image_003,calibration,not_applicable,low_band_first,synthetic_recovery_progress,0.51000000,40.00000000,0,0.96936646,0.03935432
experiment_05,image_003,calibration,not_applicable,low_band_first,synthetic_recovery_progress,0.52000000,40.00000000,0,0.97377306,0.05293222
experiment_05,image_003,calibration,not_applicable,low_band_first,synthetic_recovery_progress,0.53000000,40.00000000,0,0.97600000,0.06823755
experiment_05,image_003,calibration,not_applicable,low_band_first,synthetic_recovery_progress,0.54000000,40.00000000,0,0.97695920,0.08517434
experiment_05,image_003,calibration,not_applicable,low_band_first,synthetic_recovery_progress,0.55000000,40.00000000,0,0.97750000,0.10364665
experiment_05,image_003,calibration,not_applicable,low_band_first,synthetic_recovery_progress,0.56000000,40.00000000,0,0.97800000,0.12355851
experiment_05,image_003,calibration,not_applicable,low_band_first,synthetic_recovery_progress,0.57000000,40.00000000,0,0.97850000,0.14481394
experiment_05,image_003,calibration,not_applicable,low_band_first,synthetic_recovery_progress,0.58000000,40.00000000,0,0.97900000,0.16731697
experiment_05,image_003,calibration,not_applicable,low_band_first,synthetic_recovery_progress,0.59000000,40.00000000,0,0.97950000,0.19097163
experiment_05,image_003,calibration,not_applicable,low_band_first,synthetic_recovery_progress,0.60000000,40.00000000,0,0.98000000,0.21568193
experiment_05,image_003,calibration,not_applicable,low_band_first,synthetic_recovery_progress,0.61000000,40.00000000,0,0.98050000,0.24135189
experiment_05,image_003,calibration,not_applicable,low_band_first,synthetic_recovery_progress,0.62000000,40.00000000,0,0.98100000,0.26788553
experiment_05,image_003,calibration,not_applicable,low_band_first,synthetic_recovery_progress,0.63000000,40.00000000,0,0.98150000,0.29518686
experiment_05,image_003,calibration,not_applicable,low_band_first,synthetic_recovery_progress,0.64000000,40.00000000,0,0.98200000,0.32315988
experiment_05,image_003,calibration,not_applicable,low_band_first,synthetic_recovery_progress,0.65000000,40.00000000,0,0.98250000,0.35170861
experiment_05,image_003,calibration,not_applicable,low_band_first,synthetic_recovery_progress,0.66000000,40.00000000,0,0.98300000,0.38073704
experiment_05,image_003,calibration,not_applicable,low_band_first,synthetic_recovery_progress,0.67000000,40.00000000,0,0.98350000,0.41014918
experiment_05,image_003,calibration,not_applicable,low_band_first,synthetic_recovery_progress,0.68000000,40.00000000,0,0.98400000,0.43984902
experiment_05,image_003,calibration,not_applicable,low_band_first,synthetic_recovery_progress,0.69000000,40.00000000,0,0.98450000,0.46974056
experiment_05,image_003,calibration,not_applicable,low_band_first,synthetic_recovery_progress,0.70000000,40.00000000,0,0.98500000,0.49972780
experiment_05,image_003,calibration,not_applicable,low_band_first,synthetic_recovery_progress,0.71000000,40.00000000,0,0.98550000,0.52971472
experiment_05,image_003,calibration,not_applicable,low_band_first,synthetic_recovery_progress,0.72000000,40.00000000,0,0.98600000,0.55960530
experiment_05,image_003,calibration,not_applicable,low_band_first,synthetic_recovery_progress,0.73000000,40.00000000,0,0.98650000,0.58930352
experiment_05,image_003,calibration,not_applicable,low_band_first,synthetic_recovery_progress,0.74000000,40.00000000,0,0.98700000,0.61871335
experiment_05,image_003,calibration,not_applicable,low_band_first,synthetic_recovery_progress,0.75000000,40.00000000,0,0.98750000,0.64773876
experiment_05,image_003,calibration,not_applicable,low_band_first,synthetic_recovery_progress,0.76000000,40.00000000,0,0.98800000,0.67628369
experiment_05,image_003,calibration,not_applicable,low_band_first,synthetic_recovery_progress,0.77000000,40.00000000,0,0.98850000,0.70425209
experiment_05,image_003,calibration,not_applicable,low_band_first,synthetic_recovery_progress,0.78000000,40.00000000,0,0.98900000,0.73154787
experiment_05,image_003,calibration,not_applicable,low_band_first,synthetic_recovery_progress,0.79000000,40.00000000,0,0.98950000,0.75807494
experiment_05,image_003,calibration,not_applicable,low_band_first,synthetic_recovery_progress,0.80000000,40.00000000,0,0.99000000,0.78373716
experiment_05,image_003,calibration,not_applicable,low_band_first,synthetic_recovery_progress,0.81000000,40.00000000,0,0.99050000,0.80843835
experiment_05,image_003,calibration,not_applicable,low_band_first,synthetic_recovery_progress,0.82000000,40.00000000,0,0.99100000,0.83208227
experiment_05,image_003,calibration,not_applicable,low_band_first,synthetic_recovery_progress,0.83000000,40.00000000,0,0.99150000,0.85457260
experiment_05,image_003,calibration,not_applicable,low_band_first,synthetic_recovery_progress,0.84000000,40.00000000,0,0.99200000,0.87581285
experiment_05,image_003,calibration,not_applicable,low_band_first,synthetic_recovery_progress,0.85000000,40.00000000,0,0.99250000,0.89570634
experiment_05,image_003,calibration,not_applicable,low_band_first,synthetic_recovery_progress,0.86000000,40.00000000,0,0.99300000,0.91415606
experiment_05,image_003,calibration,not_applicable,low_band_first,synthetic_recovery_progress,0.87000000,40.00000000,0,0.99350000,0.93106439
experiment_05,image_003,calibration,not_applicable,low_band_first,synthetic_recovery_progress,0.88000000,40.00000000,0,0.99400000,0.94633264
experiment_05,image_003,calibration,not_applicable,low_band_first,synthetic_recovery_progress,0.89000000,40.00000000,0,0.99450000,0.95986008
experiment_05,image_003,calibration,not_applicable,low_band_first,synthetic_recovery_progress,0.90000000,40.00000000,0,0.99500000,0.97154157
experiment_05,image_003,calibration,not_applicable,low_band_first,synthetic_recovery_progress,0.91000000,40.00000000,0,0.99550000,0.98126147
experiment_05,image_003,calibration,not_applicable,low_band_first,synthetic_recovery_progress,0.92000000,40.00000000,0,0.99600000,0.98887540
experiment_05,image_003,calibration,not_applicable,low_band_first,synthetic_recovery_progress,0.93000000,40.00000000,0,0.99650000,0.99415358
experiment_05,image_003,calibration,not_applicable,low_band_first,synthetic_recovery_progress,0.94000000,40.00000000,0,0.99700000,0.99677134
experiment_05,image_003,calibration,not_applicable,low_band_first,synthetic_recovery_progress,0.95000000,40.00000000,0,0.99750000,0.99750000
experiment_05,image_003,calibration,not_applicable,low_band_first,synthetic_recovery_progress,0.96000000,40.00000000,0,0.99800000,0.99800000
experiment_05,image_003,calibration,not_applicable,low_band_first,synthetic_recovery_progress,0.97000000,40.00000000,0,0.99850000,0.99850000
experiment_05,image_003,calibration,not_applicable,low_band_first,synthetic_recovery_progress,0.98000000,40.00000000,0,0.99900000,0.99900000
experiment_05,image_003,calibration,not_applicable,low_band_first,synthetic_recovery_progress,0.99000000,40.00000000,0,0.99950000,0.99950000
experiment_05,image_003,calibration,not_applicable,low_band_first,synthetic_recovery_progress,1.00000000,40.00000000,0,1.00000000,1.00000000
experiment_05,image_003,calibration,not_applicable,high_band_first,synthetic_recovery_progress,0.00000000,40.00000000,0,0.00000000,0.00000000
experiment_05,image_003,calibration,not_applicable,high_band_first,synthetic_recovery_progress,0.01000000,40.00000000,0,0.00000000,0.00000000
experiment_05,image_003,calibration,not_applicable,high_band_first,synthetic_recovery_progress,0.02000000,40.00000000,0,0.00000000,0.00000000
experiment_05,image_003,calibration,not_applicable,high_band_first,synthetic_recovery_progress,0.03000000,40.00000000,0,0.00000000,0.00000000
experiment_05,image_003,calibration,not_applicable,high_band_first,synthetic_recovery_progress,0.04000000,40.00000000,0,0.00000000,0.00000000
experiment_05,image_003,calibration,not_applicable,high_band_first,synthetic_recovery_progress,0.05000000,40.00000000,0,0.00000000,0.00000000
experiment_05,image_003,calibration,not_applicable,high_band_first,synthetic_recovery_progress,0.06000000,40.00000000,0,0.00000000,0.00000000
experiment_05,image_003,calibration,not_applicable,high_band_first,synthetic_recovery_progress,0.07000000,40.00000000,0,0.00000000,0.00344001
experiment_05,image_003,calibration,not_applicable,high_band_first,synthetic_recovery_progress,0.08000000,40.00000000,0,0.00000000,0.00915468
experiment_05,image_003,calibration,not_applicable,high_band_first,synthetic_recovery_progress,0.09000000,40.00000000,0,0.00000000,0.01697904
experiment_05,image_003,calibration,not_applicable,high_band_first,synthetic_recovery_progress,0.10000000,40.00000000,0,0.00000000,0.02681723
experiment_05,image_003,calibration,not_applicable,high_band_first,synthetic_recovery_progress,0.11000000,40.00000000,0,0.00000000,0.03857336
experiment_05,image_003,calibration,not_applicable,high_band_first,synthetic_recovery_progress,0.12000000,40.00000000,0,0.00000000,0.05215153
experiment_05,image_003,calibration,not_applicable,high_band_first,synthetic_recovery_progress,0.13000000,40.00000000,0,0.00000000,0.06745580
experiment_05,image_003,calibration,not_applicable,high_band_first,synthetic_recovery_progress,0.14000000,40.00000000,0,0.00000000,0.08439022
experiment_05,image_003,calibration,not_applicable,high_band_first,synthetic_recovery_progress,0.15000000,40.00000000,0,0.00000000,0.10285883
experiment_05,image_003,calibration,not_applicable,high_band_first,synthetic_recovery_progress,0.16000000,40.00000000,0,0.00000000,0.12276563
experiment_05,image_003,calibration,not_applicable,high_band_first,synthetic_recovery_progress,0.17000000,40.00000000,0,0.00000000,0.14401462
experiment_05,image_003,calibration,not_applicable,high_band_first,synthetic_recovery_progress,0.18000000,40.00000000,0,0.00000000,0.16650977
experiment_05,image_003,calibration,not_applicable,high_band_first,synthetic_recovery_progress,0.19000000,40.00000000,0,0.00000000,0.19015504
experiment_05,image_003,calibration,not_applicable,high_band_first,synthetic_recovery_progress,0.20000000,40.00000000,0,0.00000000,0.21485436
experiment_05,image_003,calibration,not_applicable,high_band_first,synthetic_recovery_progress,0.21000000,40.00000000,0,0.00000000,0.24051165
experiment_05,image_003,calibration,not_applicable,high_band_first,synthetic_recovery_progress,0.22000000,40.00000000,0,0.00000000,0.26703080
experiment_05,image_003,calibration,not_applicable,high_band_first,synthetic_recovery_progress,0.23000000,40.00000000,0,0.00000000,0.29431567
experiment_05,image_003,calibration,not_applicable,high_band_first,synthetic_recovery_progress,0.24000000,40.00000000,0,0.00000000,0.32227009
experiment_05,image_003,calibration,not_applicable,high_band_first,synthetic_recovery_progress,0.25000000,40.00000000,0,0.00000000,0.35079786
experiment_05,image_003,calibration,not_applicable,high_band_first,synthetic_recovery_progress,0.26000000,40.00000000,0,0.00000000,0.37980274
experiment_05,image_003,calibration,not_applicable,high_band_first,synthetic_recovery_progress,0.27000000,40.00000000,0,0.00000000,0.40918842
experiment_05,image_003,calibration,not_applicable,high_band_first,synthetic_recovery_progress,0.28000000,40.00000000,0,0.00000000,0.43885857
experiment_05,image_003,calibration,not_applicable,high_band_first,synthetic_recovery_progress,0.29000000,40.00000000,0,0.00000000,0.46871676
experiment_05,image_003,calibration,not_applicable,high_band_first,synthetic_recovery_progress,0.30000000,40.00000000,0,0.00000000,0.49866647
experiment_05,image_003,calibration,not_applicable,high_band_first,synthetic_recovery_progress,0.31000000,40.00000000,0,0.00000000,0.52861109
experiment_05,image_003,calibration,not_applicable,high_band_first,synthetic_recovery_progress,0.32000000,40.00000000,0,0.00000000,0.55845387
experiment_05,image_003,calibration,not_applicable,high_band_first,synthetic_recovery_progress,0.33000000,40.00000000,0,0.00000000,0.58809790
experiment_05,image_003,calibration,not_applicable,high_band_first,synthetic_recovery_progress,0.34000000,40.00000000,0,0.00000000,0.61744602
experiment_05,image_003,calibration,not_applicable,high_band_first,synthetic_recovery_progress,0.35000000,40.00000000,0,0.00000000,0.64640085
experiment_05,image_003,calibration,not_applicable,high_band_first,synthetic_recovery_progress,0.36000000,40.00000000,0,0.00000000,0.67486460
experiment_05,image_003,calibration,not_applicable,high_band_first,synthetic_recovery_progress,0.37000000,40.00000000,0,0.00000000,0.70273904
experiment_05,image_003,calibration,not_applicable,high_band_first,synthetic_recovery_progress,0.38000000,40.00000000,0,0.00000000,0.72992528
experiment_05,image_003,calibration,not_applicable,high_band_first,synthetic_recovery_progress,0.39000000,40.00000000,0,0.00000000,0.75632358
experiment_05,image_003,calibration,not_applicable,high_band_first,synthetic_recovery_progress,0.40000000,40.00000000,0,0.00000000,0.78183299
experiment_05,image_003,calibration,not_applicable,high_band_first,synthetic_recovery_progress,0.41000000,40.00000000,0,0.00000000,0.80635088
experiment_05,image_003,calibration,not_applicable,high_band_first,synthetic_recovery_progress,0.42000000,40.00000000,0,0.00000000,0.82977222
experiment_05,image_003,calibration,not_applicable,high_band_first,synthetic_recovery_progress,0.43000000,40.00000000,0,0.00000000,0.85198842
experiment_05,image_003,calibration,not_applicable,high_band_first,synthetic_recovery_progress,0.44000000,40.00000000,0,0.00000000,0.87288561
experiment_05,image_003,calibration,not_applicable,high_band_first,synthetic_recovery_progress,0.45000000,40.00000000,0,0.00000000,0.89234185
experiment_05,image_003,calibration,not_applicable,high_band_first,synthetic_recovery_progress,0.46000000,40.00000000,0,0.00058287,0.91022269
experiment_05,image_003,calibration,not_applicable,high_band_first,synthetic_recovery_progress,0.47000000,40.00000000,0,0.00408740,0.92637414
experiment_05,image_003,calibration,not_applicable,high_band_first,synthetic_recovery_progress,0.48000000,40.00000000,0,0.00979900,0.94061224
experiment_05,image_003,calibration,not_applicable,high_band_first,synthetic_recovery_progress,0.49000000,40.00000000,0,0.01762177,0.95271127
experiment_05,image_003,calibration,not_applicable,high_band_first,synthetic_recovery_progress,0.50000000,40.00000000,0,0.02745978,0.96240462
experiment_05,image_003,calibration,not_applicable,high_band_first,synthetic_recovery_progress,0.51000000,40.00000000,0,0.03921711,0.96944801
experiment_05,image_003,calibration,not_applicable,high_band_first,synthetic_recovery_progress,0.52000000,40.00000000,0,0.05279781,0.97382627
experiment_05,image_003,calibration,not_applicable,high_band_first,synthetic_recovery_progress,0.53000000,40.00000000,0,0.06810594,0.97602565
experiment_05,image_003,calibration,not_applicable,high_band_first,synthetic_recovery_progress,0.54000000,40.00000000,0,0.08504553,0.97696582
experiment_05,image_003,calibration,not_applicable,high_band_first,synthetic_recovery_progress,0.55000000,40.00000000,0,0.10352064,0.97750000
experiment_05,image_003,calibration,not_applicable,high_band_first,synthetic_recovery_progress,0.56000000,40.00000000,0,0.12343530,0.97800000
experiment_05,image_003,calibration,not_applicable,high_band_first,synthetic_recovery_progress,0.57000000,40.00000000,0,0.14469353,0.97850000
experiment_05,image_003,calibration,not_applicable,high_band_first,synthetic_recovery_progress,0.58000000,40.00000000,0,0.16719936,0.97900000
experiment_05,image_003,calibration,not_applicable,high_band_first,synthetic_recovery_progress,0.59000000,40.00000000,0,0.19085682,0.97950000
experiment_05,image_003,calibration,not_applicable,high_band_first,synthetic_recovery_progress,0.60000000,40.00000000,0,0.21556992,0.98000000
experiment_05,image_003,calibration,not_applicable,high_band_first,synthetic_recovery_progress,0.61000000,40.00000000,0,0.24124269,0.98050000
experiment_05,image_003,calibration,not_applicable,high_band_first,synthetic_recovery_progress,0.62000000,40.00000000,0,0.26777913,0.98100000
experiment_05,image_003,calibration,not_applicable,high_band_first,synthetic_recovery_progress,0.63000000,40.00000000,0,0.29508326,0.98150000
experiment_05,image_003,calibration,not_applicable,high_band_first,synthetic_recovery_progress,0.64000000,40.00000000,0,0.32305908,0.98200000
experiment_05,image_003,calibration,not_applicable,high_band_first,synthetic_recovery_progress,0.65000000,40.00000000,0,0.35161061,0.98250000
experiment_05,image_003,calibration,not_applicable,high_band_first,synthetic_recovery_progress,0.66000000,40.00000000,0,0.38064184,0.98300000
experiment_05,image_003,calibration,not_applicable,high_band_first,synthetic_recovery_progress,0.67000000,40.00000000,0,0.41005678,0.98350000
experiment_05,image_003,calibration,not_applicable,high_band_first,synthetic_recovery_progress,0.68000000,40.00000000,0,0.43975942,0.98400000
experiment_05,image_003,calibration,not_applicable,high_band_first,synthetic_recovery_progress,0.69000000,40.00000000,0,0.46965377,0.98450000
experiment_05,image_003,calibration,not_applicable,high_band_first,synthetic_recovery_progress,0.70000000,40.00000000,0,0.49964381,0.98500000
experiment_05,image_003,calibration,not_applicable,high_band_first,synthetic_recovery_progress,0.71000000,40.00000000,0,0.52963353,0.98550000
experiment_05,image_003,calibration,not_applicable,high_band_first,synthetic_recovery_progress,0.72000000,40.00000000,0,0.55952691,0.98600000
experiment_05,image_003,calibration,not_applicable,high_band_first,synthetic_recovery_progress,0.73000000,40.00000000,0,0.58922793,0.98650000
experiment_05,image_003,calibration,not_applicable,high_band_first,synthetic_recovery_progress,0.74000000,40.00000000,0,0.61864057,0.98700000
experiment_05,image_003,calibration,not_applicable,high_band_first,synthetic_recovery_progress,0.75000000,40.00000000,0,0.64766878,0.98750000
experiment_05,image_003,calibration,not_applicable,high_band_first,synthetic_recovery_progress,0.76000000,40.00000000,0,0.67621651,0.98800000
experiment_05,image_003,calibration,not_applicable,high_band_first,synthetic_recovery_progress,0.77000000,40.00000000,0,0.70418772,0.98850000
experiment_05,image_003,calibration,not_applicable,high_band_first,synthetic_recovery_progress,0.78000000,40.00000000,0,0.73148631,0.98900000
experiment_05,image_003,calibration,not_applicable,high_band_first,synthetic_recovery_progress,0.79000000,40.00000000,0,0.75801618,0.98950000
experiment_05,image_003,calibration,not_applicable,high_band_first,synthetic_recovery_progress,0.80000000,40.00000000,0,0.78368121,0.99000000
experiment_05,image_003,calibration,not_applicable,high_band_first,synthetic_recovery_progress,0.81000000,40.00000000,0,0.80838521,0.99050000
experiment_05,image_003,calibration,not_applicable,high_band_first,synthetic_recovery_progress,0.82000000,40.00000000,0,0.83203194,0.99100000
experiment_05,image_003,calibration,not_applicable,high_band_first,synthetic_recovery_progress,0.83000000,40.00000000,0,0.85452507,0.99150000
experiment_05,image_003,calibration,not_applicable,high_band_first,synthetic_recovery_progress,0.84000000,40.00000000,0,0.87576813,0.99200000
experiment_05,image_003,calibration,not_applicable,high_band_first,synthetic_recovery_progress,0.85000000,40.00000000,0,0.89566445,0.99250000
experiment_05,image_003,calibration,not_applicable,high_band_first,synthetic_recovery_progress,0.86000000,40.00000000,0,0.91411699,0.99300000
experiment_05,image_003,calibration,not_applicable,high_band_first,synthetic_recovery_progress,0.87000000,40.00000000,0,0.93102815,0.99350000
experiment_05,image_003,calibration,not_applicable,high_band_first,synthetic_recovery_progress,0.88000000,40.00000000,0,0.94629925,0.99400000
experiment_05,image_003,calibration,not_applicable,high_band_first,synthetic_recovery_progress,0.89000000,40.00000000,0,0.95982958,0.99450000
experiment_05,image_003,calibration,not_applicable,high_band_first,synthetic_recovery_progress,0.90000000,40.00000000,0,0.97151402,0.99500000
experiment_05,image_003,calibration,not_applicable,high_band_first,synthetic_recovery_progress,0.91000000,40.00000000,0,0.98123703,0.99550000
experiment_05,image_003,calibration,not_applicable,high_band_first,synthetic_recovery_progress,0.92000000,40.00000000,0,0.98885453,0.99600000
experiment_05,image_003,calibration,not_applicable,high_band_first,synthetic_recovery_progress,0.93000000,40.00000000,0,0.99413793,0.99650000
experiment_05,image_003,calibration,not_applicable,high_band_first,synthetic_recovery_progress,0.94000000,40.00000000,0,0.99676518,0.99700000
experiment_05,image_003,calibration,not_applicable,high_band_first,synthetic_recovery_progress,0.95000000,40.00000000,0,0.99750000,0.99750000
experiment_05,image_003,calibration,not_applicable,high_band_first,synthetic_recovery_progress,0.96000000,40.00000000,0,0.99800000,0.99800000
experiment_05,image_003,calibration,not_applicable,high_band_first,synthetic_recovery_progress,0.97000000,40.00000000,0,0.99850000,0.99850000
experiment_05,image_003,calibration,not_applicable,high_band_first,synthetic_recovery_progress,0.98000000,40.00000000,0,0.99900000,0.99900000
experiment_05,image_003,calibration,not_applicable,high_band_first,synthetic_recovery_progress,0.99000000,40.00000000,0,0.99950000,0.99950000
experiment_05,image_003,calibration,not_applicable,high_band_first,synthetic_recovery_progress,1.00000000,40.00000000,0,1.00000000,1.00000000
experiment_05,image_003,calibration,not_applicable,together,synthetic_recovery_progress,0.00000000,40.00000000,0,0.00000000,0.00000000
experiment_05,image_003,calibration,not_applicable,together,synthetic_recovery_progress,0.01000000,40.00000000,0,0.00000000,0.00000000
experiment_05,image_003,calibration,not_applicable,together,synthetic_recovery_progress,0.02000000,40.00000000,0,0.00000000,0.00000000
experiment_05,image_003,calibration,not_applicable,together,synthetic_recovery_progress,0.03000000,40.00000000,0,0.00000000,0.00000000
experiment_05,image_003,calibration,not_applicable,together,synthetic_recovery_progress,0.04000000,40.00000000,0,0.00000000,0.00000000
experiment_05,image_003,calibration,not_applicable,together,synthetic_recovery_progress,0.05000000,40.00000000,0,0.00000000,0.00000000
experiment_05,image_003,calibration,not_applicable,together,synthetic_recovery_progress,0.06000000,40.00000000,0,0.00000000,0.00000000
experiment_05,image_003,calibration,not_applicable,together,synthetic_recovery_progress,0.07000000,40.00000000,0,0.00000000,0.00000000
experiment_05,image_003,calibration,not_applicable,together,synthetic_recovery_progress,0.08000000,40.00000000,0,0.00000000,0.00000000
experiment_05,image_003,calibration,not_applicable,together,synthetic_recovery_progress,0.09000000,40.00000000,0,0.00000000,0.00000000
experiment_05,image_003,calibration,not_applicable,together,synthetic_recovery_progress,0.10000000,40.00000000,0,0.00000000,0.00000000
experiment_05,image_003,calibration,not_applicable,together,synthetic_recovery_progress,0.11000000,40.00000000,0,0.00000000,0.00000000
experiment_05,image_003,calibration,not_applicable,together,synthetic_recovery_progress,0.12000000,40.00000000,0,0.00048968,0.00073590
experiment_05,image_003,calibration,not_applicable,together,synthetic_recovery_progress,0.13000000,40.00000000,0,0.00278331,0.00302674
experiment_05,image_003,calibration,not_applicable,together,synthetic_recovery_progress,0.14000000,40.00000000,0,0.00594316,0.00618380
experiment_05,image_003,calibration,not_applicable,together,synthetic_recovery_progress,0.15000000,40.00000000,0,0.00994585,0.01018369
experiment_05,image_003,calibration,not_applicable,together,synthetic_recovery_progress,0.16000000,40.00000000,0,0.01476800,0.01500305
experiment_05,image_003,calibration,not_applicable,together,synthetic_recovery_progress,0.17000000,40.00000000,0,0.02038622,0.02061847
experiment_05,image_003,calibration,not_applicable,together,synthetic_recovery_progress,0.18000000,40.00000000,0,0.02677712,0.02700658
experiment_05,image_003,calibration,not_applicable,together,synthetic_recovery_progress,0.19000000,40.00000000,0,0.03391730,0.03414397
experiment_05,image_003,calibration,not_applicable,together,synthetic_recovery_progress,0.20000000,40.00000000,0,0.04178338,0.04200725
experiment_05,image_003,calibration,not_applicable,together,synthetic_recovery_progress,0.21000000,40.00000000,0,0.05035194,0.05057301
experiment_05,image_003,calibration,not_applicable,together,synthetic_recovery_progress,0.22000000,40.00000000,0,0.05959958,0.05981786
experiment_05,image_003,calibration,not_applicable,together,synthetic_recovery_progress,0.23000000,40.00000000,0,0.06950290,0.06971838
experiment_05,image_003,calibration,not_applicable,together,synthetic_recovery_progress,0.24000000,40.00000000,0,0.08003848,0.08025116
experiment_05,image_003,calibration,not_applicable,together,synthetic_recovery_progress,0.25000000,40.00000000,0,0.09118292,0.09139280
experiment_05,image_003,calibration,not_applicable,together,synthetic_recovery_progress,0.26000000,40.00000000,0,0.10291279,0.10311987
experiment_05,image_003,calibration,not_applicable,together,synthetic_recovery_progress,0.27000000,40.00000000,0,0.11520468,0.11540896
experiment_05,image_003,calibration,not_applicable,together,synthetic_recovery_progress,0.28000000,40.00000000,0,0.12803517,0.12823666
experiment_05,image_003,calibration,not_applicable,together,synthetic_recovery_progress,0.29000000,40.00000000,0,0.14138085,0.14157954
experiment_05,image_003,calibration,not_applicable,together,synthetic_recovery_progress,0.30000000,40.00000000,0,0.15521829,0.15541418
experiment_05,image_003,calibration,not_applicable,together,synthetic_recovery_progress,0.31000000,40.00000000,0,0.16952407,0.16971716
experiment_05,image_003,calibration,not_applicable,together,synthetic_recovery_progress,0.32000000,40.00000000,0,0.18427477,0.18446506
experiment_05,image_003,calibration,not_applicable,together,synthetic_recovery_progress,0.33000000,40.00000000,0,0.19944695,0.19963444
experiment_05,image_003,calibration,not_applicable,together,synthetic_recovery_progress,0.34000000,40.00000000,0,0.21501720,0.21520189
experiment_05,image_003,calibration,not_applicable,together,synthetic_recovery_progress,0.35000000,40.00000000,0,0.23096208,0.23114397
experiment_05,image_003,calibration,not_applicable,together,synthetic_recovery_progress,0.36000000,40.00000000,0,0.24725817,0.24743725
experiment_05,image_003,calibration,not_applicable,together,synthetic_recovery_progress,0.37000000,40.00000000,0,0.26388203,0.26405832
experiment_05,image_003,calibration,not_applicable,together,synthetic_recovery_progress,0.38000000,40.00000000,0,0.28081023,0.28098372
experiment_05,image_003,calibration,not_applicable,together,synthetic_recovery_progress,0.39000000,40.00000000,0,0.29801935,0.29819004
experiment_05,image_003,calibration,not_applicable,together,synthetic_recovery_progress,0.40000000,40.00000000,0,0.31548594,0.31565383
experiment_05,image_003,calibration,not_applicable,together,synthetic_recovery_progress,0.41000000,40.00000000,0,0.33318658,0.33335166
experiment_05,image_003,calibration,not_applicable,together,synthetic_recovery_progress,0.42000000,40.00000000,0,0.35109782,0.35126010
experiment_05,image_003,calibration,not_applicable,together,synthetic_recovery_progress,0.43000000,40.00000000,0,0.36919624,0.36935571
experiment_05,image_003,calibration,not_applicable,together,synthetic_recovery_progress,0.44000000,40.00000000,0,0.38745838,0.38761505
experiment_05,image_003,calibration,not_applicable,together,synthetic_recovery_progress,0.45000000,40.00000000,0,0.40586081,0.40601469
experiment_05,image_003,calibration,not_applicable,together,synthetic_recovery_progress,0.46000000,40.00000000,0,0.42438009,0.42453117
experiment_05,image_003,calibration,not_applicable,together,synthetic_recovery_progress,0.47000000,40.00000000,0,0.44299278,0.44314105
experiment_05,image_003,calibration,not_applicable,together,synthetic_recovery_progress,0.48000000,40.00000000,0,0.46167544,0.46182090
experiment_05,image_003,calibration,not_applicable,together,synthetic_recovery_progress,0.49000000,40.00000000,0,0.48040461,0.48054727
experiment_05,image_003,calibration,not_applicable,together,synthetic_recovery_progress,0.50000000,40.00000000,0,0.49915684,0.49929670
experiment_05,image_003,calibration,not_applicable,together,synthetic_recovery_progress,0.51000000,40.00000000,0,0.51790870,0.51804576
experiment_05,image_003,calibration,not_applicable,together,synthetic_recovery_progress,0.52000000,40.00000000,0,0.53663673,0.53677098
experiment_05,image_003,calibration,not_applicable,together,synthetic_recovery_progress,0.53000000,40.00000000,0,0.55531746,0.55544891
experiment_05,image_003,calibration,not_applicable,together,synthetic_recovery_progress,0.54000000,40.00000000,0,0.57392745,0.57405609
experiment_05,image_003,calibration,not_applicable,together,synthetic_recovery_progress,0.55000000,40.00000000,0,0.59244323,0.59256907
experiment_05,image_003,calibration,not_applicable,together,synthetic_recovery_progress,0.56000000,40.00000000,0,0.61084134,0.61096437
experiment_05,image_003,calibration,not_applicable,together,synthetic_recovery_progress,0.57000000,40.00000000,0,0.62909831,0.62921853
experiment_05,image_003,calibration,not_applicable,together,synthetic_recovery_progress,0.58000000,40.00000000,0,0.64719066,0.64730807
experiment_05,image_003,calibration,not_applicable,together,synthetic_recovery_progress,0.59000000,40.00000000,0,0.66509492,0.66520952
experiment_05,image_003,calibration,not_applicable,together,synthetic_recovery_progress,0.60000000,40.00000000,0,0.68278759,0.68289938
experiment_05,image_003,calibration,not_applicable,together,synthetic_recovery_progress,0.61000000,40.00000000,0,0.70024517,0.70035416
experiment_05,image_003,calibration,not_applicable,together,synthetic_recovery_progress,0.62000000,40.00000000,0,0.71744418,0.71755035
experiment_05,image_003,calibration,not_applicable,together,synthetic_recovery_progress,0.63000000,40.00000000,0,0.73436107,0.73446443
experiment_05,image_003,calibration,not_applicable,together,synthetic_recovery_progress,0.64000000,40.00000000,0,0.75097233,0.75107288
experiment_05,image_003,calibration,not_applicable,together,synthetic_recovery_progress,0.65000000,40.00000000,0,0.76725441,0.76735214
experiment_05,image_003,calibration,not_applicable,together,synthetic_recovery_progress,0.66000000,40.00000000,0,0.78318373,0.78327864
experiment_05,image_003,calibration,not_applicable,together,synthetic_recovery_progress,0.67000000,40.00000000,0,0.79873670,0.79882879
experiment_05,image_003,calibration,not_applicable,together,synthetic_recovery_progress,0.68000000,40.00000000,0,0.81388969,0.81397896
experiment_05,image_003,calibration,not_applicable,together,synthetic_recovery_progress,0.69000000,40.00000000,0,0.82861903,0.82870547
experiment_05,image_003,calibration,not_applicable,together,synthetic_recovery_progress,0.70000000,40.00000000,0,0.84290099,0.84298460
experiment_05,image_003,calibration,not_applicable,together,synthetic_recovery_progress,0.71000000,40.00000000,0,0.85671178,0.85679256
experiment_05,image_003,calibration,not_applicable,together,synthetic_recovery_progress,0.72000000,40.00000000,0,0.87002754,0.87010547
experiment_05,image_003,calibration,not_applicable,together,synthetic_recovery_progress,0.73000000,40.00000000,0,0.88282425,0.88289934
experiment_05,image_003,calibration,not_applicable,together,synthetic_recovery_progress,0.74000000,40.00000000,0,0.89507778,0.89515000
experiment_05,image_003,calibration,not_applicable,together,synthetic_recovery_progress,0.75000000,40.00000000,0,0.90676375,0.90683310
experiment_05,image_003,calibration,not_applicable,together,synthetic_recovery_progress,0.76000000,40.00000000,0,0.91785751,0.91792396
experiment_05,image_003,calibration,not_applicable,together,synthetic_recovery_progress,0.77000000,40.00000000,0,0.92833397,0.92839751
experiment_05,image_003,calibration,not_applicable,together,synthetic_recovery_progress,0.78000000,40.00000000,0,0.93816746,0.93822804
experiment_05,image_003,calibration,not_applicable,together,synthetic_recovery_progress,0.79000000,40.00000000,0,0.94733138,0.94738896
experiment_05,image_003,calibration,not_applicable,together,synthetic_recovery_progress,0.80000000,40.00000000,0,0.95579777,0.95585227
experiment_05,image_003,calibration,not_applicable,together,synthetic_recovery_progress,0.81000000,40.00000000,0,0.96353655,0.96358785
experiment_05,image_003,calibration,not_applicable,together,synthetic_recovery_progress,0.82000000,40.00000000,0,0.97051420,0.97056213
experiment_05,image_003,calibration,not_applicable,together,synthetic_recovery_progress,0.83000000,40.00000000,0,0.97669166,0.97673590
experiment_05,image_003,calibration,not_applicable,together,synthetic_recovery_progress,0.84000000,40.00000000,0,0.98202094,0.98206095
experiment_05,image_003,calibration,not_applicable,together,synthetic_recovery_progress,0.85000000,40.00000000,0,0.98644094,0.98647579
experiment_05,image_003,calibration,not_applicable,together,synthetic_recovery_progress,0.86000000,40.00000000,0,0.98987819,0.98990632
experiment_05,image_003,calibration,not_applicable,together,synthetic_recovery_progress,0.87000000,40.00000000,0,0.99227749,0.99229691
experiment_05,image_003,calibration,not_applicable,together,synthetic_recovery_progress,0.88000000,40.00000000,0,0.99370769,0.99371755
experiment_05,image_003,calibration,not_applicable,together,synthetic_recovery_progress,0.89000000,40.00000000,0,0.99447634,0.99447893
experiment_05,image_003,calibration,not_applicable,together,synthetic_recovery_progress,0.90000000,40.00000000,0,0.99500000,0.99500000
experiment_05,image_003,calibration,not_applicable,together,synthetic_recovery_progress,0.91000000,40.00000000,0,0.99550000,0.99550000
experiment_05,image_003,calibration,not_applicable,together,synthetic_recovery_progress,0.92000000,40.00000000,0,0.99600000,0.99600000
experiment_05,image_003,calibration,not_applicable,together,synthetic_recovery_progress,0.93000000,40.00000000,0,0.99650000,0.99650000
experiment_05,image_003,calibration,not_applicable,together,synthetic_recovery_progress,0.94000000,40.00000000,0,0.99700000,0.99700000
experiment_05,image_003,calibration,not_applicable,together,synthetic_recovery_progress,0.95000000,40.00000000,0,0.99750000,0.99750000
experiment_05,image_003,calibration,not_applicable,together,synthetic_recovery_progress,0.96000000,40.00000000,0,0.99800000,0.99800000
experiment_05,image_003,calibration,not_applicable,together,synthetic_recovery_progress,0.97000000,40.00000000,0,0.99850000,0.99850000
experiment_05,image_003,calibration,not_applicable,together,synthetic_recovery_progress,0.98000000,40.00000000,0,0.99900000,0.99900000
experiment_05,image_003,calibration,not_applicable,together,synthetic_recovery_progress,0.99000000,40.00000000,0,0.99950000,0.99950000
experiment_05,image_003,calibration,not_applicable,together,synthetic_recovery_progress,1.00000000,40.00000000,0,1.00000000,1.00000000
experiment_05,image_003,calibration,not_applicable,low_band_first,synthetic_recovery_progress,0.00000000,80.00000000,0,0.00000000,0.00000000
experiment_05,image_003,calibration,not_applicable,low_band_first,synthetic_recovery_progress,0.01000000,80.00000000,0,0.00000000,0.00000000
experiment_05,image_003,calibration,not_applicable,low_band_first,synthetic_recovery_progress,0.02000000,80.00000000,0,0.00000000,0.00000000
experiment_05,image_003,calibration,not_applicable,low_band_first,synthetic_recovery_progress,0.03000000,80.00000000,0,0.00000000,0.00000000
experiment_05,image_003,calibration,not_applicable,low_band_first,synthetic_recovery_progress,0.04000000,80.00000000,0,0.00000000,0.00000000
experiment_05,image_003,calibration,not_applicable,low_band_first,synthetic_recovery_progress,0.05000000,80.00000000,0,0.00000000,0.00000000
experiment_05,image_003,calibration,not_applicable,low_band_first,synthetic_recovery_progress,0.06000000,80.00000000,0,0.00000000,0.00000000
experiment_05,image_003,calibration,not_applicable,low_band_first,synthetic_recovery_progress,0.07000000,80.00000000,0,0.00311386,0.00000000
experiment_05,image_003,calibration,not_applicable,low_band_first,synthetic_recovery_progress,0.08000000,80.00000000,0,0.00873190,0.00000000
experiment_05,image_003,calibration,not_applicable,low_band_first,synthetic_recovery_progress,0.09000000,80.00000000,0,0.01642193,0.00000000
experiment_05,image_003,calibration,not_applicable,low_band_first,synthetic_recovery_progress,0.10000000,80.00000000,0,0.02608891,0.00000000
experiment_05,image_003,calibration,not_applicable,low_band_first,synthetic_recovery_progress,0.11000000,80.00000000,0,0.03763755,0.00000000
experiment_05,image_003,calibration,not_applicable,low_band_first,synthetic_recovery_progress,0.12000000,80.00000000,0,0.05097232,0.00000000
experiment_05,image_003,calibration,not_applicable,low_band_first,synthetic_recovery_progress,0.13000000,80.00000000,0,0.06599747,0.00000000
experiment_05,image_003,calibration,not_applicable,low_band_first,synthetic_recovery_progress,0.14000000,80.00000000,0,0.08261702,0.00000000
experiment_05,image_003,calibration,not_applicable,low_band_first,synthetic_recovery_progress,0.15000000,80.00000000,0,0.10073474,0.00000000
experiment_05,image_003,calibration,not_applicable,low_band_first,synthetic_recovery_progress,0.16000000,80.00000000,0,0.12025415,0.00000000
experiment_05,image_003,calibration,not_applicable,low_band_first,synthetic_recovery_progress,0.17000000,80.00000000,0,0.14107847,0.00000000
experiment_05,image_003,calibration,not_applicable,low_band_first,synthetic_recovery_progress,0.18000000,80.00000000,0,0.16311064,0.00000000
experiment_05,image_003,calibration,not_applicable,low_band_first,synthetic_recovery_progress,0.19000000,80.00000000,0,0.18625323,0.00000000
experiment_05,image_003,calibration,not_applicable,low_band_first,synthetic_recovery_progress,0.20000000,80.00000000,0,0.21040844,0.00000000
experiment_05,image_003,calibration,not_applicable,low_band_first,synthetic_recovery_progress,0.21000000,80.00000000,0,0.23547801,0.00000000
experiment_05,image_003,calibration,not_applicable,low_band_first,synthetic_recovery_progress,0.22000000,80.00000000,0,0.26136319,0.00000000
experiment_05,image_003,calibration,not_applicable,low_band_first,synthetic_recovery_progress,0.23000000,80.00000000,0,0.28796463,0.00000000
experiment_05,image_003,calibration,not_applicable,low_band_first,synthetic_recovery_progress,0.24000000,80.00000000,0,0.31518229,0.00000000
experiment_05,image_003,calibration,not_applicable,low_band_first,synthetic_recovery_progress,0.25000000,80.00000000,0,0.34291532,0.00000000
experiment_05,image_003,calibration,not_applicable,low_band_first,synthetic_recovery_progress,0.26000000,80.00000000,0,0.37106194,0.00000000
experiment_05,image_003,calibration,not_applicable,low_band_first,synthetic_recovery_progress,0.27000000,80.00000000,0,0.39951922,0.00000000
experiment_05,image_003,calibration,not_applicable,low_band_first,synthetic_recovery_progress,0.28000000,80.00000000,0,0.42818288,0.00000000
experiment_05,image_003,calibration,not_applicable,low_band_first,synthetic_recovery_progress,0.29000000,80.00000000,0,0.45694706,0.00000000
experiment_05,image_003,calibration,not_applicable,low_band_first,synthetic_recovery_progress,0.30000000,80.00000000,0,0.48570393,0.00000000
experiment_05,image_003,calibration,not_applicable,low_band_first,synthetic_recovery_progress,0.31000000,80.00000000,0,0.51434336,0.00000000
experiment_05,image_003,calibration,not_applicable,low_band_first,synthetic_recovery_progress,0.32000000,80.00000000,0,0.54275243,0.00000000
experiment_05,image_003,calibration,not_applicable,low_band_first,synthetic_recovery_progress,0.33000000,80.00000000,0,0.57081480,0.00000000
experiment_05,image_003,calibration,not_applicable,low_band_first,synthetic_recovery_progress,0.34000000,80.00000000,0,0.59841007,0.00000000
experiment_05,image_003,calibration,not_applicable,low_band_first,synthetic_recovery_progress,0.35000000,80.00000000,0,0.62541296,0.00000000
experiment_05,image_003,calibration,not_applicable,low_band_first,synthetic_recovery_progress,0.36000000,80.00000000,0,0.65169233,0.00000000
experiment_05,image_003,calibration,not_applicable,low_band_first,synthetic_recovery_progress,0.37000000,80.00000000,0,0.67711022,0.00000000
experiment_05,image_003,calibration,not_applicable,low_band_first,synthetic_recovery_progress,0.38000000,80.00000000,0,0.70152081,0.00000000
experiment_05,image_003,calibration,not_applicable,low_band_first,synthetic_recovery_progress,0.39000000,80.00000000,0,0.72476963,0.00000000
experiment_05,image_003,calibration,not_applicable,low_band_first,synthetic_recovery_progress,0.40000000,80.00000000,0,0.74669338,0.00000000
experiment_05,image_003,calibration,not_applicable,low_band_first,synthetic_recovery_progress,0.41000000,80.00000000,0,0.76712094,0.00000000
experiment_05,image_003,calibration,not_applicable,low_band_first,synthetic_recovery_progress,0.42000000,80.00000000,0,0.78587663,0.00000000
experiment_05,image_003,calibration,not_applicable,low_band_first,synthetic_recovery_progress,0.43000000,80.00000000,0,0.80278723,0.00000000
experiment_05,image_003,calibration,not_applicable,low_band_first,synthetic_recovery_progress,0.44000000,80.00000000,0,0.81769416,0.00000000
experiment_05,image_003,calibration,not_applicable,low_band_first,synthetic_recovery_progress,0.45000000,80.00000000,0,0.83047206,0.00000000
experiment_05,image_003,calibration,not_applicable,low_band_first,synthetic_recovery_progress,0.46000000,80.00000000,0,0.84118177,0.00011817
experiment_05,image_003,calibration,not_applicable,low_band_first,synthetic_recovery_progress,0.47000000,80.00000000,0,0.84998787,0.00364450
experiment_05,image_003,calibration,not_applicable,low_band_first,synthetic_recovery_progress,0.48000000,80.00000000,0,0.85702509,0.00937564
experiment_05,image_003,calibration,not_applicable,low_band_first,synthetic_recovery_progress,0.49000000,80.00000000,0,0.86251307,0.01721590
experiment_05,image_003,calibration,not_applicable,low_band_first,synthetic_recovery_progress,0.50000000,80.00000000,0,0.86674043,0.02706957
experiment_05,image_003,calibration,not_applicable,low_band_first,synthetic_recovery_progress,0.51000000,80.00000000,0,0.87003633,0.03884087
experiment_05,image_003,calibration,not_applicable,low_band_first,synthetic_recovery_progress,0.52000000,80.00000000,0,0.87273573,0.05243401
experiment_05,image_003,calibration,not_applicable,low_band_first,synthetic_recovery_progress,0.53000000,80.00000000,0,0.87514510,0.06775318
experiment_05,image_003,calibration,not_applicable,low_band_first,synthetic_recovery_progress,0.54000000,80.00000000,0,0.87751220,0.08470252
experiment_05,image_003,calibration,not_applicable,low_band_first,synthetic_recovery_progress,0.55000000,80.00000000,0,0.87999937,0.10318618
experiment_05,image_003,calibration,not_applicable,low_band_first,synthetic_recovery_progress,0.56000000,80.00000000,0,0.88266513,0.12310827
experiment_05,image_003,calibration,not_applicable,low_band_first,synthetic_recovery_progress,0.57000000,80.00000000,0,0.88550461,0.14437290
experiment_05,image_003,calibration,not_applicable,low_band_first,synthetic_recovery_progress,0.58000000,80.00000000,0,0.88850537,0.16688417
experiment_05,image_003,calibration,not_applicable,low_band_first,synthetic_recovery_progress,0.59000000,80.00000000,0,0.89165495,0.19054614
experiment_05,image_003,calibration,not_applicable,low_band_first,synthetic_recovery_progress,0.60000000,80.00000000,0,0.89494086,0.21526288
experiment_05,image_003,calibration,not_applicable,low_band_first,synthetic_recovery_progress,0.61000000,80.00000000,0,0.89835060,0.24093846
experiment_05,image_003,calibration,not_applicable,low_band_first,synthetic_recovery_progress,0.62000000,80.00000000,0,0.90187166,0.26747693
experiment_05,image_003,calibration,not_applicable,low_band_first,synthetic_recovery_progress,0.63000000,80.00000000,0,0.90549147,0.29478231
experiment_05,image_003,calibration,not_applicable,low_band_first,synthetic_recovery_progress,0.64000000,80.00000000,0,0.90919749,0.32275865
experiment_05,image_003,calibration,not_applicable,low_band_first,synthetic_recovery_progress,0.65000000,80.00000000,0,0.91297714,0.35130996
experiment_05,image_003,calibration,not_applicable,low_band_first,synthetic_recovery_progress,0.66000000,80.00000000,0,0.91681782,0.38034026
experiment_05,image_003,calibration,not_applicable,low_band_first,synthetic_recovery_progress,0.67000000,80.00000000,0,0.92070693,0.40975356
experiment_05,image_003,calibration,not_applicable,low_band_first,synthetic_recovery_progress,0.68000000,80.00000000,0,0.92463182,0.43945383
experiment_05,image_003,calibration,not_applicable,low_band_first,synthetic_recovery_progress,0.69000000,80.00000000,0,0.92857985,0.46934508
experiment_05,image_003,calibration,not_applicable,low_band_first,synthetic_recovery_progress,0.70000000,80.00000000,0,0.93253835,0.49933127
experiment_05,image_003,calibration,not_applicable,low_band_first,synthetic_recovery_progress,0.71000000,80.00000000,0,0.93649461,0.52931636
experiment_05,image_003,calibration,not_applicable,low_band_first,synthetic_recovery_progress,0.72000000,80.00000000,0,0.94043592,0.55920429
experiment_05,image_003,calibration,not_applicable,low_band_first,synthetic_recovery_progress,0.73000000,80.00000000,0,0.94434952,0.58889899
experiment_05,image_003,calibration,not_applicable,low_band_first,synthetic_recovery_progress,0.74000000,80.00000000,0,0.94822261,0.61830435
experiment_05,image_003,calibration,not_applicable,low_band_first,synthetic_recovery_progress,0.75000000,80.00000000,0,0.95204235,0.64732426
experiment_05,image_003,calibration,not_applicable,low_band_first,synthetic_recovery_progress,0.76000000,80.00000000,0,0.95579583,0.67586254
experiment_05,image_003,calibration,not_applicable,low_band_first,synthetic_recovery_progress,0.77000000,80.00000000,0,0.95947010,0.70382299
experiment_05,image_003,calibration,not_applicable,low_band_first,synthetic_recovery_progress,0.78000000,80.00000000,0,0.96305210,0.73110933
experiment_05,image_003,calibration,not_applicable,low_band_first,synthetic_recovery_progress,0.79000000,80.00000000,0,0.96652866,0.75762523
experiment_05,image_003,calibration,not_applicable,low_band_first,synthetic_recovery_progress,0.80000000,80.00000000,0,0.96988648,0.78327422
experiment_05,image_003,calibration,not_applicable,low_band_first,synthetic_recovery_progress,0.81000000,80.00000000,0,0.97311208,0.80795970
experiment_05,image_003,calibration,not_applicable,low_band_first,synthetic_recovery_progress,0.82000000,80.00000000,0,0.97619172,0.83158486
experiment_05,image_003,calibration,not_applicable,low_band_first,synthetic_recovery_progress,0.83000000,80.00000000,0,0.97911141,0.85405257
experiment_05,image_003,calibration,not_applicable,low_band_first,synthetic_recovery_progress,0.84000000,80.00000000,0,0.98185674,0.87526527
experiment_05,image_003,calibration,not_applicable,low_band_first,synthetic_recovery_progress,0.85000000,80.00000000,0,0.98441283,0.89512467
experiment_05,image_003,calibration,not_applicable,low_band_first,synthetic_recovery_progress,0.86000000,80.00000000,0,0.98676428,0.91353138
experiment_05,image_003,calibration,not_applicable,low_band_first,synthetic_recovery_progress,0.87000000,80.00000000,0,0.98889515,0.93038411
experiment_05,image_003,calibration,not_applicable,low_band_first,synthetic_recovery_progress,0.88000000,80.00000000,0,0.99078933,0.94557823
experiment_05,image_003,calibration,not_applicable,low_band_first,synthetic_recovery_progress,0.89000000,80.00000000,0,0.99243168,0.95900292
experiment_05,image_003,calibration,not_applicable,low_band_first,synthetic_recovery_progress,0.90000000,80.00000000,0,0.99381094,0.97053489
experiment_05,image_003,calibration,not_applicable,low_band_first,synthetic_recovery_progress,0.91000000,80.00000000,0,0.99492589,0.98002472
experiment_05,image_003,calibration,not_applicable,low_band_first,synthetic_recovery_progress,0.92000000,80.00000000,0,0.99579516,0.98726965
experiment_05,image_003,calibration,not_applicable,low_band_first,synthetic_recovery_progress,0.93000000,80.00000000,0,0.99646632,0.99201103
experiment_05,image_003,calibration,not_applicable,low_band_first,synthetic_recovery_progress,0.94000000,80.00000000,0,0.99701354,0.99430999
experiment_05,image_003,calibration,not_applicable,low_band_first,synthetic_recovery_progress,0.95000000,80.00000000,0,0.99751477,0.99535835
experiment_05,image_003,calibration,not_applicable,low_band_first,synthetic_recovery_progress,0.96000000,80.00000000,0,0.99801182,0.99628668
experiment_05,image_003,calibration,not_applicable,low_band_first,synthetic_recovery_progress,0.97000000,80.00000000,0,0.99850886,0.99721501
experiment_05,image_003,calibration,not_applicable,low_band_first,synthetic_recovery_progress,0.98000000,80.00000000,0,0.99900591,0.99814334
experiment_05,image_003,calibration,not_applicable,low_band_first,synthetic_recovery_progress,0.99000000,80.00000000,0,0.99950295,0.99907167
experiment_05,image_003,calibration,not_applicable,low_band_first,synthetic_recovery_progress,1.00000000,80.00000000,0,1.00000000,1.00000000
experiment_05,image_003,calibration,not_applicable,high_band_first,synthetic_recovery_progress,0.00000000,80.00000000,0,0.00000000,0.00000000
experiment_05,image_003,calibration,not_applicable,high_band_first,synthetic_recovery_progress,0.01000000,80.00000000,0,0.00000000,0.00000000
experiment_05,image_003,calibration,not_applicable,high_band_first,synthetic_recovery_progress,0.02000000,80.00000000,0,0.00000000,0.00000000
experiment_05,image_003,calibration,not_applicable,high_band_first,synthetic_recovery_progress,0.03000000,80.00000000,0,0.00000000,0.00000000
experiment_05,image_003,calibration,not_applicable,high_band_first,synthetic_recovery_progress,0.04000000,80.00000000,0,0.00000000,0.00000000
experiment_05,image_003,calibration,not_applicable,high_band_first,synthetic_recovery_progress,0.05000000,80.00000000,0,0.00000000,0.00000000
experiment_05,image_003,calibration,not_applicable,high_band_first,synthetic_recovery_progress,0.06000000,80.00000000,0,0.00000000,0.00000000
experiment_05,image_003,calibration,not_applicable,high_band_first,synthetic_recovery_progress,0.07000000,80.00000000,0,0.00000000,0.00126347
experiment_05,image_003,calibration,not_applicable,high_band_first,synthetic_recovery_progress,0.08000000,80.00000000,0,0.00000000,0.00701476
experiment_05,image_003,calibration,not_applicable,high_band_first,synthetic_recovery_progress,0.09000000,80.00000000,0,0.00000000,0.01487010
experiment_05,image_003,calibration,not_applicable,high_band_first,synthetic_recovery_progress,0.10000000,80.00000000,0,0.00000000,0.02473399
experiment_05,image_003,calibration,not_applicable,high_band_first,synthetic_recovery_progress,0.11000000,80.00000000,0,0.00000000,0.03651080
experiment_05,image_003,calibration,not_applicable,high_band_first,synthetic_recovery_progress,0.12000000,80.00000000,0,0.00000000,0.05010486
experiment_05,image_003,calibration,not_applicable,high_band_first,synthetic_recovery_progress,0.13000000,80.00000000,0,0.00000000,0.06542041
experiment_05,image_003,calibration,not_applicable,high_band_first,synthetic_recovery_progress,0.14000000,80.00000000,0,0.00012958,0.08236162
experiment_05,image_003,calibration,not_applicable,high_band_first,synthetic_recovery_progress,0.15000000,80.00000000,0,0.00044452,0.10083258
experiment_05,image_003,calibration,not_applicable,high_band_first,synthetic_recovery_progress,0.16000000,80.00000000,0,0.00077529,0.12073734
experiment_05,image_003,calibration,not_applicable,high_band_first,synthetic_recovery_progress,0.17000000,80.00000000,0,0.00111898,0.14197987
experiment_05,image_003,calibration,not_applicable,high_band_first,synthetic_recovery_progress,0.18000000,80.00000000,0,0.00147274,0.16446409
experiment_05,image_003,calibration,not_applicable,high_band_first,synthetic_recovery_progress,0.19000000,80.00000000,0,0.00183377,0.18809386
experiment_05,image_003,calibration,not_applicable,high_band_first,synthetic_recovery_progress,0.20000000,80.00000000,0,0.00219936,0.21277294
experiment_05,image_003,calibration,not_applicable,high_band_first,synthetic_recovery_progress,0.21000000,80.00000000,0,0.00256688,0.23840506
experiment_05,image_003,calibration,not_applicable,high_band_first,synthetic_recovery_progress,0.22000000,80.00000000,0,0.00293385,0.26489383
experiment_05,image_003,calibration,not_applicable,high_band_first,synthetic_recovery_progress,0.23000000,80.00000000,0,0.00329787,0.29214280
experiment_05,image_003,calibration,not_applicable,high_band_first,synthetic_recovery_progress,0.24000000,80.00000000,0,0.00365675,0.32005539
experiment_05,image_003,calibration,not_applicable,high_band_first,synthetic_recovery_progress,0.25000000,80.00000000,0,0.00400840,0.34853492
experiment_05,image_003,calibration,not_applicable,high_band_first,synthetic_recovery_progress,0.26000000,80.00000000,0,0.00435092,0.37748457
experiment_05,image_003,calibration,not_applicable,high_band_first,synthetic_recovery_progress,0.27000000,80.00000000,0,0.00468261,0.40680733
experiment_05,image_003,calibration,not_applicable,high_band_first,synthetic_recovery_progress,0.28000000,80.00000000,0,0.00500191,0.43640603
experiment_05,image_003,calibration,not_applicable,high_band_first,synthetic_recovery_progress,0.29000000,80.00000000,0,0.00530750,0.46618323
experiment_05,image_003,calibration,not_applicable,high_band_first,synthetic_recovery_progress,0.30000000,80.00000000,0,0.00559821,0.49604122
experiment_05,image_003,calibration,not_applicable,high_band_first,synthetic_recovery_progress,0.31000000,80.00000000,0,0.00587310,0.52588195
experiment_05,image_003,calibration,not_applicable,high_band_first,synthetic_recovery_progress,0.32000000,80.00000000,0,0.00613143,0.55560689
experiment_05,image_003,calibration,not_applicable,high_band_first,synthetic_recovery_progress,0.33000000,80.00000000,0,0.00637263,0.58511700
experiment_05,image_003,calibration,not_applicable,high_band_first,synthetic_recovery_progress,0.34000000,80.00000000,0,0.00659637,0.61431252
experiment_05,image_003,calibration,not_applicable,high_band_first,synthetic_recovery_progress,0.35000000,80.00000000,0,0.00680247,0.64309282
experiment_05,image_003,calibration,not_applicable,high_band_first,synthetic_recovery_progress,0.36000000,80.00000000,0,0.00699098,0.67135610
experiment_05,image_003,calibration,not_applicable,high_band_first,synthetic_recovery_progress,0.37000000,80.00000000,0,0.00716210,0.69899911
experiment_05,image_003,calibration,not_applicable,high_band_first,synthetic_recovery_progress,0.38000000,80.00000000,0,0.00731622,0.72591661
experiment_05,image_003,calibration,not_applicable,high_band_first,synthetic_recovery_progress,0.39000000,80.00000000,0,0.00745388,0.75200074
experiment_05,image_003,calibration,not_applicable,high_band_first,synthetic_recovery_progress,0.40000000,80.00000000,0,0.00757579,0.77714016
experiment_05,image_003,calibration,not_applicable,high_band_first,synthetic_recovery_progress,0.41000000,80.00000000,0,0.00768277,0.80121874
experiment_05,image_003,calibration,not_applicable,high_band_first,synthetic_recovery_progress,0.42000000,80.00000000,0,0.00777579,0.82411384
experiment_05,image_003,calibration,not_applicable,high_band_first,synthetic_recovery_progress,0.43000000,80.00000000,0,0.00785590,0.84569390
experiment_05,image_003,calibration,not_applicable,high_band_first,synthetic_recovery_progress,0.44000000,80.00000000,0,0.00792424,0.86581519
experiment_05,image_003,calibration,not_applicable,high_band_first,synthetic_recovery_progress,0.45000000,80.00000000,0,0.00798203,0.88431790
experiment_05,image_003,calibration,not_applicable,high_band_first,synthetic_recovery_progress,0.46000000,80.00000000,0,0.00920373,0.90102206
experiment_05,image_003,calibration,not_applicable,high_band_first,synthetic_recovery_progress,0.47000000,80.00000000,0,0.01270057,0.91572637
experiment_05,image_003,calibration,not_applicable,high_band_first,synthetic_recovery_progress,0.48000000,80.00000000,0,0.01837883,0.92821700
experiment_05,image_003,calibration,not_applicable,high_band_first,synthetic_recovery_progress,0.49000000,80.00000000,0,0.02614472,0.93830123
experiment_05,image_003,calibration,not_applicable,high_band_first,synthetic_recovery_progress,0.50000000,80.00000000,0,0.03590431,0.94588383
experiment_05,image_003,calibration,not_applicable,high_band_first,synthetic_recovery_progress,0.51000000,80.00000000,0,0.04756355,0.95107942
experiment_05,image_003,calibration,not_applicable,high_band_first,synthetic_recovery_progress,0.52000000,80.00000000,0,0.06102828,0.95428845
experiment_05,image_003,calibration,not_applicable,high_band_first,synthetic_recovery_progress,0.53000000,80.00000000,0,0.07620419,0.95613679
experiment_05,image_003,calibration,not_applicable,high_band_first,synthetic_recovery_progress,0.54000000,80.00000000,0,0.09299679,0.95728490
experiment_05,image_003,calibration,not_applicable,high_band_first,synthetic_recovery_progress,0.55000000,80.00000000,0,0.11131137,0.95822512
experiment_05,image_003,calibration,not_applicable,high_band_first,synthetic_recovery_progress,0.56000000,80.00000000,0,0.13105296,0.95915345
experiment_05,image_003,calibration,not_applicable,high_band_first,synthetic_recovery_progress,0.57000000,80.00000000,0,0.15212644,0.96008178
experiment_05,image_003,calibration,not_applicable,high_band_first,synthetic_recovery_progress,0.58000000,80.00000000,0,0.17443668,0.96101011
experiment_05,image_003,calibration,not_applicable,high_band_first,synthetic_recovery_progress,0.59000000,80.00000000,0,0.19788853,0.96193844
experiment_05,image_003,calibration,not_applicable,high_band_first,synthetic_recovery_progress,0.60000000,80.00000000,0,0.22238686,0.96286677
experiment_05,image_003,calibration,not_applicable,high_band_first,synthetic_recovery_progress,0.61000000,80.00000000,0,0.24783649,0.96379510
experiment_05,image_003,calibration,not_applicable,high_band_first,synthetic_recovery_progress,0.62000000,80.00000000,0,0.27414230,0.96472343
experiment_05,image_003,calibration,not_applicable,high_band_first,synthetic_recovery_progress,0.63000000,80.00000000,0,0.30120912,0.96565177
experiment_05,image_003,calibration,not_applicable,high_band_first,synthetic_recovery_progress,0.64000000,80.00000000,0,0.32894179,0.96658010
experiment_05,image_003,calibration,not_applicable,high_band_first,synthetic_recovery_progress,0.65000000,80.00000000,0,0.35724516,0.96750843
experiment_05,image_003,calibration,not_applicable,high_band_first,synthetic_recovery_progress,0.66000000,80.00000000,0,0.38602407,0.96843676
experiment_05,image_003,calibration,not_applicable,high_band_first,synthetic_recovery_progress,0.67000000,80.00000000,0,0.41518334,0.96936509
experiment_05,image_003,calibration,not_applicable,high_band_first,synthetic_recovery_progress,0.68000000,80.00000000,0,0.44462782,0.97029342
experiment_05,image_003,calibration,not_applicable,high_band_first,synthetic_recovery_progress,0.69000000,80.00000000,0,0.47426233,0.97122175
experiment_05,image_003,calibration,not_applicable,high_band_first,synthetic_recovery_progress,0.70000000,80.00000000,0,0.50399171,0.97215008
experiment_05,image_003,calibration,not_applicable,high_band_first,synthetic_recovery_progress,0.71000000,80.00000000,0,0.53372076,0.97307841
experiment_05,image_003,calibration,not_applicable,high_band_first,synthetic_recovery_progress,0.72000000,80.00000000,0,0.56335431,0.97400674
experiment_05,image_003,calibration,not_applicable,high_band_first,synthetic_recovery_progress,0.73000000,80.00000000,0,0.59279717,0.97493507
experiment_05,image_003,calibration,not_applicable,high_band_first,synthetic_recovery_progress,0.74000000,80.00000000,0,0.62195415,0.97586340
experiment_05,image_003,calibration,not_applicable,high_band_first,synthetic_recovery_progress,0.75000000,80.00000000,0,0.65073004,0.97679173
experiment_05,image_003,calibration,not_applicable,high_band_first,synthetic_recovery_progress,0.76000000,80.00000000,0,0.67902964,0.97772006
experiment_05,image_003,calibration,not_applicable,high_band_first,synthetic_recovery_progress,0.77000000,80.00000000,0,0.70675770,0.97864839
experiment_05,image_003,calibration,not_applicable,high_band_first,synthetic_recovery_progress,0.78000000,80.00000000,0,0.73381900,0.97957673
experiment_05,image_003,calibration,not_applicable,high_band_first,synthetic_recovery_progress,0.79000000,80.00000000,0,0.76011826,0.98050506
experiment_05,image_003,calibration,not_applicable,high_band_first,synthetic_recovery_progress,0.80000000,80.00000000,0,0.78556019,0.98143339
experiment_05,image_003,calibration,not_applicable,high_band_first,synthetic_recovery_progress,0.81000000,80.00000000,0,0.81004943,0.98236172
experiment_05,image_003,calibration,not_applicable,high_band_first,synthetic_recovery_progress,0.82000000,80.00000000,0,0.83349059,0.98329005
experiment_05,image_003,calibration,not_applicable,high_band_first,synthetic_recovery_progress,0.83000000,80.00000000,0,0.85578817,0.98421838
experiment_05,image_003,calibration,not_applicable,high_band_first,synthetic_recovery_progress,0.84000000,80.00000000,0,0.87684653,0.98514671
experiment_05,image_003,calibration,not_applicable,high_band_first,synthetic_recovery_progress,0.85000000,80.00000000,0,0.89656984,0.98607504
experiment_05,image_003,calibration,not_applicable,high_band_first,synthetic_recovery_progress,0.86000000,80.00000000,0,0.91486191,0.98700337
experiment_05,image_003,calibration,not_applicable,high_band_first,synthetic_recovery_progress,0.87000000,80.00000000,0,0.93162595,0.98793170
experiment_05,image_003,calibration,not_applicable,high_band_first,synthetic_recovery_progress,0.88000000,80.00000000,0,0.94676416,0.98886003
experiment_05,image_003,calibration,not_applicable,high_band_first,synthetic_recovery_progress,0.89000000,80.00000000,0,0.96017664,0.98978836
experiment_05,image_003,calibration,not_applicable,high_band_first,synthetic_recovery_progress,0.90000000,80.00000000,0,0.97175917,0.99071669
experiment_05,image_003,calibration,not_applicable,high_band_first,synthetic_recovery_progress,0.91000000,80.00000000,0,0.98139711,0.99164502
experiment_05,image_003,calibration,not_applicable,high_band_first,synthetic_recovery_progress,0.92000000,80.00000000,0,0.98894740,0.99257335
experiment_05,image_003,calibration,not_applicable,high_band_first,synthetic_recovery_progress,0.93000000,80.00000000,0,0.99418306,0.99350169
experiment_05,image_003,calibration,not_applicable,high_band_first,synthetic_recovery_progress,0.94000000,80.00000000,0,0.99678555,0.99443002
experiment_05,image_003,calibration,not_applicable,high_band_first,synthetic_recovery_progress,0.95000000,80.00000000,0,0.99751477,0.99535835
experiment_05,image_003,calibration,not_applicable,high_band_first,synthetic_recovery_progress,0.96000000,80.00000000,0,0.99801182,0.99628668
experiment_05,image_003,calibration,not_applicable,high_band_first,synthetic_recovery_progress,0.97000000,80.00000000,0,0.99850886,0.99721501
experiment_05,image_003,calibration,not_applicable,high_band_first,synthetic_recovery_progress,0.98000000,80.00000000,0,0.99900591,0.99814334
experiment_05,image_003,calibration,not_applicable,high_band_first,synthetic_recovery_progress,0.99000000,80.00000000,0,0.99950295,0.99907167
experiment_05,image_003,calibration,not_applicable,high_band_first,synthetic_recovery_progress,1.00000000,80.00000000,0,1.00000000,1.00000000
experiment_05,image_003,calibration,not_applicable,together,synthetic_recovery_progress,0.00000000,80.00000000,0,0.00000000,0.00000000
experiment_05,image_003,calibration,not_applicable,together,synthetic_recovery_progress,0.01000000,80.00000000,0,0.00000000,0.00000000
experiment_05,image_003,calibration,not_applicable,together,synthetic_recovery_progress,0.02000000,80.00000000,0,0.00000000,0.00000000
experiment_05,image_003,calibration,not_applicable,together,synthetic_recovery_progress,0.03000000,80.00000000,0,0.00000000,0.00000000
experiment_05,image_003,calibration,not_applicable,together,synthetic_recovery_progress,0.04000000,80.00000000,0,0.00000000,0.00000000
experiment_05,image_003,calibration,not_applicable,together,synthetic_recovery_progress,0.05000000,80.00000000,0,0.00000000,0.00000000
experiment_05,image_003,calibration,not_applicable,together,synthetic_recovery_progress,0.06000000,80.00000000,0,0.00000000,0.00000000
experiment_05,image_003,calibration,not_applicable,together,synthetic_recovery_progress,0.07000000,80.00000000,0,0.00000000,0.00000000
experiment_05,image_003,calibration,not_applicable,together,synthetic_recovery_progress,0.08000000,80.00000000,0,0.00000000,0.00000000
experiment_05,image_003,calibration,not_applicable,together,synthetic_recovery_progress,0.09000000,80.00000000,0,0.00000000,0.00000000
experiment_05,image_003,calibration,not_applicable,together,synthetic_recovery_progress,0.10000000,80.00000000,0,0.00000000,0.00000000
experiment_05,image_003,calibration,not_applicable,together,synthetic_recovery_progress,0.11000000,80.00000000,0,0.00000000,0.00000000
experiment_05,image_003,calibration,not_applicable,together,synthetic_recovery_progress,0.12000000,80.00000000,0,0.00050318,0.00000000
experiment_05,image_003,calibration,not_applicable,together,synthetic_recovery_progress,0.13000000,80.00000000,0,0.00279656,0.00115142
experiment_05,image_003,calibration,not_applicable,together,synthetic_recovery_progress,0.14000000,80.00000000,0,0.00595616,0.00434917
experiment_05,image_003,calibration,not_applicable,together,synthetic_recovery_progress,0.15000000,80.00000000,0,0.00995862,0.00838753
experiment_05,image_003,calibration,not_applicable,together,synthetic_recovery_progress,0.16000000,80.00000000,0,0.01478054,0.01324328
experiment_05,image_003,calibration,not_applicable,together,synthetic_recovery_progress,0.17000000,80.00000000,0,0.02039855,0.01889313
experiment_05,image_003,calibration,not_applicable,together,synthetic_recovery_progress,0.18000000,80.00000000,0,0.02678924,0.02531382
experiment_05,image_003,calibration,not_applicable,together,synthetic_recovery_progress,0.19000000,80.00000000,0,0.03392923,0.03248206
experiment_05,image_003,calibration,not_applicable,together,synthetic_recovery_progress,0.20000000,80.00000000,0,0.04179512,0.04037454
experiment_05,image_003,calibration,not_applicable,together,synthetic_recovery_progress,0.21000000,80.00000000,0,0.05036350,0.04896794
experiment_05,image_003,calibration,not_applicable,together,synthetic_recovery_progress,0.22000000,80.00000000,0,0.05961097,0.05823895
experiment_05,image_003,calibration,not_applicable,together,synthetic_recovery_progress,0.23000000,80.00000000,0,0.06951412,0.06816423
experiment_05,image_003,calibration,not_applicable,together,synthetic_recovery_progress,0.24000000,80.00000000,0,0.08004954,0.07872043
experiment_05,image_003,calibration,not_applicable,together,synthetic_recovery_progress,0.25000000,80.00000000,0,0.09119382,0.08988421
experiment_05,image_003,calibration,not_applicable,together,synthetic_recovery_progress,0.26000000,80.00000000,0,0.10292354,0.10163220
experiment_05,image_003,calibration,not_applicable,together,synthetic_recovery_progress,0.27000000,80.00000000,0,0.11521529,0.11394104
experiment_05,image_003,calibration,not_applicable,together,synthetic_recovery_progress,0.28000000,80.00000000,0,0.12804564,0.12678737
experiment_05,image_003,calibration,not_applicable,together,synthetic_recovery_progress,0.29000000,80.00000000,0,0.14139119,0.14014780
experiment_05,image_003,calibration,not_applicable,together,synthetic_recovery_progress,0.30000000,80.00000000,0,0.15522850,0.15399896
experiment_05,image_003,calibration,not_applicable,together,synthetic_recovery_progress,0.31000000,80.00000000,0,0.16953416,0.16831745
experiment_05,image_003,calibration,not_applicable,together,synthetic_recovery_progress,0.32000000,80.00000000,0,0.18428473,0.18307989
experiment_05,image_003,calibration,not_applicable,together,synthetic_recovery_progress,0.33000000,80.00000000,0,0.19945680,0.19826288
experiment_05,image_003,calibration,not_applicable,together,synthetic_recovery_progress,0.34000000,80.00000000,0,0.21502694,0.21384301
experiment_05,image_003,calibration,not_applicable,together,synthetic_recovery_progress,0.35000000,80.00000000,0,0.23097172,0.22979689
experiment_05,image_003,calibration,not_applicable,together,synthetic_recovery_progress,0.36000000,80.00000000,0,0.24726770,0.24610110
experiment_05,image_003,calibration,not_applicable,together,synthetic_recovery_progress,0.37000000,80.00000000,0,0.26389147,0.26273223
experiment_05,image_003,calibration,not_applicable,together,synthetic_recovery_progress,0.38000000,80.00000000,0,0.28081958,0.27966687
experiment_05,image_003,calibration,not_applicable,together,synthetic_recovery_progress,0.39000000,80.00000000,0,0.29802861,0.29688160
experiment_05,image_003,calibration,not_applicable,together,synthetic_recovery_progress,0.40000000,80.00000000,0,0.31549512,0.31435298
experiment_05,image_003,calibration,not_applicable,together,synthetic_recovery_progress,0.41000000,80.00000000,0,0.33319567,0.33205759
experiment_05,image_003,calibration,not_applicable,together,synthetic_recovery_progress,0.42000000,80.00000000,0,0.35110684,0.34997201
experiment_05,image_003,calibration,not_applicable,together,synthetic_recovery_progress,0.43000000,80.00000000,0,0.36920518,0.36807279
experiment_05,image_003,calibration,not_applicable,together,synthetic_recovery_progress,0.44000000,80.00000000,0,0.38746725,0.38633649
experiment_05,image_003,calibration,not_applicable,together,synthetic_recovery_progress,0.45000000,80.00000000,0,0.40586962,0.40473967
experiment_05,image_003,calibration,not_applicable,together,synthetic_recovery_progress,0.46000000,80.00000000,0,0.42438884,0.42325887
experiment_05,image_003,calibration,not_applicable,together,synthetic_recovery_progress,0.47000000,80.00000000,0,0.44300147,0.44187065
experiment_05,image_003,calibration,not_applicable,together,synthetic_recovery_progress,0.48000000,80.00000000,0,0.46168407,0.46055155
experiment_05,image_003,calibration,not_applicable,together,synthetic_recovery_progress,0.49000000,80.00000000,0,0.48041319,0.47927809
experiment_05,image_003,calibration,not_applicable,together,synthetic_recovery_progress,0.50000000,80.00000000,0,0.49916539,0.49802680
experiment_05,image_003,calibration,not_applicable,together,synthetic_recovery_progress,0.51000000,80.00000000,0,0.51791720,0.51677421
experiment_05,image_003,calibration,not_applicable,together,synthetic_recovery_progress,0.52000000,80.00000000,0,0.53664519,0.53549683
experiment_05,image_003,calibration,not_applicable,together,synthetic_recovery_progress,0.53000000,80.00000000,0,0.55532590,0.55417116
experiment_05,image_003,calibration,not_applicable,together,synthetic_recovery_progress,0.54000000,80.00000000,0,0.57393586,0.57277369
experiment_05,image_003,calibration,not_applicable,together,synthetic_recovery_progress,0.55000000,80.00000000,0,0.59245162,0.59128092
experiment_05,image_003,calibration,not_applicable,together,synthetic_recovery_progress,0.56000000,80.00000000,0,0.61084972,0.60966930
experiment_05,image_003,calibration,not_applicable,together,synthetic_recovery_progress,0.57000000,80.00000000,0,0.62910668,0.62791529
experiment_05,image_003,calibration,not_applicable,together,synthetic_recovery_progress,0.58000000,80.00000000,0,0.64719902,0.64599533
experiment_05,image_003,calibration,not_applicable,together,synthetic_recovery_progress,0.59000000,80.00000000,0,0.66510328,0.66388585
experiment_05,image_003,calibration,not_applicable,together,synthetic_recovery_progress,0.60000000,80.00000000,0,0.68279596,0.68156322
experiment_05,image_003,calibration,not_applicable,together,synthetic_recovery_progress,0.61000000,80.00000000,0,0.70025357,0.69900383
experiment_05,image_003,calibration,not_applicable,together,synthetic_recovery_progress,0.62000000,80.00000000,0,0.71745260,0.71618400
experiment_05,image_003,calibration,not_applicable,together,synthetic_recovery_progress,0.63000000,80.00000000,0,0.73436954,0.73308002
experiment_05,image_003,calibration,not_applicable,together,synthetic_recovery_progress,0.64000000,80.00000000,0,0.75098085,0.74966816
experiment_05,image_003,calibration,not_applicable,together,synthetic_recovery_progress,0.65000000,80.00000000,0,0.76726299,0.76592460
experiment_05,image_003,calibration,not_applicable,together,synthetic_recovery_progress,0.66000000,80.00000000,0,0.78319239,0.78182547
experiment_05,image_003,calibration,not_applicable,together,synthetic_recovery_progress,0.67000000,80.00000000,0,0.79874545,0.79734680
experiment_05,image_003,calibration,not_applicable,together,synthetic_recovery_progress,0.68000000,80.00000000,0,0.81389855,0.81246454
experiment_05,image_003,calibration,not_applicable,together,synthetic_recovery_progress,0.69000000,80.00000000,0,0.82862802,0.82715447
experiment_05,image_003,calibration,not_applicable,together,synthetic_recovery_progress,0.70000000,80.00000000,0,0.84291014,0.84139225
experiment_05,image_003,calibration,not_applicable,together,synthetic_recovery_progress,0.71000000,80.00000000,0,0.85672112,0.85515330
experiment_05,image_003,calibration,not_applicable,together,synthetic_recovery_progress,0.72000000,80.00000000,0,0.87003708,0.86841278
experiment_05,image_003,calibration,not_applicable,together,synthetic_recovery_progress,0.73000000,80.00000000,0,0.88283405,0.88114550
experiment_05,image_003,calibration,not_applicable,together,synthetic_recovery_progress,0.74000000,80.00000000,0,0.89508788,0.89332579
experiment_05,image_003,calibration,not_applicable,together,synthetic_recovery_progress,0.75000000,80.00000000,0,0.90677421,0.90492738
experiment_05,image_003,calibration,not_applicable,together,synthetic_recovery_progress,0.76000000,80.00000000,0,0.91786840,0.91592318
experiment_05,image_003,calibration,not_applicable,together,synthetic_recovery_progress,0.77000000,80.00000000,0,0.92834539,0.92628495
experiment_05,image_003,calibration,not_applicable,together,synthetic_recovery_progress,0.78000000,80.00000000,0,0.93817950,0.93598290
experiment_05,image_003,calibration,not_applicable,together,synthetic_recovery_progress,0.79000000,80.00000000,0,0.94734420,0.94498511
experiment_05,image_003,calibration,not_applicable,together,synthetic_recovery_progress,0.80000000,80.00000000,0,0.95581157,0.95325672
experiment_05,image_003,calibration,not_applicable,together,synthetic_recovery_progress,0.81000000,80.00000000,0,0.96355157,0.96075889
experiment_05,image_003,calibration,not_applicable,together,synthetic_recovery_progress,0.82000000,80.00000000,0,0.97053080,0.96744779
experiment_05,image_003,calibration,not_applicable,together,synthetic_recovery_progress,0.83000000,80.00000000,0,0.97671031,0.97327436
experiment_05,image_003,calibration,not_applicable,together,synthetic_recovery_progress,0.84000000,80.00000000,0,0.98204227,0.97818714
experiment_05,image_003,calibration,not_applicable,together,synthetic_recovery_progress,0.85000000,80.00000000,0,0.98646570,0.98214412
experiment_05,image_003,calibration,not_applicable,together,synthetic_recovery_progress,0.86000000,80.00000000,0,0.98990699,0.98514219
experiment_05,image_003,calibration,not_applicable,together,synthetic_recovery_progress,0.87000000,80.00000000,0,0.99230995,0.98726487
experiment_05,image_003,calibration,not_applicable,together,synthetic_recovery_progress,0.88000000,80.00000000,0,0.99374158,0.98871544
experiment_05,image_003,calibration,not_applicable,together,synthetic_recovery_progress,0.89000000,80.00000000,0,0.99450872,0.98977956
experiment_05,image_003,calibration,not_applicable,together,synthetic_recovery_progress,0.90000000,80.00000000,0,0.99502954,0.99071669
experiment_05,image_003,calibration,not_applicable,together,synthetic_recovery_progress,0.91000000,80.00000000,0,0.99552659,0.99164502
experiment_05,image_003,calibration,not_applicable,together,synthetic_recovery_progress,0.92000000,80.00000000,0,0.99602364,0.99257335
experiment_05,image_003,calibration,not_applicable,together,synthetic_recovery_progress,0.93000000,80.00000000,0,0.99652068,0.99350169
experiment_05,image_003,calibration,not_applicable,together,synthetic_recovery_progress,0.94000000,80.00000000,0,0.99701773,0.99443002
experiment_05,image_003,calibration,not_applicable,together,synthetic_recovery_progress,0.95000000,80.00000000,0,0.99751477,0.99535835
experiment_05,image_003,calibration,not_applicable,together,synthetic_recovery_progress,0.96000000,80.00000000,0,0.99801182,0.99628668
experiment_05,image_003,calibration,not_applicable,together,synthetic_recovery_progress,0.97000000,80.00000000,0,0.99850886,0.99721501
experiment_05,image_003,calibration,not_applicable,together,synthetic_recovery_progress,0.98000000,80.00000000,0,0.99900591,0.99814334
experiment_05,image_003,calibration,not_applicable,together,synthetic_recovery_progress,0.99000000,80.00000000,0,0.99950295,0.99907167
experiment_05,image_003,calibration,not_applicable,together,synthetic_recovery_progress,1.00000000,80.00000000,0,1.00000000,1.00000000
experiment_05,image_004,calibration,not_applicable,low_band_first,synthetic_recovery_progress,0.00000000,20.00000000,0,0.00000000,0.00000000
experiment_05,image_004,calibration,not_applicable,low_band_first,synthetic_recovery_progress,0.01000000,20.00000000,0,0.00000000,0.00000000
experiment_05,image_004,calibration,not_applicable,low_band_first,synthetic_recovery_progress,0.02000000,20.00000000,0,0.00000000,0.00000000
experiment_05,image_004,calibration,not_applicable,low_band_first,synthetic_recovery_progress,0.03000000,20.00000000,0,0.00000000,0.00000000
experiment_05,image_004,calibration,not_applicable,low_band_first,synthetic_recovery_progress,0.04000000,20.00000000,0,0.00000000,0.00000000
experiment_05,image_004,calibration,not_applicable,low_band_first,synthetic_recovery_progress,0.05000000,20.00000000,0,0.00000000,0.00000000
experiment_05,image_004,calibration,not_applicable,low_band_first,synthetic_recovery_progress,0.06000000,20.00000000,0,0.00088696,0.00000000
experiment_05,image_004,calibration,not_applicable,low_band_first,synthetic_recovery_progress,0.07000000,20.00000000,0,0.00438023,0.00000000
experiment_05,image_004,calibration,not_applicable,low_band_first,synthetic_recovery_progress,0.08000000,20.00000000,0,0.01008082,0.00000000
experiment_05,image_004,calibration,not_applicable,low_band_first,synthetic_recovery_progress,0.09000000,20.00000000,0,0.01789280,0.00267052
experiment_05,image_004,calibration,not_applicable,low_band_first,synthetic_recovery_progress,0.10000000,20.00000000,0,0.02772019,0.00951865
experiment_05,image_004,calibration,not_applicable,low_band_first,synthetic_recovery_progress,0.11000000,20.00000000,0,0.03946702,0.01763589
experiment_05,image_004,calibration,not_applicable,low_band_first,synthetic_recovery_progress,0.12000000,20.00000000,0,0.05303733,0.02694197
experiment_05,image_004,calibration,not_applicable,low_band_first,synthetic_recovery_progress,0.13000000,20.00000000,0,0.06833513,0.03735443
experiment_05,image_004,calibration,not_applicable,low_band_first,synthetic_recovery_progress,0.14000000,20.00000000,0,0.08526443,0.04878883
experiment_05,image_004,calibration,not_applicable,low_band_first,synthetic_recovery_progress,0.15000000,20.00000000,0,0.10372925,0.06115879
experiment_05,image_004,calibration,not_applicable,low_band_first,synthetic_recovery_progress,0.16000000,20.00000000,0,0.12363358,0.07437613
experiment_05,image_004,calibration,not_applicable,low_band_first,synthetic_recovery_progress,0.17000000,20.00000000,0,0.14488142,0.08835095
experiment_05,image_004,calibration,not_applicable,low_band_first,synthetic_recovery_progress,0.18000000,20.00000000,0,0.16737676,0.10299172
experiment_05,image_004,calibration,not_applicable,low_band_first,synthetic_recovery_progress,0.19000000,20.00000000,0,0.19102360,0.11820541
experiment_05,image_004,calibration,not_applicable,low_band_first,synthetic_recovery_progress,0.20000000,20.00000000,0,0.21572592,0.13389755
experiment_05,image_004,calibration,not_applicable,low_band_first,synthetic_recovery_progress,0.21000000,20.00000000,0,0.24138769,0.14997245
experiment_05,image_004,calibration,not_applicable,low_band_first,synthetic_recovery_progress,0.22000000,20.00000000,0,0.26791288,0.16633333
experiment_05,image_004,calibration,not_applicable,low_band_first,synthetic_recovery_progress,0.23000000,20.00000000,0,0.29520546,0.18288260
experiment_05,image_004,calibration,not_applicable,low_band_first,synthetic_recovery_progress,0.24000000,20.00000000,0,0.32316938,0.19952211
experiment_05,image_004,calibration,not_applicable,low_band_first,synthetic_recovery_progress,0.25000000,20.00000000,0,0.35170858,0.21615357
experiment_05,image_004,calibration,not_applicable,low_band_first,synthetic_recovery_progress,0.26000000,20.00000000,0,0.38072701,0.23267900
experiment_05,image_004,calibration,not_applicable,low_band_first,synthetic_recovery_progress,0.27000000,20.00000000,0,0.41012858,0.24900129
experiment_05,image_004,calibration,not_applicable,low_band_first,synthetic_recovery_progress,0.28000000,20.00000000,0,0.43981719,0.26502491
experiment_05,image_004,calibration,not_applicable,low_band_first,synthetic_recovery_progress,0.29000000,20.00000000,0,0.46969673,0.28065672
experiment_05,image_004,calibration,not_applicable,low_band_first,synthetic_recovery_progress,0.30000000,20.00000000,0,0.49967107,0.29580692
experiment_05,image_004,calibration,not_applicable,low_band_first,synthetic_recovery_progress,0.31000000,20.00000000,0,0.52964403,0.31039012
experiment_05,image_004,calibration,not_applicable,low_band_first,synthetic_recovery_progress,0.32000000,20.00000000,0,0.55951941,0.32432659
experiment_05,image_004,calibration,not_applicable,low_band_first,synthetic_recovery_progress,0.33000000,20.00000000,0,0.58920096,0.33754350
experiment_05,image_004,calibration,not_applicable,low_band_first,synthetic_recovery_progress,0.34000000,20.00000000,0,0.61859237,0.34997632
experiment_05,image_004,calibration,not_applicable,low_band_first,synthetic_recovery_progress,0.35000000,20.00000000,0,0.64759726,0.36157015
experiment_05,image_004,calibration,not_applicable,low_band_first,synthetic_recovery_progress,0.36000000,20.00000000,0,0.67611915,0.37228107
experiment_05,image_004,calibration,not_applicable,low_band_first,synthetic_recovery_progress,0.37000000,20.00000000,0,0.70406141,0.38207728
experiment_05,image_004,calibration,not_applicable,low_band_first,synthetic_recovery_progress,0.38000000,20.00000000,0,0.73132726,0.39094007
experiment_05,image_004,calibration,not_applicable,low_band_first,synthetic_recovery_progress,0.39000000,20.00000000,0,0.75781966,0.39886451
experiment_05,image_004,calibration,not_applicable,low_band_first,synthetic_recovery_progress,0.40000000,20.00000000,0,0.78344124,0.40585970
experiment_05,image_004,calibration,not_applicable,low_band_first,synthetic_recovery_progress,0.41000000,20.00000000,0,0.80809413,0.41194874
experiment_05,image_004,calibration,not_applicable,low_band_first,synthetic_recovery_progress,0.42000000,20.00000000,0,0.83167978,0.41716809
experiment_05,image_004,calibration,not_applicable,low_band_first,synthetic_recovery_progress,0.43000000,20.00000000,0,0.85409858,0.42156663
experiment_05,image_004,calibration,not_applicable,low_band_first,synthetic_recovery_progress,0.44000000,20.00000000,0,0.87524932,0.42520421
experiment_05,image_004,calibration,not_applicable,low_band_first,synthetic_recovery_progress,0.45000000,20.00000000,0,0.89502822,0.42814989
experiment_05,image_004,calibration,not_applicable,low_band_first,synthetic_recovery_progress,0.46000000,20.00000000,0,0.91332727,0.43113023
experiment_05,image_004,calibration,not_applicable,low_band_first,synthetic_recovery_progress,0.47000000,20.00000000,0,0.93003125,0.43484947
experiment_05,image_004,calibration,not_applicable,low_band_first,synthetic_recovery_progress,0.48000000,20.00000000,0,0.94501195,0.43934516
experiment_05,image_004,calibration,not_applicable,low_band_first,synthetic_recovery_progress,0.49000000,20.00000000,0,0.95811700,0.44464977
experiment_05,image_004,calibration,not_applicable,low_band_first,synthetic_recovery_progress,0.50000000,20.00000000,0,0.96914845,0.45079003
experiment_05,image_004,calibration,not_applicable,low_band_first,synthetic_recovery_progress,0.51000000,20.00000000,0,0.97782935,0.45778611
experiment_05,image_004,calibration,not_applicable,low_band_first,synthetic_recovery_progress,0.52000000,20.00000000,0,0.98380884,0.46565032
experiment_05,image_004,calibration,not_applicable,low_band_first,synthetic_recovery_progress,0.53000000,20.00000000,0,0.98695746,0.47438539
experiment_05,image_004,calibration,not_applicable,low_band_first,synthetic_recovery_progress,0.54000000,20.00000000,0,0.98802341,0.48398218
experiment_05,image_004,calibration,not_applicable,low_band_first,synthetic_recovery_progress,0.55000000,20.00000000,0,0.98834117,0.49441669
experiment_05,image_004,calibration,not_applicable,low_band_first,synthetic_recovery_progress,0.56000000,20.00000000,0,0.98860025,0.50564793
experiment_05,image_004,calibration,not_applicable,low_band_first,synthetic_recovery_progress,0.57000000,20.00000000,0,0.98885934,0.51762435
experiment_05,image_004,calibration,not_applicable,low_band_first,synthetic_recovery_progress,0.58000000,20.00000000,0,0.98911842,0.53029267
experiment_05,image_004,calibration,not_applicable,low_band_first,synthetic_recovery_progress,0.59000000,20.00000000,0,0.98937751,0.54359954
experiment_05,image_004,calibration,not_applicable,low_band_first,synthetic_recovery_progress,0.60000000,20.00000000,0,0.98963659,0.55749157
experiment_05,image_004,calibration,not_applicable,low_band_first,synthetic_recovery_progress,0.61000000,20.00000000,0,0.98989568,0.57191533
experiment_05,image_004,calibration,not_applicable,low_band_first,synthetic_recovery_progress,0.62000000,20.00000000,0,0.99015476,0.58681734
experiment_05,image_004,calibration,not_applicable,low_band_first,synthetic_recovery_progress,0.63000000,20.00000000,0,0.99041385,0.60214409
experiment_05,image_004,calibration,not_applicable,low_band_first,synthetic_recovery_progress,0.64000000,20.00000000,0,0.99067293,0.61784201
experiment_05,image_004,calibration,not_applicable,low_band_first,synthetic_recovery_progress,0.65000000,20.00000000,0,0.99093202,0.63385753
experiment_05,image_004,calibration,not_applicable,low_band_first,synthetic_recovery_progress,0.66000000,20.00000000,0,0.99119110,0.65013699
experiment_05,image_004,calibration,not_applicable,low_band_first,synthetic_recovery_progress,0.67000000,20.00000000,0,0.99145019,0.66662674
experiment_05,image_004,calibration,not_applicable,low_band_first,synthetic_recovery_progress,0.68000000,20.00000000,0,0.99170927,0.68327305
experiment_05,image_004,calibration,not_applicable,low_band_first,synthetic_recovery_progress,0.69000000,20.00000000,0,0.99196836,0.70002218
experiment_05,image_004,calibration,not_applicable,low_band_first,synthetic_recovery_progress,0.70000000,20.00000000,0,0.99222744,0.71682031
experiment_05,image_004,calibration,not_applicable,low_band_first,synthetic_recovery_progress,0.71000000,20.00000000,0,0.99248653,0.73361358
experiment_05,image_004,calibration,not_applicable,low_band_first,synthetic_recovery_progress,0.72000000,20.00000000,0,0.99274562,0.75034806
experiment_05,image_004,calibration,not_applicable,low_band_first,synthetic_recovery_progress,0.73000000,20.00000000,0,0.99300470,0.76696974
experiment_05,image_004,calibration,not_applicable,low_band_first,synthetic_recovery_progress,0.74000000,20.00000000,0,0.99326379,0.78342451
experiment_05,image_004,calibration,not_applicable,low_band_first,synthetic_recovery_progress,0.75000000,20.00000000,0,0.99352287,0.79965818
experiment_05,image_004,calibration,not_applicable,low_band_first,synthetic_recovery_progress,0.76000000,20.00000000,0,0.99378196,0.81561637
experiment_05,image_004,calibration,not_applicable,low_band_first,synthetic_recovery_progress,0.77000000,20.00000000,0,0.99404104,0.83124456
experiment_05,image_004,calibration,not_applicable,low_band_first,synthetic_recovery_progress,0.78000000,20.00000000,0,0.99430013,0.84648799
experiment_05,image_004,calibration,not_applicable,low_band_first,synthetic_recovery_progress,0.79000000,20.00000000,0,0.99455921,0.86129160
experiment_05,image_004,calibration,not_applicable,low_band_first,synthetic_recovery_progress,0.80000000,20.00000000,0,0.99481830,0.87559995
experiment_05,image_004,calibration,not_applicable,low_band_first,synthetic_recovery_progress,0.81000000,20.00000000,0,0.99507738,0.88935708
experiment_05,image_004,calibration,not_applicable,low_band_first,synthetic_recovery_progress,0.82000000,20.00000000,0,0.99533647,0.90250630
experiment_05,image_004,calibration,not_applicable,low_band_first,synthetic_recovery_progress,0.83000000,20.00000000,0,0.99559555,0.91498998
experiment_05,image_004,calibration,not_applicable,low_band_first,synthetic_recovery_progress,0.84000000,20.00000000,0,0.99585464,0.92674909
experiment_05,image_004,calibration,not_applicable,low_band_first,synthetic_recovery_progress,0.85000000,20.00000000,0,0.99611372,0.93772270
experiment_05,image_004,calibration,not_applicable,low_band_first,synthetic_recovery_progress,0.86000000,20.00000000,0,0.99637281,0.94784713
experiment_05,image_004,calibration,not_applicable,low_band_first,synthetic_recovery_progress,0.87000000,20.00000000,0,0.99663189,0.95705491
experiment_05,image_004,calibration,not_applicable,low_band_first,synthetic_recovery_progress,0.88000000,20.00000000,0,0.99689098,0.96527349
experiment_05,image_004,calibration,not_applicable,low_band_first,synthetic_recovery_progress,0.89000000,20.00000000,0,0.99715006,0.97242474
experiment_05,image_004,calibration,not_applicable,low_band_first,synthetic_recovery_progress,0.90000000,20.00000000,0,0.99740915,0.97842819
experiment_05,image_004,calibration,not_applicable,low_band_first,synthetic_recovery_progress,0.91000000,20.00000000,0,0.99766823,0.98321746
experiment_05,image_004,calibration,not_applicable,low_band_first,synthetic_recovery_progress,0.92000000,20.00000000,0,0.99792732,0.98678859
experiment_05,image_004,calibration,not_applicable,low_band_first,synthetic_recovery_progress,0.93000000,20.00000000,0,0.99818640,0.98928843
experiment_05,image_004,calibration,not_applicable,low_band_first,synthetic_recovery_progress,0.94000000,20.00000000,0,0.99844549,0.99107070
experiment_05,image_004,calibration,not_applicable,low_band_first,synthetic_recovery_progress,0.95000000,20.00000000,0,0.99870457,0.99257914
experiment_05,image_004,calibration,not_applicable,low_band_first,synthetic_recovery_progress,0.96000000,20.00000000,0,0.99896366,0.99406331
experiment_05,image_004,calibration,not_applicable,low_band_first,synthetic_recovery_progress,0.97000000,20.00000000,0,0.99922274,0.99554748
experiment_05,image_004,calibration,not_applicable,low_band_first,synthetic_recovery_progress,0.98000000,20.00000000,0,0.99948183,0.99703165
experiment_05,image_004,calibration,not_applicable,low_band_first,synthetic_recovery_progress,0.99000000,20.00000000,0,0.99974091,0.99851583
experiment_05,image_004,calibration,not_applicable,low_band_first,synthetic_recovery_progress,1.00000000,20.00000000,0,1.00000000,1.00000000
experiment_05,image_004,calibration,not_applicable,high_band_first,synthetic_recovery_progress,0.00000000,20.00000000,0,0.00000000,0.00000000
experiment_05,image_004,calibration,not_applicable,high_band_first,synthetic_recovery_progress,0.01000000,20.00000000,0,0.00000000,0.00000000
experiment_05,image_004,calibration,not_applicable,high_band_first,synthetic_recovery_progress,0.02000000,20.00000000,0,0.00000000,0.00000000
experiment_05,image_004,calibration,not_applicable,high_band_first,synthetic_recovery_progress,0.03000000,20.00000000,0,0.00000000,0.00000000
experiment_05,image_004,calibration,not_applicable,high_band_first,synthetic_recovery_progress,0.04000000,20.00000000,0,0.00000000,0.00000000
experiment_05,image_004,calibration,not_applicable,high_band_first,synthetic_recovery_progress,0.05000000,20.00000000,0,0.00000000,0.00000000
experiment_05,image_004,calibration,not_applicable,high_band_first,synthetic_recovery_progress,0.06000000,20.00000000,0,0.00000000,0.00000000
experiment_05,image_004,calibration,not_applicable,high_band_first,synthetic_recovery_progress,0.07000000,20.00000000,0,0.00000000,0.00000000
experiment_05,image_004,calibration,not_applicable,high_band_first,synthetic_recovery_progress,0.08000000,20.00000000,0,0.00000000,0.00000000
experiment_05,image_004,calibration,not_applicable,high_band_first,synthetic_recovery_progress,0.09000000,20.00000000,0,0.00000000,0.00000000
experiment_05,image_004,calibration,not_applicable,high_band_first,synthetic_recovery_progress,0.10000000,20.00000000,0,0.00000000,0.00000000
experiment_05,image_004,calibration,not_applicable,high_band_first,synthetic_recovery_progress,0.11000000,20.00000000,0,0.00000000,0.00288029
experiment_05,image_004,calibration,not_applicable,high_band_first,synthetic_recovery_progress,0.12000000,20.00000000,0,0.00000000,0.00715043
experiment_05,image_004,calibration,not_applicable,high_band_first,synthetic_recovery_progress,0.13000000,20.00000000,0,0.00000000,0.01188845
experiment_05,image_004,calibration,not_applicable,high_band_first,synthetic_recovery_progress,0.14000000,20.00000000,0,0.00000000,0.01704792
experiment_05,image_004,calibration,not_applicable,high_band_first,synthetic_recovery_progress,0.15000000,20.00000000,0,0.00000000,0.02258146
experiment_05,image_004,calibration,not_applicable,high_band_first,synthetic_recovery_progress,0.16000000,20.00000000,0,0.00000000,0.02844099
experiment_05,image_004,calibration,not_applicable,high_band_first,synthetic_recovery_progress,0.17000000,20.00000000,0,0.00000000,0.03457798
experiment_05,image_004,calibration,not_applicable,high_band_first,synthetic_recovery_progress,0.18000000,20.00000000,0,0.00000000,0.04094374
experiment_05,image_004,calibration,not_applicable,high_band_first,synthetic_recovery_progress,0.19000000,20.00000000,0,0.00000000,0.04748970
experiment_05,image_004,calibration,not_applicable,high_band_first,synthetic_recovery_progress,0.20000000,20.00000000,0,0.00000000,0.05416767
experiment_05,image_004,calibration,not_applicable,high_band_first,synthetic_recovery_progress,0.21000000,20.00000000,0,0.00000000,0.06093015
experiment_05,image_004,calibration,not_applicable,high_band_first,synthetic_recovery_progress,0.22000000,20.00000000,0,0.00000000,0.06773059
experiment_05,image_004,calibration,not_applicable,high_band_first,synthetic_recovery_progress,0.23000000,20.00000000,0,0.00000000,0.07452372
experiment_05,image_004,calibration,not_applicable,high_band_first,synthetic_recovery_progress,0.24000000,20.00000000,0,0.00000000,0.08126584
experiment_05,image_004,calibration,not_applicable,high_band_first,synthetic_recovery_progress,0.25000000,20.00000000,0,0.00000000,0.08791516
experiment_05,image_004,calibration,not_applicable,high_band_first,synthetic_recovery_progress,0.26000000,20.00000000,0,0.00000000,0.09443205
experiment_05,image_004,calibration,not_applicable,high_band_first,synthetic_recovery_progress,0.27000000,20.00000000,0,0.00000000,0.10077941
experiment_05,image_004,calibration,not_applicable,high_band_first,synthetic_recovery_progress,0.28000000,20.00000000,0,0.00000000,0.10692293
experiment_05,image_004,calibration,not_applicable,high_band_first,synthetic_recovery_progress,0.29000000,20.00000000,0,0.00000000,0.11283139
experiment_05,image_004,calibration,not_applicable,high_band_first,synthetic_recovery_progress,0.30000000,20.00000000,0,0.00000000,0.11847691
experiment_05,image_004,calibration,not_applicable,high_band_first,synthetic_recovery_progress,0.31000000,20.00000000,0,0.00000000,0.12383523
experiment_05,image_004,calibration,not_applicable,high_band_first,synthetic_recovery_progress,0.32000000,20.00000000,0,0.00000000,0.12888586
experiment_05,image_004,calibration,not_applicable,high_band_first,synthetic_recovery_progress,0.33000000,20.00000000,0,0.00000000,0.13361232
experiment_05,image_004,calibration,not_applicable,high_band_first,synthetic_recovery_progress,0.34000000,20.00000000,0,0.00000000,0.13800221
experiment_05,image_004,calibration,not_applicable,high_band_first,synthetic_recovery_progress,0.35000000,20.00000000,0,0.00000000,0.14204730
experiment_05,image_004,calibration,not_applicable,high_band_first,synthetic_recovery_progress,0.36000000,20.00000000,0,0.00000000,0.14574358
experiment_05,image_004,calibration,not_applicable,high_band_first,synthetic_recovery_progress,0.37000000,20.00000000,0,0.00000000,0.14909119
experiment_05,image_004,calibration,not_applicable,high_band_first,synthetic_recovery_progress,0.38000000,20.00000000,0,0.00000000,0.15209433
experiment_05,image_004,calibration,not_applicable,high_band_first,synthetic_recovery_progress,0.39000000,20.00000000,0,0.00000000,0.15476113
experiment_05,image_004,calibration,not_applicable,high_band_first,synthetic_recovery_progress,0.40000000,20.00000000,0,0.00000000,0.15710337
experiment_05,image_004,calibration,not_applicable,high_band_first,synthetic_recovery_progress,0.41000000,20.00000000,0,0.00000000,0.15913628
experiment_05,image_004,calibration,not_applicable,high_band_first,synthetic_recovery_progress,0.42000000,20.00000000,0,0.00000000,0.16087812
experiment_05,image_004,calibration,not_applicable,high_band_first,synthetic_recovery_progress,0.43000000,20.00000000,0,0.00000000,0.16234988
experiment_05,image_004,calibration,not_applicable,high_band_first,synthetic_recovery_progress,0.44000000,20.00000000,0,0.00000000,0.16357476
experiment_05,image_004,calibration,not_applicable,high_band_first,synthetic_recovery_progress,0.45000000,20.00000000,0,0.00000000,0.16457772
experiment_05,image_004,calibration,not_applicable,high_band_first,synthetic_recovery_progress,0.46000000,20.00000000,0,0.00108592,0.16636027
experiment_05,image_004,calibration,not_applicable,high_band_first,synthetic_recovery_progress,0.47000000,20.00000000,0,0.00457719,0.16987469
experiment_05,image_004,calibration,not_applicable,high_band_first,synthetic_recovery_progress,0.48000000,20.00000000,0,0.01027620,0.17507146
experiment_05,image_004,calibration,not_applicable,high_band_first,synthetic_recovery_progress,0.49000000,20.00000000,0,0.01808700,0.18189887
experiment_05,image_004,calibration,not_applicable,high_band_first,synthetic_recovery_progress,0.50000000,20.00000000,0,0.02791359,0.19030304
experiment_05,image_004,calibration,not_applicable,high_band_first,synthetic_recovery_progress,0.51000000,20.00000000,0,0.03965999,0.20022781
experiment_05,image_004,calibration,not_applicable,high_band_first,synthetic_recovery_progress,0.52000000,20.00000000,0,0.05323023,0.21161441
experiment_05,image_004,calibration,not_applicable,high_band_first,synthetic_recovery_progress,0.53000000,20.00000000,0,0.06852832,0.22440102
experiment_05,image_004,calibration,not_applicable,high_band_first,synthetic_recovery_progress,0.54000000,20.00000000,0,0.08545826,0.23852209
experiment_05,image_004,calibration,not_applicable,high_band_first,synthetic_recovery_progress,0.55000000,20.00000000,0,0.10392407,0.25390746
experiment_05,image_004,calibration,not_applicable,high_band_first,synthetic_recovery_progress,0.56000000,20.00000000,0,0.12382976,0.27048143
experiment_05,image_004,calibration,not_applicable,high_band_first,synthetic_recovery_progress,0.57000000,20.00000000,0,0.14507933,0.28816499
experiment_05,image_004,calibration,not_applicable,high_band_first,synthetic_recovery_progress,0.58000000,20.00000000,0,0.16757680,0.30687884
experiment_05,image_004,calibration,not_applicable,high_band_first,synthetic_recovery_progress,0.59000000,20.00000000,0,0.19122616,0.32654366
experiment_05,image_004,calibration,not_applicable,high_band_first,synthetic_recovery_progress,0.60000000,20.00000000,0,0.21593143,0.34708008
experiment_05,image_004,calibration,not_applicable,high_band_first,synthetic_recovery_progress,0.61000000,20.00000000,0,0.24159661,0.36840869
experiment_05,image_004,calibration,not_applicable,high_band_first,synthetic_recovery_progress,0.62000000,20.00000000,0,0.26812571,0.39045008
experiment_05,image_004,calibration,not_applicable,high_band_first,synthetic_recovery_progress,0.63000000,20.00000000,0,0.29542272,0.41312477
experiment_05,image_004,calibration,not_applicable,high_band_first,synthetic_recovery_progress,0.64000000,20.00000000,0,0.32339164,0.43635330
experiment_05,image_004,calibration,not_applicable,high_band_first,synthetic_recovery_progress,0.65000000,20.00000000,0,0.35193649,0.46005616
experiment_05,image_004,calibration,not_applicable,high_band_first,synthetic_recovery_progress,0.66000000,20.00000000,0,0.38096126,0.48415380
experiment_05,image_004,calibration,not_applicable,high_band_first,synthetic_recovery_progress,0.67000000,20.00000000,0,0.41036995,0.50856667
experiment_05,image_004,calibration,not_applicable,high_band_first,synthetic_recovery_progress,0.68000000,20.00000000,0,0.44006656,0.53321518
experiment_05,image_004,calibration,not_applicable,high_band_first,synthetic_recovery_progress,0.69000000,20.00000000,0,0.46995509,0.55801970
experiment_05,image_004,calibration,not_applicable,high_band_first,synthetic_recovery_progress,0.70000000,20.00000000,0,0.49993954,0.58290058
experiment_05,image_004,calibration,not_applicable,high_band_first,synthetic_recovery_progress,0.71000000,20.00000000,0,0.52992390,0.60777812
experiment_05,image_004,calibration,not_applicable,high_band_first,synthetic_recovery_progress,0.72000000,20.00000000,0,0.55981217,0.63257258
experiment_05,image_004,calibration,not_applicable,high_band_first,synthetic_recovery_progress,0.73000000,20.00000000,0,0.58950834,0.65720415
experiment_05,image_004,calibration,not_applicable,high_band_first,synthetic_recovery_progress,0.74000000,20.00000000,0,0.61891641,0.68159296
experiment_05,image_004,calibration,not_applicable,high_band_first,synthetic_recovery_progress,0.75000000,20.00000000,0,0.64794037,0.70565907
experiment_05,image_004,calibration,not_applicable,high_band_first,synthetic_recovery_progress,0.76000000,20.00000000,0,0.67648419,0.72932242
experiment_05,image_004,calibration,not_applicable,high_band_first,synthetic_recovery_progress,0.77000000,20.00000000,0,0.70445188,0.75250282
experiment_05,image_004,calibration,not_applicable,high_band_first,synthetic_recovery_progress,0.78000000,20.00000000,0,0.73174740,0.77511993
experiment_05,image_004,calibration,not_applicable,high_band_first,synthetic_recovery_progress,0.79000000,20.00000000,0,0.75827472,0.79709315
experiment_05,image_004,calibration,not_applicable,high_band_first,synthetic_recovery_progress,0.80000000,20.00000000,0,0.78393782,0.81834160
experiment_05,image_004,calibration,not_applicable,high_band_first,synthetic_recovery_progress,0.81000000,20.00000000,0,0.80864064,0.83878399
experiment_05,image_004,calibration,not_applicable,high_band_first,synthetic_recovery_progress,0.82000000,20.00000000,0,0.83228712,0.85833846
experiment_05,image_004,calibration,not_applicable,high_band_first,synthetic_recovery_progress,0.83000000,20.00000000,0,0.85478116,0.87692231
experiment_05,image_004,calibration,not_applicable,high_band_first,synthetic_recovery_progress,0.84000000,20.00000000,0,0.87602665,0.89445168
experiment_05,image_004,calibration,not_applicable,high_band_first,synthetic_recovery_progress,0.85000000,20.00000000,0,0.89592739,0.91084092
experiment_05,image_004,calibration,not_applicable,high_band_first,synthetic_recovery_progress,0.86000000,20.00000000,0,0.91438710,0.92600168
experiment_05,image_004,calibration,not_applicable,high_band_first,synthetic_recovery_progress,0.87000000,20.00000000,0,0.93130935,0.93984133
experiment_05,image_004,calibration,not_applicable,high_band_first,synthetic_recovery_progress,0.88000000,20.00000000,0,0.94659740,0.95226043
experiment_05,image_004,calibration,not_applicable,high_band_first,synthetic_recovery_progress,0.89000000,20.00000000,0,0.96015393,0.96314865
experiment_05,image_004,calibration,not_applicable,high_band_first,synthetic_recovery_progress,0.90000000,20.00000000,0,0.97188037,0.97237935
experiment_05,image_004,calibration,not_applicable,high_band_first,synthetic_recovery_progress,0.91000000,20.00000000,0,0.98167502,0.97980798
experiment_05,image_004,calibration,not_applicable,high_band_first,synthetic_recovery_progress,0.92000000,20.00000000,0,0.98942684,0.98530301
experiment_05,image_004,calibration,not_applicable,high_band_first,synthetic_recovery_progress,0.93000000,20.00000000,0,0.99498833,0.98889180
experiment_05,image_004,calibration,not_applicable,high_band_first,synthetic_recovery_progress,0.94000000,20.00000000,0,0.99804593,0.99103549
experiment_05,image_004,calibration,not_applicable,high_band_first,synthetic_recovery_progress,0.95000000,20.00000000,0,0.99870457,0.99257914
experiment_05,image_004,calibration,not_applicable,high_band_first,synthetic_recovery_progress,0.96000000,20.00000000,0,0.99896366,0.99406331
experiment_05,image_004,calibration,not_applicable,high_band_first,synthetic_recovery_progress,0.97000000,20.00000000,0,0.99922274,0.99554748
experiment_05,image_004,calibration,not_applicable,high_band_first,synthetic_recovery_progress,0.98000000,20.00000000,0,0.99948183,0.99703165
experiment_05,image_004,calibration,not_applicable,high_band_first,synthetic_recovery_progress,0.99000000,20.00000000,0,0.99974091,0.99851583
experiment_05,image_004,calibration,not_applicable,high_band_first,synthetic_recovery_progress,1.00000000,20.00000000,0,1.00000000,1.00000000
experiment_05,image_004,calibration,not_applicable,together,synthetic_recovery_progress,0.00000000,20.00000000,0,0.00000000,0.00000000
experiment_05,image_004,calibration,not_applicable,together,synthetic_recovery_progress,0.01000000,20.00000000,0,0.00000000,0.00000000
experiment_05,image_004,calibration,not_applicable,together,synthetic_recovery_progress,0.02000000,20.00000000,0,0.00000000,0.00000000
experiment_05,image_004,calibration,not_applicable,together,synthetic_recovery_progress,0.03000000,20.00000000,0,0.00000000,0.00000000
experiment_05,image_004,calibration,not_applicable,together,synthetic_recovery_progress,0.04000000,20.00000000,0,0.00000000,0.00000000
experiment_05,image_004,calibration,not_applicable,together,synthetic_recovery_progress,0.05000000,20.00000000,0,0.00000000,0.00000000
experiment_05,image_004,calibration,not_applicable,together,synthetic_recovery_progress,0.06000000,20.00000000,0,0.00000000,0.00000000
experiment_05,image_004,calibration,not_applicable,together,synthetic_recovery_progress,0.07000000,20.00000000,0,0.00000000,0.00000000
experiment_05,image_004,calibration,not_applicable,together,synthetic_recovery_progress,0.08000000,20.00000000,0,0.00000000,0.00000000
experiment_05,image_004,calibration,not_applicable,together,synthetic_recovery_progress,0.09000000,20.00000000,0,0.00000000,0.00000000
experiment_05,image_004,calibration,not_applicable,together,synthetic_recovery_progress,0.10000000,20.00000000,0,0.00000000,0.00000000
experiment_05,image_004,calibration,not_applicable,together,synthetic_recovery_progress,0.11000000,20.00000000,0,0.00019874,0.00000000
experiment_05,image_004,calibration,not_applicable,together,synthetic_recovery_progress,0.12000000,20.00000000,0,0.00158323,0.00000000
experiment_05,image_004,calibration,not_applicable,together,synthetic_recovery_progress,0.13000000,20.00000000,0,0.00385807,0.00000000
experiment_05,image_004,calibration,not_applicable,together,synthetic_recovery_progress,0.14000000,20.00000000,0,0.00699983,0.00000000
experiment_05,image_004,calibration,not_applicable,together,synthetic_recovery_progress,0.15000000,20.00000000,0,0.01098510,0.00265966
experiment_05,image_004,calibration,not_applicable,together,synthetic_recovery_progress,0.16000000,20.00000000,0,0.01579045,0.00761577
experiment_05,image_004,calibration,not_applicable,together,synthetic_recovery_progress,0.17000000,20.00000000,0,0.02139246,0.01336176
experiment_05,image_004,calibration,not_applicable,together,synthetic_recovery_progress,0.18000000,20.00000000,0,0.02776770,0.01987461
experiment_05,image_004,calibration,not_applicable,together,synthetic_recovery_progress,0.19000000,20.00000000,0,0.03489275,0.02713124
experiment_05,image_004,calibration,not_applicable,together,synthetic_recovery_progress,0.20000000,20.00000000,0,0.04274418,0.03510856
experiment_05,image_004,calibration,not_applicable,together,synthetic_recovery_progress,0.21000000,20.00000000,0,0.05129857,0.04378343
experiment_05,image_004,calibration,not_applicable,together,synthetic_recovery_progress,0.22000000,20.00000000,0,0.06053248,0.05313271
experiment_05,image_004,calibration,not_applicable,together,synthetic_recovery_progress,0.23000000,20.00000000,0,0.07042248,0.06313321
experiment_05,image_004,calibration,not_applicable,together,synthetic_recovery_progress,0.24000000,20.00000000,0,0.08094515,0.07376175
experiment_05,image_004,calibration,not_applicable,together,synthetic_recovery_progress,0.25000000,20.00000000,0,0.09207706,0.08499510
experiment_05,image_004,calibration,not_applicable,together,synthetic_recovery_progress,0.26000000,20.00000000,0,0.10379477,0.09681002
experiment_05,image_004,calibration,not_applicable,together,synthetic_recovery_progress,0.27000000,20.00000000,0,0.11607484,0.10918327
experiment_05,image_004,calibration,not_applicable,together,synthetic_recovery_progress,0.28000000,20.00000000,0,0.12889386,0.12209158
experiment_05,image_004,calibration,not_applicable,together,synthetic_recovery_progress,0.29000000,20.00000000,0,0.14222838,0.13551166
experiment_05,image_004,calibration,not_applicable,together,synthetic_recovery_progress,0.30000000,20.00000000,0,0.15605498,0.14942021
experiment_05,image_004,calibration,not_applicable,together,synthetic_recovery_progress,0.31000000,20.00000000,0,0.17035022,0.16379394
experiment_05,image_004,calibration,not_applicable,together,synthetic_recovery_progress,0.32000000,20.00000000,0,0.18509066,0.17860951
experiment_05,image_004,calibration,not_applicable,together,synthetic_recovery_progress,0.33000000,20.00000000,0,0.20025287,0.19384360
experiment_05,image_004,calibration,not_applicable,together,synthetic_recovery_progress,0.34000000,20.00000000,0,0.21581342,0.20947286
experiment_05,image_004,calibration,not_applicable,together,synthetic_recovery_progress,0.35000000,20.00000000,0,0.23174887,0.22547394
experiment_05,image_004,calibration,not_applicable,together,synthetic_recovery_progress,0.36000000,20.00000000,0,0.24803579,0.24182347
experiment_05,image_004,calibration,not_applicable,together,synthetic_recovery_progress,0.37000000,20.00000000,0,0.26465074,0.25849808
experiment_05,image_004,calibration,not_applicable,together,synthetic_recovery_progress,0.38000000,20.00000000,0,0.28157028,0.27547439
experiment_05,image_004,calibration,not_applicable,together,synthetic_recovery_progress,0.39000000,20.00000000,0,0.29877099,0.29272901
experiment_05,image_004,calibration,not_applicable,together,synthetic_recovery_progress,0.40000000,20.00000000,0,0.31622941,0.31023852
experiment_05,image_004,calibration,not_applicable,together,synthetic_recovery_progress,0.41000000,20.00000000,0,0.33392212,0.32797952
experiment_05,image_004,calibration,not_applicable,together,synthetic_recovery_progress,0.42000000,20.00000000,0,0.35182568,0.34592859
experiment_05,image_004,calibration,not_applicable,together,synthetic_recovery_progress,0.43000000,20.00000000,0,0.36991665,0.36406229
experiment_05,image_004,calibration,not_applicable,together,synthetic_recovery_progress,0.44000000,20.00000000,0,0.38817159,0.38235719
experiment_05,image_004,calibration,not_applicable,together,synthetic_recovery_progress,0.45000000,20.00000000,0,0.40656707,0.40078982
experiment_05,image_004,calibration,not_applicable,together,synthetic_recovery_progress,0.46000000,20.00000000,0,0.42507965,0.41933672
experiment_05,image_004,calibration,not_applicable,together,synthetic_recovery_progress,0.47000000,20.00000000,0,0.44368588,0.43797442
experiment_05,image_004,calibration,not_applicable,together,synthetic_recovery_progress,0.48000000,20.00000000,0,0.46236233,0.45667942
experiment_05,image_004,calibration,not_applicable,together,synthetic_recovery_progress,0.49000000,20.00000000,0,0.48108556,0.47542822
experiment_05,image_004,calibration,not_applicable,together,synthetic_recovery_progress,0.50000000,20.00000000,0,0.49983212,0.49419729
experiment_05,image_004,calibration,not_applicable,together,synthetic_recovery_progress,0.51000000,20.00000000,0,0.51857859,0.51296311
experiment_05,image_004,calibration,not_applicable,together,synthetic_recovery_progress,0.52000000,20.00000000,0,0.53730151,0.53170211
experiment_05,image_004,calibration,not_applicable,together,synthetic_recovery_progress,0.53000000,20.00000000,0,0.55597744,0.55039072
experiment_05,image_004,calibration,not_applicable,together,synthetic_recovery_progress,0.54000000,20.00000000,0,0.57458294,0.56900533
experiment_05,image_004,calibration,not_applicable,together,synthetic_recovery_progress,0.55000000,20.00000000,0,0.59309457,0.58752231
experiment_05,image_004,calibration,not_applicable,together,synthetic_recovery_progress,0.56000000,20.00000000,0,0.61148889,0.60591802
experiment_05,image_004,calibration,not_applicable,together,synthetic_recovery_progress,0.57000000,20.00000000,0,0.62974243,0.62416875
experiment_05,image_004,calibration,not_applicable,together,synthetic_recovery_progress,0.58000000,20.00000000,0,0.64783177,0.64225077
experiment_05,image_004,calibration,not_applicable,together,synthetic_recovery_progress,0.59000000,20.00000000,0,0.66573344,0.66014030
experiment_05,image_004,calibration,not_applicable,together,synthetic_recovery_progress,0.60000000,20.00000000,0,0.68342400,0.67781351
experiment_05,image_004,calibration,not_applicable,together,synthetic_recovery_progress,0.61000000,20.00000000,0,0.70088000,0.69524651
experiment_05,image_004,calibration,not_applicable,together,synthetic_recovery_progress,0.62000000,20.00000000,0,0.71807797,0.71241531
experiment_05,image_004,calibration,not_applicable,together,synthetic_recovery_progress,0.63000000,20.00000000,0,0.73499446,0.72929587
experiment_05,image_004,calibration,not_applicable,together,synthetic_recovery_progress,0.64000000,20.00000000,0,0.75160601,0.74586402
experiment_05,image_004,calibration,not_applicable,together,synthetic_recovery_progress,0.65000000,20.00000000,0,0.76788914,0.76209548
experiment_05,image_004,calibration,not_applicable,together,synthetic_recovery_progress,0.66000000,20.00000000,0,0.78382039,0.77796581
experiment_05,image_004,calibration,not_applicable,together,synthetic_recovery_progress,0.67000000,20.00000000,0,0.79937627,0.79345039
experiment_05,image_004,calibration,not_applicable,together,synthetic_recovery_progress,0.68000000,20.00000000,0,0.81453329,0.80852439
experiment_05,image_004,calibration,not_applicable,together,synthetic_recovery_progress,0.69000000,20.00000000,0,0.82926796,0.82316268
experiment_05,image_004,calibration,not_applicable,together,synthetic_recovery_progress,0.70000000,20.00000000,0,0.84355674,0.83733984
experiment_05,image_004,calibration,not_applicable,together,synthetic_recovery_progress,0.71000000,20.00000000,0,0.85737612,0.85102999
experiment_05,image_004,calibration,not_applicable,together,synthetic_recovery_progress,0.72000000,20.00000000,0,0.87070253,0.86420677
experiment_05,image_004,calibration,not_applicable,together,synthetic_recovery_progress,0.73000000,20.00000000,0,0.88351238,0.87684314
experiment_05,image_004,calibration,not_applicable,together,synthetic_recovery_progress,0.74000000,20.00000000,0,0.89578202,0.88891127
experiment_05,image_004,calibration,not_applicable,together,synthetic_recovery_progress,0.75000000,20.00000000,0,0.90748777,0.90038231
experiment_05,image_004,calibration,not_applicable,together,synthetic_recovery_progress,0.76000000,20.00000000,0,0.91860585,0.91122613
experiment_05,image_004,calibration,not_applicable,together,synthetic_recovery_progress,0.77000000,20.00000000,0,0.92911233,0.92141106
experiment_05,image_004,calibration,not_applicable,together,synthetic_recovery_progress,0.78000000,20.00000000,0,0.93898315,0.93090358
experiment_05,image_004,calibration,not_applicable,together,synthetic_recovery_progress,0.79000000,20.00000000,0,0.94819394,0.93966808
experiment_05,image_004,calibration,not_applicable,together,synthetic_recovery_progress,0.80000000,20.00000000,0,0.95671990,0.94766697
experiment_05,image_004,calibration,not_applicable,together,synthetic_recovery_progress,0.81000000,20.00000000,0,0.96453557,0.95486149
experiment_05,image_004,calibration,not_applicable,together,synthetic_recovery_progress,0.82000000,20.00000000,0,0.97161426,0.96121419
experiment_05,image_004,calibration,not_applicable,together,synthetic_recovery_progress,0.83000000,20.00000000,0,0.97792716,0.96669452
experiment_05,image_004,calibration,not_applicable,together,synthetic_recovery_progress,0.84000000,20.00000000,0,0.98344144,0.97128955
experiment_05,image_004,calibration,not_applicable,together,synthetic_recovery_progress,0.85000000,20.00000000,0,0.98811609,0.97502068
experiment_05,image_004,calibration,not_applicable,together,synthetic_recovery_progress,0.86000000,20.00000000,0,0.99189325,0.97796270
experiment_05,image_004,calibration,not_applicable,together,synthetic_recovery_progress,0.87000000,20.00000000,0,0.99468366,0.98025432
experiment_05,image_004,calibration,not_applicable,together,synthetic_recovery_progress,0.88000000,20.00000000,0,0.99638537,0.98208661
experiment_05,image_004,calibration,not_applicable,together,synthetic_recovery_progress,0.89000000,20.00000000,0,0.99711240,0.98366542
experiment_05,image_004,calibration,not_applicable,together,synthetic_recovery_progress,0.90000000,20.00000000,0,0.99740915,0.98515827
experiment_05,image_004,calibration,not_applicable,together,synthetic_recovery_progress,0.91000000,20.00000000,0,0.99766823,0.98664245
experiment_05,image_004,calibration,not_applicable,together,synthetic_recovery_progress,0.92000000,20.00000000,0,0.99792732,0.98812662
experiment_05,image_004,calibration,not_applicable,together,synthetic_recovery_progress,0.93000000,20.00000000,0,0.99818640,0.98961079
experiment_05,image_004,calibration,not_applicable,together,synthetic_recovery_progress,0.94000000,20.00000000,0,0.99844549,0.99109496
experiment_05,image_004,calibration,not_applicable,together,synthetic_recovery_progress,0.95000000,20.00000000,0,0.99870457,0.99257914
experiment_05,image_004,calibration,not_applicable,together,synthetic_recovery_progress,0.96000000,20.00000000,0,0.99896366,0.99406331
experiment_05,image_004,calibration,not_applicable,together,synthetic_recovery_progress,0.97000000,20.00000000,0,0.99922274,0.99554748
experiment_05,image_004,calibration,not_applicable,together,synthetic_recovery_progress,0.98000000,20.00000000,0,0.99948183,0.99703165
experiment_05,image_004,calibration,not_applicable,together,synthetic_recovery_progress,0.99000000,20.00000000,0,0.99974091,0.99851583
experiment_05,image_004,calibration,not_applicable,together,synthetic_recovery_progress,1.00000000,20.00000000,0,1.00000000,1.00000000
experiment_05,image_004,calibration,not_applicable,low_band_first,synthetic_recovery_progress,0.00000000,40.00000000,0,0.00000000,0.00000000
experiment_05,image_004,calibration,not_applicable,low_band_first,synthetic_recovery_progress,0.01000000,40.00000000,0,0.00000000,0.00000000
experiment_05,image_004,calibration,not_applicable,low_band_first,synthetic_recovery_progress,0.02000000,40.00000000,0,0.00000000,0.00000000
experiment_05,image_004,calibration,not_applicable,low_band_first,synthetic_recovery_progress,0.03000000,40.00000000,0,0.00000000,0.00000000
experiment_05,image_004,calibration,not_applicable,low_band_first,synthetic_recovery_progress,0.04000000,40.00000000,0,0.00000000,0.00000000
experiment_05,image_004,calibration,not_applicable,low_band_first,synthetic_recovery_progress,0.05000000,40.00000000,0,0.00000000,0.00000000
experiment_05,image_004,calibration,not_applicable,low_band_first,synthetic_recovery_progress,0.06000000,40.00000000,0,0.00002075,0.00000000
experiment_05,image_004,calibration,not_applicable,low_band_first,synthetic_recovery_progress,0.07000000,40.00000000,0,0.00352896,0.00000000
experiment_05,image_004,calibration,not_applicable,low_band_first,synthetic_recovery_progress,0.08000000,40.00000000,0,0.00924267,0.00000000
experiment_05,image_004,calibration,not_applicable,low_band_first,synthetic_recovery_progress,0.09000000,40.00000000,0,0.01706608,0.00000000
experiment_05,image_004,calibration,not_applicable,low_band_first,synthetic_recovery_progress,0.10000000,40.00000000,0,0.02690331,0.00000000
experiment_05,image_004,calibration,not_applicable,low_band_first,synthetic_recovery_progress,0.11000000,40.00000000,0,0.03865848,0.00000000
experiment_05,image_004,calibration,not_applicable,low_band_first,synthetic_recovery_progress,0.12000000,40.00000000,0,0.05223569,0.00000000
experiment_05,image_004,calibration,not_applicable,low_band_first,synthetic_recovery_progress,0.13000000,40.00000000,0,0.06753900,0.00000000
experiment_05,image_004,calibration,not_applicable,low_band_first,synthetic_recovery_progress,0.14000000,40.00000000,0,0.08447247,0.00000000
experiment_05,image_004,calibration,not_applicable,low_band_first,synthetic_recovery_progress,0.15000000,40.00000000,0,0.10294012,0.00000000
experiment_05,image_004,calibration,not_applicable,low_band_first,synthetic_recovery_progress,0.16000000,40.00000000,0,0.12284596,0.00000000
experiment_05,image_004,calibration,not_applicable,low_band_first,synthetic_recovery_progress,0.17000000,40.00000000,0,0.14409399,0.00000000
experiment_05,image_004,calibration,not_applicable,low_band_first,synthetic_recovery_progress,0.18000000,40.00000000,0,0.16658819,0.00000000
experiment_05,image_004,calibration,not_applicable,low_band_first,synthetic_recovery_progress,0.19000000,40.00000000,0,0.19023250,0.00000000
experiment_05,image_004,calibration,not_applicable,low_band_first,synthetic_recovery_progress,0.20000000,40.00000000,0,0.21493086,0.00000000
experiment_05,image_004,calibration,not_applicable,low_band_first,synthetic_recovery_progress,0.21000000,40.00000000,0,0.24058719,0.00000000
experiment_05,image_004,calibration,not_applicable,low_band_first,synthetic_recovery_progress,0.22000000,40.00000000,0,0.26710537,0.00000000
experiment_05,image_004,calibration,not_applicable,low_band_first,synthetic_recovery_progress,0.23000000,40.00000000,0,0.29438928,0.00000000
experiment_05,image_004,calibration,not_applicable,low_band_first,synthetic_recovery_progress,0.24000000,40.00000000,0,0.32234274,0.00000000
experiment_05,image_004,calibration,not_applicable,low_band_first,synthetic_recovery_progress,0.25000000,40.00000000,0,0.35086955,0.00000000
experiment_05,image_004,calibration,not_applicable,low_band_first,synthetic_recovery_progress,0.26000000,40.00000000,0,0.37987346,0.00000000
experiment_05,image_004,calibration,not_applicable,low_band_first,synthetic_recovery_progress,0.27000000,40.00000000,0,0.40925818,0.00000000
experiment_05,image_004,calibration,not_applicable,low_band_first,synthetic_recovery_progress,0.28000000,40.00000000,0,0.43892736,0.00000000
experiment_05,image_004,calibration,not_applicable,low_band_first,synthetic_recovery_progress,0.29000000,40.00000000,0,0.46878458,0.00000000
experiment_05,image_004,calibration,not_applicable,low_band_first,synthetic_recovery_progress,0.30000000,40.00000000,0,0.49873332,0.00000000
experiment_05,image_004,calibration,not_applicable,low_band_first,synthetic_recovery_progress,0.31000000,40.00000000,0,0.52867698,0.00000000
experiment_05,image_004,calibration,not_applicable,low_band_first,synthetic_recovery_progress,0.32000000,40.00000000,0,0.55851878,0.00000000
experiment_05,image_004,calibration,not_applicable,low_band_first,synthetic_recovery_progress,0.33000000,40.00000000,0,0.58816183,0.00000000
experiment_05,image_004,calibration,not_applicable,low_band_first,synthetic_recovery_progress,0.34000000,40.00000000,0,0.61750897,0.00000000
experiment_05,image_004,calibration,not_applicable,low_band_first,synthetic_recovery_progress,0.35000000,40.00000000,0,0.64646281,0.00000000
experiment_05,image_004,calibration,not_applicable,low_band_first,synthetic_recovery_progress,0.36000000,40.00000000,0,0.67492557,0.00000000
experiment_05,image_004,calibration,not_applicable,low_band_first,synthetic_recovery_progress,0.37000000,40.00000000,0,0.70279901,0.00000000
experiment_05,image_004,calibration,not_applicable,low_band_first,synthetic_recovery_progress,0.38000000,40.00000000,0,0.72998424,0.00000000
experiment_05,image_004,calibration,not_applicable,low_band_first,synthetic_recovery_progress,0.39000000,40.00000000,0,0.75638151,0.00000000
experiment_05,image_004,calibration,not_applicable,low_band_first,synthetic_recovery_progress,0.40000000,40.00000000,0,0.78188988,0.00000000
experiment_05,image_004,calibration,not_applicable,low_band_first,synthetic_recovery_progress,0.41000000,40.00000000,0,0.80640670,0.00000000
experiment_05,image_004,calibration,not_applicable,low_band_first,synthetic_recovery_progress,0.42000000,40.00000000,0,0.82982692,0.00000000
experiment_05,image_004,calibration,not_applicable,low_band_first,synthetic_recovery_progress,0.43000000,40.00000000,0,0.85204195,0.00000000
experiment_05,image_004,calibration,not_applicable,low_band_first,synthetic_recovery_progress,0.44000000,40.00000000,0,0.87293788,0.00000000
experiment_05,image_004,calibration,not_applicable,low_band_first,synthetic_recovery_progress,0.45000000,40.00000000,0,0.89239274,0.00000000
experiment_05,image_004,calibration,not_applicable,low_band_first,synthetic_recovery_progress,0.46000000,40.00000000,0,0.91027197,0.00089126
experiment_05,image_004,calibration,not_applicable,low_band_first,synthetic_recovery_progress,0.47000000,40.00000000,0,0.92642144,0.00439008
experiment_05,image_004,calibration,not_applicable,low_band_first,synthetic_recovery_progress,0.48000000,40.00000000,0,0.94065695,0.01009598
experiment_05,image_004,calibration,not_applicable,low_band_first,synthetic_recovery_progress,0.49000000,40.00000000,0,0.95275233,0.01791304
experiment_05,image_004,calibration,not_applicable,low_band_first,synthetic_recovery_progress,0.50000000,40.00000000,0,0.96244030,0.02774534
experiment_05,image_004,calibration,not_applicable,low_band_first,synthetic_recovery_progress,0.51000000,40.00000000,0,0.96947594,0.03949696
experiment_05,image_004,calibration,not_applicable,low_band_first,synthetic_recovery_progress,0.52000000,40.00000000,0,0.97384449,0.05307195
experiment_05,image_004,calibration,not_applicable,low_band_first,synthetic_recovery_progress,0.53000000,40.00000000,0,0.97603442,0.06837436
experiment_05,image_004,calibration,not_applicable,low_band_first,synthetic_recovery_progress,0.54000000,40.00000000,0,0.97696808,0.08530825
experiment_05,image_004,calibration,not_applicable,low_band_first,synthetic_recovery_progress,0.55000000,40.00000000,0,0.97750000,0.10377765
experiment_05,image_004,calibration,not_applicable,low_band_first,synthetic_recovery_progress,0.56000000,40.00000000,0,0.97800000,0.12368659
experiment_05,image_004,calibration,not_applicable,low_band_first,synthetic_recovery_progress,0.57000000,40.00000000,0,0.97850000,0.14493911
experiment_05,image_004,calibration,not_applicable,low_band_first,synthetic_recovery_progress,0.58000000,40.00000000,0,0.97900000,0.16743923
experiment_05,image_004,calibration,not_applicable,low_band_first,synthetic_recovery_progress,0.59000000,40.00000000,0,0.97950000,0.19109098
experiment_05,image_004,calibration,not_applicable,low_band_first,synthetic_recovery_progress,0.60000000,40.00000000,0,0.98000000,0.21579837
experiment_05,image_004,calibration,not_applicable,low_band_first,synthetic_recovery_progress,0.61000000,40.00000000,0,0.98050000,0.24146542
experiment_05,image_004,calibration,not_applicable,low_band_first,synthetic_recovery_progress,0.62000000,40.00000000,0,0.98100000,0.26799615
experiment_05,image_004,calibration,not_applicable,low_band_first,synthetic_recovery_progress,0.63000000,40.00000000,0,0.98150000,0.29529457
experiment_05,image_004,calibration,not_applicable,low_band_first,synthetic_recovery_progress,0.64000000,40.00000000,0,0.98200000,0.32326468
experiment_05,image_004,calibration,not_applicable,low_band_first,synthetic_recovery_progress,0.65000000,40.00000000,0,0.98250000,0.35181049
experiment_05,image_004,calibration,not_applicable,low_band_first,synthetic_recovery_progress,0.66000000,40.00000000,0,0.98300000,0.38083601
experiment_05,image_004,calibration,not_applicable,low_band_first,synthetic_recovery_progress,0.67000000,40.00000000,0,0.98350000,0.41024523
experiment_05,image_004,calibration,not_applicable,low_band_first,synthetic_recovery_progress,0.68000000,40.00000000,0,0.98400000,0.43994216
experiment_05,image_004,calibration,not_applicable,low_band_first,synthetic_recovery_progress,0.69000000,40.00000000,0,0.98450000,0.46983080
experiment_05,image_004,calibration,not_applicable,low_band_first,synthetic_recovery_progress,0.70000000,40.00000000,0,0.98500000,0.49981512
experiment_05,image_004,calibration,not_applicable,low_band_first,synthetic_recovery_progress,0.71000000,40.00000000,0,0.98550000,0.52979912
experiment_05,image_004,calibration,not_applicable,low_band_first,synthetic_recovery_progress,0.72000000,40.00000000,0,0.98600000,0.55968679
experiment_05,image_004,calibration,not_applicable,low_band_first,synthetic_recovery_progress,0.73000000,40.00000000,0,0.98650000,0.58938210
experiment_05,image_004,calibration,not_applicable,low_band_first,synthetic_recovery_progress,0.74000000,40.00000000,0,0.98700000,0.61878902
experiment_05,image_004,calibration,not_applicable,low_band_first,synthetic_recovery_progress,0.75000000,40.00000000,0,0.98750000,0.64781151
experiment_05,image_004,calibration,not_applicable,low_band_first,synthetic_recovery_progress,0.76000000,40.00000000,0,0.98800000,0.67635353
experiment_05,image_004,calibration,not_applicable,low_band_first,synthetic_recovery_progress,0.77000000,40.00000000,0,0.98850000,0.70431901
experiment_05,image_004,calibration,not_applicable,low_band_first,synthetic_recovery_progress,0.78000000,40.00000000,0,0.98900000,0.73161188
experiment_05,image_004,calibration,not_applicable,low_band_first,synthetic_recovery_progress,0.79000000,40.00000000,0,0.98950000,0.75813604
experiment_05,image_004,calibration,not_applicable,low_band_first,synthetic_recovery_progress,0.80000000,40.00000000,0,0.99000000,0.78379534
experiment_05,image_004,calibration,not_applicable,low_band_first,synthetic_recovery_progress,0.81000000,40.00000000,0,0.99050000,0.80849361
experiment_05,image_004,calibration,not_applicable,low_band_first,synthetic_recovery_progress,0.82000000,40.00000000,0,0.99100000,0.83213461
experiment_05,image_004,calibration,not_applicable,low_band_first,synthetic_recovery_progress,0.83000000,40.00000000,0,0.99150000,0.85462201
experiment_05,image_004,calibration,not_applicable,low_band_first,synthetic_recovery_progress,0.84000000,40.00000000,0,0.99200000,0.87585934
experiment_05,image_004,calibration,not_applicable,low_band_first,synthetic_recovery_progress,0.85000000,40.00000000,0,0.99250000,0.89574991
experiment_05,image_004,calibration,not_applicable,low_band_first,synthetic_recovery_progress,0.86000000,40.00000000,0,0.99300000,0.91419669
experiment_05,image_004,calibration,not_applicable,low_band_first,synthetic_recovery_progress,0.87000000,40.00000000,0,0.99350000,0.93110207
experiment_05,image_004,calibration,not_applicable,low_band_first,synthetic_recovery_progress,0.88000000,40.00000000,0,0.99400000,0.94636736
experiment_05,image_004,calibration,not_applicable,low_band_first,synthetic_recovery_progress,0.89000000,40.00000000,0,0.99450000,0.95989181
experiment_05,image_004,calibration,not_applicable,low_band_first,synthetic_recovery_progress,0.90000000,40.00000000,0,0.99500000,0.97157023
experiment_05,image_004,calibration,not_applicable,low_band_first,synthetic_recovery_progress,0.91000000,40.00000000,0,0.99550000,0.98128691
experiment_05,image_004,calibration,not_applicable,low_band_first,synthetic_recovery_progress,0.92000000,40.00000000,0,0.99600000,0.98889713
experiment_05,image_004,calibration,not_applicable,low_band_first,synthetic_recovery_progress,0.93000000,40.00000000,0,0.99650000,0.99416989
experiment_05,image_004,calibration,not_applicable,low_band_first,synthetic_recovery_progress,0.94000000,40.00000000,0,0.99700000,0.99677775
experiment_05,image_004,calibration,not_applicable,low_band_first,synthetic_recovery_progress,0.95000000,40.00000000,0,0.99750000,0.99750000
experiment_05,image_004,calibration,not_applicable,low_band_first,synthetic_recovery_progress,0.96000000,40.00000000,0,0.99800000,0.99800000
experiment_05,image_004,calibration,not_applicable,low_band_first,synthetic_recovery_progress,0.97000000,40.00000000,0,0.99850000,0.99850000
experiment_05,image_004,calibration,not_applicable,low_band_first,synthetic_recovery_progress,0.98000000,40.00000000,0,0.99900000,0.99900000
experiment_05,image_004,calibration,not_applicable,low_band_first,synthetic_recovery_progress,0.99000000,40.00000000,0,0.99950000,0.99950000
experiment_05,image_004,calibration,not_applicable,low_band_first,synthetic_recovery_progress,1.00000000,40.00000000,0,1.00000000,1.00000000
experiment_05,image_004,calibration,not_applicable,high_band_first,synthetic_recovery_progress,0.00000000,40.00000000,0,0.00000000,0.00000000
experiment_05,image_004,calibration,not_applicable,high_band_first,synthetic_recovery_progress,0.01000000,40.00000000,0,0.00000000,0.00000000
experiment_05,image_004,calibration,not_applicable,high_band_first,synthetic_recovery_progress,0.02000000,40.00000000,0,0.00000000,0.00000000
experiment_05,image_004,calibration,not_applicable,high_band_first,synthetic_recovery_progress,0.03000000,40.00000000,0,0.00000000,0.00000000
experiment_05,image_004,calibration,not_applicable,high_band_first,synthetic_recovery_progress,0.04000000,40.00000000,0,0.00000000,0.00000000
experiment_05,image_004,calibration,not_applicable,high_band_first,synthetic_recovery_progress,0.05000000,40.00000000,0,0.00000000,0.00000000
experiment_05,image_004,calibration,not_applicable,high_band_first,synthetic_recovery_progress,0.06000000,40.00000000,0,0.00000000,0.00020427
experiment_05,image_004,calibration,not_applicable,high_band_first,synthetic_recovery_progress,0.07000000,40.00000000,0,0.00000000,0.00371053
experiment_05,image_004,calibration,not_applicable,high_band_first,synthetic_recovery_progress,0.08000000,40.00000000,0,0.00000000,0.00942230
experiment_05,image_004,calibration,not_applicable,high_band_first,synthetic_recovery_progress,0.09000000,40.00000000,0,0.00000000,0.01724375
experiment_05,image_004,calibration,not_applicable,high_band_first,synthetic_recovery_progress,0.10000000,40.00000000,0,0.00000000,0.02707903
experiment_05,image_004,calibration,not_applicable,high_band_first,synthetic_recovery_progress,0.11000000,40.00000000,0,0.00000000,0.03883225
experiment_05,image_004,calibration,not_applicable,high_band_first,synthetic_recovery_progress,0.12000000,40.00000000,0,0.00000000,0.05240750
experiment_05,image_004,calibration,not_applicable,high_band_first,synthetic_recovery_progress,0.13000000,40.00000000,0,0.00000000,0.06770886
experiment_05,image_004,calibration,not_applicable,high_band_first,synthetic_recovery_progress,0.14000000,40.00000000,0,0.00000000,0.08464037
experiment_05,image_004,calibration,not_applicable,high_band_first,synthetic_recovery_progress,0.15000000,40.00000000,0,0.00000000,0.10310607
experiment_05,image_004,calibration,not_applicable,high_band_first,synthetic_recovery_progress,0.16000000,40.00000000,0,0.00000000,0.12300996
experiment_05,image_004,calibration,not_applicable,high_band_first,synthetic_recovery_progress,0.17000000,40.00000000,0,0.00000000,0.14425603
experiment_05,image_004,calibration,not_applicable,high_band_first,synthetic_recovery_progress,0.18000000,40.00000000,0,0.00000000,0.16674826
experiment_05,image_004,calibration,not_applicable,high_band_first,synthetic_recovery_progress,0.19000000,40.00000000,0,0.00000000,0.19039061
experiment_05,image_004,calibration,not_applicable,high_band_first,synthetic_recovery_progress,0.20000000,40.00000000,0,0.00000000,0.21508702
experiment_05,image_004,calibration,not_applicable,high_band_first,synthetic_recovery_progress,0.21000000,40.00000000,0,0.00000000,0.24074139
experiment_05,image_004,calibration,not_applicable,high_band_first,synthetic_recovery_progress,0.22000000,40.00000000,0,0.00000000,0.26725761
experiment_05,image_004,calibration,not_applicable,high_band_first,synthetic_recovery_progress,0.23000000,40.00000000,0,0.00000000,0.29453955
experiment_05,image_004,calibration,not_applicable,high_band_first,synthetic_recovery_progress,0.24000000,40.00000000,0,0.00000000,0.32249105
experiment_05,image_004,calibration,not_applicable,high_band_first,synthetic_recovery_progress,0.25000000,40.00000000,0,0.00000000,0.35101589
experiment_05,image_004,calibration,not_applicable,high_band_first,synthetic_recovery_progress,0.26000000,40.00000000,0,0.00000000,0.38001784
experiment_05,image_004,calibration,not_applicable,high_band_first,synthetic_recovery_progress,0.27000000,40.00000000,0,0.00000000,0.40940059
experiment_05,image_004,calibration,not_applicable,high_band_first,synthetic_recovery_progress,0.28000000,40.00000000,0,0.00000000,0.43906780
experiment_05,image_004,calibration,not_applicable,high_band_first,synthetic_recovery_progress,0.29000000,40.00000000,0,0.00000000,0.46892304
experiment_05,image_004,calibration,not_applicable,high_band_first,synthetic_recovery_progress,0.30000000,40.00000000,0,0.00000000,0.49886981
experiment_05,image_004,calibration,not_applicable,high_band_first,synthetic_recovery_progress,0.31000000,40.00000000,0,0.00000000,0.52881148
experiment_05,image_004,calibration,not_applicable,high_band_first,synthetic_recovery_progress,0.32000000,40.00000000,0,0.00000000,0.55865130
experiment_05,image_004,calibration,not_applicable,high_band_first,synthetic_recovery_progress,0.33000000,40.00000000,0,0.00000000,0.58829235
experiment_05,image_004,calibration,not_applicable,high_band_first,synthetic_recovery_progress,0.34000000,40.00000000,0,0.00000000,0.61763749
experiment_05,image_004,calibration,not_applicable,high_band_first,synthetic_recovery_progress,0.35000000,40.00000000,0,0.00000000,0.64658932
experiment_05,image_004,calibration,not_applicable,high_band_first,synthetic_recovery_progress,0.36000000,40.00000000,0,0.00000000,0.67505006
experiment_05,image_004,calibration,not_applicable,high_band_first,synthetic_recovery_progress,0.37000000,40.00000000,0,0.00000000,0.70292146
experiment_05,image_004,calibration,not_applicable,high_band_first,synthetic_recovery_progress,0.38000000,40.00000000,0,0.00000000,0.73010463
experiment_05,image_004,calibration,not_applicable,high_band_first,synthetic_recovery_progress,0.39000000,40.00000000,0,0.00000000,0.75649981
experiment_05,image_004,calibration,not_applicable,high_band_first,synthetic_recovery_progress,0.40000000,40.00000000,0,0.00000000,0.78200604
experiment_05,image_004,calibration,not_applicable,high_band_first,synthetic_recovery_progress,0.41000000,40.00000000,0,0.00000000,0.80652068
experiment_05,image_004,calibration,not_applicable,high_band_first,synthetic_recovery_progress,0.42000000,40.00000000,0,0.00000000,0.82993864
experiment_05,image_004,calibration,not_applicable,high_band_first,synthetic_recovery_progress,0.43000000,40.00000000,0,0.00000000,0.85215128
experiment_05,image_004,calibration,not_applicable,high_band_first,synthetic_recovery_progress,0.44000000,40.00000000,0,0.00000000,0.87304466
experiment_05,image_004,calibration,not_applicable,high_band_first,synthetic_recovery_progress,0.45000000,40.00000000,0,0.00000000,0.89249668
experiment_05,image_004,calibration,not_applicable,high_band_first,synthetic_recovery_progress,0.46000000,40.00000000,0,0.00078576,0.91037264
experiment_05,image_004,calibration,not_applicable,high_band_first,synthetic_recovery_progress,0.47000000,40.00000000,0,0.00428653,0.92651809
experiment_05,image_004,calibration,not_applicable,high_band_first,synthetic_recovery_progress,0.48000000,40.00000000,0,0.00999438,0.94074832
experiment_05,image_004,calibration,not_applicable,high_band_first,synthetic_recovery_progress,0.49000000,40.00000000,0,0.01781339,0.95283625
experiment_05,image_004,calibration,not_applicable,high_band_first,synthetic_recovery_progress,0.50000000,40.00000000,0,0.02764765,0.96251322
experiment_05,image_004,calibration,not_applicable,high_band_first,synthetic_recovery_progress,0.51000000,40.00000000,0,0.03940122,0.96953302
experiment_05,image_004,calibration,not_applicable,high_band_first,synthetic_recovery_progress,0.52000000,40.00000000,0,0.05297816,0.97388170
experiment_05,image_004,calibration,not_applicable,high_band_first,synthetic_recovery_progress,0.53000000,40.00000000,0,0.06828253,0.97605233
experiment_05,image_004,calibration,not_applicable,high_band_first,synthetic_recovery_progress,0.54000000,40.00000000,0,0.08521837,0.97697271
experiment_05,image_004,calibration,not_applicable,high_band_first,synthetic_recovery_progress,0.55000000,40.00000000,0,0.10368973,0.97750000
experiment_05,image_004,calibration,not_applicable,high_band_first,synthetic_recovery_progress,0.56000000,40.00000000,0,0.12360062,0.97800000
experiment_05,image_004,calibration,not_applicable,high_band_first,synthetic_recovery_progress,0.57000000,40.00000000,0,0.14485510,0.97850000
experiment_05,image_004,calibration,not_applicable,high_band_first,synthetic_recovery_progress,0.58000000,40.00000000,0,0.16735717,0.97900000
experiment_05,image_004,calibration,not_applicable,high_band_first,synthetic_recovery_progress,0.59000000,40.00000000,0,0.19101087,0.97950000
experiment_05,image_004,calibration,not_applicable,high_band_first,synthetic_recovery_progress,0.60000000,40.00000000,0,0.21572022,0.98000000
experiment_05,image_004,calibration,not_applicable,high_band_first,synthetic_recovery_progress,0.61000000,40.00000000,0,0.24138922,0.98050000
experiment_05,image_004,calibration,not_applicable,high_band_first,synthetic_recovery_progress,0.62000000,40.00000000,0,0.26792191,0.98100000
experiment_05,image_004,calibration,not_applicable,high_band_first,synthetic_recovery_progress,0.63000000,40.00000000,0,0.29522227,0.98150000
experiment_05,image_004,calibration,not_applicable,high_band_first,synthetic_recovery_progress,0.64000000,40.00000000,0,0.32319434,0.98200000
experiment_05,image_004,calibration,not_applicable,high_band_first,synthetic_recovery_progress,0.65000000,40.00000000,0,0.35174211,0.98250000
experiment_05,image_004,calibration,not_applicable,high_band_first,synthetic_recovery_progress,0.66000000,40.00000000,0,0.38076958,0.98300000
experiment_05,image_004,calibration,not_applicable,high_band_first,synthetic_recovery_progress,0.67000000,40.00000000,0,0.41018076,0.98350000
experiment_05,image_004,calibration,not_applicable,high_band_first,synthetic_recovery_progress,0.68000000,40.00000000,0,0.43987965,0.98400000
experiment_05,image_004,calibration,not_applicable,high_band_first,synthetic_recovery_progress,0.69000000,40.00000000,0,0.46977023,0.98450000
experiment_05,image_004,calibration,not_applicable,high_band_first,synthetic_recovery_progress,0.70000000,40.00000000,0,0.49975651,0.98500000
experiment_05,image_004,calibration,not_applicable,high_band_first,synthetic_recovery_progress,0.71000000,40.00000000,0,0.52974247,0.98550000
experiment_05,image_004,calibration,not_applicable,high_band_first,synthetic_recovery_progress,0.72000000,40.00000000,0,0.55963209,0.98600000
experiment_05,image_004,calibration,not_applicable,high_band_first,synthetic_recovery_progress,0.73000000,40.00000000,0,0.58932935,0.98650000
experiment_05,image_004,calibration,not_applicable,high_band_first,synthetic_recovery_progress,0.74000000,40.00000000,0,0.61873823,0.98700000
experiment_05,image_004,calibration,not_applicable,high_band_first,synthetic_recovery_progress,0.75000000,40.00000000,0,0.64776268,0.98750000
experiment_05,image_004,calibration,not_applicable,high_band_first,synthetic_recovery_progress,0.76000000,40.00000000,0,0.67630665,0.98800000
experiment_05,image_004,calibration,not_applicable,high_band_first,synthetic_recovery_progress,0.77000000,40.00000000,0,0.70427409,0.98850000
experiment_05,image_004,calibration,not_applicable,high_band_first,synthetic_recovery_progress,0.78000000,40.00000000,0,0.73156892,0.98900000
experiment_05,image_004,calibration,not_applicable,high_band_first,synthetic_recovery_progress,0.79000000,40.00000000,0,0.75809503,0.98950000
experiment_05,image_004,calibration,not_applicable,high_band_first,synthetic_recovery_progress,0.80000000,40.00000000,0,0.78375629,0.99000000
experiment_05,image_004,calibration,not_applicable,high_band_first,synthetic_recovery_progress,0.81000000,40.00000000,0,0.80845652,0.99050000
experiment_05,image_004,calibration,not_applicable,high_band_first,synthetic_recovery_progress,0.82000000,40.00000000,0,0.83209948,0.99100000
experiment_05,image_004,calibration,not_applicable,high_band_first,synthetic_recovery_progress,0.83000000,40.00000000,0,0.85458884,0.99150000
experiment_05,image_004,calibration,not_applicable,high_band_first,synthetic_recovery_progress,0.84000000,40.00000000,0,0.87582813,0.99200000
experiment_05,image_004,calibration,not_applicable,high_band_first,synthetic_recovery_progress,0.85000000,40.00000000,0,0.89572067,0.99250000
experiment_05,image_004,calibration,not_applicable,high_band_first,synthetic_recovery_progress,0.86000000,40.00000000,0,0.91416942,0.99300000
experiment_05,image_004,calibration,not_applicable,high_band_first,synthetic_recovery_progress,0.87000000,40.00000000,0,0.93107678,0.99350000
experiment_05,image_004,calibration,not_applicable,high_band_first,synthetic_recovery_progress,0.88000000,40.00000000,0,0.94634406,0.99400000
experiment_05,image_004,calibration,not_applicable,high_band_first,synthetic_recovery_progress,0.89000000,40.00000000,0,0.95987051,0.99450000
experiment_05,image_004,calibration,not_applicable,high_band_first,synthetic_recovery_progress,0.90000000,40.00000000,0,0.97155099,0.99500000
experiment_05,image_004,calibration,not_applicable,high_band_first,synthetic_recovery_progress,0.91000000,40.00000000,0,0.98126983,0.99550000
experiment_05,image_004,calibration,not_applicable,high_band_first,synthetic_recovery_progress,0.92000000,40.00000000,0,0.98888254,0.99600000
experiment_05,image_004,calibration,not_applicable,high_band_first,synthetic_recovery_progress,0.93000000,40.00000000,0,0.99415894,0.99650000
experiment_05,image_004,calibration,not_applicable,high_band_first,synthetic_recovery_progress,0.94000000,40.00000000,0,0.99677345,0.99700000
experiment_05,image_004,calibration,not_applicable,high_band_first,synthetic_recovery_progress,0.95000000,40.00000000,0,0.99750000,0.99750000
experiment_05,image_004,calibration,not_applicable,high_band_first,synthetic_recovery_progress,0.96000000,40.00000000,0,0.99800000,0.99800000
experiment_05,image_004,calibration,not_applicable,high_band_first,synthetic_recovery_progress,0.97000000,40.00000000,0,0.99850000,0.99850000
experiment_05,image_004,calibration,not_applicable,high_band_first,synthetic_recovery_progress,0.98000000,40.00000000,0,0.99900000,0.99900000
experiment_05,image_004,calibration,not_applicable,high_band_first,synthetic_recovery_progress,0.99000000,40.00000000,0,0.99950000,0.99950000
experiment_05,image_004,calibration,not_applicable,high_band_first,synthetic_recovery_progress,1.00000000,40.00000000,0,1.00000000,1.00000000
experiment_05,image_004,calibration,not_applicable,together,synthetic_recovery_progress,0.00000000,40.00000000,0,0.00000000,0.00000000
experiment_05,image_004,calibration,not_applicable,together,synthetic_recovery_progress,0.01000000,40.00000000,0,0.00000000,0.00000000
experiment_05,image_004,calibration,not_applicable,together,synthetic_recovery_progress,0.02000000,40.00000000,0,0.00000000,0.00000000
experiment_05,image_004,calibration,not_applicable,together,synthetic_recovery_progress,0.03000000,40.00000000,0,0.00000000,0.00000000
experiment_05,image_004,calibration,not_applicable,together,synthetic_recovery_progress,0.04000000,40.00000000,0,0.00000000,0.00000000
experiment_05,image_004,calibration,not_applicable,together,synthetic_recovery_progress,0.05000000,40.00000000,0,0.00000000,0.00000000
experiment_05,image_004,calibration,not_applicable,together,synthetic_recovery_progress,0.06000000,40.00000000,0,0.00000000,0.00000000
experiment_05,image_004,calibration,not_applicable,together,synthetic_recovery_progress,0.07000000,40.00000000,0,0.00000000,0.00000000
experiment_05,image_004,calibration,not_applicable,together,synthetic_recovery_progress,0.08000000,40.00000000,0,0.00000000,0.00000000
experiment_05,image_004,calibration,not_applicable,together,synthetic_recovery_progress,0.09000000,40.00000000,0,0.00000000,0.00000000
experiment_05,image_004,calibration,not_applicable,together,synthetic_recovery_progress,0.10000000,40.00000000,0,0.00000000,0.00000000
experiment_05,image_004,calibration,not_applicable,together,synthetic_recovery_progress,0.11000000,40.00000000,0,0.00000000,0.00000000
experiment_05,image_004,calibration,not_applicable,together,synthetic_recovery_progress,0.12000000,40.00000000,0,0.00082008,0.00099191
experiment_05,image_004,calibration,not_applicable,together,synthetic_recovery_progress,0.13000000,40.00000000,0,0.00310996,0.00327984
experiment_05,image_004,calibration,not_applicable,together,synthetic_recovery_progress,0.14000000,40.00000000,0,0.00626606,0.00643399
experiment_05,image_004,calibration,not_applicable,together,synthetic_recovery_progress,0.15000000,40.00000000,0,0.01026500,0.01043098
experiment_05,image_004,calibration,not_applicable,together,synthetic_recovery_progress,0.16000000,40.00000000,0,0.01508340,0.01524743
experiment_05,image_004,calibration,not_applicable,together,synthetic_recovery_progress,0.17000000,40.00000000,0,0.02069787,0.02085995
experiment_05,image_004,calibration,not_applicable,together,synthetic_recovery_progress,0.18000000,40.00000000,0,0.02708502,0.02724515
experiment_05,image_004,calibration,not_applicable,together,synthetic_recovery_progress,0.19000000,40.00000000,0,0.03422146,0.03437963
experiment_05,image_004,calibration,not_applicable,together,synthetic_recovery_progress,0.20000000,40.00000000,0,0.04208378,0.04224000
experiment_05,image_004,calibration,not_applicable,together,synthetic_recovery_progress,0.21000000,40.00000000,0,0.05064859,0.05080286
experiment_05,image_004,calibration,not_applicable,together,synthetic_recovery_progress,0.22000000,40.00000000,0,0.05989248,0.06004480
experiment_05,image_004,calibration,not_applicable,together,synthetic_recovery_progress,0.23000000,40.00000000,0,0.06979204,0.06994241
experiment_05,image_004,calibration,not_applicable,together,synthetic_recovery_progress,0.24000000,40.00000000,0,0.08032387,0.08047228
experiment_05,image_004,calibration,not_applicable,together,synthetic_recovery_progress,0.25000000,40.00000000,0,0.09146455,0.09161101
experiment_05,image_004,calibration,not_applicable,together,synthetic_recovery_progress,0.26000000,40.00000000,0,0.10319066,0.10333517
experiment_05,image_004,calibration,not_applicable,together,synthetic_recovery_progress,0.27000000,40.00000000,0,0.11547880,0.11562136
experiment_05,image_004,calibration,not_applicable,together,synthetic_recovery_progress,0.28000000,40.00000000,0,0.12830554,0.12844614
experiment_05,image_004,calibration,not_applicable,together,synthetic_recovery_progress,0.29000000,40.00000000,0,0.14164746,0.14178611
experiment_05,image_004,calibration,not_applicable,together,synthetic_recovery_progress,0.30000000,40.00000000,0,0.15548114,0.15561784
experiment_05,image_004,calibration,not_applicable,together,synthetic_recovery_progress,0.31000000,40.00000000,0,0.16978317,0.16991791
experiment_05,image_004,calibration,not_applicable,together,synthetic_recovery_progress,0.32000000,40.00000000,0,0.18453011,0.18466290
experiment_05,image_004,calibration,not_applicable,together,synthetic_recovery_progress,0.33000000,40.00000000,0,0.19969853,0.19982937
experiment_05,image_004,calibration,not_applicable,together,synthetic_recovery_progress,0.34000000,40.00000000,0,0.21526502,0.21539391
experiment_05,image_004,calibration,not_applicable,together,synthetic_recovery_progress,0.35000000,40.00000000,0,0.23120615,0.23133308
experiment_05,image_004,calibration,not_applicable,together,synthetic_recovery_progress,0.36000000,40.00000000,0,0.24749848,0.24762345
experiment_05,image_004,calibration,not_applicable,together,synthetic_recovery_progress,0.37000000,40.00000000,0,0.26411858,0.26424160
experiment_05,image_004,calibration,not_applicable,together,synthetic_recovery_progress,0.38000000,40.00000000,0,0.28104303,0.28116409
experiment_05,image_004,calibration,not_applicable,together,synthetic_recovery_progress,0.39000000,40.00000000,0,0.29824839,0.29836750
experiment_05,image_004,calibration,not_applicable,together,synthetic_recovery_progress,0.40000000,40.00000000,0,0.31571122,0.31582838
experiment_05,image_004,calibration,not_applicable,together,synthetic_recovery_progress,0.41000000,40.00000000,0,0.33340810,0.33352330
experiment_05,image_004,calibration,not_applicable,together,synthetic_recovery_progress,0.42000000,40.00000000,0,0.35131558,0.35142883
experiment_05,image_004,calibration,not_applicable,together,synthetic_recovery_progress,0.43000000,40.00000000,0,0.36941023,0.36952153
experiment_05,image_004,calibration,not_applicable,together,synthetic_recovery_progress,0.44000000,40.00000000,0,0.38766862,0.38777795
experiment_05,image_004,calibration,not_applicable,together,synthetic_recovery_progress,0.45000000,40.00000000,0,0.40606729,0.40617467
experiment_05,image_004,calibration,not_applicable,together,synthetic_recovery_progress,0.46000000,40.00000000,0,0.42458281,0.42468824
experiment_05,image_004,calibration,not_applicable,together,synthetic_recovery_progress,0.47000000,40.00000000,0,0.44319174,0.44329521
experiment_05,image_004,calibration,not_applicable,together,synthetic_recovery_progress,0.48000000,40.00000000,0,0.46187063,0.46197215
experiment_05,image_004,calibration,not_applicable,together,synthetic_recovery_progress,0.49000000,40.00000000,0,0.48059604,0.48069560
experiment_05,image_004,calibration,not_applicable,together,synthetic_recovery_progress,0.50000000,40.00000000,0,0.49934452,0.49944212
experiment_05,image_004,calibration,not_applicable,together,synthetic_recovery_progress,0.51000000,40.00000000,0,0.51809261,0.51818826
experiment_05,image_004,calibration,not_applicable,together,synthetic_recovery_progress,0.52000000,40.00000000,0,0.53681687,0.53691056
experiment_05,image_004,calibration,not_applicable,together,synthetic_recovery_progress,0.53000000,40.00000000,0,0.55549384,0.55558558
experiment_05,image_004,calibration,not_applicable,together,synthetic_recovery_progress,0.54000000,40.00000000,0,0.57410007,0.57418985
experiment_05,image_004,calibration,not_applicable,together,synthetic_recovery_progress,0.55000000,40.00000000,0,0.59261209,0.59269991
experiment_05,image_004,calibration,not_applicable,together,synthetic_recovery_progress,0.56000000,40.00000000,0,0.61100643,0.61109229
experiment_05,image_004,calibration,not_applicable,together,synthetic_recovery_progress,0.57000000,40.00000000,0,0.62925963,0.62934353
experiment_05,image_004,calibration,not_applicable,together,synthetic_recovery_progress,0.58000000,40.00000000,0,0.64734822,0.64743016
experiment_05,image_004,calibration,not_applicable,together,synthetic_recovery_progress,0.59000000,40.00000000,0,0.66524870,0.66532869
experiment_05,image_004,calibration,not_applicable,together,synthetic_recovery_progress,0.60000000,40.00000000,0,0.68293760,0.68301563
experiment_05,image_004,calibration,not_applicable,together,synthetic_recovery_progress,0.61000000,40.00000000,0,0.70039142,0.70046748
experiment_05,image_004,calibration,not_applicable,together,synthetic_recovery_progress,0.62000000,40.00000000,0,0.71758665,0.71766075
experiment_05,image_004,calibration,not_applicable,together,synthetic_recovery_progress,0.63000000,40.00000000,0,0.73449977,0.73457191
experiment_05,image_004,calibration,not_applicable,together,synthetic_recovery_progress,0.64000000,40.00000000,0,0.75110726,0.75117744
experiment_05,image_004,calibration,not_applicable,together,synthetic_recovery_progress,0.65000000,40.00000000,0,0.76738556,0.76745377
experiment_05,image_004,calibration,not_applicable,together,synthetic_recovery_progress,0.66000000,40.00000000,0,0.78331110,0.78337735
experiment_05,image_004,calibration,not_applicable,together,synthetic_recovery_progress,0.67000000,40.00000000,0,0.79886028,0.79892456
experiment_05,image_004,calibration,not_applicable,together,synthetic_recovery_progress,0.68000000,40.00000000,0,0.81400948,0.81407180
experiment_05,image_004,calibration,not_applicable,together,synthetic_recovery_progress,0.69000000,40.00000000,0,0.82873502,0.82879537
experiment_05,image_004,calibration,not_applicable,together,synthetic_recovery_progress,0.70000000,40.00000000,0,0.84301319,0.84307156
experiment_05,image_004,calibration,not_applicable,together,synthetic_recovery_progress,0.71000000,40.00000000,0,0.85682018,0.85687657
experiment_05,image_004,calibration,not_applicable,together,synthetic_recovery_progress,0.72000000,40.00000000,0,0.87013212,0.87018653
experiment_05,image_004,calibration,not_applicable,together,synthetic_recovery_progress,0.73000000,40.00000000,0,0.88292501,0.88297743
experiment_05,image_004,calibration,not_applicable,together,synthetic_recovery_progress,0.74000000,40.00000000,0,0.89517470,0.89522513
experiment_05,image_004,calibration,not_applicable,together,synthetic_recovery_progress,0.75000000,40.00000000,0,0.90685681,0.90690524
experiment_05,image_004,calibration,not_applicable,together,synthetic_recovery_progress,0.76000000,40.00000000,0,0.91794669,0.91799310
experiment_05,image_004,calibration,not_applicable,together,synthetic_recovery_progress,0.77000000,40.00000000,0,0.92841924,0.92846361
experiment_05,image_004,calibration,not_applicable,together,synthetic_recovery_progress,0.78000000,40.00000000,0,0.93824876,0.93829108
experiment_05,image_004,calibration,not_applicable,together,synthetic_recovery_progress,0.79000000,40.00000000,0,0.94740865,0.94744887
experiment_05,image_004,calibration,not_applicable,together,synthetic_recovery_progress,0.80000000,40.00000000,0,0.95587091,0.95590899
experiment_05,image_004,calibration,not_applicable,together,synthetic_recovery_progress,0.81000000,40.00000000,0,0.96360541,0.96364126
experiment_05,image_004,calibration,not_applicable,together,synthetic_recovery_progress,0.82000000,40.00000000,0,0.97057852,0.97061202
experiment_05,image_004,calibration,not_applicable,together,synthetic_recovery_progress,0.83000000,40.00000000,0,0.97675104,0.97678197
experiment_05,image_004,calibration,not_applicable,together,synthetic_recovery_progress,0.84000000,40.00000000,0,0.98207465,0.98210264
experiment_05,image_004,calibration,not_applicable,together,synthetic_recovery_progress,0.85000000,40.00000000,0,0.98648772,0.98651211
experiment_05,image_004,calibration,not_applicable,together,synthetic_recovery_progress,0.86000000,40.00000000,0,0.98991595,0.98993564
experiment_05,image_004,calibration,not_applicable,together,synthetic_recovery_progress,0.87000000,40.00000000,0,0.99230356,0.99231715
experiment_05,image_004,calibration,not_applicable,together,synthetic_recovery_progress,0.88000000,40.00000000,0,0.99372093,0.99372782
experiment_05,image_004,calibration,not_applicable,together,synthetic_recovery_progress,0.89000000,40.00000000,0,0.99447982,0.99448163
experiment_05,image_004,calibration,not_applicable,together,synthetic_recovery_progress,0.90000000,40.00000000,0,0.99500000,0.99500000
experiment_05,image_004,calibration,not_applicable,together,synthetic_recovery_progress,0.91000000,40.00000000,0,0.99550000,0.99550000
experiment_05,image_004,calibration,not_applicable,together,synthetic_recovery_progress,0.92000000,40.00000000,0,0.99600000,0.99600000
experiment_05,image_004,calibration,not_applicable,together,synthetic_recovery_progress,0.93000000,40.00000000,0,0.99650000,0.99650000
experiment_05,image_004,calibration,not_applicable,together,synthetic_recovery_progress,0.94000000,40.00000000,0,0.99700000,0.99700000
experiment_05,image_004,calibration,not_applicable,together,synthetic_recovery_progress,0.95000000,40.00000000,0,0.99750000,0.99750000
experiment_05,image_004,calibration,not_applicable,together,synthetic_recovery_progress,0.96000000,40.00000000,0,0.99800000,0.99800000
experiment_05,image_004,calibration,not_applicable,together,synthetic_recovery_progress,0.97000000,40.00000000,0,0.99850000,0.99850000
experiment_05,image_004,calibration,not_applicable,together,synthetic_recovery_progress,0.98000000,40.00000000,0,0.99900000,0.99900000
experiment_05,image_004,calibration,not_applicable,together,synthetic_recovery_progress,0.99000000,40.00000000,0,0.99950000,0.99950000
experiment_05,image_004,calibration,not_applicable,together,synthetic_recovery_progress,1.00000000,40.00000000,0,1.00000000,1.00000000
experiment_05,image_004,calibration,not_applicable,low_band_first,synthetic_recovery_progress,0.00000000,80.00000000,0,0.00000000,0.00000000
experiment_05,image_004,calibration,not_applicable,low_band_first,synthetic_recovery_progress,0.01000000,80.00000000,0,0.00000000,0.00000000
experiment_05,image_004,calibration,not_applicable,low_band_first,synthetic_recovery_progress,0.02000000,80.00000000,0,0.00000000,0.00000000
experiment_05,image_004,calibration,not_applicable,low_band_first,synthetic_recovery_progress,0.03000000,80.00000000,0,0.00000000,0.00000000
experiment_05,image_004,calibration,not_applicable,low_band_first,synthetic_recovery_progress,0.04000000,80.00000000,0,0.00000000,0.00000000
experiment_05,image_004,calibration,not_applicable,low_band_first,synthetic_recovery_progress,0.05000000,80.00000000,0,0.00000000,0.00000000
experiment_05,image_004,calibration,not_applicable,low_band_first,synthetic_recovery_progress,0.06000000,80.00000000,0,0.00001722,0.00000000
experiment_05,image_004,calibration,not_applicable,low_band_first,synthetic_recovery_progress,0.07000000,80.00000000,0,0.00345071,0.00000000
experiment_05,image_004,calibration,not_applicable,low_band_first,synthetic_recovery_progress,0.08000000,80.00000000,0,0.00904211,0.00000000
experiment_05,image_004,calibration,not_applicable,low_band_first,synthetic_recovery_progress,0.09000000,80.00000000,0,0.01669685,0.00000000
experiment_05,image_004,calibration,not_applicable,low_band_first,synthetic_recovery_progress,0.10000000,80.00000000,0,0.02632007,0.00000000
experiment_05,image_004,calibration,not_applicable,low_band_first,synthetic_recovery_progress,0.11000000,80.00000000,0,0.03781662,0.00000000
experiment_05,image_004,calibration,not_applicable,low_band_first,synthetic_recovery_progress,0.12000000,80.00000000,0,0.05109107,0.00000000
experiment_05,image_004,calibration,not_applicable,low_band_first,synthetic_recovery_progress,0.13000000,80.00000000,0,0.06604773,0.00000000
experiment_05,image_004,calibration,not_applicable,low_band_first,synthetic_recovery_progress,0.14000000,80.00000000,0,0.08259060,0.00000000
experiment_05,image_004,calibration,not_applicable,low_band_first,synthetic_recovery_progress,0.15000000,80.00000000,0,0.10062341,0.00000000
experiment_05,image_004,calibration,not_applicable,low_band_first,synthetic_recovery_progress,0.16000000,80.00000000,0,0.12004959,0.00000000
experiment_05,image_004,calibration,not_applicable,low_band_first,synthetic_recovery_progress,0.17000000,80.00000000,0,0.14077221,0.00000000
experiment_05,image_004,calibration,not_applicable,low_band_first,synthetic_recovery_progress,0.18000000,80.00000000,0,0.16269398,0.00000000
experiment_05,image_004,calibration,not_applicable,low_band_first,synthetic_recovery_progress,0.19000000,80.00000000,0,0.18571719,0.00000000
experiment_05,image_004,calibration,not_applicable,low_band_first,synthetic_recovery_progress,0.20000000,80.00000000,0,0.20974368,0.00000000
experiment_05,image_004,calibration,not_applicable,low_band_first,synthetic_recovery_progress,0.21000000,80.00000000,0,0.23467474,0.00000000
experiment_05,image_004,calibration,not_applicable,low_band_first,synthetic_recovery_progress,0.22000000,80.00000000,0,0.26041106,0.00000000
experiment_05,image_004,calibration,not_applicable,low_band_first,synthetic_recovery_progress,0.23000000,80.00000000,0,0.28685264,0.00000000
experiment_05,image_004,calibration,not_applicable,low_band_first,synthetic_recovery_progress,0.24000000,80.00000000,0,0.31389864,0.00000000
experiment_05,image_004,calibration,not_applicable,low_band_first,synthetic_recovery_progress,0.25000000,80.00000000,0,0.34144727,0.00000000
experiment_05,image_004,calibration,not_applicable,low_band_first,synthetic_recovery_progress,0.26000000,80.00000000,0,0.36939564,0.00000000
experiment_05,image_004,calibration,not_applicable,low_band_first,synthetic_recovery_progress,0.27000000,80.00000000,0,0.39763949,0.00000000
experiment_05,image_004,calibration,not_applicable,low_band_first,synthetic_recovery_progress,0.28000000,80.00000000,0,0.42607302,0.00000000
experiment_05,image_004,calibration,not_applicable,low_band_first,synthetic_recovery_progress,0.29000000,80.00000000,0,0.45458854,0.00000000
experiment_05,image_004,calibration,not_applicable,low_band_first,synthetic_recovery_progress,0.30000000,80.00000000,0,0.48307614,0.00000000
experiment_05,image_004,calibration,not_applicable,low_band_first,synthetic_recovery_progress,0.31000000,80.00000000,0,0.51142322,0.00000000
experiment_05,image_004,calibration,not_applicable,low_band_first,synthetic_recovery_progress,0.32000000,80.00000000,0,0.53951403,0.00000000
experiment_05,image_004,calibration,not_applicable,low_band_first,synthetic_recovery_progress,0.33000000,80.00000000,0,0.56722901,0.00000000
experiment_05,image_004,calibration,not_applicable,low_band_first,synthetic_recovery_progress,0.34000000,80.00000000,0,0.59444410,0.00000000
experiment_05,image_004,calibration,not_applicable,low_band_first,synthetic_recovery_progress,0.35000000,80.00000000,0,0.62102992,0.00000000
experiment_05,image_004,calibration,not_applicable,low_band_first,synthetic_recovery_progress,0.36000000,80.00000000,0,0.64685095,0.00000000
experiment_05,image_004,calibration,not_applicable,low_band_first,synthetic_recovery_progress,0.37000000,80.00000000,0,0.67176466,0.00000000
experiment_05,image_004,calibration,not_applicable,low_band_first,synthetic_recovery_progress,0.38000000,80.00000000,0,0.69562081,0.00000000
experiment_05,image_004,calibration,not_applicable,low_band_first,synthetic_recovery_progress,0.39000000,80.00000000,0,0.71826131,0.00000000
experiment_05,image_004,calibration,not_applicable,low_band_first,synthetic_recovery_progress,0.40000000,80.00000000,0,0.73952086,0.00000000
experiment_05,image_004,calibration,not_applicable,low_band_first,synthetic_recovery_progress,0.41000000,80.00000000,0,0.75922935,0.00000000
experiment_05,image_004,calibration,not_applicable,low_band_first,synthetic_recovery_progress,0.42000000,80.00000000,0,0.77721695,0.00000000
experiment_05,image_004,calibration,not_applicable,low_band_first,synthetic_recovery_progress,0.43000000,80.00000000,0,0.79332306,0.00000000
experiment_05,image_004,calibration,not_applicable,low_band_first,synthetic_recovery_progress,0.44000000,80.00000000,0,0.80741027,0.00000000
experiment_05,image_004,calibration,not_applicable,low_band_first,synthetic_recovery_progress,0.45000000,80.00000000,0,0.81938315,0.00000000
experiment_05,image_004,calibration,not_applicable,low_band_first,synthetic_recovery_progress,0.46000000,80.00000000,0,0.82935742,0.00000000
experiment_05,image_004,calibration,not_applicable,low_band_first,synthetic_recovery_progress,0.47000000,80.00000000,0,0.83755133,0.00331595
experiment_05,image_004,calibration,not_applicable,low_band_first,synthetic_recovery_progress,0.48000000,80.00000000,0,0.84412543,0.00905386
experiment_05,image_004,calibration,not_applicable,low_band_first,synthetic_recovery_progress,0.49000000,80.00000000,0,0.84931053,0.01690079
experiment_05,image_004,calibration,not_applicable,low_band_first,synthetic_recovery_progress,0.50000000,80.00000000,0,0.85338990,0.02676103
experiment_05,image_004,calibration,not_applicable,low_band_first,synthetic_recovery_progress,0.51000000,80.00000000,0,0.85667321,0.03853882
experiment_05,image_004,calibration,not_applicable,low_band_first,synthetic_recovery_progress,0.52000000,80.00000000,0,0.85946750,0.05213838
experiment_05,image_004,calibration,not_applicable,low_band_first,synthetic_recovery_progress,0.53000000,80.00000000,0,0.86204942,0.06746388
experiment_05,image_004,calibration,not_applicable,low_band_first,synthetic_recovery_progress,0.54000000,80.00000000,0,0.86464052,0.08441949
experiment_05,image_004,calibration,not_applicable,low_band_first,synthetic_recovery_progress,0.55000000,80.00000000,0,0.86738471,0.10290936
experiment_05,image_004,calibration,not_applicable,low_band_first,synthetic_recovery_progress,0.56000000,80.00000000,0,0.87033069,0.12283760
experiment_05,image_004,calibration,not_applicable,low_band_first,synthetic_recovery_progress,0.57000000,80.00000000,0,0.87346998,0.14410833
experiment_05,image_004,calibration,not_applicable,low_band_first,synthetic_recovery_progress,0.58000000,80.00000000,0,0.87678872,0.16662564
experiment_05,image_004,calibration,not_applicable,low_band_first,synthetic_recovery_progress,0.59000000,80.00000000,0,0.88027308,0.19029362
experiment_05,image_004,calibration,not_applicable,low_band_first,synthetic_recovery_progress,0.60000000,80.00000000,0,0.88390917,0.21501632
experiment_05,image_004,calibration,not_applicable,low_band_first,synthetic_recovery_progress,0.61000000,80.00000000,0,0.88768310,0.24069781
experiment_05,image_004,calibration,not_applicable,low_band_first,synthetic_recovery_progress,0.62000000,80.00000000,0,0.89158095,0.26724215
experiment_05,image_004,calibration,not_applicable,low_band_first,synthetic_recovery_progress,0.63000000,80.00000000,0,0.89558881,0.29455337
experiment_05,image_004,calibration,not_applicable,low_band_first,synthetic_recovery_progress,0.64000000,80.00000000,0,0.89969272,0.32253551
experiment_05,image_004,calibration,not_applicable,low_band_first,synthetic_recovery_progress,0.65000000,80.00000000,0,0.90387873,0.35109258
experiment_05,image_004,calibration,not_applicable,low_band_first,synthetic_recovery_progress,0.66000000,80.00000000,0,0.90813285,0.38012860
experiment_05,image_004,calibration,not_applicable,low_band_first,synthetic_recovery_progress,0.67000000,80.00000000,0,0.91244109,0.40954758
experiment_05,image_004,calibration,not_applicable,low_band_first,synthetic_recovery_progress,0.68000000,80.00000000,0,0.91678945,0.43925350
experiment_05,image_004,calibration,not_applicable,low_band_first,synthetic_recovery_progress,0.69000000,80.00000000,0,0.92116389,0.46915036
experiment_05,image_004,calibration,not_applicable,low_band_first,synthetic_recovery_progress,0.70000000,80.00000000,0,0.92555037,0.49914213
experiment_05,image_004,calibration,not_applicable,low_band_first,synthetic_recovery_progress,0.71000000,80.00000000,0,0.92993481,0.52913275
experiment_05,image_004,calibration,not_applicable,low_band_first,synthetic_recovery_progress,0.72000000,80.00000000,0,0.93430312,0.55902617
experiment_05,image_004,calibration,not_applicable,low_band_first,synthetic_recovery_progress,0.73000000,80.00000000,0,0.93864117,0.58872632
experiment_05,image_004,calibration,not_applicable,low_band_first,synthetic_recovery_progress,0.74000000,80.00000000,0,0.94293479,0.61813709
experiment_05,image_004,calibration,not_applicable,low_band_first,synthetic_recovery_progress,0.75000000,80.00000000,0,0.94716977,0.64716234
experiment_05,image_004,calibration,not_applicable,low_band_first,synthetic_recovery_progress,0.76000000,80.00000000,0,0.95133185,0.67570591
experiment_05,image_004,calibration,not_applicable,low_band_first,synthetic_recovery_progress,0.77000000,80.00000000,0,0.95540671,0.70367159
experiment_05,image_004,calibration,not_applicable,low_band_first,synthetic_recovery_progress,0.78000000,80.00000000,0,0.95937991,0.73096309
experiment_05,image_004,calibration,not_applicable,low_band_first,synthetic_recovery_progress,0.79000000,80.00000000,0,0.96323694,0.75748405
experiment_05,image_004,calibration,not_applicable,low_band_first,synthetic_recovery_progress,0.80000000,80.00000000,0,0.96696314,0.78313801
experiment_05,image_004,calibration,not_applicable,low_band_first,synthetic_recovery_progress,0.81000000,80.00000000,0,0.97054365,0.80782833
experiment_05,image_004,calibration,not_applicable,low_band_first,synthetic_recovery_progress,0.82000000,80.00000000,0,0.97396339,0.83145819
experiment_05,image_004,calibration,not_applicable,low_band_first,synthetic_recovery_progress,0.83000000,80.00000000,0,0.97720694,0.85393042
experiment_05,image_004,calibration,not_applicable,low_band_first,synthetic_recovery_progress,0.84000000,80.00000000,0,0.98025848,0.87514739
experiment_05,image_004,calibration,not_applicable,low_band_first,synthetic_recovery_progress,0.85000000,80.00000000,0,0.98310161,0.89501077
experiment_05,image_004,calibration,not_applicable,low_band_first,synthetic_recovery_progress,0.86000000,80.00000000,0,0.98571926,0.91342104
experiment_05,image_004,calibration,not_applicable,low_band_first,synthetic_recovery_progress,0.87000000,80.00000000,0,0.98809353,0.93027676
experiment_05,image_004,calibration,not_applicable,low_band_first,synthetic_recovery_progress,0.88000000,80.00000000,0,0.99020584,0.94547307
experiment_05,image_004,calibration,not_applicable,low_band_first,synthetic_recovery_progress,0.89000000,80.00000000,0,0.99203772,0.95889875
experiment_05,image_004,calibration,not_applicable,low_band_first,synthetic_recovery_progress,0.90000000,80.00000000,0,0.99357340,0.97042991
experiment_05,image_004,calibration,not_applicable,low_band_first,synthetic_recovery_progress,0.91000000,80.00000000,0,0.99480640,0.97991631
experiment_05,image_004,calibration,not_applicable,low_band_first,synthetic_recovery_progress,0.92000000,80.00000000,0,0.99575172,0.98715488
experiment_05,image_004,calibration,not_applicable,low_band_first,synthetic_recovery_progress,0.93000000,80.00000000,0,0.99645976,0.99189191
experiment_05,image_004,calibration,not_applicable,low_band_first,synthetic_recovery_progress,0.94000000,80.00000000,0,0.99701702,0.99420313
experiment_05,image_004,calibration,not_applicable,low_band_first,synthetic_recovery_progress,0.95000000,80.00000000,0,0.99751827,0.99527300
experiment_05,image_004,calibration,not_applicable,low_band_first,synthetic_recovery_progress,0.96000000,80.00000000,0,0.99801461,0.99621840
experiment_05,image_004,calibration,not_applicable,low_band_first,synthetic_recovery_progress,0.97000000,80.00000000,0,0.99851096,0.99716380
experiment_05,image_004,calibration,not_applicable,low_band_first,synthetic_recovery_progress,0.98000000,80.00000000,0,0.99900731,0.99810920
experiment_05,image_004,calibration,not_applicable,low_band_first,synthetic_recovery_progress,0.99000000,80.00000000,0,0.99950365,0.99905460
experiment_05,image_004,calibration,not_applicable,low_band_first,synthetic_recovery_progress,1.00000000,80.00000000,0,1.00000000,1.00000000
experiment_05,image_004,calibration,not_applicable,high_band_first,synthetic_recovery_progress,0.00000000,80.00000000,0,0.00000000,0.00000000
experiment_05,image_004,calibration,not_applicable,high_band_first,synthetic_recovery_progress,0.01000000,80.00000000,0,0.00000000,0.00000000
experiment_05,image_004,calibration,not_applicable,high_band_first,synthetic_recovery_progress,0.02000000,80.00000000,0,0.00000000,0.00000000
experiment_05,image_004,calibration,not_applicable,high_band_first,synthetic_recovery_progress,0.03000000,80.00000000,0,0.00000000,0.00000000
experiment_05,image_004,calibration,not_applicable,high_band_first,synthetic_recovery_progress,0.04000000,80.00000000,0,0.00000000,0.00000000
experiment_05,image_004,calibration,not_applicable,high_band_first,synthetic_recovery_progress,0.05000000,80.00000000,0,0.00000000,0.00000000
experiment_05,image_004,calibration,not_applicable,high_band_first,synthetic_recovery_progress,0.06000000,80.00000000,0,0.00000000,0.00000000
experiment_05,image_004,calibration,not_applicable,high_band_first,synthetic_recovery_progress,0.07000000,80.00000000,0,0.00000000,0.00062887
experiment_05,image_004,calibration,not_applicable,high_band_first,synthetic_recovery_progress,0.08000000,80.00000000,0,0.00000000,0.00638766
experiment_05,image_004,calibration,not_applicable,high_band_first,synthetic_recovery_progress,0.09000000,80.00000000,0,0.00000000,0.01425021
experiment_05,image_004,calibration,not_applicable,high_band_first,synthetic_recovery_progress,0.10000000,80.00000000,0,0.00000000,0.02412103
experiment_05,image_004,calibration,not_applicable,high_band_first,synthetic_recovery_progress,0.11000000,80.00000000,0,0.00000000,0.03590453
experiment_05,image_004,calibration,not_applicable,high_band_first,synthetic_recovery_progress,0.12000000,80.00000000,0,0.00010144,0.04950504
experiment_05,image_004,calibration,not_applicable,high_band_first,synthetic_recovery_progress,0.13000000,80.00000000,0,0.00042938,0.06482680
experiment_05,image_004,calibration,not_applicable,high_band_first,synthetic_recovery_progress,0.14000000,80.00000000,0,0.00078401,0.08177398
experiment_05,image_004,calibration,not_applicable,high_band_first,synthetic_recovery_progress,0.15000000,80.00000000,0,0.00116177,0.10025070
experiment_05,image_004,calibration,not_applicable,high_band_first,synthetic_recovery_progress,0.16000000,80.00000000,0,0.00155908,0.12016100
experiment_05,image_004,calibration,not_applicable,high_band_first,synthetic_recovery_progress,0.17000000,80.00000000,0,0.00197237,0.14140884
experiment_05,image_004,calibration,not_applicable,high_band_first,synthetic_recovery_progress,0.18000000,80.00000000,0,0.00239813,0.16389816
experiment_05,image_004,calibration,not_applicable,high_band_first,synthetic_recovery_progress,0.19000000,80.00000000,0,0.00283293,0.18753278
experiment_05,image_004,calibration,not_applicable,high_band_first,synthetic_recovery_progress,0.20000000,80.00000000,0,0.00327341,0.21221649
experiment_05,image_004,calibration,not_applicable,high_band_first,synthetic_recovery_progress,0.21000000,80.00000000,0,0.00371637,0.23785298
experiment_05,image_004,calibration,not_applicable,high_band_first,synthetic_recovery_progress,0.22000000,80.00000000,0,0.00415872,0.26434587
experiment_05,image_004,calibration,not_applicable,high_band_first,synthetic_recovery_progress,0.23000000,80.00000000,0,0.00459755,0.29159868
experiment_05,image_004,calibration,not_applicable,high_band_first,synthetic_recovery_progress,0.24000000,80.00000000,0,0.00503011,0.31951482
experiment_05,image_004,calibration,not_applicable,high_band_first,synthetic_recovery_progress,0.25000000,80.00000000,0,0.00545386,0.34799758
experiment_05,image_004,calibration,not_applicable,high_band_first,synthetic_recovery_progress,0.26000000,80.00000000,0,0.00586647,0.37695011
experiment_05,image_004,calibration,not_applicable,high_band_first,synthetic_recovery_progress,0.27000000,80.00000000,0,0.00626580,0.40627538
experiment_05,image_004,calibration,not_applicable,high_band_first,synthetic_recovery_progress,0.28000000,80.00000000,0,0.00664997,0.43587617
experiment_05,image_004,calibration,not_applicable,high_band_first,synthetic_recovery_progress,0.29000000,80.00000000,0,0.00701732,0.46565500
experiment_05,image_004,calibration,not_applicable,high_band_first,synthetic_recovery_progress,0.30000000,80.00000000,0,0.00736642,0.49551411
experiment_05,image_004,calibration,not_applicable,high_band_first,synthetic_recovery_progress,0.31000000,80.00000000,0,0.00769612,0.52535536
experiment_05,image_004,calibration,not_applicable,high_band_first,synthetic_recovery_progress,0.32000000,80.00000000,0,0.00800548,0.55508016
experiment_05,image_004,calibration,not_applicable,high_band_first,synthetic_recovery_progress,0.33000000,80.00000000,0,0.00829382,0.58458937
experiment_05,image_004,calibration,not_applicable,high_band_first,synthetic_recovery_progress,0.34000000,80.00000000,0,0.00856071,0.61378312
experiment_05,image_004,calibration,not_applicable,high_band_first,synthetic_recovery_progress,0.35000000,80.00000000,0,0.00880595,0.64256062
experiment_05,image_004,calibration,not_applicable,high_band_first,synthetic_recovery_progress,0.36000000,80.00000000,0,0.00902957,0.67081992
experiment_05,image_004,calibration,not_applicable,high_band_first,synthetic_recovery_progress,0.37000000,80.00000000,0,0.00923184,0.69845754
experiment_05,image_004,calibration,not_applicable,high_band_first,synthetic_recovery_progress,0.38000000,80.00000000,0,0.00941322,0.72536800
experiment_05,image_004,calibration,not_applicable,high_band_first,synthetic_recovery_progress,0.39000000,80.00000000,0,0.00957440,0.75144312
experiment_05,image_004,calibration,not_applicable,high_band_first,synthetic_recovery_progress,0.40000000,80.00000000,0,0.00971622,0.77657115
experiment_05,image_004,calibration,not_applicable,high_band_first,synthetic_recovery_progress,0.41000000,80.00000000,0,0.00983972,0.80063550
experiment_05,image_004,calibration,not_applicable,high_band_first,synthetic_recovery_progress,0.42000000,80.00000000,0,0.00994607,0.82351296
experiment_05,image_004,calibration,not_applicable,high_band_first,synthetic_recovery_progress,0.43000000,80.00000000,0,0.01003659,0.84507131
experiment_05,image_004,calibration,not_applicable,high_band_first,synthetic_recovery_progress,0.44000000,80.00000000,0,0.01011267,0.86516611
experiment_05,image_004,calibration,not_applicable,high_band_first,synthetic_recovery_progress,0.45000000,80.00000000,0,0.01017582,0.88363694
experiment_05,image_004,calibration,not_applicable,high_band_first,synthetic_recovery_progress,0.46000000,80.00000000,0,0.01139839,0.90030362
experiment_05,image_004,calibration,not_applicable,high_band_first,synthetic_recovery_progress,0.47000000,80.00000000,0,0.01488965,0.91496570
experiment_05,image_004,calibration,not_applicable,high_band_first,synthetic_recovery_progress,0.48000000,80.00000000,0,0.02055642,0.92741230
experiment_05,image_004,calibration,not_applicable,high_band_first,synthetic_recovery_progress,0.49000000,80.00000000,0,0.02830538,0.93745691
experiment_05,image_004,calibration,not_applicable,high_band_first,synthetic_recovery_progress,0.50000000,80.00000000,0,0.03804305,0.94501350
experiment_05,image_004,calibration,not_applicable,high_band_first,synthetic_recovery_progress,0.51000000,80.00000000,0,0.04967585,0.95020485
experiment_05,image_004,calibration,not_applicable,high_band_first,synthetic_recovery_progress,0.52000000,80.00000000,0,0.06311001,0.95343211
experiment_05,image_004,calibration,not_applicable,high_band_first,synthetic_recovery_progress,0.53000000,80.00000000,0,0.07825160,0.95531235
experiment_05,image_004,calibration,not_applicable,high_band_first,synthetic_recovery_progress,0.54000000,80.00000000,0,0.09500647,0.95649320
experiment_05,image_004,calibration,not_applicable,high_band_first,synthetic_recovery_progress,0.55000000,80.00000000,0,0.11328019,0.95745698
experiment_05,image_004,calibration,not_applicable,high_band_first,synthetic_recovery_progress,0.56000000,80.00000000,0,0.13297805,0.95840238
experiment_05,image_004,calibration,not_applicable,high_band_first,synthetic_recovery_progress,0.57000000,80.00000000,0,0.15400509,0.95934778
experiment_05,image_004,calibration,not_applicable,high_band_first,synthetic_recovery_progress,0.58000000,80.00000000,0,0.17626639,0.96029318
experiment_05,image_004,calibration,not_applicable,high_band_first,synthetic_recovery_progress,0.59000000,80.00000000,0,0.19966698,0.96123858
experiment_05,image_004,calibration,not_applicable,high_band_first,synthetic_recovery_progress,0.60000000,80.00000000,0,0.22411191,0.96218398
experiment_05,image_004,calibration,not_applicable,high_band_first,synthetic_recovery_progress,0.61000000,80.00000000,0,0.24950624,0.96312938
experiment_05,image_004,calibration,not_applicable,high_band_first,synthetic_recovery_progress,0.62000000,80.00000000,0,0.27575499,0.96407478
experiment_05,image_004,calibration,not_applicable,high_band_first,synthetic_recovery_progress,0.63000000,80.00000000,0,0.30276322,0.96502018
experiment_05,image_004,calibration,not_applicable,high_band_first,synthetic_recovery_progress,0.64000000,80.00000000,0,0.33043594,0.96596558
experiment_05,image_004,calibration,not_applicable,high_band_first,synthetic_recovery_progress,0.65000000,80.00000000,0,0.35867821,0.96691098
experiment_05,image_004,calibration,not_applicable,high_band_first,synthetic_recovery_progress,0.66000000,80.00000000,0,0.38739505,0.96785638
experiment_05,image_004,calibration,not_applicable,high_band_first,synthetic_recovery_progress,0.67000000,80.00000000,0,0.41649149,0.96880178
experiment_05,image_004,calibration,not_applicable,high_band_first,synthetic_recovery_progress,0.68000000,80.00000000,0,0.44587255,0.96974718
experiment_05,image_004,calibration,not_applicable,high_band_first,synthetic_recovery_progress,0.69000000,80.00000000,0,0.47544326,0.97069258
experiment_05,image_004,calibration,not_applicable,high_band_first,synthetic_recovery_progress,0.70000000,80.00000000,0,0.50510863,0.97163798
experiment_05,image_004,calibration,not_applicable,high_band_first,synthetic_recovery_progress,0.71000000,80.00000000,0,0.53477369,0.97258338
experiment_05,image_004,calibration,not_applicable,high_band_first,synthetic_recovery_progress,0.72000000,80.00000000,0,0.56434343,0.97352879
experiment_05,image_004,calibration,not_applicable,high_band_first,synthetic_recovery_progress,0.73000000,80.00000000,0,0.59372288,0.97447419
experiment_05,image_004,calibration,not_applicable,high_band_first,synthetic_recovery_progress,0.74000000,80.00000000,0,0.62281702,0.97541959
experiment_05,image_004,calibration,not_applicable,high_band_first,synthetic_recovery_progress,0.75000000,80.00000000,0,0.65153084,0.97636499
experiment_05,image_004,calibration,not_applicable,high_band_first,synthetic_recovery_progress,0.76000000,80.00000000,0,0.67976933,0.97731039
experiment_05,image_004,calibration,not_applicable,high_band_first,synthetic_recovery_progress,0.77000000,80.00000000,0,0.70743746,0.97825579
experiment_05,image_004,calibration,not_applicable,high_band_first,synthetic_recovery_progress,0.78000000,80.00000000,0,0.73444016,0.97920119
experiment_05,image_004,calibration,not_applicable,high_band_first,synthetic_recovery_progress,0.79000000,80.00000000,0,0.76068237,0.98014659
experiment_05,image_004,calibration,not_applicable,high_band_first,synthetic_recovery_progress,0.80000000,80.00000000,0,0.78606898,0.98109199
experiment_05,image_004,calibration,not_applicable,high_band_first,synthetic_recovery_progress,0.81000000,80.00000000,0,0.81050483,0.98203739
experiment_05,image_004,calibration,not_applicable,high_band_first,synthetic_recovery_progress,0.82000000,80.00000000,0,0.83389473,0.98298279
experiment_05,image_004,calibration,not_applicable,high_band_first,synthetic_recovery_progress,0.83000000,80.00000000,0,0.85614336,0.98392819
experiment_05,image_004,calibration,not_applicable,high_band_first,synthetic_recovery_progress,0.84000000,80.00000000,0,0.87715528,0.98487359
experiment_05,image_004,calibration,not_applicable,high_band_first,synthetic_recovery_progress,0.85000000,80.00000000,0,0.89683484,0.98581899
experiment_05,image_004,calibration,not_applicable,high_band_first,synthetic_recovery_progress,0.86000000,80.00000000,0,0.91508605,0.98676439
experiment_05,image_004,calibration,not_applicable,high_band_first,synthetic_recovery_progress,0.87000000,80.00000000,0,0.93181232,0.98770979
experiment_05,image_004,calibration,not_applicable,high_band_first,synthetic_recovery_progress,0.88000000,80.00000000,0,0.94691600,0.98865519
experiment_05,image_004,calibration,not_applicable,high_band_first,synthetic_recovery_progress,0.89000000,80.00000000,0,0.96029741,0.98960059
experiment_05,image_004,calibration,not_applicable,high_band_first,synthetic_recovery_progress,0.90000000,80.00000000,0,0.97185246,0.99054599
experiment_05,image_004,calibration,not_applicable,high_band_first,synthetic_recovery_progress,0.91000000,80.00000000,0,0.98146661,0.99149140
experiment_05,image_004,calibration,not_applicable,high_band_first,synthetic_recovery_progress,0.92000000,80.00000000,0,0.98899662,0.99243680
experiment_05,image_004,calibration,not_applicable,high_band_first,synthetic_recovery_progress,0.93000000,80.00000000,0,0.99421432,0.99338220
experiment_05,image_004,calibration,not_applicable,high_band_first,synthetic_recovery_progress,0.94000000,80.00000000,0,0.99679850,0.99432760
experiment_05,image_004,calibration,not_applicable,high_band_first,synthetic_recovery_progress,0.95000000,80.00000000,0,0.99751827,0.99527300
experiment_05,image_004,calibration,not_applicable,high_band_first,synthetic_recovery_progress,0.96000000,80.00000000,0,0.99801461,0.99621840
experiment_05,image_004,calibration,not_applicable,high_band_first,synthetic_recovery_progress,0.97000000,80.00000000,0,0.99851096,0.99716380
experiment_05,image_004,calibration,not_applicable,high_band_first,synthetic_recovery_progress,0.98000000,80.00000000,0,0.99900731,0.99810920
experiment_05,image_004,calibration,not_applicable,high_band_first,synthetic_recovery_progress,0.99000000,80.00000000,0,0.99950365,0.99905460
experiment_05,image_004,calibration,not_applicable,high_band_first,synthetic_recovery_progress,1.00000000,80.00000000,0,1.00000000,1.00000000
experiment_05,image_004,calibration,not_applicable,together,synthetic_recovery_progress,0.00000000,80.00000000,0,0.00000000,0.00000000
experiment_05,image_004,calibration,not_applicable,together,synthetic_recovery_progress,0.01000000,80.00000000,0,0.00000000,0.00000000
experiment_05,image_004,calibration,not_applicable,together,synthetic_recovery_progress,0.02000000,80.00000000,0,0.00000000,0.00000000
experiment_05,image_004,calibration,not_applicable,together,synthetic_recovery_progress,0.03000000,80.00000000,0,0.00000000,0.00000000
experiment_05,image_004,calibration,not_applicable,together,synthetic_recovery_progress,0.04000000,80.00000000,0,0.00000000,0.00000000
experiment_05,image_004,calibration,not_applicable,together,synthetic_recovery_progress,0.05000000,80.00000000,0,0.00000000,0.00000000
experiment_05,image_004,calibration,not_applicable,together,synthetic_recovery_progress,0.06000000,80.00000000,0,0.00000000,0.00000000
experiment_05,image_004,calibration,not_applicable,together,synthetic_recovery_progress,0.07000000,80.00000000,0,0.00000000,0.00000000
experiment_05,image_004,calibration,not_applicable,together,synthetic_recovery_progress,0.08000000,80.00000000,0,0.00000000,0.00000000
experiment_05,image_004,calibration,not_applicable,together,synthetic_recovery_progress,0.09000000,80.00000000,0,0.00000000,0.00000000
experiment_05,image_004,calibration,not_applicable,together,synthetic_recovery_progress,0.10000000,80.00000000,0,0.00000000,0.00000000
experiment_05,image_004,calibration,not_applicable,together,synthetic_recovery_progress,0.11000000,80.00000000,0,0.00000000,0.00000000
experiment_05,image_004,calibration,not_applicable,together,synthetic_recovery_progress,0.12000000,80.00000000,0,0.00083940,0.00000000
experiment_05,image_004,calibration,not_applicable,together,synthetic_recovery_progress,0.13000000,80.00000000,0,0.00312894,0.00056591
experiment_05,image_004,calibration,not_applicable,together,synthetic_recovery_progress,0.14000000,80.00000000,0,0.00628471,0.00377136
experiment_05,image_004,calibration,not_applicable,together,synthetic_recovery_progress,0.15000000,80.00000000,0,0.01028333,0.00781731
experiment_05,image_004,calibration,not_applicable,together,synthetic_recovery_progress,0.16000000,80.00000000,0,0.01510142,0.01268054
experiment_05,image_004,calibration,not_applicable,together,synthetic_recovery_progress,0.17000000,80.00000000,0,0.02071560,0.01833778
experiment_05,image_004,calibration,not_applicable,together,synthetic_recovery_progress,0.18000000,80.00000000,0,0.02710246,0.02476576
experiment_05,image_004,calibration,not_applicable,together,synthetic_recovery_progress,0.19000000,80.00000000,0,0.03423862,0.03194120
experiment_05,image_004,calibration,not_applicable,together,synthetic_recovery_progress,0.20000000,80.00000000,0,0.04210068,0.03984080
experiment_05,image_004,calibration,not_applicable,together,synthetic_recovery_progress,0.21000000,80.00000000,0,0.05066524,0.04844124
experiment_05,image_004,calibration,not_applicable,together,synthetic_recovery_progress,0.22000000,80.00000000,0,0.05990888,0.05771921
experiment_05,image_004,calibration,not_applicable,together,synthetic_recovery_progress,0.23000000,80.00000000,0,0.06980821,0.06765138
experiment_05,image_004,calibration,not_applicable,together,synthetic_recovery_progress,0.24000000,80.00000000,0,0.08033981,0.07821441
experiment_05,image_004,calibration,not_applicable,together,synthetic_recovery_progress,0.25000000,80.00000000,0,0.09148026,0.08938494
experiment_05,image_004,calibration,not_applicable,together,synthetic_recovery_progress,0.26000000,80.00000000,0,0.10320616,0.10113963
experiment_05,image_004,calibration,not_applicable,together,synthetic_recovery_progress,0.27000000,80.00000000,0,0.11549409,0.11345512
experiment_05,image_004,calibration,not_applicable,together,synthetic_recovery_progress,0.28000000,80.00000000,0,0.12832063,0.12630803
experiment_05,image_004,calibration,not_applicable,together,synthetic_recovery_progress,0.29000000,80.00000000,0,0.14166236,0.13967499
experiment_05,image_004,calibration,not_applicable,together,synthetic_recovery_progress,0.30000000,80.00000000,0,0.15549586,0.15353262
experiment_05,image_004,calibration,not_applicable,together,synthetic_recovery_progress,0.31000000,80.00000000,0,0.16979770,0.16785753
experiment_05,image_004,calibration,not_applicable,together,synthetic_recovery_progress,0.32000000,80.00000000,0,0.18454446,0.18262634
experiment_05,image_004,calibration,not_applicable,together,synthetic_recovery_progress,0.33000000,80.00000000,0,0.19971272,0.19781565
experiment_05,image_004,calibration,not_applicable,together,synthetic_recovery_progress,0.34000000,80.00000000,0,0.21527904,0.21340207
experiment_05,image_004,calibration,not_applicable,together,synthetic_recovery_progress,0.35000000,80.00000000,0,0.23122000,0.22936218
experiment_05,image_004,calibration,not_applicable,together,synthetic_recovery_progress,0.36000000,80.00000000,0,0.24751218,0.24567258
experiment_05,image_004,calibration,not_applicable,together,synthetic_recovery_progress,0.37000000,80.00000000,0,0.26413213,0.26230986
experiment_05,image_004,calibration,not_applicable,together,synthetic_recovery_progress,0.38000000,80.00000000,0,0.28105644,0.27925061
experiment_05,image_004,calibration,not_applicable,together,synthetic_recovery_progress,0.39000000,80.00000000,0,0.29826165,0.29647139
experiment_05,image_004,calibration,not_applicable,together,synthetic_recovery_progress,0.40000000,80.00000000,0,0.31572435,0.31394880
experiment_05,image_004,calibration,not_applicable,together,synthetic_recovery_progress,0.41000000,80.00000000,0,0.33342110,0.33165939
experiment_05,image_004,calibration,not_applicable,together,synthetic_recovery_progress,0.42000000,80.00000000,0,0.35132846,0.34957975
experiment_05,image_004,calibration,not_applicable,together,synthetic_recovery_progress,0.43000000,80.00000000,0,0.36942299,0.36768643
experiment_05,image_004,calibration,not_applicable,together,synthetic_recovery_progress,0.44000000,80.00000000,0,0.38768126,0.38595599
experiment_05,image_004,calibration,not_applicable,together,synthetic_recovery_progress,0.45000000,80.00000000,0,0.40607982,0.40436498
experiment_05,image_004,calibration,not_applicable,together,synthetic_recovery_progress,0.46000000,80.00000000,0,0.42459524,0.42288997
experiment_05,image_004,calibration,not_applicable,together,synthetic_recovery_progress,0.47000000,80.00000000,0,0.44320407,0.44150748
experiment_05,image_004,calibration,not_applicable,together,synthetic_recovery_progress,0.48000000,80.00000000,0,0.46188286,0.46019407
experiment_05,image_004,calibration,not_applicable,together,synthetic_recovery_progress,0.49000000,80.00000000,0,0.48060818,0.47892626
experiment_05,image_004,calibration,not_applicable,together,synthetic_recovery_progress,0.50000000,80.00000000,0,0.49935657,0.49768058
experiment_05,image_004,calibration,not_applicable,together,synthetic_recovery_progress,0.51000000,80.00000000,0,0.51810458,0.51643355
experiment_05,image_004,calibration,not_applicable,together,synthetic_recovery_progress,0.52000000,80.00000000,0,0.53682877,0.53516168
experiment_05,image_004,calibration,not_applicable,together,synthetic_recovery_progress,0.53000000,80.00000000,0,0.55550567,0.55384147
experiment_05,image_004,calibration,not_applicable,together,synthetic_recovery_progress,0.54000000,80.00000000,0,0.57411184,0.57244942
experiment_05,image_004,calibration,not_applicable,together,synthetic_recovery_progress,0.55000000,80.00000000,0,0.59262380,0.59096200
experiment_05,image_004,calibration,not_applicable,together,synthetic_recovery_progress,0.56000000,80.00000000,0,0.61101810,0.60935569
experiment_05,image_004,calibration,not_applicable,together,synthetic_recovery_progress,0.57000000,80.00000000,0,0.62927126,0.62760692
experiment_05,image_004,calibration,not_applicable,together,synthetic_recovery_progress,0.58000000,80.00000000,0,0.64735981,0.64569214
experiment_05,image_004,calibration,not_applicable,together,synthetic_recovery_progress,0.59000000,80.00000000,0,0.66526027,0.66358776
experiment_05,image_004,calibration,not_applicable,together,synthetic_recovery_progress,0.60000000,80.00000000,0,0.68294915,0.68127017
experiment_05,image_004,calibration,not_applicable,together,synthetic_recovery_progress,0.61000000,80.00000000,0,0.70040297,0.69871573
experiment_05,image_004,calibration,not_applicable,together,synthetic_recovery_progress,0.62000000,80.00000000,0,0.71759820,0.71590077
experiment_05,image_004,calibration,not_applicable,together,synthetic_recovery_progress,0.63000000,80.00000000,0,0.73451135,0.73280157
experiment_05,image_004,calibration,not_applicable,together,synthetic_recovery_progress,0.64000000,80.00000000,0,0.75111887,0.74939437
experiment_05,image_004,calibration,not_applicable,together,synthetic_recovery_progress,0.65000000,80.00000000,0,0.76739721,0.76565536
experiment_05,image_004,calibration,not_applicable,together,synthetic_recovery_progress,0.66000000,80.00000000,0,0.78332282,0.78156065
experiment_05,image_004,calibration,not_applicable,together,synthetic_recovery_progress,0.67000000,80.00000000,0,0.79887209,0.79708625
experiment_05,image_004,calibration,not_applicable,together,synthetic_recovery_progress,0.68000000,80.00000000,0,0.81402139,0.81220809
experiment_05,image_004,calibration,not_applicable,together,synthetic_recovery_progress,0.69000000,80.00000000,0,0.82874707,0.82690195
experiment_05,image_004,calibration,not_applicable,together,synthetic_recovery_progress,0.70000000,80.00000000,0,0.84302540,0.84114344
experiment_05,image_004,calibration,not_applicable,together,synthetic_recovery_progress,0.71000000,80.00000000,0,0.85683258,0.85490796
experiment_05,image_004,calibration,not_applicable,together,synthetic_recovery_progress,0.72000000,80.00000000,0,0.87014476,0.86817063
experiment_05,image_004,calibration,not_applicable,together,synthetic_recovery_progress,0.73000000,80.00000000,0,0.88293794,0.88090620
experiment_05,image_004,calibration,not_applicable,together,synthetic_recovery_progress,0.74000000,80.00000000,0,0.89518797,0.89308897
experiment_05,image_004,calibration,not_applicable,together,synthetic_recovery_progress,0.75000000,80.00000000,0,0.90687050,0.90469260
experiment_05,image_004,calibration,not_applicable,together,synthetic_recovery_progress,0.76000000,80.00000000,0,0.91796088,0.91568989
experiment_05,image_004,calibration,not_applicable,together,synthetic_recovery_progress,0.77000000,80.00000000,0,0.92843404,0.92605253
experiment_05,image_004,calibration,not_applicable,together,synthetic_recovery_progress,0.78000000,80.00000000,0,0.93826432,0.93575062
experiment_05,image_004,calibration,not_applicable,together,synthetic_recovery_progress,0.79000000,80.00000000,0,0.94742514,0.94475211
experiment_05,image_004,calibration,not_applicable,together,synthetic_recovery_progress,0.80000000,80.00000000,0,0.95588857,0.95302201
experiment_05,image_004,calibration,not_applicable,together,synthetic_recovery_progress,0.81000000,80.00000000,0,0.96362455,0.96052142
experiment_05,image_004,calibration,not_applicable,together,synthetic_recovery_progress,0.82000000,80.00000000,0,0.97059959,0.96720660
experiment_05,image_004,calibration,not_applicable,together,synthetic_recovery_progress,0.83000000,80.00000000,0,0.97677461,0.97302888
experiment_05,image_004,calibration,not_applicable,together,synthetic_recovery_progress,0.84000000,80.00000000,0,0.98210151,0.97793790
experiment_05,image_004,calibration,not_applicable,together,synthetic_recovery_progress,0.85000000,80.00000000,0,0.98651880,0.98189384
experiment_05,image_004,calibration,not_applicable,together,synthetic_recovery_progress,0.86000000,80.00000000,0,0.98995199,0.98489667
experiment_05,image_004,calibration,not_applicable,together,synthetic_recovery_progress,0.87000000,80.00000000,0,0.99234404,0.98703229
experiment_05,image_004,calibration,not_applicable,together,synthetic_recovery_progress,0.88000000,80.00000000,0,0.99376301,0.98850287
experiment_05,image_004,calibration,not_applicable,together,synthetic_recovery_progress,0.89000000,80.00000000,0,0.99451991,0.98958932
experiment_05,image_004,calibration,not_applicable,together,synthetic_recovery_progress,0.90000000,80.00000000,0,0.99503653,0.99054599
experiment_05,image_004,calibration,not_applicable,together,synthetic_recovery_progress,0.91000000,80.00000000,0,0.99553288,0.99149140
experiment_05,image_004,calibration,not_applicable,together,synthetic_recovery_progress,0.92000000,80.00000000,0,0.99602923,0.99243680
experiment_05,image_004,calibration,not_applicable,together,synthetic_recovery_progress,0.93000000,80.00000000,0,0.99652557,0.99338220
experiment_05,image_004,calibration,not_applicable,together,synthetic_recovery_progress,0.94000000,80.00000000,0,0.99702192,0.99432760
experiment_05,image_004,calibration,not_applicable,together,synthetic_recovery_progress,0.95000000,80.00000000,0,0.99751827,0.99527300
experiment_05,image_004,calibration,not_applicable,together,synthetic_recovery_progress,0.96000000,80.00000000,0,0.99801461,0.99621840
experiment_05,image_004,calibration,not_applicable,together,synthetic_recovery_progress,0.97000000,80.00000000,0,0.99851096,0.99716380
experiment_05,image_004,calibration,not_applicable,together,synthetic_recovery_progress,0.98000000,80.00000000,0,0.99900731,0.99810920
experiment_05,image_004,calibration,not_applicable,together,synthetic_recovery_progress,0.99000000,80.00000000,0,0.99950365,0.99905460
experiment_05,image_004,calibration,not_applicable,together,synthetic_recovery_progress,1.00000000,80.00000000,0,1.00000000,1.00000000
experiment_05,image_005,calibration,not_applicable,low_band_first,synthetic_recovery_progress,0.00000000,20.00000000,0,0.00000000,0.00000000
experiment_05,image_005,calibration,not_applicable,low_band_first,synthetic_recovery_progress,0.01000000,20.00000000,0,0.00000000,0.00000000
experiment_05,image_005,calibration,not_applicable,low_band_first,synthetic_recovery_progress,0.02000000,20.00000000,0,0.00000000,0.00000000
experiment_05,image_005,calibration,not_applicable,low_band_first,synthetic_recovery_progress,0.03000000,20.00000000,0,0.00000000,0.00000000
experiment_05,image_005,calibration,not_applicable,low_band_first,synthetic_recovery_progress,0.04000000,20.00000000,0,0.00000000,0.00000000
experiment_05,image_005,calibration,not_applicable,low_band_first,synthetic_recovery_progress,0.05000000,20.00000000,0,0.00000000,0.00000000
experiment_05,image_005,calibration,not_applicable,low_band_first,synthetic_recovery_progress,0.06000000,20.00000000,0,0.00093789,0.00000000
experiment_05,image_005,calibration,not_applicable,low_band_first,synthetic_recovery_progress,0.07000000,20.00000000,0,0.00443132,0.00012774
experiment_05,image_005,calibration,not_applicable,low_band_first,synthetic_recovery_progress,0.08000000,20.00000000,0,0.01013186,0.00254121
experiment_05,image_005,calibration,not_applicable,low_band_first,synthetic_recovery_progress,0.09000000,20.00000000,0,0.01794356,0.00582207
experiment_05,image_005,calibration,not_applicable,low_band_first,synthetic_recovery_progress,0.10000000,20.00000000,0,0.02777049,0.00991843
experiment_05,image_005,calibration,not_applicable,low_band_first,synthetic_recovery_progress,0.11000000,20.00000000,0,0.03951668,0.01477591
experiment_05,image_005,calibration,not_applicable,low_band_first,synthetic_recovery_progress,0.12000000,20.00000000,0,0.05308616,0.02033793
experiment_05,image_005,calibration,not_applicable,low_band_first,synthetic_recovery_progress,0.13000000,20.00000000,0,0.06838296,0.02654605
experiment_05,image_005,calibration,not_applicable,low_band_first,synthetic_recovery_progress,0.14000000,20.00000000,0,0.08531109,0.03334020
experiment_05,image_005,calibration,not_applicable,low_band_first,synthetic_recovery_progress,0.15000000,20.00000000,0,0.10377458,0.04065896
experiment_05,image_005,calibration,not_applicable,low_band_first,synthetic_recovery_progress,0.16000000,20.00000000,0,0.12367741,0.04843985
experiment_05,image_005,calibration,not_applicable,low_band_first,synthetic_recovery_progress,0.17000000,20.00000000,0,0.14492359,0.05661957
experiment_05,image_005,calibration,not_applicable,low_band_first,synthetic_recovery_progress,0.18000000,20.00000000,0,0.16741711,0.06513428
experiment_05,image_005,calibration,not_applicable,low_band_first,synthetic_recovery_progress,0.19000000,20.00000000,0,0.19106196,0.07391990
experiment_05,image_005,calibration,not_applicable,low_band_first,synthetic_recovery_progress,0.20000000,20.00000000,0,0.21576210,0.08291239
experiment_05,image_005,calibration,not_applicable,low_band_first,synthetic_recovery_progress,0.21000000,20.00000000,0,0.24142152,0.09204811
experiment_05,image_005,calibration,not_applicable,low_band_first,synthetic_recovery_progress,0.22000000,20.00000000,0,0.26794416,0.10126412
experiment_05,image_005,calibration,not_applicable,low_band_first,synthetic_recovery_progress,0.23000000,20.00000000,0,0.29523398,0.11049859
experiment_05,image_005,calibration,not_applicable,low_band_first,synthetic_recovery_progress,0.24000000,20.00000000,0,0.32319492,0.11969117
experiment_05,image_005,calibration,not_applicable,low_band_first,synthetic_recovery_progress,0.25000000,20.00000000,0,0.35173091,0.12878344
experiment_05,image_005,calibration,not_applicable,low_band_first,synthetic_recovery_progress,0.26000000,20.00000000,0,0.38074586,0.13771931
experiment_05,image_005,calibration,not_applicable,low_band_first,synthetic_recovery_progress,0.27000000,20.00000000,0,0.41014365,0.14644550
experiment_05,image_005,calibration,not_applicable,low_band_first,synthetic_recovery_progress,0.28000000,20.00000000,0,0.43982817,0.15491202
experiment_05,image_005,calibration,not_applicable,low_band_first,synthetic_recovery_progress,0.29000000,20.00000000,0,0.46970327,0.16307262
experiment_05,image_005,calibration,not_applicable,low_band_first,synthetic_recovery_progress,0.30000000,20.00000000,0,0.49967274,0.17088527
experiment_05,image_005,calibration,not_applicable,low_band_first,synthetic_recovery_progress,0.31000000,20.00000000,0,0.52964039,0.17831260
experiment_05,image_005,calibration,not_applicable,low_band_first,synthetic_recovery_progress,0.32000000,20.00000000,0,0.55950992,0.18532230
experiment_05,image_005,calibration,not_applicable,low_band_first,synthetic_recovery_progress,0.33000000,20.00000000,0,0.58918500,0.19188752
experiment_05,image_005,calibration,not_applicable,low_band_first,synthetic_recovery_progress,0.34000000,20.00000000,0,0.61856924,0.19798716
experiment_05,image_005,calibration,not_applicable,low_band_first,synthetic_recovery_progress,0.35000000,20.00000000,0,0.64756610,0.20360609
experiment_05,image_005,calibration,not_applicable,low_band_first,synthetic_recovery_progress,0.36000000,20.00000000,0,0.67607894,0.20873534
experiment_05,image_005,calibration,not_applicable,low_band_first,synthetic_recovery_progress,0.37000000,20.00000000,0,0.70401095,0.21337212
experiment_05,image_005,calibration,not_applicable,low_band_first,synthetic_recovery_progress,0.38000000,20.00000000,0,0.73126507,0.21751978
experiment_05,image_005,calibration,not_applicable,low_band_first,synthetic_recovery_progress,0.39000000,20.00000000,0,0.75774390,0.22118764
experiment_05,image_005,calibration,not_applicable,low_band_first,synthetic_recovery_progress,0.40000000,20.00000000,0,0.78334963,0.22439074
experiment_05,image_005,calibration,not_applicable,low_band_first,synthetic_recovery_progress,0.41000000,20.00000000,0,0.80798377,0.22714944
experiment_05,image_005,calibration,not_applicable,low_band_first,synthetic_recovery_progress,0.42000000,20.00000000,0,0.83154693,0.22948892
experiment_05,image_005,calibration,not_applicable,low_band_first,synthetic_recovery_progress,0.43000000,20.00000000,0,0.85393830,0.23143865
experiment_05,image_005,calibration,not_applicable,low_band_first,synthetic_recovery_progress,0.44000000,20.00000000,0,0.87505497,0.23303167
experiment_05,image_005,calibration,not_applicable,low_band_first,synthetic_recovery_progress,0.45000000,20.00000000,0,0.89479065,0.23430386
experiment_05,image_005,calibration,not_applicable,low_band_first,synthetic_recovery_progress,0.46000000,20.00000000,0,0.91303353,0.23619196
experiment_05,image_005,calibration,not_applicable,low_band_first,synthetic_recovery_progress,0.47000000,20.00000000,0,0.92966247,0.23958871
experiment_05,image_005,calibration,not_applicable,low_band_first,synthetic_recovery_progress,0.48000000,20.00000000,0,0.94453983,0.24446341
experiment_05,image_005,calibration,not_applicable,low_band_first,synthetic_recovery_progress,0.49000000,20.00000000,0,0.95749828,0.25078244
experiment_05,image_005,calibration,not_applicable,low_band_first,synthetic_recovery_progress,0.50000000,20.00000000,0,0.96831782,0.25850922
experiment_05,image_005,calibration,not_applicable,low_band_first,synthetic_recovery_progress,0.51000000,20.00000000,0,0.97670022,0.26760396
experiment_05,image_005,calibration,not_applicable,low_band_first,synthetic_recovery_progress,0.52000000,20.00000000,0,0.98232045,0.27802318
experiment_05,image_005,calibration,not_applicable,low_band_first,synthetic_recovery_progress,0.53000000,20.00000000,0,0.98519228,0.28971906
experiment_05,image_005,calibration,not_applicable,low_band_first,synthetic_recovery_progress,0.54000000,20.00000000,0,0.98617864,0.30263837
experiment_05,image_005,calibration,not_applicable,low_band_first,synthetic_recovery_progress,0.55000000,20.00000000,0,0.98652261,0.31672122
experiment_05,image_005,calibration,not_applicable,low_band_first,synthetic_recovery_progress,0.56000000,20.00000000,0,0.98682211,0.33189978
experiment_05,image_005,calibration,not_applicable,low_band_first,synthetic_recovery_progress,0.57000000,20.00000000,0,0.98712161,0.34810146
experiment_05,image_005,calibration,not_applicable,low_band_first,synthetic_recovery_progress,0.58000000,20.00000000,0,0.98742110,0.36525316
experiment_05,image_005,calibration,not_applicable,low_band_first,synthetic_recovery_progress,0.59000000,20.00000000,0,0.98772060,0.38328180
experiment_05,image_005,calibration,not_applicable,low_band_first,synthetic_recovery_progress,0.60000000,20.00000000,0,0.98802010,0.40211427
experiment_05,image_005,calibration,not_applicable,low_band_first,synthetic_recovery_progress,0.61000000,20.00000000,0,0.98831960,0.42167747
experiment_05,image_005,calibration,not_applicable,low_band_first,synthetic_recovery_progress,0.62000000,20.00000000,0,0.98861909,0.44189826
experiment_05,image_005,calibration,not_applicable,low_band_first,synthetic_recovery_progress,0.63000000,20.00000000,0,0.98891859,0.46270355
experiment_05,image_005,calibration,not_applicable,low_band_first,synthetic_recovery_progress,0.64000000,20.00000000,0,0.98921809,0.48402020
experiment_05,image_005,calibration,not_applicable,low_band_first,synthetic_recovery_progress,0.65000000,20.00000000,0,0.98951759,0.50577508
experiment_05,image_005,calibration,not_applicable,low_band_first,synthetic_recovery_progress,0.66000000,20.00000000,0,0.98981708,0.52789505
experiment_05,image_005,calibration,not_applicable,low_band_first,synthetic_recovery_progress,0.67000000,20.00000000,0,0.99011658,0.55030697
experiment_05,image_005,calibration,not_applicable,low_band_first,synthetic_recovery_progress,0.68000000,20.00000000,0,0.99041608,0.57293769
experiment_05,image_005,calibration,not_applicable,low_band_first,synthetic_recovery_progress,0.69000000,20.00000000,0,0.99071558,0.59571406
experiment_05,image_005,calibration,not_applicable,low_band_first,synthetic_recovery_progress,0.70000000,20.00000000,0,0.99101507,0.61856292
experiment_05,image_005,calibration,not_applicable,low_band_first,synthetic_recovery_progress,0.71000000,20.00000000,0,0.99131457,0.64141109
experiment_05,image_005,calibration,not_applicable,low_band_first,synthetic_recovery_progress,0.72000000,20.00000000,0,0.99161407,0.66418540
experiment_05,image_005,calibration,not_applicable,low_band_first,synthetic_recovery_progress,0.73000000,20.00000000,0,0.99191357,0.68681264
experiment_05,image_005,calibration,not_applicable,low_band_first,synthetic_recovery_progress,0.74000000,20.00000000,0,0.99221306,0.70921962
experiment_05,image_005,calibration,not_applicable,low_band_first,synthetic_recovery_progress,0.75000000,20.00000000,0,0.99251256,0.73133311
experiment_05,image_005,calibration,not_applicable,low_band_first,synthetic_recovery_progress,0.76000000,20.00000000,0,0.99281206,0.75307986
experiment_05,image_005,calibration,not_applicable,low_band_first,synthetic_recovery_progress,0.77000000,20.00000000,0,0.99311156,0.77438660
experiment_05,image_005,calibration,not_applicable,low_band_first,synthetic_recovery_progress,0.78000000,20.00000000,0,0.99341105,0.79518002
experiment_05,image_005,calibration,not_applicable,low_band_first,synthetic_recovery_progress,0.79000000,20.00000000,0,0.99371055,0.81538675
experiment_05,image_005,calibration,not_applicable,low_band_first,synthetic_recovery_progress,0.80000000,20.00000000,0,0.99401005,0.83493335
experiment_05,image_005,calibration,not_applicable,low_band_first,synthetic_recovery_progress,0.81000000,20.00000000,0,0.99430955,0.85374632
experiment_05,image_005,calibration,not_applicable,low_band_first,synthetic_recovery_progress,0.82000000,20.00000000,0,0.99460904,0.87175200
experiment_05,image_005,calibration,not_applicable,low_band_first,synthetic_recovery_progress,0.83000000,20.00000000,0,0.99490854,0.88887653
experiment_05,image_005,calibration,not_applicable,low_band_first,synthetic_recovery_progress,0.84000000,20.00000000,0,0.99520804,0.90504580
experiment_05,image_005,calibration,not_applicable,low_band_first,synthetic_recovery_progress,0.85000000,20.00000000,0,0.99550754,0.92018522
experiment_05,image_005,calibration,not_applicable,low_band_first,synthetic_recovery_progress,0.86000000,20.00000000,0,0.99580703,0.93421951
experiment_05,image_005,calibration,not_applicable,low_band_first,synthetic_recovery_progress,0.87000000,20.00000000,0,0.99610653,0.94707219
experiment_05,image_005,calibration,not_applicable,low_band_first,synthetic_recovery_progress,0.88000000,20.00000000,0,0.99640603,0.95866466
experiment_05,image_005,calibration,not_applicable,low_band_first,synthetic_recovery_progress,0.89000000,20.00000000,0,0.99670553,0.96891431
experiment_05,image_005,calibration,not_applicable,low_band_first,synthetic_recovery_progress,0.90000000,20.00000000,0,0.99700502,0.97773042
experiment_05,image_005,calibration,not_applicable,low_band_first,synthetic_recovery_progress,0.91000000,20.00000000,0,0.99730452,0.98500456
experiment_05,image_005,calibration,not_applicable,low_band_first,synthetic_recovery_progress,0.92000000,20.00000000,0,0.99760402,0.99058945
experiment_05,image_005,calibration,not_applicable,low_band_first,synthetic_recovery_progress,0.93000000,20.00000000,0,0.99790352,0.99428078
experiment_05,image_005,calibration,not_applicable,low_band_first,synthetic_recovery_progress,0.94000000,20.00000000,0,0.99820301,0.99605753
experiment_05,image_005,calibration,not_applicable,low_band_first,synthetic_recovery_progress,0.95000000,20.00000000,0,0.99850251,0.99680143
experiment_05,image_005,calibration,not_applicable,low_band_first,synthetic_recovery_progress,0.96000000,20.00000000,0,0.99880201,0.99744114
experiment_05,image_005,calibration,not_applicable,low_band_first,synthetic_recovery_progress,0.97000000,20.00000000,0,0.99910151,0.99808086
experiment_05,image_005,calibration,not_applicable,low_band_first,synthetic_recovery_progress,0.98000000,20.00000000,0,0.99940100,0.99872057
experiment_05,image_005,calibration,not_applicable,low_band_first,synthetic_recovery_progress,0.99000000,20.00000000,0,0.99970050,0.99936029
experiment_05,image_005,calibration,not_applicable,low_band_first,synthetic_recovery_progress,1.00000000,20.00000000,0,1.00000000,1.00000000
experiment_05,image_005,calibration,not_applicable,high_band_first,synthetic_recovery_progress,0.00000000,20.00000000,0,0.00000000,0.00000000
experiment_05,image_005,calibration,not_applicable,high_band_first,synthetic_recovery_progress,0.01000000,20.00000000,0,0.00000000,0.00000000
experiment_05,image_005,calibration,not_applicable,high_band_first,synthetic_recovery_progress,0.02000000,20.00000000,0,0.00000000,0.00000000
experiment_05,image_005,calibration,not_applicable,high_band_first,synthetic_recovery_progress,0.03000000,20.00000000,0,0.00000000,0.00000000
experiment_05,image_005,calibration,not_applicable,high_band_first,synthetic_recovery_progress,0.04000000,20.00000000,0,0.00000000,0.00000000
experiment_05,image_005,calibration,not_applicable,high_band_first,synthetic_recovery_progress,0.05000000,20.00000000,0,0.00000000,0.00000000
experiment_05,image_005,calibration,not_applicable,high_band_first,synthetic_recovery_progress,0.06000000,20.00000000,0,0.00000000,0.00000000
experiment_05,image_005,calibration,not_applicable,high_band_first,synthetic_recovery_progress,0.07000000,20.00000000,0,0.00000000,0.00087838
experiment_05,image_005,calibration,not_applicable,high_band_first,synthetic_recovery_progress,0.08000000,20.00000000,0,0.00000000,0.00420704
experiment_05,image_005,calibration,not_applicable,high_band_first,synthetic_recovery_progress,0.09000000,20.00000000,0,0.00000000,0.00874241
experiment_05,image_005,calibration,not_applicable,high_band_first,synthetic_recovery_progress,0.10000000,20.00000000,0,0.00000000,0.01441704
experiment_05,image_005,calibration,not_applicable,high_band_first,synthetic_recovery_progress,0.11000000,20.00000000,0,0.00000000,0.02116085
experiment_05,image_005,calibration,not_applicable,high_band_first,synthetic_recovery_progress,0.12000000,20.00000000,0,0.00000000,0.02890134
experiment_05,image_005,calibration,not_applicable,high_band_first,synthetic_recovery_progress,0.13000000,20.00000000,0,0.00000000,0.03756385
experiment_05,image_005,calibration,not_applicable,high_band_first,synthetic_recovery_progress,0.14000000,20.00000000,0,0.00000000,0.04707173
experiment_05,image_005,calibration,not_applicable,high_band_first,synthetic_recovery_progress,0.15000000,20.00000000,0,0.00000000,0.05734656
experiment_05,image_005,calibration,not_applicable,high_band_first,synthetic_recovery_progress,0.16000000,20.00000000,0,0.00000000,0.06830829
experiment_05,image_005,calibration,not_applicable,high_band_first,synthetic_recovery_progress,0.17000000,20.00000000,0,0.00000000,0.07987545
experiment_05,image_005,calibration,not_applicable,high_band_first,synthetic_recovery_progress,0.18000000,20.00000000,0,0.00000000,0.09196531
experiment_05,image_005,calibration,not_applicable,high_band_first,synthetic_recovery_progress,0.19000000,20.00000000,0,0.00000000,0.10449412
experiment_05,image_005,calibration,not_applicable,high_band_first,synthetic_recovery_progress,0.20000000,20.00000000,0,0.00000000,0.11737732
experiment_05,image_005,calibration,not_applicable,high_band_first,synthetic_recovery_progress,0.21000000,20.00000000,0,0.00000000,0.13052980
experiment_05,image_005,calibration,not_applicable,high_band_first,synthetic_recovery_progress,0.22000000,20.00000000,0,0.00000000,0.14386622
experiment_05,image_005,calibration,not_applicable,high_band_first,synthetic_recovery_progress,0.23000000,20.00000000,0,0.00000000,0.15730134
experiment_05,image_005,calibration,not_applicable,high_band_first,synthetic_recovery_progress,0.24000000,20.00000000,0,0.00000000,0.17075047
experiment_05,image_005,calibration,not_applicable,high_band_first,synthetic_recovery_progress,0.25000000,20.00000000,0,0.00000000,0.18412993
experiment_05,image_005,calibration,not_applicable,high_band_first,synthetic_recovery_progress,0.26000000,20.00000000,0,0.00000000,0.19735757
experiment_05,image_005,calibration,not_applicable,high_band_first,synthetic_recovery_progress,0.27000000,20.00000000,0,0.00000000,0.21035343
experiment_05,image_005,calibration,not_applicable,high_band_first,synthetic_recovery_progress,0.28000000,20.00000000,0,0.00000000,0.22304042
experiment_05,image_005,calibration,not_applicable,high_band_first,synthetic_recovery_progress,0.29000000,20.00000000,0,0.00000000,0.23534505
experiment_05,image_005,calibration,not_applicable,high_band_first,synthetic_recovery_progress,0.30000000,20.00000000,0,0.00000000,0.24719829
experiment_05,image_005,calibration,not_applicable,high_band_first,synthetic_recovery_progress,0.31000000,20.00000000,0,0.00000000,0.25853639
experiment_05,image_005,calibration,not_applicable,high_band_first,synthetic_recovery_progress,0.32000000,20.00000000,0,0.00000000,0.26930183
experiment_05,image_005,calibration,not_applicable,high_band_first,synthetic_recovery_progress,0.33000000,20.00000000,0,0.00000000,0.27944411
experiment_05,image_005,calibration,not_applicable,high_band_first,synthetic_recovery_progress,0.34000000,20.00000000,0,0.00000000,0.28892069
experiment_05,image_005,calibration,not_applicable,high_band_first,synthetic_recovery_progress,0.35000000,20.00000000,0,0.00000000,0.29769769
experiment_05,image_005,calibration,not_applicable,high_band_first,synthetic_recovery_progress,0.36000000,20.00000000,0,0.00000000,0.30575057
experiment_05,image_005,calibration,not_applicable,high_band_first,synthetic_recovery_progress,0.37000000,20.00000000,0,0.00000000,0.31306464
experiment_05,image_005,calibration,not_applicable,high_band_first,synthetic_recovery_progress,0.38000000,20.00000000,0,0.00000000,0.31963535
experiment_05,image_005,calibration,not_applicable,high_band_first,synthetic_recovery_progress,0.39000000,20.00000000,0,0.00000000,0.32546836
experiment_05,image_005,calibration,not_applicable,high_band_first,synthetic_recovery_progress,0.40000000,20.00000000,0,0.00000000,0.33057943
experiment_05,image_005,calibration,not_applicable,high_band_first,synthetic_recovery_progress,0.41000000,20.00000000,0,0.00000000,0.33499395
experiment_05,image_005,calibration,not_applicable,high_band_first,synthetic_recovery_progress,0.42000000,20.00000000,0,0.00000000,0.33874631
experiment_05,image_005,calibration,not_applicable,high_band_first,synthetic_recovery_progress,0.43000000,20.00000000,0,0.00000000,0.34187897
experiment_05,image_005,calibration,not_applicable,high_band_first,synthetic_recovery_progress,0.44000000,20.00000000,0,0.00000000,0.34444138
experiment_05,image_005,calibration,not_applicable,high_band_first,synthetic_recovery_progress,0.45000000,20.00000000,0,0.00000000,0.34648862
experiment_05,image_005,calibration,not_applicable,high_band_first,synthetic_recovery_progress,0.46000000,20.00000000,0,0.00113959,0.34884190
experiment_05,image_005,calibration,not_applicable,high_band_first,synthetic_recovery_progress,0.47000000,20.00000000,0,0.00463035,0.35228937
experiment_05,image_005,calibration,not_applicable,high_band_first,synthetic_recovery_progress,0.48000000,20.00000000,0,0.01032878,0.35683672
experiment_05,image_005,calibration,not_applicable,high_band_first,synthetic_recovery_progress,0.49000000,20.00000000,0,0.01813891,0.36248536
experiment_05,image_005,calibration,not_applicable,high_band_first,synthetic_recovery_progress,0.50000000,20.00000000,0,0.02796476,0.36923217
experiment_05,image_005,calibration,not_applicable,high_band_first,synthetic_recovery_progress,0.51000000,20.00000000,0,0.03971037,0.37706901
experiment_05,image_005,calibration,not_applicable,high_band_first,synthetic_recovery_progress,0.52000000,20.00000000,0,0.05327976,0.38598186
experiment_05,image_005,calibration,not_applicable,high_band_first,synthetic_recovery_progress,0.53000000,20.00000000,0,0.06857694,0.39594966
experiment_05,image_005,calibration,not_applicable,high_band_first,synthetic_recovery_progress,0.54000000,20.00000000,0,0.08550593,0.40694262
experiment_05,image_005,calibration,not_applicable,high_band_first,synthetic_recovery_progress,0.55000000,20.00000000,0,0.10397074,0.41892008
experiment_05,image_005,calibration,not_applicable,high_band_first,synthetic_recovery_progress,0.56000000,20.00000000,0,0.12387539,0.43182837
experiment_05,image_005,calibration,not_applicable,high_band_first,synthetic_recovery_progress,0.57000000,20.00000000,0,0.14512389,0.44560605
experiment_05,image_005,calibration,not_applicable,high_band_first,synthetic_recovery_progress,0.58000000,20.00000000,0,0.16762025,0.46019101
experiment_05,image_005,calibration,not_applicable,high_band_first,synthetic_recovery_progress,0.59000000,20.00000000,0,0.19126847,0.47552113
experiment_05,image_005,calibration,not_applicable,high_band_first,synthetic_recovery_progress,0.60000000,20.00000000,0,0.21597256,0.49153429
experiment_05,image_005,calibration,not_applicable,high_band_first,synthetic_recovery_progress,0.61000000,20.00000000,0,0.24163654,0.50816836
experiment_05,image_005,calibration,not_applicable,high_band_first,synthetic_recovery_progress,0.62000000,20.00000000,0,0.26816439,0.52536118
experiment_05,image_005,calibration,not_applicable,high_band_first,synthetic_recovery_progress,0.63000000,20.00000000,0,0.29546014,0.54305063
experiment_05,image_005,calibration,not_applicable,high_band_first,synthetic_recovery_progress,0.64000000,20.00000000,0,0.32342777,0.56117454
experiment_05,image_005,calibration,not_applicable,high_band_first,synthetic_recovery_progress,0.65000000,20.00000000,0,0.35197130,0.57967075
experiment_05,image_005,calibration,not_applicable,high_band_first,synthetic_recovery_progress,0.66000000,20.00000000,0,0.38099472,0.59847710
experiment_05,image_005,calibration,not_applicable,high_band_first,synthetic_recovery_progress,0.67000000,20.00000000,0,0.41040204,0.61753141
experiment_05,image_005,calibration,not_applicable,high_band_first,synthetic_recovery_progress,0.68000000,20.00000000,0,0.44009725,0.63677151
experiment_05,image_005,calibration,not_applicable,high_band_first,synthetic_recovery_progress,0.69000000,20.00000000,0,0.46998435,0.65613521
experiment_05,image_005,calibration,not_applicable,high_band_first,synthetic_recovery_progress,0.70000000,20.00000000,0,0.49996734,0.67556031
experiment_05,image_005,calibration,not_applicable,high_band_first,synthetic_recovery_progress,0.71000000,20.00000000,0,0.52995022,0.69498460
experiment_05,image_005,calibration,not_applicable,high_band_first,synthetic_recovery_progress,0.72000000,20.00000000,0,0.55983698,0.71434587
experiment_05,image_005,calibration,not_applicable,high_band_first,synthetic_recovery_progress,0.73000000,20.00000000,0,0.58953160,0.73358189
experiment_05,image_005,calibration,not_applicable,high_band_first,synthetic_recovery_progress,0.74000000,20.00000000,0,0.61893809,0.75263040
experiment_05,image_005,calibration,not_applicable,high_band_first,synthetic_recovery_progress,0.75000000,20.00000000,0,0.64796043,0.77142914
experiment_05,image_005,calibration,not_applicable,high_band_first,synthetic_recovery_progress,0.76000000,20.00000000,0,0.67650259,0.78991581
experiment_05,image_005,calibration,not_applicable,high_band_first,synthetic_recovery_progress,0.77000000,20.00000000,0,0.70446856,0.80802809
experiment_05,image_005,calibration,not_applicable,high_band_first,synthetic_recovery_progress,0.78000000,20.00000000,0,0.73176232,0.82570361
experiment_05,image_005,calibration,not_applicable,high_band_first,synthetic_recovery_progress,0.79000000,20.00000000,0,0.75828781,0.84287992
experiment_05,image_005,calibration,not_applicable,high_band_first,synthetic_recovery_progress,0.80000000,20.00000000,0,0.78394900,0.85949453
experiment_05,image_005,calibration,not_applicable,high_band_first,synthetic_recovery_progress,0.81000000,20.00000000,0,0.80864982,0.87548482
experiment_05,image_005,calibration,not_applicable,high_band_first,synthetic_recovery_progress,0.82000000,20.00000000,0,0.83229417,0.89078803
experiment_05,image_005,calibration,not_applicable,high_band_first,synthetic_recovery_progress,0.83000000,20.00000000,0,0.85478596,0.90534115
experiment_05,image_005,calibration,not_applicable,high_band_first,synthetic_recovery_progress,0.84000000,20.00000000,0,0.87602899,0.91908087
experiment_05,image_005,calibration,not_applicable,high_band_first,synthetic_recovery_progress,0.85000000,20.00000000,0,0.89592703,0.93194337
experiment_05,image_005,calibration,not_applicable,high_band_first,synthetic_recovery_progress,0.86000000,20.00000000,0,0.91438370,0.94386401
experiment_05,image_005,calibration,not_applicable,high_band_first,synthetic_recovery_progress,0.87000000,20.00000000,0,0.93130241,0.95477678
experiment_05,image_005,calibration,not_applicable,high_band_first,synthetic_recovery_progress,0.88000000,20.00000000,0,0.94658618,0.96461331
experiment_05,image_005,calibration,not_applicable,high_band_first,synthetic_recovery_progress,0.89000000,20.00000000,0,0.96013726,0.97330081
experiment_05,image_005,calibration,not_applicable,high_band_first,synthetic_recovery_progress,0.90000000,20.00000000,0,0.97185622,0.98075780
experiment_05,image_005,calibration,not_applicable,high_band_first,synthetic_recovery_progress,0.91000000,20.00000000,0,0.98163949,0.98688496
experiment_05,image_005,calibration,not_applicable,high_band_first,synthetic_recovery_progress,0.92000000,20.00000000,0,0.98937125,0.99154881
experiment_05,image_005,calibration,not_applicable,high_band_first,synthetic_recovery_progress,0.93000000,20.00000000,0,0.99488942,0.99459038
experiment_05,image_005,calibration,not_applicable,high_band_first,synthetic_recovery_progress,0.94000000,20.00000000,0,0.99785332,0.99608432
experiment_05,image_005,calibration,not_applicable,high_band_first,synthetic_recovery_progress,0.95000000,20.00000000,0,0.99850251,0.99680143
experiment_05,image_005,calibration,not_applicable,high_band_first,synthetic_recovery_progress,0.96000000,20.00000000,0,0.99880201,0.99744114
experiment_05,image_005,calibration,not_applicable,high_band_first,synthetic_recovery_progress,0.97000000,20.00000000,0,0.99910151,0.99808086
experiment_05,image_005,calibration,not_applicable,high_band_first,synthetic_recovery_progress,0.98000000,20.00000000,0,0.99940100,0.99872057
experiment_05,image_005,calibration,not_applicable,high_band_first,synthetic_recovery_progress,0.99000000,20.00000000,0,0.99970050,0.99936029
experiment_05,image_005,calibration,not_applicable,high_band_first,synthetic_recovery_progress,1.00000000,20.00000000,0,1.00000000,1.00000000
experiment_05,image_005,calibration,not_applicable,together,synthetic_recovery_progress,0.00000000,20.00000000,0,0.00000000,0.00000000
experiment_05,image_005,calibration,not_applicable,together,synthetic_recovery_progress,0.01000000,20.00000000,0,0.00000000,0.00000000
experiment_05,image_005,calibration,not_applicable,together,synthetic_recovery_progress,0.02000000,20.00000000,0,0.00000000,0.00000000
experiment_05,image_005,calibration,not_applicable,together,synthetic_recovery_progress,0.03000000,20.00000000,0,0.00000000,0.00000000
experiment_05,image_005,calibration,not_applicable,together,synthetic_recovery_progress,0.04000000,20.00000000,0,0.00000000,0.00000000
experiment_05,image_005,calibration,not_applicable,together,synthetic_recovery_progress,0.05000000,20.00000000,0,0.00000000,0.00000000
experiment_05,image_005,calibration,not_applicable,together,synthetic_recovery_progress,0.06000000,20.00000000,0,0.00000000,0.00000000
experiment_05,image_005,calibration,not_applicable,together,synthetic_recovery_progress,0.07000000,20.00000000,0,0.00000000,0.00000000
experiment_05,image_005,calibration,not_applicable,together,synthetic_recovery_progress,0.08000000,20.00000000,0,0.00000000,0.00000000
experiment_05,image_005,calibration,not_applicable,together,synthetic_recovery_progress,0.09000000,20.00000000,0,0.00000000,0.00000000
experiment_05,image_005,calibration,not_applicable,together,synthetic_recovery_progress,0.10000000,20.00000000,0,0.00000000,0.00000000
experiment_05,image_005,calibration,not_applicable,together,synthetic_recovery_progress,0.11000000,20.00000000,0,0.00025205,0.00000000
experiment_05,image_005,calibration,not_applicable,together,synthetic_recovery_progress,0.12000000,20.00000000,0,0.00163682,0.00020266
experiment_05,image_005,calibration,not_applicable,together,synthetic_recovery_progress,0.13000000,20.00000000,0,0.00391184,0.00250510
experiment_05,image_005,calibration,not_applicable,together,synthetic_recovery_progress,0.14000000,20.00000000,0,0.00705369,0.00567314
experiment_05,image_005,calibration,not_applicable,together,synthetic_recovery_progress,0.15000000,20.00000000,0,0.01103897,0.00968344
experiment_05,image_005,calibration,not_applicable,together,synthetic_recovery_progress,0.16000000,20.00000000,0,0.01584425,0.01451266
experiment_05,image_005,calibration,not_applicable,together,synthetic_recovery_progress,0.17000000,20.00000000,0,0.02144612,0.02013744
experiment_05,image_005,calibration,not_applicable,together,synthetic_recovery_progress,0.18000000,20.00000000,0,0.02782115,0.02653441
experiment_05,image_005,calibration,not_applicable,together,synthetic_recovery_progress,0.19000000,20.00000000,0,0.03494593,0.03368022
experiment_05,image_005,calibration,not_applicable,together,synthetic_recovery_progress,0.20000000,20.00000000,0,0.04279703,0.04155149
experiment_05,image_005,calibration,not_applicable,together,synthetic_recovery_progress,0.21000000,20.00000000,0,0.05135102,0.05012484
experiment_05,image_005,calibration,not_applicable,together,synthetic_recovery_progress,0.22000000,20.00000000,0,0.06058448,0.05937688
experiment_05,image_005,calibration,not_applicable,together,synthetic_recovery_progress,0.23000000,20.00000000,0,0.07047399,0.06928423
experiment_05,image_005,calibration,not_applicable,together,synthetic_recovery_progress,0.24000000,20.00000000,0,0.08099611,0.07982350
experiment_05,image_005,calibration,not_applicable,together,synthetic_recovery_progress,0.25000000,20.00000000,0,0.09212742,0.09097128
experiment_05,image_005,calibration,not_applicable,together,synthetic_recovery_progress,0.26000000,20.00000000,0,0.10384448,0.10270418
experiment_05,image_005,calibration,not_applicable,together,synthetic_recovery_progress,0.27000000,20.00000000,0,0.11612388,0.11499880
experiment_05,image_005,calibration,not_applicable,together,synthetic_recovery_progress,0.28000000,20.00000000,0,0.12894217,0.12783173
experiment_05,image_005,calibration,not_applicable,together,synthetic_recovery_progress,0.29000000,20.00000000,0,0.14227592,0.14117956
experiment_05,image_005,calibration,not_applicable,together,synthetic_recovery_progress,0.30000000,20.00000000,0,0.15610172,0.15501889
experiment_05,image_005,calibration,not_applicable,together,synthetic_recovery_progress,0.31000000,20.00000000,0,0.17039611,0.16932629
experiment_05,image_005,calibration,not_applicable,together,synthetic_recovery_progress,0.32000000,20.00000000,0,0.18513567,0.18407835
experiment_05,image_005,calibration,not_applicable,together,synthetic_recovery_progress,0.33000000,20.00000000,0,0.20029697,0.19925166
experiment_05,image_005,calibration,not_applicable,together,synthetic_recovery_progress,0.34000000,20.00000000,0,0.21585658,0.21482279
experiment_05,image_005,calibration,not_applicable,together,synthetic_recovery_progress,0.35000000,20.00000000,0,0.23179105,0.23076832
experiment_05,image_005,calibration,not_applicable,together,synthetic_recovery_progress,0.36000000,20.00000000,0,0.24807695,0.24706483
experiment_05,image_005,calibration,not_applicable,together,synthetic_recovery_progress,0.37000000,20.00000000,0,0.26469086,0.26368889
experiment_05,image_005,calibration,not_applicable,together,synthetic_recovery_progress,0.38000000,20.00000000,0,0.28160933,0.28061708
experiment_05,image_005,calibration,not_applicable,together,synthetic_recovery_progress,0.39000000,20.00000000,0,0.29880892,0.29782597
experiment_05,image_005,calibration,not_applicable,together,synthetic_recovery_progress,0.40000000,20.00000000,0,0.31626621,0.31529211
experiment_05,image_005,calibration,not_applicable,together,synthetic_recovery_progress,0.41000000,20.00000000,0,0.33395776,0.33299209
experiment_05,image_005,calibration,not_applicable,together,synthetic_recovery_progress,0.42000000,20.00000000,0,0.35186012,0.35090247
experiment_05,image_005,calibration,not_applicable,together,synthetic_recovery_progress,0.43000000,20.00000000,0,0.36994986,0.36899980
experiment_05,image_005,calibration,not_applicable,together,synthetic_recovery_progress,0.44000000,20.00000000,0,0.38820355,0.38726065
experiment_05,image_005,calibration,not_applicable,together,synthetic_recovery_progress,0.45000000,20.00000000,0,0.40659774,0.40566158
experiment_05,image_005,calibration,not_applicable,together,synthetic_recovery_progress,0.46000000,20.00000000,0,0.42510900,0.42417915
experiment_05,image_005,calibration,not_applicable,together,synthetic_recovery_progress,0.47000000,20.00000000,0,0.44371388,0.44278990
experiment_05,image_005,calibration,not_applicable,together,synthetic_recovery_progress,0.48000000,20.00000000,0,0.46238895,0.46147039
experiment_05,image_005,calibration,not_applicable,together,synthetic_recovery_progress,0.49000000,20.00000000,0,0.48111077,0.48019718
experiment_05,image_005,calibration,not_applicable,together,synthetic_recovery_progress,0.50000000,20.00000000,0,0.49985589,0.49894680
experiment_05,image_005,calibration,not_applicable,together,synthetic_recovery_progress,0.51000000,20.00000000,0,0.51860087,0.51769579
experiment_05,image_005,calibration,not_applicable,together,synthetic_recovery_progress,0.52000000,20.00000000,0,0.53732228,0.53642070
experiment_05,image_005,calibration,not_applicable,together,synthetic_recovery_progress,0.53000000,20.00000000,0,0.55599666,0.55509806
experiment_05,image_005,calibration,not_applicable,together,synthetic_recovery_progress,0.54000000,20.00000000,0,0.57460057,0.57370440
experiment_05,image_005,calibration,not_applicable,together,synthetic_recovery_progress,0.55000000,20.00000000,0,0.59311056,0.59221624
experiment_05,image_005,calibration,not_applicable,together,synthetic_recovery_progress,0.56000000,20.00000000,0,0.61150320,0.61061011
experiment_05,image_005,calibration,not_applicable,together,synthetic_recovery_progress,0.57000000,20.00000000,0,0.62975502,0.62886250
experiment_05,image_005,calibration,not_applicable,together,synthetic_recovery_progress,0.58000000,20.00000000,0,0.64784258,0.64694992
experiment_05,image_005,calibration,not_applicable,together,synthetic_recovery_progress,0.59000000,20.00000000,0,0.66574242,0.66484887
experiment_05,image_005,calibration,not_applicable,together,synthetic_recovery_progress,0.60000000,20.00000000,0,0.68343109,0.68253583
experiment_05,image_005,calibration,not_applicable,together,synthetic_recovery_progress,0.61000000,20.00000000,0,0.70088513,0.69998726
experiment_05,image_005,calibration,not_applicable,together,synthetic_recovery_progress,0.62000000,20.00000000,0,0.71808108,0.71717961
experiment_05,image_005,calibration,not_applicable,together,synthetic_recovery_progress,0.63000000,20.00000000,0,0.73499547,0.73408933
experiment_05,image_005,calibration,not_applicable,together,synthetic_recovery_progress,0.64000000,20.00000000,0,0.75160483,0.75069281
experiment_05,image_005,calibration,not_applicable,together,synthetic_recovery_progress,0.65000000,20.00000000,0,0.76788568,0.76696643
experiment_05,image_005,calibration,not_applicable,together,synthetic_recovery_progress,0.66000000,20.00000000,0,0.78381453,0.78288655
experiment_05,image_005,calibration,not_applicable,together,synthetic_recovery_progress,0.67000000,20.00000000,0,0.79936789,0.79842948
experiment_05,image_005,calibration,not_applicable,together,synthetic_recovery_progress,0.68000000,20.00000000,0,0.81452226,0.81357145
experiment_05,image_005,calibration,not_applicable,together,synthetic_recovery_progress,0.69000000,20.00000000,0,0.82925410,0.82828867
experiment_05,image_005,calibration,not_applicable,together,synthetic_recovery_progress,0.70000000,20.00000000,0,0.84353988,0.84255722
experiment_05,image_005,calibration,not_applicable,together,synthetic_recovery_progress,0.71000000,20.00000000,0,0.85735602,0.85635311
experiment_05,image_005,calibration,not_applicable,together,synthetic_recovery_progress,0.72000000,20.00000000,0,0.87067894,0.86965219
experiment_05,image_005,calibration,not_applicable,together,synthetic_recovery_progress,0.73000000,20.00000000,0,0.88348498,0.88243013
experiment_05,image_005,calibration,not_applicable,together,synthetic_recovery_progress,0.74000000,20.00000000,0,0.89575044,0.89466235
experiment_05,image_005,calibration,not_applicable,together,synthetic_recovery_progress,0.75000000,20.00000000,0,0.90745154,0.90632394
experiment_05,image_005,calibration,not_applicable,together,synthetic_recovery_progress,0.76000000,20.00000000,0,0.91856437,0.91738954
experiment_05,image_005,calibration,not_applicable,together,synthetic_recovery_progress,0.77000000,20.00000000,0,0.92906489,0.92783311
experiment_05,image_005,calibration,not_applicable,together,synthetic_recovery_progress,0.78000000,20.00000000,0,0.93892878,0.93762772
experiment_05,image_005,calibration,not_applicable,together,synthetic_recovery_progress,0.79000000,20.00000000,0,0.94813140,0.94674509
experiment_05,image_005,calibration,not_applicable,together,synthetic_recovery_progress,0.80000000,20.00000000,0,0.95664750,0.95515493
experiment_05,image_005,calibration,not_applicable,together,synthetic_recovery_progress,0.81000000,20.00000000,0,0.96445096,0.96282395
experiment_05,image_005,calibration,not_applicable,together,synthetic_recovery_progress,0.82000000,20.00000000,0,0.97151409,0.96971433
experiment_05,image_005,calibration,not_applicable,together,synthetic_recovery_progress,0.83000000,20.00000000,0,0.97780644,0.97578146
experiment_05,image_005,calibration,not_applicable,together,synthetic_recovery_progress,0.84000000,20.00000000,0,0.98329246,0.98097146
experiment_05,image_005,calibration,not_applicable,together,synthetic_recovery_progress,0.85000000,20.00000000,0,0.98792665,0.98522124
experiment_05,image_005,calibration,not_applicable,together,synthetic_recovery_progress,0.86000000,20.00000000,0,0.99164427,0.98847181
experiment_05,image_005,calibration,not_applicable,together,synthetic_recovery_progress,0.87000000,20.00000000,0,0.99435139,0.99071849
experiment_05,image_005,calibration,not_applicable,together,synthetic_recovery_progress,0.88000000,20.00000000,0,0.99596947,0.99210337
experiment_05,image_005,calibration,not_applicable,together,synthetic_recovery_progress,0.89000000,20.00000000,0,0.99667536,0.99294735
experiment_05,image_005,calibration,not_applicable,together,synthetic_recovery_progress,0.90000000,20.00000000,0,0.99700502,0.99360286
experiment_05,image_005,calibration,not_applicable,together,synthetic_recovery_progress,0.91000000,20.00000000,0,0.99730452,0.99424257
experiment_05,image_005,calibration,not_applicable,together,synthetic_recovery_progress,0.92000000,20.00000000,0,0.99760402,0.99488228
experiment_05,image_005,calibration,not_applicable,together,synthetic_recovery_progress,0.93000000,20.00000000,0,0.99790352,0.99552200
experiment_05,image_005,calibration,not_applicable,together,synthetic_recovery_progress,0.94000000,20.00000000,0,0.99820301,0.99616171
experiment_05,image_005,calibration,not_applicable,together,synthetic_recovery_progress,0.95000000,20.00000000,0,0.99850251,0.99680143
experiment_05,image_005,calibration,not_applicable,together,synthetic_recovery_progress,0.96000000,20.00000000,0,0.99880201,0.99744114
experiment_05,image_005,calibration,not_applicable,together,synthetic_recovery_progress,0.97000000,20.00000000,0,0.99910151,0.99808086
experiment_05,image_005,calibration,not_applicable,together,synthetic_recovery_progress,0.98000000,20.00000000,0,0.99940100,0.99872057
experiment_05,image_005,calibration,not_applicable,together,synthetic_recovery_progress,0.99000000,20.00000000,0,0.99970050,0.99936029
experiment_05,image_005,calibration,not_applicable,together,synthetic_recovery_progress,1.00000000,20.00000000,0,1.00000000,1.00000000
experiment_05,image_005,calibration,not_applicable,low_band_first,synthetic_recovery_progress,0.00000000,40.00000000,0,0.00000000,0.00000000
experiment_05,image_005,calibration,not_applicable,low_band_first,synthetic_recovery_progress,0.01000000,40.00000000,0,0.00000000,0.00000000
experiment_05,image_005,calibration,not_applicable,low_band_first,synthetic_recovery_progress,0.02000000,40.00000000,0,0.00000000,0.00000000
experiment_05,image_005,calibration,not_applicable,low_band_first,synthetic_recovery_progress,0.03000000,40.00000000,0,0.00000000,0.00000000
experiment_05,image_005,calibration,not_applicable,low_band_first,synthetic_recovery_progress,0.04000000,40.00000000,0,0.00000000,0.00000000
experiment_05,image_005,calibration,not_applicable,low_band_first,synthetic_recovery_progress,0.05000000,40.00000000,0,0.00000000,0.00000000
experiment_05,image_005,calibration,not_applicable,low_band_first,synthetic_recovery_progress,0.06000000,40.00000000,0,0.00012825,0.00000000
experiment_05,image_005,calibration,not_applicable,low_band_first,synthetic_recovery_progress,0.07000000,40.00000000,0,0.00363531,0.00000000
experiment_05,image_005,calibration,not_applicable,low_band_first,synthetic_recovery_progress,0.08000000,40.00000000,0,0.00934789,0.00000000
experiment_05,image_005,calibration,not_applicable,low_band_first,synthetic_recovery_progress,0.09000000,40.00000000,0,0.01717015,0.00000000
experiment_05,image_005,calibration,not_applicable,low_band_first,synthetic_recovery_progress,0.10000000,40.00000000,0,0.02700623,0.00000000
experiment_05,image_005,calibration,not_applicable,low_band_first,synthetic_recovery_progress,0.11000000,40.00000000,0,0.03876026,0.00000000
experiment_05,image_005,calibration,not_applicable,low_band_first,synthetic_recovery_progress,0.12000000,40.00000000,0,0.05233633,0.00000000
experiment_05,image_005,calibration,not_applicable,low_band_first,synthetic_recovery_progress,0.13000000,40.00000000,0,0.06763850,0.00000000
experiment_05,image_005,calibration,not_applicable,low_band_first,synthetic_recovery_progress,0.14000000,40.00000000,0,0.08457082,0.00000000
experiment_05,image_005,calibration,not_applicable,low_band_first,synthetic_recovery_progress,0.15000000,40.00000000,0,0.10303732,0.00000000
experiment_05,image_005,calibration,not_applicable,low_band_first,synthetic_recovery_progress,0.16000000,40.00000000,0,0.12294202,0.00000000
experiment_05,image_005,calibration,not_applicable,low_band_first,synthetic_recovery_progress,0.17000000,40.00000000,0,0.14418890,0.00000000
experiment_05,image_005,calibration,not_applicable,low_band_first,synthetic_recovery_progress,0.18000000,40.00000000,0,0.16668195,0.00000000
experiment_05,image_005,calibration,not_applicable,low_band_first,synthetic_recovery_progress,0.19000000,40.00000000,0,0.19032511,0.00000000
experiment_05,image_005,calibration,not_applicable,low_band_first,synthetic_recovery_progress,0.20000000,40.00000000,0,0.21502233,0.00000000
experiment_05,image_005,calibration,not_applicable,low_band_first,synthetic_recovery_progress,0.21000000,40.00000000,0,0.24067751,0.00000000
experiment_05,image_005,calibration,not_applicable,low_band_first,synthetic_recovery_progress,0.22000000,40.00000000,0,0.26719455,0.00000000
experiment_05,image_005,calibration,not_applicable,low_band_first,synthetic_recovery_progress,0.23000000,40.00000000,0,0.29447730,0.00000000
experiment_05,image_005,calibration,not_applicable,low_band_first,synthetic_recovery_progress,0.24000000,40.00000000,0,0.32242961,0.00000000
experiment_05,image_005,calibration,not_applicable,low_band_first,synthetic_recovery_progress,0.25000000,40.00000000,0,0.35095527,0.00000000
experiment_05,image_005,calibration,not_applicable,low_band_first,synthetic_recovery_progress,0.26000000,40.00000000,0,0.37995803,0.00000000
experiment_05,image_005,calibration,not_applicable,low_band_first,synthetic_recovery_progress,0.27000000,40.00000000,0,0.40934160,0.00000000
experiment_05,image_005,calibration,not_applicable,low_band_first,synthetic_recovery_progress,0.28000000,40.00000000,0,0.43900962,0.00000000
experiment_05,image_005,calibration,not_applicable,low_band_first,synthetic_recovery_progress,0.29000000,40.00000000,0,0.46886568,0.00000000
experiment_05,image_005,calibration,not_applicable,low_band_first,synthetic_recovery_progress,0.30000000,40.00000000,0,0.49881327,0.00000000
experiment_05,image_005,calibration,not_applicable,low_band_first,synthetic_recovery_progress,0.31000000,40.00000000,0,0.52875576,0.00000000
experiment_05,image_005,calibration,not_applicable,low_band_first,synthetic_recovery_progress,0.32000000,40.00000000,0,0.55859640,0.00000000
experiment_05,image_005,calibration,not_applicable,low_band_first,synthetic_recovery_progress,0.33000000,40.00000000,0,0.58823828,0.00000000
experiment_05,image_005,calibration,not_applicable,low_band_first,synthetic_recovery_progress,0.34000000,40.00000000,0,0.61758425,0.00000000
experiment_05,image_005,calibration,not_applicable,low_band_first,synthetic_recovery_progress,0.35000000,40.00000000,0,0.64653691,0.00000000
experiment_05,image_005,calibration,not_applicable,low_band_first,synthetic_recovery_progress,0.36000000,40.00000000,0,0.67499849,0.00000000
experiment_05,image_005,calibration,not_applicable,low_band_first,synthetic_recovery_progress,0.37000000,40.00000000,0,0.70287073,0.00000000
experiment_05,image_005,calibration,not_applicable,low_band_first,synthetic_recovery_progress,0.38000000,40.00000000,0,0.73005475,0.00000000
experiment_05,image_005,calibration,not_applicable,low_band_first,synthetic_recovery_progress,0.39000000,40.00000000,0,0.75645080,0.00000000
experiment_05,image_005,calibration,not_applicable,low_band_first,synthetic_recovery_progress,0.40000000,40.00000000,0,0.78195791,0.00000000
experiment_05,image_005,calibration,not_applicable,low_band_first,synthetic_recovery_progress,0.41000000,40.00000000,0,0.80647346,0.00000000
experiment_05,image_005,calibration,not_applicable,low_band_first,synthetic_recovery_progress,0.42000000,40.00000000,0,0.82989235,0.00000000
experiment_05,image_005,calibration,not_applicable,low_band_first,synthetic_recovery_progress,0.43000000,40.00000000,0,0.85210598,0.00000000
experiment_05,image_005,calibration,not_applicable,low_band_first,synthetic_recovery_progress,0.44000000,40.00000000,0,0.87300042,0.00000000
experiment_05,image_005,calibration,not_applicable,low_band_first,synthetic_recovery_progress,0.45000000,40.00000000,0,0.89245361,0.00000000
experiment_05,image_005,calibration,not_applicable,low_band_first,synthetic_recovery_progress,0.46000000,40.00000000,0,0.91033093,0.00083989
experiment_05,image_005,calibration,not_applicable,low_band_first,synthetic_recovery_progress,0.47000000,40.00000000,0,0.92647804,0.00433966
experiment_05,image_005,calibration,not_applicable,low_band_first,synthetic_recovery_progress,0.48000000,40.00000000,0,0.94071046,0.01004650
experiment_05,image_005,calibration,not_applicable,low_band_first,synthetic_recovery_progress,0.49000000,40.00000000,0,0.95280147,0.01786451
experiment_05,image_005,calibration,not_applicable,low_band_first,synthetic_recovery_progress,0.50000000,40.00000000,0,0.96248300,0.02769777
experiment_05,image_005,calibration,not_applicable,low_band_first,synthetic_recovery_progress,0.51000000,40.00000000,0,0.96950936,0.03945034
experiment_05,image_005,calibration,not_applicable,low_band_first,synthetic_recovery_progress,0.52000000,40.00000000,0,0.97386628,0.05302628
experiment_05,image_005,calibration,not_applicable,low_band_first,synthetic_recovery_progress,0.53000000,40.00000000,0,0.97604491,0.06832965
experiment_05,image_005,calibration,not_applicable,low_band_first,synthetic_recovery_progress,0.54000000,40.00000000,0,0.97697079,0.08526448
experiment_05,image_005,calibration,not_applicable,low_band_first,synthetic_recovery_progress,0.55000000,40.00000000,0,0.97750000,0.10373483
experiment_05,image_005,calibration,not_applicable,low_band_first,synthetic_recovery_progress,0.56000000,40.00000000,0,0.97800000,0.12364473
experiment_05,image_005,calibration,not_applicable,low_band_first,synthetic_recovery_progress,0.57000000,40.00000000,0,0.97850000,0.14489820
experiment_05,image_005,calibration,not_applicable,low_band_first,synthetic_recovery_progress,0.58000000,40.00000000,0,0.97900000,0.16739927
experiment_05,image_005,calibration,not_applicable,low_band_first,synthetic_recovery_progress,0.59000000,40.00000000,0,0.97950000,0.19105197
experiment_05,image_005,calibration,not_applicable,low_band_first,synthetic_recovery_progress,0.60000000,40.00000000,0,0.98000000,0.21576031
experiment_05,image_005,calibration,not_applicable,low_band_first,synthetic_recovery_progress,0.61000000,40.00000000,0,0.98050000,0.24142832
experiment_05,image_005,calibration,not_applicable,low_band_first,synthetic_recovery_progress,0.62000000,40.00000000,0,0.98100000,0.26796000
experiment_05,image_005,calibration,not_applicable,low_band_first,synthetic_recovery_progress,0.63000000,40.00000000,0,0.98150000,0.29525936
experiment_05,image_005,calibration,not_applicable,low_band_first,synthetic_recovery_progress,0.64000000,40.00000000,0,0.98200000,0.32323043
experiment_05,image_005,calibration,not_applicable,low_band_first,synthetic_recovery_progress,0.65000000,40.00000000,0,0.98250000,0.35177719
experiment_05,image_005,calibration,not_applicable,low_band_first,synthetic_recovery_progress,0.66000000,40.00000000,0,0.98300000,0.38080366
experiment_05,image_005,calibration,not_applicable,low_band_first,synthetic_recovery_progress,0.67000000,40.00000000,0,0.98350000,0.41021384
experiment_05,image_005,calibration,not_applicable,low_band_first,synthetic_recovery_progress,0.68000000,40.00000000,0,0.98400000,0.43991172
experiment_05,image_005,calibration,not_applicable,low_band_first,synthetic_recovery_progress,0.69000000,40.00000000,0,0.98450000,0.46980130
experiment_05,image_005,calibration,not_applicable,low_band_first,synthetic_recovery_progress,0.70000000,40.00000000,0,0.98500000,0.49978658
experiment_05,image_005,calibration,not_applicable,low_band_first,synthetic_recovery_progress,0.71000000,40.00000000,0,0.98550000,0.52977153
experiment_05,image_005,calibration,not_applicable,low_band_first,synthetic_recovery_progress,0.72000000,40.00000000,0,0.98600000,0.55966015
experiment_05,image_005,calibration,not_applicable,low_band_first,synthetic_recovery_progress,0.73000000,40.00000000,0,0.98650000,0.58935641
experiment_05,image_005,calibration,not_applicable,low_band_first,synthetic_recovery_progress,0.74000000,40.00000000,0,0.98700000,0.61876428
experiment_05,image_005,calibration,not_applicable,low_band_first,synthetic_recovery_progress,0.75000000,40.00000000,0,0.98750000,0.64778773
experiment_05,image_005,calibration,not_applicable,low_band_first,synthetic_recovery_progress,0.76000000,40.00000000,0,0.98800000,0.67633070
experiment_05,image_005,calibration,not_applicable,low_band_first,synthetic_recovery_progress,0.77000000,40.00000000,0,0.98850000,0.70429714
experiment_05,image_005,calibration,not_applicable,low_band_first,synthetic_recovery_progress,0.78000000,40.00000000,0,0.98900000,0.73159096
experiment_05,image_005,calibration,not_applicable,low_band_first,synthetic_recovery_progress,0.79000000,40.00000000,0,0.98950000,0.75811607
experiment_05,image_005,calibration,not_applicable,low_band_first,synthetic_recovery_progress,0.80000000,40.00000000,0,0.99000000,0.78377632
experiment_05,image_005,calibration,not_applicable,low_band_first,synthetic_recovery_progress,0.81000000,40.00000000,0,0.99050000,0.80847555
experiment_05,image_005,calibration,not_applicable,low_band_first,synthetic_recovery_progress,0.82000000,40.00000000,0,0.99100000,0.83211751
experiment_05,image_005,calibration,not_applicable,low_band_first,synthetic_recovery_progress,0.83000000,40.00000000,0,0.99150000,0.85460586
experiment_05,image_005,calibration,not_applicable,low_band_first,synthetic_recovery_progress,0.84000000,40.00000000,0,0.99200000,0.87584414
experiment_05,image_005,calibration,not_applicable,low_band_first,synthetic_recovery_progress,0.85000000,40.00000000,0,0.99250000,0.89573567
experiment_05,image_005,calibration,not_applicable,low_band_first,synthetic_recovery_progress,0.86000000,40.00000000,0,0.99300000,0.91418341
experiment_05,image_005,calibration,not_applicable,low_band_first,synthetic_recovery_progress,0.87000000,40.00000000,0,0.99350000,0.93108975
experiment_05,image_005,calibration,not_applicable,low_band_first,synthetic_recovery_progress,0.88000000,40.00000000,0,0.99400000,0.94635601
experiment_05,image_005,calibration,not_applicable,low_band_first,synthetic_recovery_progress,0.89000000,40.00000000,0,0.99450000,0.95988143
experiment_05,image_005,calibration,not_applicable,low_band_first,synthetic_recovery_progress,0.90000000,40.00000000,0,0.99500000,0.97156086
experiment_05,image_005,calibration,not_applicable,low_band_first,synthetic_recovery_progress,0.91000000,40.00000000,0,0.99550000,0.98127859
experiment_05,image_005,calibration,not_applicable,low_band_first,synthetic_recovery_progress,0.92000000,40.00000000,0,0.99600000,0.98889002
experiment_05,image_005,calibration,not_applicable,low_band_first,synthetic_recovery_progress,0.93000000,40.00000000,0,0.99650000,0.99416455
experiment_05,image_005,calibration,not_applicable,low_band_first,synthetic_recovery_progress,0.94000000,40.00000000,0,0.99700000,0.99677566
experiment_05,image_005,calibration,not_applicable,low_band_first,synthetic_recovery_progress,0.95000000,40.00000000,0,0.99750000,0.99750000
experiment_05,image_005,calibration,not_applicable,low_band_first,synthetic_recovery_progress,0.96000000,40.00000000,0,0.99800000,0.99800000
experiment_05,image_005,calibration,not_applicable,low_band_first,synthetic_recovery_progress,0.97000000,40.00000000,0,0.99850000,0.99850000
experiment_05,image_005,calibration,not_applicable,low_band_first,synthetic_recovery_progress,0.98000000,40.00000000,0,0.99900000,0.99900000
experiment_05,image_005,calibration,not_applicable,low_band_first,synthetic_recovery_progress,0.99000000,40.00000000,0,0.99950000,0.99950000
experiment_05,image_005,calibration,not_applicable,low_band_first,synthetic_recovery_progress,1.00000000,40.00000000,0,1.00000000,1.00000000
experiment_05,image_005,calibration,not_applicable,high_band_first,synthetic_recovery_progress,0.00000000,40.00000000,0,0.00000000,0.00000000
experiment_05,image_005,calibration,not_applicable,high_band_first,synthetic_recovery_progress,0.01000000,40.00000000,0,0.00000000,0.00000000
experiment_05,image_005,calibration,not_applicable,high_band_first,synthetic_recovery_progress,0.02000000,40.00000000,0,0.00000000,0.00000000
experiment_05,image_005,calibration,not_applicable,high_band_first,synthetic_recovery_progress,0.03000000,40.00000000,0,0.00000000,0.00000000
experiment_05,image_005,calibration,not_applicable,high_band_first,synthetic_recovery_progress,0.04000000,40.00000000,0,0.00000000,0.00000000
experiment_05,image_005,calibration,not_applicable,high_band_first,synthetic_recovery_progress,0.05000000,40.00000000,0,0.00000000,0.00000000
experiment_05,image_005,calibration,not_applicable,high_band_first,synthetic_recovery_progress,0.06000000,40.00000000,0,0.00000000,0.00011490
experiment_05,image_005,calibration,not_applicable,high_band_first,synthetic_recovery_progress,0.07000000,40.00000000,0,0.00000000,0.00362211
experiment_05,image_005,calibration,not_applicable,high_band_first,synthetic_recovery_progress,0.08000000,40.00000000,0,0.00000000,0.00933482
experiment_05,image_005,calibration,not_applicable,high_band_first,synthetic_recovery_progress,0.09000000,40.00000000,0,0.00000000,0.01715722
experiment_05,image_005,calibration,not_applicable,high_band_first,synthetic_recovery_progress,0.10000000,40.00000000,0,0.00000000,0.02699345
experiment_05,image_005,calibration,not_applicable,high_band_first,synthetic_recovery_progress,0.11000000,40.00000000,0,0.00000000,0.03874763
experiment_05,image_005,calibration,not_applicable,high_band_first,synthetic_recovery_progress,0.12000000,40.00000000,0,0.00000000,0.05232383
experiment_05,image_005,calibration,not_applicable,high_band_first,synthetic_recovery_progress,0.13000000,40.00000000,0,0.00000000,0.06762615
experiment_05,image_005,calibration,not_applicable,high_band_first,synthetic_recovery_progress,0.14000000,40.00000000,0,0.00000000,0.08455861
experiment_05,image_005,calibration,not_applicable,high_band_first,synthetic_recovery_progress,0.15000000,40.00000000,0,0.00000000,0.10302526
experiment_05,image_005,calibration,not_applicable,high_band_first,synthetic_recovery_progress,0.16000000,40.00000000,0,0.00000000,0.12293010
experiment_05,image_005,calibration,not_applicable,high_band_first,synthetic_recovery_progress,0.17000000,40.00000000,0,0.00000000,0.14417712
experiment_05,image_005,calibration,not_applicable,high_band_first,synthetic_recovery_progress,0.18000000,40.00000000,0,0.00000000,0.16667031
experiment_05,image_005,calibration,not_applicable,high_band_first,synthetic_recovery_progress,0.19000000,40.00000000,0,0.00000000,0.19031361
experiment_05,image_005,calibration,not_applicable,high_band_first,synthetic_recovery_progress,0.20000000,40.00000000,0,0.00000000,0.21501097
experiment_05,image_005,calibration,not_applicable,high_band_first,synthetic_recovery_progress,0.21000000,40.00000000,0,0.00000000,0.24066629
experiment_05,image_005,calibration,not_applicable,high_band_first,synthetic_recovery_progress,0.22000000,40.00000000,0,0.00000000,0.26718347
experiment_05,image_005,calibration,not_applicable,high_band_first,synthetic_recovery_progress,0.23000000,40.00000000,0,0.00000000,0.29446637
experiment_05,image_005,calibration,not_applicable,high_band_first,synthetic_recovery_progress,0.24000000,40.00000000,0,0.00000000,0.32241882
experiment_05,image_005,calibration,not_applicable,high_band_first,synthetic_recovery_progress,0.25000000,40.00000000,0,0.00000000,0.35094462
experiment_05,image_005,calibration,not_applicable,high_band_first,synthetic_recovery_progress,0.26000000,40.00000000,0,0.00000000,0.37994753
experiment_05,image_005,calibration,not_applicable,high_band_first,synthetic_recovery_progress,0.27000000,40.00000000,0,0.00000000,0.40933124
experiment_05,image_005,calibration,not_applicable,high_band_first,synthetic_recovery_progress,0.28000000,40.00000000,0,0.00000000,0.43899941
experiment_05,image_005,calibration,not_applicable,high_band_first,synthetic_recovery_progress,0.29000000,40.00000000,0,0.00000000,0.46885561
experiment_05,image_005,calibration,not_applicable,high_band_first,synthetic_recovery_progress,0.30000000,40.00000000,0,0.00000000,0.49880334
experiment_05,image_005,calibration,not_applicable,high_band_first,synthetic_recovery_progress,0.31000000,40.00000000,0,0.00000000,0.52874598
experiment_05,image_005,calibration,not_applicable,high_band_first,synthetic_recovery_progress,0.32000000,40.00000000,0,0.00000000,0.55858676
experiment_05,image_005,calibration,not_applicable,high_band_first,synthetic_recovery_progress,0.33000000,40.00000000,0,0.00000000,0.58822879
experiment_05,image_005,calibration,not_applicable,high_band_first,synthetic_recovery_progress,0.34000000,40.00000000,0,0.00000000,0.61757491
experiment_05,image_005,calibration,not_applicable,high_band_first,synthetic_recovery_progress,0.35000000,40.00000000,0,0.00000000,0.64652771
experiment_05,image_005,calibration,not_applicable,high_band_first,synthetic_recovery_progress,0.36000000,40.00000000,0,0.00000000,0.67498944
experiment_05,image_005,calibration,not_applicable,high_band_first,synthetic_recovery_progress,0.37000000,40.00000000,0,0.00000000,0.70286183
experiment_05,image_005,calibration,not_applicable,high_band_first,synthetic_recovery_progress,0.38000000,40.00000000,0,0.00000000,0.73004600
experiment_05,image_005,calibration,not_applicable,high_band_first,synthetic_recovery_progress,0.39000000,40.00000000,0,0.00000000,0.75644219
experiment_05,image_005,calibration,not_applicable,high_band_first,synthetic_recovery_progress,0.40000000,40.00000000,0,0.00000000,0.78194947
experiment_05,image_005,calibration,not_applicable,high_band_first,synthetic_recovery_progress,0.41000000,40.00000000,0,0.00000000,0.80646517
experiment_05,image_005,calibration,not_applicable,high_band_first,synthetic_recovery_progress,0.42000000,40.00000000,0,0.00000000,0.82988423
experiment_05,image_005,calibration,not_applicable,high_band_first,synthetic_recovery_progress,0.43000000,40.00000000,0,0.00000000,0.85209803
experiment_05,image_005,calibration,not_applicable,high_band_first,synthetic_recovery_progress,0.44000000,40.00000000,0,0.00000000,0.87299265
experiment_05,image_005,calibration,not_applicable,high_band_first,synthetic_recovery_progress,0.45000000,40.00000000,0,0.00000000,0.89244605
experiment_05,image_005,calibration,not_applicable,high_band_first,synthetic_recovery_progress,0.46000000,40.00000000,0,0.00084756,0.91032360
experiment_05,image_005,calibration,not_applicable,high_band_first,synthetic_recovery_progress,0.47000000,40.00000000,0,0.00434719,0.92647101
experiment_05,image_005,calibration,not_applicable,high_band_first,synthetic_recovery_progress,0.48000000,40.00000000,0,0.01005389,0.94070381
experiment_05,image_005,calibration,not_applicable,high_band_first,synthetic_recovery_progress,0.49000000,40.00000000,0,0.01787176,0.95279537
experiment_05,image_005,calibration,not_applicable,high_band_first,synthetic_recovery_progress,0.50000000,40.00000000,0,0.02770487,0.96247769
experiment_05,image_005,calibration,not_applicable,high_band_first,synthetic_recovery_progress,0.51000000,40.00000000,0,0.03945730,0.96950521
experiment_05,image_005,calibration,not_applicable,high_band_first,synthetic_recovery_progress,0.52000000,40.00000000,0,0.05303310,0.97386357
experiment_05,image_005,calibration,not_applicable,high_band_first,synthetic_recovery_progress,0.53000000,40.00000000,0,0.06833632,0.97604361
experiment_05,image_005,calibration,not_applicable,high_band_first,synthetic_recovery_progress,0.54000000,40.00000000,0,0.08527102,0.97697045
experiment_05,image_005,calibration,not_applicable,high_band_first,synthetic_recovery_progress,0.55000000,40.00000000,0,0.10374123,0.97750000
experiment_05,image_005,calibration,not_applicable,high_band_first,synthetic_recovery_progress,0.56000000,40.00000000,0,0.12365098,0.97800000
experiment_05,image_005,calibration,not_applicable,high_band_first,synthetic_recovery_progress,0.57000000,40.00000000,0,0.14490431,0.97850000
experiment_05,image_005,calibration,not_applicable,high_band_first,synthetic_recovery_progress,0.58000000,40.00000000,0,0.16740524,0.97900000
experiment_05,image_005,calibration,not_applicable,high_band_first,synthetic_recovery_progress,0.59000000,40.00000000,0,0.19105780,0.97950000
experiment_05,image_005,calibration,not_applicable,high_band_first,synthetic_recovery_progress,0.60000000,40.00000000,0,0.21576600,0.98000000
experiment_05,image_005,calibration,not_applicable,high_band_first,synthetic_recovery_progress,0.61000000,40.00000000,0,0.24143386,0.98050000
experiment_05,image_005,calibration,not_applicable,high_band_first,synthetic_recovery_progress,0.62000000,40.00000000,0,0.26796540,0.98100000
experiment_05,image_005,calibration,not_applicable,high_band_first,synthetic_recovery_progress,0.63000000,40.00000000,0,0.29526462,0.98150000
experiment_05,image_005,calibration,not_applicable,high_band_first,synthetic_recovery_progress,0.64000000,40.00000000,0,0.32323554,0.98200000
experiment_05,image_005,calibration,not_applicable,high_band_first,synthetic_recovery_progress,0.65000000,40.00000000,0,0.35178216,0.98250000
experiment_05,image_005,calibration,not_applicable,high_band_first,synthetic_recovery_progress,0.66000000,40.00000000,0,0.38080849,0.98300000
experiment_05,image_005,calibration,not_applicable,high_band_first,synthetic_recovery_progress,0.67000000,40.00000000,0,0.41021853,0.98350000
experiment_05,image_005,calibration,not_applicable,high_band_first,synthetic_recovery_progress,0.68000000,40.00000000,0,0.43991627,0.98400000
experiment_05,image_005,calibration,not_applicable,high_band_first,synthetic_recovery_progress,0.69000000,40.00000000,0,0.46980571,0.98450000
experiment_05,image_005,calibration,not_applicable,high_band_first,synthetic_recovery_progress,0.70000000,40.00000000,0,0.49979084,0.98500000
experiment_05,image_005,calibration,not_applicable,high_band_first,synthetic_recovery_progress,0.71000000,40.00000000,0,0.52977565,0.98550000
experiment_05,image_005,calibration,not_applicable,high_band_first,synthetic_recovery_progress,0.72000000,40.00000000,0,0.55966413,0.98600000
experiment_05,image_005,calibration,not_applicable,high_band_first,synthetic_recovery_progress,0.73000000,40.00000000,0,0.58936025,0.98650000
experiment_05,image_005,calibration,not_applicable,high_band_first,synthetic_recovery_progress,0.74000000,40.00000000,0,0.61876798,0.98700000
experiment_05,image_005,calibration,not_applicable,high_band_first,synthetic_recovery_progress,0.75000000,40.00000000,0,0.64779128,0.98750000
experiment_05,image_005,calibration,not_applicable,high_band_first,synthetic_recovery_progress,0.76000000,40.00000000,0,0.67633411,0.98800000
experiment_05,image_005,calibration,not_applicable,high_band_first,synthetic_recovery_progress,0.77000000,40.00000000,0,0.70430040,0.98850000
experiment_05,image_005,calibration,not_applicable,high_band_first,synthetic_recovery_progress,0.78000000,40.00000000,0,0.73159409,0.98900000
experiment_05,image_005,calibration,not_applicable,high_band_first,synthetic_recovery_progress,0.79000000,40.00000000,0,0.75811905,0.98950000
experiment_05,image_005,calibration,not_applicable,high_band_first,synthetic_recovery_progress,0.80000000,40.00000000,0,0.78377916,0.99000000
experiment_05,image_005,calibration,not_applicable,high_band_first,synthetic_recovery_progress,0.81000000,40.00000000,0,0.80847825,0.99050000
experiment_05,image_005,calibration,not_applicable,high_band_first,synthetic_recovery_progress,0.82000000,40.00000000,0,0.83212006,0.99100000
experiment_05,image_005,calibration,not_applicable,high_band_first,synthetic_recovery_progress,0.83000000,40.00000000,0,0.85460827,0.99150000
experiment_05,image_005,calibration,not_applicable,high_band_first,synthetic_recovery_progress,0.84000000,40.00000000,0,0.87584641,0.99200000
experiment_05,image_005,calibration,not_applicable,high_band_first,synthetic_recovery_progress,0.85000000,40.00000000,0,0.89573780,0.99250000
experiment_05,image_005,calibration,not_applicable,high_band_first,synthetic_recovery_progress,0.86000000,40.00000000,0,0.91418540,0.99300000
experiment_05,image_005,calibration,not_applicable,high_band_first,synthetic_recovery_progress,0.87000000,40.00000000,0,0.93109159,0.99350000
experiment_05,image_005,calibration,not_applicable,high_band_first,synthetic_recovery_progress,0.88000000,40.00000000,0,0.94635771,0.99400000
experiment_05,image_005,calibration,not_applicable,high_band_first,synthetic_recovery_progress,0.89000000,40.00000000,0,0.95988298,0.99450000
experiment_05,image_005,calibration,not_applicable,high_band_first,synthetic_recovery_progress,0.90000000,40.00000000,0,0.97156226,0.99500000
experiment_05,image_005,calibration,not_applicable,high_band_first,synthetic_recovery_progress,0.91000000,40.00000000,0,0.98127983,0.99550000
experiment_05,image_005,calibration,not_applicable,high_band_first,synthetic_recovery_progress,0.92000000,40.00000000,0,0.98889108,0.99600000
experiment_05,image_005,calibration,not_applicable,high_band_first,synthetic_recovery_progress,0.93000000,40.00000000,0,0.99416535,0.99650000
experiment_05,image_005,calibration,not_applicable,high_band_first,synthetic_recovery_progress,0.94000000,40.00000000,0,0.99677597,0.99700000
experiment_05,image_005,calibration,not_applicable,high_band_first,synthetic_recovery_progress,0.95000000,40.00000000,0,0.99750000,0.99750000
experiment_05,image_005,calibration,not_applicable,high_band_first,synthetic_recovery_progress,0.96000000,40.00000000,0,0.99800000,0.99800000
experiment_05,image_005,calibration,not_applicable,high_band_first,synthetic_recovery_progress,0.97000000,40.00000000,0,0.99850000,0.99850000
experiment_05,image_005,calibration,not_applicable,high_band_first,synthetic_recovery_progress,0.98000000,40.00000000,0,0.99900000,0.99900000
experiment_05,image_005,calibration,not_applicable,high_band_first,synthetic_recovery_progress,0.99000000,40.00000000,0,0.99950000,0.99950000
experiment_05,image_005,calibration,not_applicable,high_band_first,synthetic_recovery_progress,1.00000000,40.00000000,0,1.00000000,1.00000000
experiment_05,image_005,calibration,not_applicable,together,synthetic_recovery_progress,0.00000000,40.00000000,0,0.00000000,0.00000000
experiment_05,image_005,calibration,not_applicable,together,synthetic_recovery_progress,0.01000000,40.00000000,0,0.00000000,0.00000000
experiment_05,image_005,calibration,not_applicable,together,synthetic_recovery_progress,0.02000000,40.00000000,0,0.00000000,0.00000000
experiment_05,image_005,calibration,not_applicable,together,synthetic_recovery_progress,0.03000000,40.00000000,0,0.00000000,0.00000000
experiment_05,image_005,calibration,not_applicable,together,synthetic_recovery_progress,0.04000000,40.00000000,0,0.00000000,0.00000000
experiment_05,image_005,calibration,not_applicable,together,synthetic_recovery_progress,0.05000000,40.00000000,0,0.00000000,0.00000000
experiment_05,image_005,calibration,not_applicable,together,synthetic_recovery_progress,0.06000000,40.00000000,0,0.00000000,0.00000000
experiment_05,image_005,calibration,not_applicable,together,synthetic_recovery_progress,0.07000000,40.00000000,0,0.00000000,0.00000000
experiment_05,image_005,calibration,not_applicable,together,synthetic_recovery_progress,0.08000000,40.00000000,0,0.00000000,0.00000000
experiment_05,image_005,calibration,not_applicable,together,synthetic_recovery_progress,0.09000000,40.00000000,0,0.00000000,0.00000000
experiment_05,image_005,calibration,not_applicable,together,synthetic_recovery_progress,0.10000000,40.00000000,0,0.00000000,0.00000000
experiment_05,image_005,calibration,not_applicable,together,synthetic_recovery_progress,0.11000000,40.00000000,0,0.00000000,0.00000000
experiment_05,image_005,calibration,not_applicable,together,synthetic_recovery_progress,0.12000000,40.00000000,0,0.00092073,0.00090823
experiment_05,image_005,calibration,not_applicable,together,synthetic_recovery_progress,0.13000000,40.00000000,0,0.00320947,0.00319712
experiment_05,image_005,calibration,not_applicable,together,synthetic_recovery_progress,0.14000000,40.00000000,0,0.00636443,0.00635222
experiment_05,image_005,calibration,not_applicable,together,synthetic_recovery_progress,0.15000000,40.00000000,0,0.01036223,0.01035016
experiment_05,image_005,calibration,not_applicable,together,synthetic_recovery_progress,0.16000000,40.00000000,0,0.01517948,0.01516755
experiment_05,image_005,calibration,not_applicable,together,synthetic_recovery_progress,0.17000000,40.00000000,0,0.02079281,0.02078102
experiment_05,image_005,calibration,not_applicable,together,synthetic_recovery_progress,0.18000000,40.00000000,0,0.02717881,0.02716717
experiment_05,image_005,calibration,not_applicable,together,synthetic_recovery_progress,0.19000000,40.00000000,0,0.03431411,0.03430260
experiment_05,image_005,calibration,not_applicable,together,synthetic_recovery_progress,0.20000000,40.00000000,0,0.04217529,0.04216393
experiment_05,image_005,calibration,not_applicable,together,synthetic_recovery_progress,0.21000000,40.00000000,0,0.05073895,0.05072773
experiment_05,image_005,calibration,not_applicable,together,synthetic_recovery_progress,0.22000000,40.00000000,0,0.05998170,0.05997062
experiment_05,image_005,calibration,not_applicable,together,synthetic_recovery_progress,0.23000000,40.00000000,0,0.06988012,0.06986918
experiment_05,image_005,calibration,not_applicable,together,synthetic_recovery_progress,0.24000000,40.00000000,0,0.08041080,0.08040001
experiment_05,image_005,calibration,not_applicable,together,synthetic_recovery_progress,0.25000000,40.00000000,0,0.09155034,0.09153969
experiment_05,image_005,calibration,not_applicable,together,synthetic_recovery_progress,0.26000000,40.00000000,0,0.10327531,0.10326480
experiment_05,image_005,calibration,not_applicable,together,synthetic_recovery_progress,0.27000000,40.00000000,0,0.11556230,0.11555193
experiment_05,image_005,calibration,not_applicable,together,synthetic_recovery_progress,0.28000000,40.00000000,0,0.12838790,0.12837767
experiment_05,image_005,calibration,not_applicable,together,synthetic_recovery_progress,0.29000000,40.00000000,0,0.14172867,0.14171859
experiment_05,image_005,calibration,not_applicable,together,synthetic_recovery_progress,0.30000000,40.00000000,0,0.15556122,0.15555127
experiment_05,image_005,calibration,not_applicable,together,synthetic_recovery_progress,0.31000000,40.00000000,0,0.16986209,0.16985230
experiment_05,image_005,calibration,not_applicable,together,synthetic_recovery_progress,0.32000000,40.00000000,0,0.18460789,0.18459823
experiment_05,image_005,calibration,not_applicable,together,synthetic_recovery_progress,0.33000000,40.00000000,0,0.19977517,0.19976566
experiment_05,image_005,calibration,not_applicable,together,synthetic_recovery_progress,0.34000000,40.00000000,0,0.21534052,0.21533114
experiment_05,image_005,calibration,not_applicable,together,synthetic_recovery_progress,0.35000000,40.00000000,0,0.23128050,0.23127126
experiment_05,image_005,calibration,not_applicable,together,synthetic_recovery_progress,0.36000000,40.00000000,0,0.24757168,0.24756259
experiment_05,image_005,calibration,not_applicable,together,synthetic_recovery_progress,0.37000000,40.00000000,0,0.26419064,0.26418169
experiment_05,image_005,calibration,not_applicable,together,synthetic_recovery_progress,0.38000000,40.00000000,0,0.28111394,0.28110514
experiment_05,image_005,calibration,not_applicable,together,synthetic_recovery_progress,0.39000000,40.00000000,0,0.29831816,0.29830949
experiment_05,image_005,calibration,not_applicable,together,synthetic_recovery_progress,0.40000000,40.00000000,0,0.31577985,0.31577133
experiment_05,image_005,calibration,not_applicable,together,synthetic_recovery_progress,0.41000000,40.00000000,0,0.33347558,0.33346720
experiment_05,image_005,calibration,not_applicable,together,synthetic_recovery_progress,0.42000000,40.00000000,0,0.35138192,0.35137368
experiment_05,image_005,calibration,not_applicable,together,synthetic_recovery_progress,0.43000000,40.00000000,0,0.36947542,0.36946733
experiment_05,image_005,calibration,not_applicable,together,synthetic_recovery_progress,0.44000000,40.00000000,0,0.38773266,0.38772471
experiment_05,image_005,calibration,not_applicable,together,synthetic_recovery_progress,0.45000000,40.00000000,0,0.40613019,0.40612238
experiment_05,image_005,calibration,not_applicable,together,synthetic_recovery_progress,0.46000000,40.00000000,0,0.42464456,0.42463690
experiment_05,image_005,calibration,not_applicable,together,synthetic_recovery_progress,0.47000000,40.00000000,0,0.44325235,0.44324482
experiment_05,image_005,calibration,not_applicable,together,synthetic_recovery_progress,0.48000000,40.00000000,0,0.46193009,0.46192271
experiment_05,image_005,calibration,not_applicable,together,synthetic_recovery_progress,0.49000000,40.00000000,0,0.48065436,0.48064712
experiment_05,image_005,calibration,not_applicable,together,synthetic_recovery_progress,0.50000000,40.00000000,0,0.49940169,0.49939459
experiment_05,image_005,calibration,not_applicable,together,synthetic_recovery_progress,0.51000000,40.00000000,0,0.51814864,0.51814168
experiment_05,image_005,calibration,not_applicable,together,synthetic_recovery_progress,0.52000000,40.00000000,0,0.53687175,0.53686494
experiment_05,image_005,calibration,not_applicable,together,synthetic_recovery_progress,0.53000000,40.00000000,0,0.55554758,0.55554090
experiment_05,image_005,calibration,not_applicable,together,synthetic_recovery_progress,0.54000000,40.00000000,0,0.57415265,0.57414613
experiment_05,image_005,calibration,not_applicable,together,synthetic_recovery_progress,0.55000000,40.00000000,0,0.59266353,0.59265714
experiment_05,image_005,calibration,not_applicable,together,synthetic_recovery_progress,0.56000000,40.00000000,0,0.61105672,0.61105048
experiment_05,image_005,calibration,not_applicable,together,synthetic_recovery_progress,0.57000000,40.00000000,0,0.62930878,0.62930268
experiment_05,image_005,calibration,not_applicable,together,synthetic_recovery_progress,0.58000000,40.00000000,0,0.64739621,0.64739025
experiment_05,image_005,calibration,not_applicable,together,synthetic_recovery_progress,0.59000000,40.00000000,0,0.66529555,0.66528973
experiment_05,image_005,calibration,not_applicable,together,synthetic_recovery_progress,0.60000000,40.00000000,0,0.68298330,0.68297763
experiment_05,image_005,calibration,not_applicable,together,synthetic_recovery_progress,0.61000000,40.00000000,0,0.70043597,0.70043044
experiment_05,image_005,calibration,not_applicable,together,synthetic_recovery_progress,0.62000000,40.00000000,0,0.71763005,0.71762466
experiment_05,image_005,calibration,not_applicable,together,synthetic_recovery_progress,0.63000000,40.00000000,0,0.73454203,0.73453678
experiment_05,image_005,calibration,not_applicable,together,synthetic_recovery_progress,0.64000000,40.00000000,0,0.75114836,0.75114326
experiment_05,image_005,calibration,not_applicable,together,synthetic_recovery_progress,0.65000000,40.00000000,0,0.76742551,0.76742055
experiment_05,image_005,calibration,not_applicable,together,synthetic_recovery_progress,0.66000000,40.00000000,0,0.78334990,0.78334508
experiment_05,image_005,calibration,not_applicable,together,synthetic_recovery_progress,0.67000000,40.00000000,0,0.79889793,0.79889326
experiment_05,image_005,calibration,not_applicable,together,synthetic_recovery_progress,0.68000000,40.00000000,0,0.81404598,0.81404145
experiment_05,image_005,calibration,not_applicable,together,synthetic_recovery_progress,0.69000000,40.00000000,0,0.82877037,0.82876598
experiment_05,image_005,calibration,not_applicable,together,synthetic_recovery_progress,0.70000000,40.00000000,0,0.84304738,0.84304313
experiment_05,image_005,calibration,not_applicable,together,synthetic_recovery_progress,0.71000000,40.00000000,0,0.85685321,0.85684911
experiment_05,image_005,calibration,not_applicable,together,synthetic_recovery_progress,0.72000000,40.00000000,0,0.87016399,0.87016003
experiment_05,image_005,calibration,not_applicable,together,synthetic_recovery_progress,0.73000000,40.00000000,0,0.88295572,0.88295190
experiment_05,image_005,calibration,not_applicable,together,synthetic_recovery_progress,0.74000000,40.00000000,0,0.89520424,0.89520057
experiment_05,image_005,calibration,not_applicable,together,synthetic_recovery_progress,0.75000000,40.00000000,0,0.90688518,0.90688166
experiment_05,image_005,calibration,not_applicable,together,synthetic_recovery_progress,0.76000000,40.00000000,0,0.91797387,0.91797050
experiment_05,image_005,calibration,not_applicable,together,synthetic_recovery_progress,0.77000000,40.00000000,0,0.92844523,0.92844200
experiment_05,image_005,calibration,not_applicable,together,synthetic_recovery_progress,0.78000000,40.00000000,0,0.93827355,0.93827047
experiment_05,image_005,calibration,not_applicable,together,synthetic_recovery_progress,0.79000000,40.00000000,0,0.94743221,0.94742928
experiment_05,image_005,calibration,not_applicable,together,synthetic_recovery_progress,0.80000000,40.00000000,0,0.95589322,0.95589045
experiment_05,image_005,calibration,not_applicable,together,synthetic_recovery_progress,0.81000000,40.00000000,0,0.96362640,0.96362380
experiment_05,image_005,calibration,not_applicable,together,synthetic_recovery_progress,0.82000000,40.00000000,0,0.97059814,0.97059571
experiment_05,image_005,calibration,not_applicable,together,synthetic_recovery_progress,0.83000000,40.00000000,0,0.97676915,0.97676690
experiment_05,image_005,calibration,not_applicable,together,synthetic_recovery_progress,0.84000000,40.00000000,0,0.98209104,0.98208900
experiment_05,image_005,calibration,not_applicable,together,synthetic_recovery_progress,0.85000000,40.00000000,0,0.98650200,0.98650023
experiment_05,image_005,calibration,not_applicable,together,synthetic_recovery_progress,0.86000000,40.00000000,0,0.98992748,0.98992605
experiment_05,image_005,calibration,not_applicable,together,synthetic_recovery_progress,0.87000000,40.00000000,0,0.99231152,0.99231053
experiment_05,image_005,calibration,not_applicable,together,synthetic_recovery_progress,0.88000000,40.00000000,0,0.99372496,0.99372446
experiment_05,image_005,calibration,not_applicable,together,synthetic_recovery_progress,0.89000000,40.00000000,0,0.99448088,0.99448075
experiment_05,image_005,calibration,not_applicable,together,synthetic_recovery_progress,0.90000000,40.00000000,0,0.99500000,0.99500000
experiment_05,image_005,calibration,not_applicable,together,synthetic_recovery_progress,0.91000000,40.00000000,0,0.99550000,0.99550000
experiment_05,image_005,calibration,not_applicable,together,synthetic_recovery_progress,0.92000000,40.00000000,0,0.99600000,0.99600000
experiment_05,image_005,calibration,not_applicable,together,synthetic_recovery_progress,0.93000000,40.00000000,0,0.99650000,0.99650000
experiment_05,image_005,calibration,not_applicable,together,synthetic_recovery_progress,0.94000000,40.00000000,0,0.99700000,0.99700000
experiment_05,image_005,calibration,not_applicable,together,synthetic_recovery_progress,0.95000000,40.00000000,0,0.99750000,0.99750000
experiment_05,image_005,calibration,not_applicable,together,synthetic_recovery_progress,0.96000000,40.00000000,0,0.99800000,0.99800000
experiment_05,image_005,calibration,not_applicable,together,synthetic_recovery_progress,0.97000000,40.00000000,0,0.99850000,0.99850000
experiment_05,image_005,calibration,not_applicable,together,synthetic_recovery_progress,0.98000000,40.00000000,0,0.99900000,0.99900000
experiment_05,image_005,calibration,not_applicable,together,synthetic_recovery_progress,0.99000000,40.00000000,0,0.99950000,0.99950000
experiment_05,image_005,calibration,not_applicable,together,synthetic_recovery_progress,1.00000000,40.00000000,0,1.00000000,1.00000000
experiment_05,image_005,calibration,not_applicable,low_band_first,synthetic_recovery_progress,0.00000000,80.00000000,0,0.00000000,0.00000000
experiment_05,image_005,calibration,not_applicable,low_band_first,synthetic_recovery_progress,0.01000000,80.00000000,0,0.00000000,0.00000000
experiment_05,image_005,calibration,not_applicable,low_band_first,synthetic_recovery_progress,0.02000000,80.00000000,0,0.00000000,0.00000000
experiment_05,image_005,calibration,not_applicable,low_band_first,synthetic_recovery_progress,0.03000000,80.00000000,0,0.00000000,0.00000000
experiment_05,image_005,calibration,not_applicable,low_band_first,synthetic_recovery_progress,0.04000000,80.00000000,0,0.00000000,0.00000000
experiment_05,image_005,calibration,not_applicable,low_band_first,synthetic_recovery_progress,0.05000000,80.00000000,0,0.00000000,0.00000000
experiment_05,image_005,calibration,not_applicable,low_band_first,synthetic_recovery_progress,0.06000000,80.00000000,0,0.00003364,0.00000000
experiment_05,image_005,calibration,not_applicable,low_band_first,synthetic_recovery_progress,0.07000000,80.00000000,0,0.00277931,0.00000000
experiment_05,image_005,calibration,not_applicable,low_band_first,synthetic_recovery_progress,0.08000000,80.00000000,0,0.00724611,0.00000000
experiment_05,image_005,calibration,not_applicable,low_band_first,synthetic_recovery_progress,0.09000000,80.00000000,0,0.01335270,0.00000000
experiment_05,image_005,calibration,not_applicable,low_band_first,synthetic_recovery_progress,0.10000000,80.00000000,0,0.02101559,0.00000000
experiment_05,image_005,calibration,not_applicable,low_band_first,synthetic_recovery_progress,0.11000000,80.00000000,0,0.03014933,0.00000000
experiment_05,image_005,calibration,not_applicable,low_band_first,synthetic_recovery_progress,0.12000000,80.00000000,0,0.04066657,0.00000000
experiment_05,image_005,calibration,not_applicable,low_band_first,synthetic_recovery_progress,0.13000000,80.00000000,0,0.05247819,0.00000000
experiment_05,image_005,calibration,not_applicable,low_band_first,synthetic_recovery_progress,0.14000000,80.00000000,0,0.06549331,0.00000000
experiment_05,image_005,calibration,not_applicable,low_band_first,synthetic_recovery_progress,0.15000000,80.00000000,0,0.07961933,0.00000000
experiment_05,image_005,calibration,not_applicable,low_band_first,synthetic_recovery_progress,0.16000000,80.00000000,0,0.09476198,0.00000000
experiment_05,image_005,calibration,not_applicable,low_band_first,synthetic_recovery_progress,0.17000000,80.00000000,0,0.11082524,0.00000000
experiment_05,image_005,calibration,not_applicable,low_band_first,synthetic_recovery_progress,0.18000000,80.00000000,0,0.12771140,0.00000000
experiment_05,image_005,calibration,not_applicable,low_band_first,synthetic_recovery_progress,0.19000000,80.00000000,0,0.14532097,0.00000000
experiment_05,image_005,calibration,not_applicable,low_band_first,synthetic_recovery_progress,0.20000000,80.00000000,0,0.16355273,0.00000000
experiment_05,image_005,calibration,not_applicable,low_band_first,synthetic_recovery_progress,0.21000000,80.00000000,0,0.18230368,0.00000000
experiment_05,image_005,calibration,not_applicable,low_band_first,synthetic_recovery_progress,0.22000000,80.00000000,0,0.20146908,0.00000000
experiment_05,image_005,calibration,not_applicable,low_band_first,synthetic_recovery_progress,0.23000000,80.00000000,0,0.22094247,0.00000000
experiment_05,image_005,calibration,not_applicable,low_band_first,synthetic_recovery_progress,0.24000000,80.00000000,0,0.24061577,0.00000000
experiment_05,image_005,calibration,not_applicable,low_band_first,synthetic_recovery_progress,0.25000000,80.00000000,0,0.26037940,0.00000000
experiment_05,image_005,calibration,not_applicable,low_band_first,synthetic_recovery_progress,0.26000000,80.00000000,0,0.28012257,0.00000000
experiment_05,image_005,calibration,not_applicable,low_band_first,synthetic_recovery_progress,0.27000000,80.00000000,0,0.29973355,0.00000000
experiment_05,image_005,calibration,not_applicable,low_band_first,synthetic_recovery_progress,0.28000000,80.00000000,0,0.31910018,0.00000000
experiment_05,image_005,calibration,not_applicable,low_band_first,synthetic_recovery_progress,0.29000000,80.00000000,0,0.33811050,0.00000000
experiment_05,image_005,calibration,not_applicable,low_band_first,synthetic_recovery_progress,0.30000000,80.00000000,0,0.35665357,0.00000000
experiment_05,image_005,calibration,not_applicable,low_band_first,synthetic_recovery_progress,0.31000000,80.00000000,0,0.37462053,0.00000000
experiment_05,image_005,calibration,not_applicable,low_band_first,synthetic_recovery_progress,0.32000000,80.00000000,0,0.39190595,0.00000000
experiment_05,image_005,calibration,not_applicable,low_band_first,synthetic_recovery_progress,0.33000000,80.00000000,0,0.40840931,0.00000000
experiment_05,image_005,calibration,not_applicable,low_band_first,synthetic_recovery_progress,0.34000000,80.00000000,0,0.42403695,0.00000000
experiment_05,image_005,calibration,not_applicable,low_band_first,synthetic_recovery_progress,0.35000000,80.00000000,0,0.43870402,0.00000000
experiment_05,image_005,calibration,not_applicable,low_band_first,synthetic_recovery_progress,0.36000000,80.00000000,0,0.45233676,0.00000000
experiment_05,image_005,calibration,not_applicable,low_band_first,synthetic_recovery_progress,0.37000000,80.00000000,0,0.46487476,0.00000000
experiment_05,image_005,calibration,not_applicable,low_band_first,synthetic_recovery_progress,0.38000000,80.00000000,0,0.47627316,0.00000000
experiment_05,image_005,calibration,not_applicable,low_band_first,synthetic_recovery_progress,0.39000000,80.00000000,0,0.48650459,0.00000000
experiment_05,image_005,calibration,not_applicable,low_band_first,synthetic_recovery_progress,0.40000000,80.00000000,0,0.49556073,0.00000000
experiment_05,image_005,calibration,not_applicable,low_band_first,synthetic_recovery_progress,0.41000000,80.00000000,0,0.50345320,0.00000000
experiment_05,image_005,calibration,not_applicable,low_band_first,synthetic_recovery_progress,0.42000000,80.00000000,0,0.51021375,0.00000000
experiment_05,image_005,calibration,not_applicable,low_band_first,synthetic_recovery_progress,0.43000000,80.00000000,0,0.51589356,0.00000000
experiment_05,image_005,calibration,not_applicable,low_band_first,synthetic_recovery_progress,0.44000000,80.00000000,0,0.52056176,0.00000000
experiment_05,image_005,calibration,not_applicable,low_band_first,synthetic_recovery_progress,0.45000000,80.00000000,0,0.52430303,0.00000000
experiment_05,image_005,calibration,not_applicable,low_band_first,synthetic_recovery_progress,0.46000000,80.00000000,0,0.52775856,0.00028434
experiment_05,image_005,calibration,not_applicable,low_band_first,synthetic_recovery_progress,0.47000000,80.00000000,0,0.53155906,0.00380146
experiment_05,image_005,calibration,not_applicable,low_band_first,synthetic_recovery_progress,0.48000000,80.00000000,0,0.53578021,0.00952444
experiment_05,image_005,calibration,not_applicable,low_band_first,synthetic_recovery_progress,0.49000000,80.00000000,0,0.54049229,0.01735750
experiment_05,image_005,calibration,not_applicable,low_band_first,synthetic_recovery_progress,0.50000000,80.00000000,0,0.54575890,0.02720481
experiment_05,image_005,calibration,not_applicable,low_band_first,synthetic_recovery_progress,0.51000000,80.00000000,0,0.55163531,0.03897054
experiment_05,image_005,calibration,not_applicable,low_band_first,synthetic_recovery_progress,0.52000000,80.00000000,0,0.55816643,0.05255883
experiment_05,image_005,calibration,not_applicable,low_band_first,synthetic_recovery_progress,0.53000000,80.00000000,0,0.56538423,0.06787379
experiment_05,image_005,calibration,not_applicable,low_band_first,synthetic_recovery_progress,0.54000000,80.00000000,0,0.57330453,0.08481952
experiment_05,image_005,calibration,not_applicable,low_band_first,synthetic_recovery_progress,0.55000000,80.00000000,0,0.58192280,0.10330013
experiment_05,image_005,calibration,not_applicable,low_band_first,synthetic_recovery_progress,0.56000000,80.00000000,0,0.59121009,0.12321969
experiment_05,image_005,calibration,not_applicable,low_band_first,synthetic_recovery_progress,0.57000000,80.00000000,0,0.60112297,0.14448227
experiment_05,image_005,calibration,not_applicable,low_band_first,synthetic_recovery_progress,0.58000000,80.00000000,0,0.61161673,0.16699193
experiment_05,image_005,calibration,not_applicable,low_band_first,synthetic_recovery_progress,0.59000000,80.00000000,0,0.62264669,0.19065272
experiment_05,image_005,calibration,not_applicable,low_band_first,synthetic_recovery_progress,0.60000000,80.00000000,0,0.63416813,0.21536870
experiment_05,image_005,calibration,not_applicable,low_band_first,synthetic_recovery_progress,0.61000000,80.00000000,0,0.64613635,0.24104389
experiment_05,image_005,calibration,not_applicable,low_band_first,synthetic_recovery_progress,0.62000000,80.00000000,0,0.65850663,0.26758233
experiment_05,image_005,calibration,not_applicable,low_band_first,synthetic_recovery_progress,0.63000000,80.00000000,0,0.67123426,0.29488806
experiment_05,image_005,calibration,not_applicable,low_band_first,synthetic_recovery_progress,0.64000000,80.00000000,0,0.68427451,0.32286508
experiment_05,image_005,calibration,not_applicable,low_band_first,synthetic_recovery_progress,0.65000000,80.00000000,0,0.69758265,0.35141741
experiment_05,image_005,calibration,not_applicable,low_band_first,synthetic_recovery_progress,0.66000000,80.00000000,0,0.71111395,0.38044906
experiment_05,image_005,calibration,not_applicable,low_band_first,synthetic_recovery_progress,0.67000000,80.00000000,0,0.72482367,0.40986404
experiment_05,image_005,calibration,not_applicable,low_band_first,synthetic_recovery_progress,0.68000000,80.00000000,0,0.73866706,0.43956634
experiment_05,image_005,calibration,not_applicable,low_band_first,synthetic_recovery_progress,0.69000000,80.00000000,0,0.75259939,0.46945995
experiment_05,image_005,calibration,not_applicable,low_band_first,synthetic_recovery_progress,0.70000000,80.00000000,0,0.76657588,0.49944884
experiment_05,image_005,calibration,not_applicable,low_band_first,synthetic_recovery_progress,0.71000000,80.00000000,0,0.78055179,0.52943700
experiment_05,image_005,calibration,not_applicable,low_band_first,synthetic_recovery_progress,0.72000000,80.00000000,0,0.79448233,0.55932839
experiment_05,image_005,calibration,not_applicable,low_band_first,synthetic_recovery_progress,0.73000000,80.00000000,0,0.80832273,0.58902694
experiment_05,image_005,calibration,not_applicable,low_band_first,synthetic_recovery_progress,0.74000000,80.00000000,0,0.82202820,0.61843661
experiment_05,image_005,calibration,not_applicable,low_band_first,synthetic_recovery_progress,0.75000000,80.00000000,0,0.83555392,0.64746129
experiment_05,image_005,calibration,not_applicable,low_band_first,synthetic_recovery_progress,0.76000000,80.00000000,0,0.84885506,0.67600488
experiment_05,image_005,calibration,not_applicable,low_band_first,synthetic_recovery_progress,0.77000000,80.00000000,0,0.86188679,0.70397124
experiment_05,image_005,calibration,not_applicable,low_band_first,synthetic_recovery_progress,0.78000000,80.00000000,0,0.87460420,0.73126419
experiment_05,image_005,calibration,not_applicable,low_band_first,synthetic_recovery_progress,0.79000000,80.00000000,0,0.88696238,0.75778749
experiment_05,image_005,calibration,not_applicable,low_band_first,synthetic_recovery_progress,0.80000000,80.00000000,0,0.89891634,0.78344484
experiment_05,image_005,calibration,not_applicable,low_band_first,synthetic_recovery_progress,0.81000000,80.00000000,0,0.91042101,0.80813983
experiment_05,image_005,calibration,not_applicable,low_band_first,synthetic_recovery_progress,0.82000000,80.00000000,0,0.92143123,0.83177590
experiment_05,image_005,calibration,not_applicable,low_band_first,synthetic_recovery_progress,0.83000000,80.00000000,0,0.93190165,0.85425631
experiment_05,image_005,calibration,not_applicable,low_band_first,synthetic_recovery_progress,0.84000000,80.00000000,0,0.94178669,0.87548399
experiment_05,image_005,calibration,not_applicable,low_band_first,synthetic_recovery_progress,0.85000000,80.00000000,0,0.95104041,0.89536138
experiment_05,image_005,calibration,not_applicable,low_band_first,synthetic_recovery_progress,0.86000000,80.00000000,0,0.95961626,0.91379017
experiment_05,image_005,calibration,not_applicable,low_band_first,synthetic_recovery_progress,0.87000000,80.00000000,0,0.96746669,0.93067075
experiment_05,image_005,calibration,not_applicable,low_band_first,synthetic_recovery_progress,0.88000000,80.00000000,0,0.97454241,0.94590114
experiment_05,image_005,calibration,not_applicable,low_band_first,synthetic_recovery_progress,0.89000000,80.00000000,0,0.98079091,0.95937499
experiment_05,image_005,calibration,not_applicable,low_band_first,synthetic_recovery_progress,0.90000000,80.00000000,0,0.98615330,0.97097681
experiment_05,image_005,calibration,not_applicable,low_band_first,synthetic_recovery_progress,0.91000000,80.00000000,0,0.99055768,0.98057081
experiment_05,image_005,calibration,not_applicable,low_band_first,synthetic_recovery_progress,0.92000000,80.00000000,0,0.99390744,0.98797364
experiment_05,image_005,calibration,not_applicable,low_band_first,synthetic_recovery_progress,0.93000000,80.00000000,0,0.99608859,0.99291507
experiment_05,image_005,calibration,not_applicable,low_band_first,synthetic_recovery_progress,0.94000000,80.00000000,0,0.99715932,0.99528743
experiment_05,image_005,calibration,not_applicable,low_band_first,synthetic_recovery_progress,0.95000000,80.00000000,0,0.99767736,0.99620019
experiment_05,image_005,calibration,not_applicable,low_band_first,synthetic_recovery_progress,0.96000000,80.00000000,0,0.99814189,0.99696015
experiment_05,image_005,calibration,not_applicable,low_band_first,synthetic_recovery_progress,0.97000000,80.00000000,0,0.99860642,0.99772012
experiment_05,image_005,calibration,not_applicable,low_band_first,synthetic_recovery_progress,0.98000000,80.00000000,0,0.99907094,0.99848008
experiment_05,image_005,calibration,not_applicable,low_band_first,synthetic_recovery_progress,0.99000000,80.00000000,0,0.99953547,0.99924004
experiment_05,image_005,calibration,not_applicable,low_band_first,synthetic_recovery_progress,1.00000000,80.00000000,0,1.00000000,1.00000000
experiment_05,image_005,calibration,not_applicable,high_band_first,synthetic_recovery_progress,0.00000000,80.00000000,0,0.00000000,0.00000000
experiment_05,image_005,calibration,not_applicable,high_band_first,synthetic_recovery_progress,0.01000000,80.00000000,0,0.00000000,0.00000000
experiment_05,image_005,calibration,not_applicable,high_band_first,synthetic_recovery_progress,0.02000000,80.00000000,0,0.00000000,0.00000000
experiment_05,image_005,calibration,not_applicable,high_band_first,synthetic_recovery_progress,0.03000000,80.00000000,0,0.00000000,0.00000000
experiment_05,image_005,calibration,not_applicable,high_band_first,synthetic_recovery_progress,0.04000000,80.00000000,0,0.00000000,0.00000000
experiment_05,image_005,calibration,not_applicable,high_band_first,synthetic_recovery_progress,0.05000000,80.00000000,0,0.00000000,0.00000000
experiment_05,image_005,calibration,not_applicable,high_band_first,synthetic_recovery_progress,0.06000000,80.00000000,0,0.00000000,0.00000000
experiment_05,image_005,calibration,not_applicable,high_band_first,synthetic_recovery_progress,0.07000000,80.00000000,0,0.00013921,0.00206792
experiment_05,image_005,calibration,not_applicable,high_band_first,synthetic_recovery_progress,0.08000000,80.00000000,0,0.00138722,0.00780443
experiment_05,image_005,calibration,not_applicable,high_band_first,synthetic_recovery_progress,0.09000000,80.00000000,0,0.00308162,0.01564760
experiment_05,image_005,calibration,not_applicable,high_band_first,synthetic_recovery_progress,0.10000000,80.00000000,0,0.00519353,0.02550177
experiment_05,image_005,calibration,not_applicable,high_band_first,synthetic_recovery_progress,0.11000000,80.00000000,0,0.00769244,0.03727120
experiment_05,image_005,calibration,not_applicable,high_band_first,synthetic_recovery_progress,0.12000000,80.00000000,0,0.01054648,0.05086010
experiment_05,image_005,calibration,not_applicable,high_band_first,synthetic_recovery_progress,0.13000000,80.00000000,0,0.01372270,0.06617263
experiment_05,image_005,calibration,not_applicable,high_band_first,synthetic_recovery_progress,0.14000000,80.00000000,0,0.01718731,0.08311290
experiment_05,image_005,calibration,not_applicable,high_band_first,synthetic_recovery_progress,0.15000000,80.00000000,0,0.02090589,0.10158498
experiment_05,image_005,calibration,not_applicable,high_band_first,synthetic_recovery_progress,0.16000000,80.00000000,0,0.02484368,0.12149290
experiment_05,image_005,calibration,not_applicable,high_band_first,synthetic_recovery_progress,0.17000000,80.00000000,0,0.02896575,0.14274064
experiment_05,image_005,calibration,not_applicable,high_band_first,synthetic_recovery_progress,0.18000000,80.00000000,0,0.03323728,0.16523215
experiment_05,image_005,calibration,not_applicable,high_band_first,synthetic_recovery_progress,0.19000000,80.00000000,0,0.03762371,0.18887133
experiment_05,image_005,calibration,not_applicable,high_band_first,synthetic_recovery_progress,0.20000000,80.00000000,0,0.04209103,0.21356202
experiment_05,image_005,calibration,not_applicable,high_band_first,synthetic_recovery_progress,0.21000000,80.00000000,0,0.04660598,0.23920803
experiment_05,image_005,calibration,not_applicable,high_band_first,synthetic_recovery_progress,0.22000000,80.00000000,0,0.05113623,0.26571311
experiment_05,image_005,calibration,not_applicable,high_band_first,synthetic_recovery_progress,0.23000000,80.00000000,0,0.05565064,0.29298094
experiment_05,image_005,calibration,not_applicable,high_band_first,synthetic_recovery_progress,0.24000000,80.00000000,0,0.06011944,0.32091515
experiment_05,image_005,calibration,not_applicable,high_band_first,synthetic_recovery_progress,0.25000000,80.00000000,0,0.06451444,0.34941927
experiment_05,image_005,calibration,not_applicable,high_band_first,synthetic_recovery_progress,0.26000000,80.00000000,0,0.06880924,0.37839673
experiment_05,image_005,calibration,not_applicable,high_band_first,synthetic_recovery_progress,0.27000000,80.00000000,0,0.07297939,0.40775088
experiment_05,image_005,calibration,not_applicable,high_band_first,synthetic_recovery_progress,0.28000000,80.00000000,0,0.07700259,0.43738490
experiment_05,image_005,calibration,not_applicable,high_band_first,synthetic_recovery_progress,0.29000000,80.00000000,0,0.08085882,0.46720184
experiment_05,image_005,calibration,not_applicable,high_band_first,synthetic_recovery_progress,0.30000000,80.00000000,0,0.08453051,0.49710453
experiment_05,image_005,calibration,not_applicable,high_band_first,synthetic_recovery_progress,0.31000000,80.00000000,0,0.08800263,0.52699557
experiment_05,image_005,calibration,not_applicable,high_band_first,synthetic_recovery_progress,0.32000000,80.00000000,0,0.09126279,0.55677725
experiment_05,image_005,calibration,not_applicable,high_band_first,synthetic_recovery_progress,0.33000000,80.00000000,0,0.09430132,0.58635151
experiment_05,image_005,calibration,not_applicable,high_band_first,synthetic_recovery_progress,0.34000000,80.00000000,0,0.09711131,0.61561977
experiment_05,image_005,calibration,not_applicable,high_band_first,synthetic_recovery_progress,0.35000000,80.00000000,0,0.09968858,0.64448288
experiment_05,image_005,calibration,not_applicable,high_band_first,synthetic_recovery_progress,0.36000000,80.00000000,0,0.10203172,0.67284086
experiment_05,image_005,calibration,not_applicable,high_band_first,synthetic_recovery_progress,0.37000000,80.00000000,0,0.10414199,0.70059271
experiment_05,image_005,calibration,not_applicable,high_band_first,synthetic_recovery_progress,0.38000000,80.00000000,0,0.10602321,0.72763604
experiment_05,image_005,calibration,not_applicable,high_band_first,synthetic_recovery_progress,0.39000000,80.00000000,0,0.10768170,0.75386661
experiment_05,image_005,calibration,not_applicable,high_band_first,synthetic_recovery_progress,0.40000000,80.00000000,0,0.10912605,0.77917764
experiment_05,image_005,calibration,not_applicable,high_band_first,synthetic_recovery_progress,0.41000000,80.00000000,0,0.11036698,0.80345888
experiment_05,image_005,calibration,not_applicable,high_band_first,synthetic_recovery_progress,0.42000000,80.00000000,0,0.11141710,0.82659518
experiment_05,image_005,calibration,not_applicable,high_band_first,synthetic_recovery_progress,0.43000000,80.00000000,0,0.11229065,0.84846451
experiment_05,image_005,calibration,not_applicable,high_band_first,synthetic_recovery_progress,0.44000000,80.00000000,0,0.11300324,0.86893505
experiment_05,image_005,calibration,not_applicable,high_band_first,synthetic_recovery_progress,0.45000000,80.00000000,0,0.11357153,0.88786106
experiment_05,image_005,calibration,not_applicable,high_band_first,synthetic_recovery_progress,0.46000000,80.00000000,0,0.11505897,0.90507755
experiment_05,image_005,calibration,not_applicable,high_band_first,synthetic_recovery_progress,0.47000000,80.00000000,0,0.11847440,0.92039441
experiment_05,image_005,calibration,not_applicable,high_band_first,synthetic_recovery_progress,0.48000000,80.00000000,0,0.12375201,0.93359446
experiment_05,image_005,calibration,not_applicable,high_band_first,synthetic_recovery_progress,0.49000000,80.00000000,0,0.13082464,0.94444776
experiment_05,image_005,calibration,not_applicable,high_band_first,synthetic_recovery_progress,0.50000000,80.00000000,0,0.13962372,0.95276855
experiment_05,image_005,calibration,not_applicable,high_band_first,synthetic_recovery_progress,0.51000000,80.00000000,0,0.15007923,0.95854008
experiment_05,image_005,calibration,not_applicable,high_band_first,synthetic_recovery_progress,0.52000000,80.00000000,0,0.16211950,0.96206319
experiment_05,image_005,calibration,not_applicable,high_band_first,synthetic_recovery_progress,0.53000000,80.00000000,0,0.17567088,0.96397112
experiment_05,image_005,calibration,not_applicable,high_band_first,synthetic_recovery_progress,0.54000000,80.00000000,0,0.19065733,0.96502008
experiment_05,image_005,calibration,not_applicable,high_band_first,synthetic_recovery_progress,0.55000000,80.00000000,0,0.20699982,0.96580173
experiment_05,image_005,calibration,not_applicable,high_band_first,synthetic_recovery_progress,0.56000000,80.00000000,0,0.22461576,0.96656169
experiment_05,image_005,calibration,not_applicable,high_band_first,synthetic_recovery_progress,0.57000000,80.00000000,0,0.24342040,0.96732165
experiment_05,image_005,calibration,not_applicable,high_band_first,synthetic_recovery_progress,0.58000000,80.00000000,0,0.26332884,0.96808162
experiment_05,image_005,calibration,not_applicable,high_band_first,synthetic_recovery_progress,0.59000000,80.00000000,0,0.28425615,0.96884158
experiment_05,image_005,calibration,not_applicable,high_band_first,synthetic_recovery_progress,0.60000000,80.00000000,0,0.30611742,0.96960154
experiment_05,image_005,calibration,not_applicable,high_band_first,synthetic_recovery_progress,0.61000000,80.00000000,0,0.32882774,0.97036150
experiment_05,image_005,calibration,not_applicable,high_band_first,synthetic_recovery_progress,0.62000000,80.00000000,0,0.35230217,0.97112146
experiment_05,image_005,calibration,not_applicable,high_band_first,synthetic_recovery_progress,0.63000000,80.00000000,0,0.37645579,0.97188142
experiment_05,image_005,calibration,not_applicable,high_band_first,synthetic_recovery_progress,0.64000000,80.00000000,0,0.40120367,0.97264139
experiment_05,image_005,calibration,not_applicable,high_band_first,synthetic_recovery_progress,0.65000000,80.00000000,0,0.42646089,0.97340135
experiment_05,image_005,calibration,not_applicable,high_band_first,synthetic_recovery_progress,0.66000000,80.00000000,0,0.45214250,0.97416131
experiment_05,image_005,calibration,not_applicable,high_band_first,synthetic_recovery_progress,0.67000000,80.00000000,0,0.47816358,0.97492127
experiment_05,image_005,calibration,not_applicable,high_band_first,synthetic_recovery_progress,0.68000000,80.00000000,0,0.50443918,0.97568123
experiment_05,image_005,calibration,not_applicable,high_band_first,synthetic_recovery_progress,0.69000000,80.00000000,0,0.53088436,0.97644119
experiment_05,image_005,calibration,not_applicable,high_band_first,synthetic_recovery_progress,0.70000000,80.00000000,0,0.55741418,0.97720115
experiment_05,image_005,calibration,not_applicable,high_band_first,synthetic_recovery_progress,0.71000000,80.00000000,0,0.58394368,0.97796112
experiment_05,image_005,calibration,not_applicable,high_band_first,synthetic_recovery_progress,0.72000000,80.00000000,0,0.61038792,0.97872108
experiment_05,image_005,calibration,not_applicable,high_band_first,synthetic_recovery_progress,0.73000000,80.00000000,0,0.63666194,0.97948104
experiment_05,image_005,calibration,not_applicable,high_band_first,synthetic_recovery_progress,0.74000000,80.00000000,0,0.66268076,0.98024100
experiment_05,image_005,calibration,not_applicable,high_band_first,synthetic_recovery_progress,0.75000000,80.00000000,0,0.68835943,0.98100096
experiment_05,image_005,calibration,not_applicable,high_band_first,synthetic_recovery_progress,0.76000000,80.00000000,0,0.71361294,0.98176092
experiment_05,image_005,calibration,not_applicable,high_band_first,synthetic_recovery_progress,0.77000000,80.00000000,0,0.73835632,0.98252089
experiment_05,image_005,calibration,not_applicable,high_band_first,synthetic_recovery_progress,0.78000000,80.00000000,0,0.76250453,0.98328085
experiment_05,image_005,calibration,not_applicable,high_band_first,synthetic_recovery_progress,0.79000000,80.00000000,0,0.78597255,0.98404081
experiment_05,image_005,calibration,not_applicable,high_band_first,synthetic_recovery_progress,0.80000000,80.00000000,0,0.80867531,0.98480077
experiment_05,image_005,calibration,not_applicable,high_band_first,synthetic_recovery_progress,0.81000000,80.00000000,0,0.83052769,0.98556073
experiment_05,image_005,calibration,not_applicable,high_band_first,synthetic_recovery_progress,0.82000000,80.00000000,0,0.85144452,0.98632069
experiment_05,image_005,calibration,not_applicable,high_band_first,synthetic_recovery_progress,0.83000000,80.00000000,0,0.87134055,0.98708065
experiment_05,image_005,calibration,not_applicable,high_band_first,synthetic_recovery_progress,0.84000000,80.00000000,0,0.89013038,0.98784062
experiment_05,image_005,calibration,not_applicable,high_band_first,synthetic_recovery_progress,0.85000000,80.00000000,0,0.90772841,0.98860058
experiment_05,image_005,calibration,not_applicable,high_band_first,synthetic_recovery_progress,0.86000000,80.00000000,0,0.92404869,0.98936054
experiment_05,image_005,calibration,not_applicable,high_band_first,synthetic_recovery_progress,0.87000000,80.00000000,0,0.93900472,0.99012050
experiment_05,image_005,calibration,not_applicable,high_band_first,synthetic_recovery_progress,0.88000000,80.00000000,0,0.95250895,0.99088046
experiment_05,image_005,calibration,not_applicable,high_band_first,synthetic_recovery_progress,0.89000000,80.00000000,0,0.96447182,0.99164042
experiment_05,image_005,calibration,not_applicable,high_band_first,synthetic_recovery_progress,0.90000000,80.00000000,0,0.97479952,0.99240038
experiment_05,image_005,calibration,not_applicable,high_band_first,synthetic_recovery_progress,0.91000000,80.00000000,0,0.98338809,0.99316035
experiment_05,image_005,calibration,not_applicable,high_band_first,synthetic_recovery_progress,0.92000000,80.00000000,0,0.99010609,0.99392031
experiment_05,image_005,calibration,not_applicable,high_band_first,synthetic_recovery_progress,0.93000000,80.00000000,0,0.99474327,0.99468027
experiment_05,image_005,calibration,not_applicable,high_band_first,synthetic_recovery_progress,0.94000000,80.00000000,0,0.99702346,0.99544023
experiment_05,image_005,calibration,not_applicable,high_band_first,synthetic_recovery_progress,0.95000000,80.00000000,0,0.99767736,0.99620019
experiment_05,image_005,calibration,not_applicable,high_band_first,synthetic_recovery_progress,0.96000000,80.00000000,0,0.99814189,0.99696015
experiment_05,image_005,calibration,not_applicable,high_band_first,synthetic_recovery_progress,0.97000000,80.00000000,0,0.99860642,0.99772012
experiment_05,image_005,calibration,not_applicable,high_band_first,synthetic_recovery_progress,0.98000000,80.00000000,0,0.99907094,0.99848008
experiment_05,image_005,calibration,not_applicable,high_band_first,synthetic_recovery_progress,0.99000000,80.00000000,0,0.99953547,0.99924004
experiment_05,image_005,calibration,not_applicable,high_band_first,synthetic_recovery_progress,1.00000000,80.00000000,0,1.00000000,1.00000000
experiment_05,image_005,calibration,not_applicable,together,synthetic_recovery_progress,0.00000000,80.00000000,0,0.00000000,0.00000000
experiment_05,image_005,calibration,not_applicable,together,synthetic_recovery_progress,0.01000000,80.00000000,0,0.00000000,0.00000000
experiment_05,image_005,calibration,not_applicable,together,synthetic_recovery_progress,0.02000000,80.00000000,0,0.00000000,0.00000000
experiment_05,image_005,calibration,not_applicable,together,synthetic_recovery_progress,0.03000000,80.00000000,0,0.00000000,0.00000000
experiment_05,image_005,calibration,not_applicable,together,synthetic_recovery_progress,0.04000000,80.00000000,0,0.00000000,0.00000000
experiment_05,image_005,calibration,not_applicable,together,synthetic_recovery_progress,0.05000000,80.00000000,0,0.00000000,0.00000000
experiment_05,image_005,calibration,not_applicable,together,synthetic_recovery_progress,0.06000000,80.00000000,0,0.00000000,0.00000000
experiment_05,image_005,calibration,not_applicable,together,synthetic_recovery_progress,0.07000000,80.00000000,0,0.00000000,0.00000000
experiment_05,image_005,calibration,not_applicable,together,synthetic_recovery_progress,0.08000000,80.00000000,0,0.00000000,0.00000000
experiment_05,image_005,calibration,not_applicable,together,synthetic_recovery_progress,0.09000000,80.00000000,0,0.00000000,0.00000000
experiment_05,image_005,calibration,not_applicable,together,synthetic_recovery_progress,0.10000000,80.00000000,0,0.00000000,0.00000000
experiment_05,image_005,calibration,not_applicable,together,synthetic_recovery_progress,0.11000000,80.00000000,0,0.00000000,0.00000000
experiment_05,image_005,calibration,not_applicable,together,synthetic_recovery_progress,0.12000000,80.00000000,0,0.00106385,0.00000000
experiment_05,image_005,calibration,not_applicable,together,synthetic_recovery_progress,0.13000000,80.00000000,0,0.00334977,0.00182932
experiment_05,image_005,calibration,not_applicable,together,synthetic_recovery_progress,0.14000000,80.00000000,0,0.00650205,0.00501039
experiment_05,image_005,calibration,not_applicable,together,synthetic_recovery_progress,0.15000000,80.00000000,0,0.01049728,0.00903311
experiment_05,image_005,calibration,not_applicable,together,synthetic_recovery_progress,0.16000000,80.00000000,0,0.01531209,0.01387417
experiment_05,image_005,calibration,not_applicable,together,synthetic_recovery_progress,0.17000000,80.00000000,0,0.02092308,0.01951025
experiment_05,image_005,calibration,not_applicable,together,synthetic_recovery_progress,0.18000000,80.00000000,0,0.02730686,0.02591803
experiment_05,image_005,calibration,not_applicable,together,synthetic_recovery_progress,0.19000000,80.00000000,0,0.03444002,0.03307416
experiment_05,image_005,calibration,not_applicable,together,synthetic_recovery_progress,0.20000000,80.00000000,0,0.04229916,0.04095530
experiment_05,image_005,calibration,not_applicable,together,synthetic_recovery_progress,0.21000000,80.00000000,0,0.05086087,0.04953809
experiment_05,image_005,calibration,not_applicable,together,synthetic_recovery_progress,0.22000000,80.00000000,0,0.06010174,0.05879916
experiment_05,image_005,calibration,not_applicable,together,synthetic_recovery_progress,0.23000000,80.00000000,0,0.06999837,0.06871516
experiment_05,image_005,calibration,not_applicable,together,synthetic_recovery_progress,0.24000000,80.00000000,0,0.08052734,0.07926270
experiment_05,image_005,calibration,not_applicable,together,synthetic_recovery_progress,0.25000000,80.00000000,0,0.09166523,0.09041842
experiment_05,image_005,calibration,not_applicable,together,synthetic_recovery_progress,0.26000000,80.00000000,0,0.10338862,0.10215891
experiment_05,image_005,calibration,not_applicable,together,synthetic_recovery_progress,0.27000000,80.00000000,0,0.11567410,0.11446080
experiment_05,image_005,calibration,not_applicable,together,synthetic_recovery_progress,0.28000000,80.00000000,0,0.12849825,0.12730070
experiment_05,image_005,calibration,not_applicable,together,synthetic_recovery_progress,0.29000000,80.00000000,0,0.14183764,0.14065520
experiment_05,image_005,calibration,not_applicable,together,synthetic_recovery_progress,0.30000000,80.00000000,0,0.15566885,0.15450090
experiment_05,image_005,calibration,not_applicable,together,synthetic_recovery_progress,0.31000000,80.00000000,0,0.16996846,0.16881441
experiment_05,image_005,calibration,not_applicable,together,synthetic_recovery_progress,0.32000000,80.00000000,0,0.18471303,0.18357231
experiment_05,image_005,calibration,not_applicable,together,synthetic_recovery_progress,0.33000000,80.00000000,0,0.19987915,0.19875120
experiment_05,image_005,calibration,not_applicable,together,synthetic_recovery_progress,0.34000000,80.00000000,0,0.21544338,0.21432766
experiment_05,image_005,calibration,not_applicable,together,synthetic_recovery_progress,0.35000000,80.00000000,0,0.23138229,0.23027828
experiment_05,image_005,calibration,not_applicable,together,synthetic_recovery_progress,0.36000000,80.00000000,0,0.24767246,0.24657963
experiment_05,image_005,calibration,not_applicable,together,synthetic_recovery_progress,0.37000000,80.00000000,0,0.26429045,0.26320831
experiment_05,image_005,calibration,not_applicable,together,synthetic_recovery_progress,0.38000000,80.00000000,0,0.28121283,0.28014087
experiment_05,image_005,calibration,not_applicable,together,synthetic_recovery_progress,0.39000000,80.00000000,0,0.29841617,0.29735391
experiment_05,image_005,calibration,not_applicable,together,synthetic_recovery_progress,0.40000000,80.00000000,0,0.31587703,0.31482399
experiment_05,image_005,calibration,not_applicable,together,synthetic_recovery_progress,0.41000000,80.00000000,0,0.33357198,0.33252767
experiment_05,image_005,calibration,not_applicable,together,synthetic_recovery_progress,0.42000000,80.00000000,0,0.35147758,0.35044153
experiment_05,image_005,calibration,not_applicable,together,synthetic_recovery_progress,0.43000000,80.00000000,0,0.36957039,0.36854212
experiment_05,image_005,calibration,not_applicable,together,synthetic_recovery_progress,0.44000000,80.00000000,0,0.38782698,0.38680602
experiment_05,image_005,calibration,not_applicable,together,synthetic_recovery_progress,0.45000000,80.00000000,0,0.40622390,0.40520976
experiment_05,image_005,calibration,not_applicable,together,synthetic_recovery_progress,0.46000000,80.00000000,0,0.42473772,0.42372992
experiment_05,image_005,calibration,not_applicable,together,synthetic_recovery_progress,0.47000000,80.00000000,0,0.44334500,0.44234303
experiment_05,image_005,calibration,not_applicable,together,synthetic_recovery_progress,0.48000000,80.00000000,0,0.46202228,0.46102566
experiment_05,image_005,calibration,not_applicable,together,synthetic_recovery_progress,0.49000000,80.00000000,0,0.48074613,0.47975433
experiment_05,image_005,calibration,not_applicable,together,synthetic_recovery_progress,0.50000000,80.00000000,0,0.49949310,0.49850559
experiment_05,image_005,calibration,not_applicable,together,synthetic_recovery_progress,0.51000000,80.00000000,0,0.51823974,0.51725598
experiment_05,image_005,calibration,not_applicable,together,synthetic_recovery_progress,0.52000000,80.00000000,0,0.53696260,0.53598201
experiment_05,image_005,calibration,not_applicable,together,synthetic_recovery_progress,0.53000000,80.00000000,0,0.55563822,0.55466023
experiment_05,image_005,calibration,not_applicable,together,synthetic_recovery_progress,0.54000000,80.00000000,0,0.57424316,0.57326713
experiment_05,image_005,calibration,not_applicable,together,synthetic_recovery_progress,0.55000000,80.00000000,0,0.59275395,0.59177923
experiment_05,image_005,calibration,not_applicable,together,synthetic_recovery_progress,0.56000000,80.00000000,0,0.61114714,0.61017303
experiment_05,image_005,calibration,not_applicable,together,synthetic_recovery_progress,0.57000000,80.00000000,0,0.62939925,0.62842502
experiment_05,image_005,calibration,not_applicable,together,synthetic_recovery_progress,0.58000000,80.00000000,0,0.64748682,0.64651167
experiment_05,image_005,calibration,not_applicable,together,synthetic_recovery_progress,0.59000000,80.00000000,0,0.66538637,0.66440945
experiment_05,image_005,calibration,not_applicable,together,synthetic_recovery_progress,0.60000000,80.00000000,0,0.68307443,0.68209482
experiment_05,image_005,calibration,not_applicable,together,synthetic_recovery_progress,0.61000000,80.00000000,0,0.70052750,0.69954419
experiment_05,image_005,calibration,not_applicable,together,synthetic_recovery_progress,0.62000000,80.00000000,0,0.71772208,0.71673398
experiment_05,image_005,calibration,not_applicable,together,synthetic_recovery_progress,0.63000000,80.00000000,0,0.73463468,0.73364056
experiment_05,image_005,calibration,not_applicable,together,synthetic_recovery_progress,0.64000000,80.00000000,0,0.75124177,0.75024030
experiment_05,image_005,calibration,not_applicable,together,synthetic_recovery_progress,0.65000000,80.00000000,0,0.76751981,0.76650948
experiment_05,image_005,calibration,not_applicable,together,synthetic_recovery_progress,0.66000000,80.00000000,0,0.78344525,0.78242439
experiment_05,image_005,calibration,not_applicable,together,synthetic_recovery_progress,0.67000000,80.00000000,0,0.79899453,0.79796122
experiment_05,image_005,calibration,not_applicable,together,synthetic_recovery_progress,0.68000000,80.00000000,0,0.81414402,0.81309611
experiment_05,image_005,calibration,not_applicable,together,synthetic_recovery_progress,0.69000000,80.00000000,0,0.82887010,0.82780510
experiment_05,image_005,calibration,not_applicable,together,synthetic_recovery_progress,0.70000000,80.00000000,0,0.84314908,0.84206410
experiment_05,image_005,calibration,not_applicable,together,synthetic_recovery_progress,0.71000000,80.00000000,0,0.85695720,0.85584891
experiment_05,image_005,calibration,not_applicable,together,synthetic_recovery_progress,0.72000000,80.00000000,0,0.87027066,0.86913510
experiment_05,image_005,calibration,not_applicable,together,synthetic_recovery_progress,0.73000000,80.00000000,0,0.88306552,0.88189802
experiment_05,image_005,calibration,not_applicable,together,synthetic_recovery_progress,0.74000000,80.00000000,0,0.89531773,0.89411267
experiment_05,image_005,calibration,not_applicable,together,synthetic_recovery_progress,0.75000000,80.00000000,0,0.90700304,0.90575359
experiment_05,image_005,calibration,not_applicable,together,synthetic_recovery_progress,0.76000000,80.00000000,0,0.91809693,0.91679475
experiment_05,image_005,calibration,not_applicable,together,synthetic_recovery_progress,0.77000000,80.00000000,0,0.92857453,0.92720923
experiment_05,image_005,calibration,not_applicable,together,synthetic_recovery_progress,0.78000000,80.00000000,0,0.93841042,0.93696894
experiment_05,image_005,calibration,not_applicable,together,synthetic_recovery_progress,0.79000000,80.00000000,0,0.94757839,0.94604407
experiment_05,image_005,calibration,not_applicable,together,synthetic_recovery_progress,0.80000000,80.00000000,0,0.95605097,0.95440236
experiment_05,image_005,calibration,not_applicable,together,synthetic_recovery_progress,0.81000000,80.00000000,0,0.96379879,0.96200799
experiment_05,image_005,calibration,not_applicable,together,synthetic_recovery_progress,0.82000000,80.00000000,0,0.97078933,0.96882008
experiment_05,image_005,calibration,not_applicable,together,synthetic_recovery_progress,0.83000000,80.00000000,0,0.97698486,0.97479096
experiment_05,image_005,calibration,not_applicable,together,synthetic_recovery_progress,0.84000000,80.00000000,0,0.98233901,0.97986562
experiment_05,image_005,calibration,not_applicable,together,synthetic_recovery_progress,0.85000000,80.00000000,0,0.98679176,0.98398669
experiment_05,image_005,calibration,not_applicable,together,synthetic_recovery_progress,0.86000000,80.00000000,0,0.99026730,0.98711687
experiment_05,image_005,calibration,not_applicable,together,synthetic_recovery_progress,0.87000000,80.00000000,0,0.99269810,0.98929316
experiment_05,image_005,calibration,not_applicable,together,synthetic_recovery_progress,0.88000000,80.00000000,0,0.99413110,0.99069344
experiment_05,image_005,calibration,not_applicable,together,synthetic_recovery_progress,0.89000000,80.00000000,0,0.99486974,0.99162686
experiment_05,image_005,calibration,not_applicable,together,synthetic_recovery_progress,0.90000000,80.00000000,0,0.99535472,0.99240038
experiment_05,image_005,calibration,not_applicable,together,synthetic_recovery_progress,0.91000000,80.00000000,0,0.99581925,0.99316035
experiment_05,image_005,calibration,not_applicable,together,synthetic_recovery_progress,0.92000000,80.00000000,0,0.99628378,0.99392031
experiment_05,image_005,calibration,not_applicable,together,synthetic_recovery_progress,0.93000000,80.00000000,0,0.99674831,0.99468027
experiment_05,image_005,calibration,not_applicable,together,synthetic_recovery_progress,0.94000000,80.00000000,0,0.99721283,0.99544023
experiment_05,image_005,calibration,not_applicable,together,synthetic_recovery_progress,0.95000000,80.00000000,0,0.99767736,0.99620019
experiment_05,image_005,calibration,not_applicable,together,synthetic_recovery_progress,0.96000000,80.00000000,0,0.99814189,0.99696015
experiment_05,image_005,calibration,not_applicable,together,synthetic_recovery_progress,0.97000000,80.00000000,0,0.99860642,0.99772012
experiment_05,image_005,calibration,not_applicable,together,synthetic_recovery_progress,0.98000000,80.00000000,0,0.99907094,0.99848008
experiment_05,image_005,calibration,not_applicable,together,synthetic_recovery_progress,0.99000000,80.00000000,0,0.99953547,0.99924004
experiment_05,image_005,calibration,not_applicable,together,synthetic_recovery_progress,1.00000000,80.00000000,0,1.00000000,1.00000000
experiment_05,image_006,calibration,not_applicable,low_band_first,synthetic_recovery_progress,0.00000000,20.00000000,0,0.00000000,0.00000000
experiment_05,image_006,calibration,not_applicable,low_band_first,synthetic_recovery_progress,0.01000000,20.00000000,0,0.00000000,0.00000000
experiment_05,image_006,calibration,not_applicable,low_band_first,synthetic_recovery_progress,0.02000000,20.00000000,0,0.00000000,0.00000000
experiment_05,image_006,calibration,not_applicable,low_band_first,synthetic_recovery_progress,0.03000000,20.00000000,0,0.00000000,0.00000000
experiment_05,image_006,calibration,not_applicable,low_band_first,synthetic_recovery_progress,0.04000000,20.00000000,0,0.00000000,0.00000000
experiment_05,image_006,calibration,not_applicable,low_band_first,synthetic_recovery_progress,0.05000000,20.00000000,0,0.00000000,0.00000000
experiment_05,image_006,calibration,not_applicable,low_band_first,synthetic_recovery_progress,0.06000000,20.00000000,0,0.00044556,0.00000000
experiment_05,image_006,calibration,not_applicable,low_band_first,synthetic_recovery_progress,0.07000000,20.00000000,0,0.00394356,0.00000000
experiment_05,image_006,calibration,not_applicable,low_band_first,synthetic_recovery_progress,0.08000000,20.00000000,0,0.00964888,0.00055992
experiment_05,image_006,calibration,not_applicable,low_band_first,synthetic_recovery_progress,0.09000000,20.00000000,0,0.01746556,0.00453230
experiment_05,image_006,calibration,not_applicable,low_band_first,synthetic_recovery_progress,0.10000000,20.00000000,0,0.02729765,0.00947925
experiment_05,image_006,calibration,not_applicable,low_band_first,synthetic_recovery_progress,0.11000000,20.00000000,0,0.03904918,0.01533841
experiment_05,image_006,calibration,not_applicable,low_band_first,synthetic_recovery_progress,0.12000000,20.00000000,0,0.05262417,0.02204505
experiment_05,image_006,calibration,not_applicable,low_band_first,synthetic_recovery_progress,0.13000000,20.00000000,0,0.06792664,0.02953231
experiment_05,image_006,calibration,not_applicable,low_band_first,synthetic_recovery_progress,0.14000000,20.00000000,0,0.08486061,0.03773149
experiment_05,image_006,calibration,not_applicable,low_band_first,synthetic_recovery_progress,0.15000000,20.00000000,0,0.10333007,0.04657228
experiment_05,image_006,calibration,not_applicable,low_band_first,synthetic_recovery_progress,0.16000000,20.00000000,0,0.12323904,0.05598296
experiment_05,image_006,calibration,not_applicable,low_band_first,synthetic_recovery_progress,0.17000000,20.00000000,0,0.14449152,0.06589068
experiment_05,image_006,calibration,not_applicable,low_band_first,synthetic_recovery_progress,0.18000000,20.00000000,0,0.16699149,0.07622168
experiment_05,image_006,calibration,not_applicable,low_band_first,synthetic_recovery_progress,0.19000000,20.00000000,0,0.19064295,0.08690158
experiment_05,image_006,calibration,not_applicable,low_band_first,synthetic_recovery_progress,0.20000000,20.00000000,0,0.21534987,0.09785563
experiment_05,image_006,calibration,not_applicable,low_band_first,synthetic_recovery_progress,0.21000000,20.00000000,0,0.24101624,0.10900904
experiment_05,image_006,calibration,not_applicable,low_band_first,synthetic_recovery_progress,0.22000000,20.00000000,0,0.26754602,0.12028734
experiment_05,image_006,calibration,not_applicable,low_band_first,synthetic_recovery_progress,0.23000000,20.00000000,0,0.29484318,0.13161675
experiment_05,image_006,calibration,not_applicable,low_band_first,synthetic_recovery_progress,0.24000000,20.00000000,0,0.32281166,0.14292462
experiment_05,image_006,calibration,not_applicable,low_band_first,synthetic_recovery_progress,0.25000000,20.00000000,0,0.35135542,0.15413990
experiment_05,image_006,calibration,not_applicable,low_band_first,synthetic_recovery_progress,0.26000000,20.00000000,0,0.38037838,0.16519364
experiment_05,image_006,calibration,not_applicable,low_band_first,synthetic_recovery_progress,0.27000000,20.00000000,0,0.40978447,0.17601956
experiment_05,image_006,calibration,not_applicable,low_band_first,synthetic_recovery_progress,0.28000000,20.00000000,0,0.43947759,0.18655466
experiment_05,image_006,calibration,not_applicable,low_band_first,synthetic_recovery_progress,0.29000000,20.00000000,0,0.46936162,0.19673982
experiment_05,image_006,calibration,not_applicable,low_band_first,synthetic_recovery_progress,0.30000000,20.00000000,0,0.49934042,0.20652044
experiment_05,image_006,calibration,not_applicable,low_band_first,synthetic_recovery_progress,0.31000000,20.00000000,0,0.52931782,0.21584710
experiment_05,image_006,calibration,not_applicable,low_band_first,synthetic_recovery_progress,0.32000000,20.00000000,0,0.55919762,0.22467618
experiment_05,image_006,calibration,not_applicable,low_band_first,synthetic_recovery_progress,0.33000000,20.00000000,0,0.58888356,0.23297046
experiment_05,image_006,calibration,not_applicable,low_band_first,synthetic_recovery_progress,0.34000000,20.00000000,0,0.61827932,0.24069963
experiment_05,image_006,calibration,not_applicable,low_band_first,synthetic_recovery_progress,0.35000000,20.00000000,0,0.64728852,0.24784077
experiment_05,image_006,calibration,not_applicable,low_band_first,synthetic_recovery_progress,0.36000000,20.00000000,0,0.67581466,0.25437864
experiment_05,image_006,calibration,not_applicable,low_band_first,synthetic_recovery_progress,0.37000000,20.00000000,0,0.70376113,0.26030597
experiment_05,image_006,calibration,not_applicable,low_band_first,synthetic_recovery_progress,0.38000000,20.00000000,0,0.73103111,0.26562345
experiment_05,image_006,calibration,not_applicable,low_band_first,synthetic_recovery_progress,0.39000000,20.00000000,0,0.75752755,0.27033969
experiment_05,image_006,calibration,not_applicable,low_band_first,synthetic_recovery_progress,0.40000000,20.00000000,0,0.78315307,0.27447093
experiment_05,image_006,calibration,not_applicable,low_band_first,synthetic_recovery_progress,0.41000000,20.00000000,0,0.80780978,0.27804062
experiment_05,image_006,calibration,not_applicable,low_band_first,synthetic_recovery_progress,0.42000000,20.00000000,0,0.83139908,0.28107884
experiment_05,image_006,calibration,not_applicable,low_band_first,synthetic_recovery_progress,0.43000000,20.00000000,0,0.85382134,0.28362156
experiment_05,image_006,calibration,not_applicable,low_band_first,synthetic_recovery_progress,0.44000000,20.00000000,0,0.87497528,0.28570976
experiment_05,image_006,calibration,not_applicable,low_band_first,synthetic_recovery_progress,0.45000000,20.00000000,0,0.89475706,0.28738840
experiment_05,image_006,calibration,not_applicable,low_band_first,synthetic_recovery_progress,0.46000000,20.00000000,0,0.91305858,0.28953523
experiment_05,image_006,calibration,not_applicable,low_band_first,synthetic_recovery_progress,0.47000000,20.00000000,0,0.92976452,0.29298944
experiment_05,image_006,calibration,not_applicable,low_band_first,synthetic_recovery_progress,0.48000000,20.00000000,0,0.94474664,0.29773782
experiment_05,image_006,calibration,not_applicable,low_band_first,synthetic_recovery_progress,0.49000000,20.00000000,0,0.95785279,0.30376355
experiment_05,image_006,calibration,not_applicable,low_band_first,synthetic_recovery_progress,0.50000000,20.00000000,0,0.96888612,0.31104606
experiment_05,image_006,calibration,not_applicable,low_band_first,synthetic_recovery_progress,0.51000000,20.00000000,0,0.97757367,0.31956071
experiment_05,image_006,calibration,not_applicable,low_band_first,synthetic_recovery_progress,0.52000000,20.00000000,0,0.98357487,0.32927815
experiment_05,image_006,calibration,not_applicable,low_band_first,synthetic_recovery_progress,0.53000000,20.00000000,0,0.98676987,0.34016341
experiment_05,image_006,calibration,not_applicable,low_band_first,synthetic_recovery_progress,0.54000000,20.00000000,0,0.98788743,0.35217459
experiment_05,image_006,calibration,not_applicable,low_band_first,synthetic_recovery_progress,0.55000000,20.00000000,0,0.98822801,0.36526120
experiment_05,image_006,calibration,not_applicable,low_band_first,synthetic_recovery_progress,0.56000000,20.00000000,0,0.98848961,0.37936150
experiment_05,image_006,calibration,not_applicable,low_band_first,synthetic_recovery_progress,0.57000000,20.00000000,0,0.98875121,0.39440759
experiment_05,image_006,calibration,not_applicable,low_band_first,synthetic_recovery_progress,0.58000000,20.00000000,0,0.98901281,0.41033187
experiment_05,image_006,calibration,not_applicable,low_band_first,synthetic_recovery_progress,0.59000000,20.00000000,0,0.98927441,0.42706675
experiment_05,image_006,calibration,not_applicable,low_band_first,synthetic_recovery_progress,0.60000000,20.00000000,0,0.98953601,0.44454458
experiment_05,image_006,calibration,not_applicable,low_band_first,synthetic_recovery_progress,0.61000000,20.00000000,0,0.98979761,0.46269771
experiment_05,image_006,calibration,not_applicable,low_band_first,synthetic_recovery_progress,0.62000000,20.00000000,0,0.99005921,0.48145846
experiment_05,image_006,calibration,not_applicable,low_band_first,synthetic_recovery_progress,0.63000000,20.00000000,0,0.99032081,0.50075914
experiment_05,image_006,calibration,not_applicable,low_band_first,synthetic_recovery_progress,0.64000000,20.00000000,0,0.99058241,0.52053202
experiment_05,image_006,calibration,not_applicable,low_band_first,synthetic_recovery_progress,0.65000000,20.00000000,0,0.99084401,0.54070938
experiment_05,image_006,calibration,not_applicable,low_band_first,synthetic_recovery_progress,0.66000000,20.00000000,0,0.99110561,0.56122347
experiment_05,image_006,calibration,not_applicable,low_band_first,synthetic_recovery_progress,0.67000000,20.00000000,0,0.99136721,0.58200651
experiment_05,image_006,calibration,not_applicable,low_band_first,synthetic_recovery_progress,0.68000000,20.00000000,0,0.99162881,0.60299072
experiment_05,image_006,calibration,not_applicable,low_band_first,synthetic_recovery_progress,0.69000000,20.00000000,0,0.99189041,0.62410826
experiment_05,image_006,calibration,not_applicable,low_band_first,synthetic_recovery_progress,0.70000000,20.00000000,0,0.99215201,0.64529132
experiment_05,image_006,calibration,not_applicable,low_band_first,synthetic_recovery_progress,0.71000000,20.00000000,0,0.99241361,0.66647201
experiment_05,image_006,calibration,not_applicable,low_band_first,synthetic_recovery_progress,0.72000000,20.00000000,0,0.99267521,0.68758245
experiment_05,image_006,calibration,not_applicable,low_band_first,synthetic_recovery_progress,0.73000000,20.00000000,0,0.99293681,0.70855467
experiment_05,image_006,calibration,not_applicable,low_band_first,synthetic_recovery_progress,0.74000000,20.00000000,0,0.99319841,0.72932070
experiment_05,image_006,calibration,not_applicable,low_band_first,synthetic_recovery_progress,0.75000000,20.00000000,0,0.99346001,0.74981249
experiment_05,image_006,calibration,not_applicable,low_band_first,synthetic_recovery_progress,0.76000000,20.00000000,0,0.99372161,0.76996192
experiment_05,image_006,calibration,not_applicable,low_band_first,synthetic_recovery_progress,0.77000000,20.00000000,0,0.99398321,0.78970076
experiment_05,image_006,calibration,not_applicable,low_band_first,synthetic_recovery_progress,0.78000000,20.00000000,0,0.99424481,0.80896068
experiment_05,image_006,calibration,not_applicable,low_band_first,synthetic_recovery_progress,0.79000000,20.00000000,0,0.99450641,0.82767318
experiment_05,image_006,calibration,not_applicable,low_band_first,synthetic_recovery_progress,0.80000000,20.00000000,0,0.99476801,0.84576953
experiment_05,image_006,calibration,not_applicable,low_band_first,synthetic_recovery_progress,0.81000000,20.00000000,0,0.99502961,0.86318072
experiment_05,image_006,calibration,not_applicable,low_band_first,synthetic_recovery_progress,0.82000000,20.00000000,0,0.99529121,0.87983731
experiment_05,image_006,calibration,not_applicable,low_band_first,synthetic_recovery_progress,0.83000000,20.00000000,0,0.99555281,0.89566928
experiment_05,image_006,calibration,not_applicable,low_band_first,synthetic_recovery_progress,0.84000000,20.00000000,0,0.99581440,0.91060571
experiment_05,image_006,calibration,not_applicable,low_band_first,synthetic_recovery_progress,0.85000000,20.00000000,0,0.99607600,0.92457440
experiment_05,image_006,calibration,not_applicable,low_band_first,synthetic_recovery_progress,0.86000000,20.00000000,0,0.99633760,0.93750108
experiment_05,image_006,calibration,not_applicable,low_band_first,synthetic_recovery_progress,0.87000000,20.00000000,0,0.99659920,0.94930824
experiment_05,image_006,calibration,not_applicable,low_band_first,synthetic_recovery_progress,0.88000000,20.00000000,0,0.99686080,0.95991304
experiment_05,image_006,calibration,not_applicable,low_band_first,synthetic_recovery_progress,0.89000000,20.00000000,0,0.99712240,0.96922377
experiment_05,image_006,calibration,not_applicable,low_band_first,synthetic_recovery_progress,0.90000000,20.00000000,0,0.99738400,0.97713437
experiment_05,image_006,calibration,not_applicable,low_band_first,synthetic_recovery_progress,0.91000000,20.00000000,0,0.99764560,0.98351942
experiment_05,image_006,calibration,not_applicable,low_band_first,synthetic_recovery_progress,0.92000000,20.00000000,0,0.99790720,0.98825000
experiment_05,image_006,calibration,not_applicable,low_band_first,synthetic_recovery_progress,0.93000000,20.00000000,0,0.99816880,0.99130775
experiment_05,image_006,calibration,not_applicable,low_band_first,synthetic_recovery_progress,0.94000000,20.00000000,0,0.99843040,0.99305641
experiment_05,image_006,calibration,not_applicable,low_band_first,synthetic_recovery_progress,0.95000000,20.00000000,0,0.99869200,0.99425579
experiment_05,image_006,calibration,not_applicable,low_band_first,synthetic_recovery_progress,0.96000000,20.00000000,0,0.99895360,0.99540463
experiment_05,image_006,calibration,not_applicable,low_band_first,synthetic_recovery_progress,0.97000000,20.00000000,0,0.99921520,0.99655347
experiment_05,image_006,calibration,not_applicable,low_band_first,synthetic_recovery_progress,0.98000000,20.00000000,0,0.99947680,0.99770232
experiment_05,image_006,calibration,not_applicable,low_band_first,synthetic_recovery_progress,0.99000000,20.00000000,0,0.99973840,0.99885116
experiment_05,image_006,calibration,not_applicable,low_band_first,synthetic_recovery_progress,1.00000000,20.00000000,0,1.00000000,1.00000000
experiment_05,image_006,calibration,not_applicable,high_band_first,synthetic_recovery_progress,0.00000000,20.00000000,0,0.00000000,0.00000000
experiment_05,image_006,calibration,not_applicable,high_band_first,synthetic_recovery_progress,0.01000000,20.00000000,0,0.00000000,0.00000000
experiment_05,image_006,calibration,not_applicable,high_band_first,synthetic_recovery_progress,0.02000000,20.00000000,0,0.00000000,0.00000000
experiment_05,image_006,calibration,not_applicable,high_band_first,synthetic_recovery_progress,0.03000000,20.00000000,0,0.00000000,0.00000000
experiment_05,image_006,calibration,not_applicable,high_band_first,synthetic_recovery_progress,0.04000000,20.00000000,0,0.00000000,0.00000000
experiment_05,image_006,calibration,not_applicable,high_band_first,synthetic_recovery_progress,0.05000000,20.00000000,0,0.00000000,0.00000000
experiment_05,image_006,calibration,not_applicable,high_band_first,synthetic_recovery_progress,0.06000000,20.00000000,0,0.00000000,0.00000000
experiment_05,image_006,calibration,not_applicable,high_band_first,synthetic_recovery_progress,0.07000000,20.00000000,0,0.00000000,0.00000000
experiment_05,image_006,calibration,not_applicable,high_band_first,synthetic_recovery_progress,0.08000000,20.00000000,0,0.00000000,0.00053959
experiment_05,image_006,calibration,not_applicable,high_band_first,synthetic_recovery_progress,0.09000000,20.00000000,0,0.00000000,0.00449653
experiment_05,image_006,calibration,not_applicable,high_band_first,synthetic_recovery_progress,0.10000000,20.00000000,0,0.00000000,0.00942398
experiment_05,image_006,calibration,not_applicable,high_band_first,synthetic_recovery_progress,0.11000000,20.00000000,0,0.00000000,0.01525977
experiment_05,image_006,calibration,not_applicable,high_band_first,synthetic_recovery_progress,0.12000000,20.00000000,0,0.00000000,0.02193934
experiment_05,image_006,calibration,not_applicable,high_band_first,synthetic_recovery_progress,0.13000000,20.00000000,0,0.00000000,0.02939607
experiment_05,image_006,calibration,not_applicable,high_band_first,synthetic_recovery_progress,0.14000000,20.00000000,0,0.00000000,0.03756147
experiment_05,image_006,calibration,not_applicable,high_band_first,synthetic_recovery_progress,0.15000000,20.00000000,0,0.00000000,0.04636545
experiment_05,image_006,calibration,not_applicable,high_band_first,synthetic_recovery_progress,0.16000000,20.00000000,0,0.00000000,0.05573656
experiment_05,image_006,calibration,not_applicable,high_band_first,synthetic_recovery_progress,0.17000000,20.00000000,0,0.00000000,0.06560219
experiment_05,image_006,calibration,not_applicable,high_band_first,synthetic_recovery_progress,0.18000000,20.00000000,0,0.00000000,0.07588887
experiment_05,image_006,calibration,not_applicable,high_band_first,synthetic_recovery_progress,0.19000000,20.00000000,0,0.00000000,0.08652248
experiment_05,image_006,calibration,not_applicable,high_band_first,synthetic_recovery_progress,0.20000000,20.00000000,0,0.00000000,0.09742857
experiment_05,image_006,calibration,not_applicable,high_band_first,synthetic_recovery_progress,0.21000000,20.00000000,0,0.00000000,0.10853267
experiment_05,image_006,calibration,not_applicable,high_band_first,synthetic_recovery_progress,0.22000000,20.00000000,0,0.00000000,0.11976063
experiment_05,image_006,calibration,not_applicable,high_band_first,synthetic_recovery_progress,0.23000000,20.00000000,0,0.00000000,0.13103898
experiment_05,image_006,calibration,not_applicable,high_band_first,synthetic_recovery_progress,0.24000000,20.00000000,0,0.00000000,0.14229543
experiment_05,image_006,calibration,not_applicable,high_band_first,synthetic_recovery_progress,0.25000000,20.00000000,0,0.00000000,0.15345926
experiment_05,image_006,calibration,not_applicable,high_band_first,synthetic_recovery_progress,0.26000000,20.00000000,0,0.00000000,0.16446186
experiment_05,image_006,calibration,not_applicable,high_band_first,synthetic_recovery_progress,0.27000000,20.00000000,0,0.00000000,0.17523732
experiment_05,image_006,calibration,not_applicable,high_band_first,synthetic_recovery_progress,0.28000000,20.00000000,0,0.00000000,0.18572298
experiment_05,image_006,calibration,not_applicable,high_band_first,synthetic_recovery_progress,0.29000000,20.00000000,0,0.00000000,0.19586005
experiment_05,image_006,calibration,not_applicable,high_band_first,synthetic_recovery_progress,0.30000000,20.00000000,0,0.00000000,0.20559425
experiment_05,image_006,calibration,not_applicable,high_band_first,synthetic_recovery_progress,0.31000000,20.00000000,0,0.00000000,0.21487649
experiment_05,image_006,calibration,not_applicable,high_band_first,synthetic_recovery_progress,0.32000000,20.00000000,0,0.00000000,0.22366340
experiment_05,image_006,calibration,not_applicable,high_band_first,synthetic_recovery_progress,0.33000000,20.00000000,0,0.00000000,0.23191801
experiment_05,image_006,calibration,not_applicable,high_band_first,synthetic_recovery_progress,0.34000000,20.00000000,0,0.00000000,0.23961022
experiment_05,image_006,calibration,not_applicable,high_band_first,synthetic_recovery_progress,0.35000000,20.00000000,0,0.00000000,0.24671725
experiment_05,image_006,calibration,not_applicable,high_band_first,synthetic_recovery_progress,0.36000000,20.00000000,0,0.00000000,0.25322399
experiment_05,image_006,calibration,not_applicable,high_band_first,synthetic_recovery_progress,0.37000000,20.00000000,0,0.00000000,0.25912319
experiment_05,image_006,calibration,not_applicable,high_band_first,synthetic_recovery_progress,0.38000000,20.00000000,0,0.00000000,0.26441555
experiment_05,image_006,calibration,not_applicable,high_band_first,synthetic_recovery_progress,0.39000000,20.00000000,0,0.00000000,0.26910960
experiment_05,image_006,calibration,not_applicable,high_band_first,synthetic_recovery_progress,0.40000000,20.00000000,0,0.00000000,0.27322145
experiment_05,image_006,calibration,not_applicable,high_band_first,synthetic_recovery_progress,0.41000000,20.00000000,0,0.00000000,0.27677436
experiment_05,image_006,calibration,not_applicable,high_band_first,synthetic_recovery_progress,0.42000000,20.00000000,0,0.00000000,0.27979817
experiment_05,image_006,calibration,not_applicable,high_band_first,synthetic_recovery_progress,0.43000000,20.00000000,0,0.00000000,0.28232857
experiment_05,image_006,calibration,not_applicable,high_band_first,synthetic_recovery_progress,0.44000000,20.00000000,0,0.00000000,0.28440618
experiment_05,image_006,calibration,not_applicable,high_band_first,synthetic_recovery_progress,0.45000000,20.00000000,0,0.00000000,0.28607563
experiment_05,image_006,calibration,not_applicable,high_band_first,synthetic_recovery_progress,0.46000000,20.00000000,0,0.00083369,0.28821671
experiment_05,image_006,calibration,not_applicable,high_band_first,synthetic_recovery_progress,0.47000000,20.00000000,0,0.00432966,0.29167053
experiment_05,image_006,calibration,not_applicable,high_band_first,synthetic_recovery_progress,0.48000000,20.00000000,0,0.01003337,0.29642336
experiment_05,image_006,calibration,not_applicable,high_band_first,synthetic_recovery_progress,0.49000000,20.00000000,0,0.01784885,0.30245785
experiment_05,image_006,calibration,not_applicable,high_band_first,synthetic_recovery_progress,0.50000000,20.00000000,0,0.02768013,0.30975292
experiment_05,image_006,calibration,not_applicable,high_band_first,synthetic_recovery_progress,0.51000000,20.00000000,0,0.03943121,0.31828340
experiment_05,image_006,calibration,not_applicable,high_band_first,synthetic_recovery_progress,0.52000000,20.00000000,0,0.05300613,0.32801945
experiment_05,image_006,calibration,not_applicable,high_band_first,synthetic_recovery_progress,0.53000000,20.00000000,0,0.06830889,0.33892563
experiment_05,image_006,calibration,not_applicable,high_band_first,synthetic_recovery_progress,0.54000000,20.00000000,0,0.08524350,0.35095963
experiment_05,image_006,calibration,not_applicable,high_band_first,synthetic_recovery_progress,0.55000000,20.00000000,0,0.10371399,0.36407056
experiment_05,image_006,calibration,not_applicable,high_band_first,synthetic_recovery_progress,0.56000000,20.00000000,0,0.12362434,0.37819730
experiment_05,image_006,calibration,not_applicable,high_band_first,synthetic_recovery_progress,0.57000000,20.00000000,0,0.14487858,0.39327265
experiment_05,image_006,calibration,not_applicable,high_band_first,synthetic_recovery_progress,0.58000000,20.00000000,0,0.16738071,0.40922882
experiment_05,image_006,calibration,not_applicable,high_band_first,synthetic_recovery_progress,0.59000000,20.00000000,0,0.19103474,0.42599799
experiment_05,image_006,calibration,not_applicable,high_band_first,synthetic_recovery_progress,0.60000000,20.00000000,0,0.21574467,0.44351234
experiment_05,image_006,calibration,not_applicable,high_band_first,synthetic_recovery_progress,0.61000000,20.00000000,0,0.24141451,0.46170399
experiment_05,image_006,calibration,not_applicable,high_band_first,synthetic_recovery_progress,0.62000000,20.00000000,0,0.26794826,0.48050508
experiment_05,image_006,calibration,not_applicable,high_band_first,synthetic_recovery_progress,0.63000000,20.00000000,0,0.29524993,0.49984770
experiment_05,image_006,calibration,not_applicable,high_band_first,synthetic_recovery_progress,0.64000000,20.00000000,0,0.32322351,0.51966395
experiment_05,image_006,calibration,not_applicable,high_band_first,synthetic_recovery_progress,0.65000000,20.00000000,0,0.35177301,0.53988588
experiment_05,image_006,calibration,not_applicable,high_band_first,synthetic_recovery_progress,0.66000000,20.00000000,0,0.38080243,0.56044554
experiment_05,image_006,calibration,not_applicable,high_band_first,synthetic_recovery_progress,0.67000000,20.00000000,0,0.41021577,0.58127496
experiment_05,image_006,calibration,not_applicable,high_band_first,synthetic_recovery_progress,0.68000000,20.00000000,0,0.43991703,0.60230614
experiment_05,image_006,calibration,not_applicable,high_band_first,synthetic_recovery_progress,0.69000000,20.00000000,0,0.46981020,0.62347107
experiment_05,image_006,calibration,not_applicable,high_band_first,synthetic_recovery_progress,0.70000000,20.00000000,0,0.49979930,0.64470171
experiment_05,image_006,calibration,not_applicable,high_band_first,synthetic_recovery_progress,0.71000000,20.00000000,0,0.52978830,0.66592999
experiment_05,image_006,calibration,not_applicable,high_band_first,synthetic_recovery_progress,0.72000000,20.00000000,0,0.55968122,0.68708779
experiment_05,image_006,calibration,not_applicable,high_band_first,synthetic_recovery_progress,0.73000000,20.00000000,0,0.58938203,0.70810699
experiment_05,image_006,calibration,not_applicable,high_band_first,synthetic_recovery_progress,0.74000000,20.00000000,0,0.61879474,0.72891939
experiment_05,image_006,calibration,not_applicable,high_band_first,synthetic_recovery_progress,0.75000000,20.00000000,0,0.64782333,0.74945673
experiment_05,image_006,calibration,not_applicable,high_band_first,synthetic_recovery_progress,0.76000000,20.00000000,0,0.67637179,0.76965069
experiment_05,image_006,calibration,not_applicable,high_band_first,synthetic_recovery_progress,0.77000000,20.00000000,0,0.70434411,0.78943285
experiment_05,image_006,calibration,not_applicable,high_band_first,synthetic_recovery_progress,0.78000000,20.00000000,0,0.73164425,0.80873467
experiment_05,image_006,calibration,not_applicable,high_band_first,synthetic_recovery_progress,0.79000000,20.00000000,0,0.75817621,0.82748743
experiment_05,image_006,calibration,not_applicable,high_band_first,synthetic_recovery_progress,0.80000000,20.00000000,0,0.78384392,0.84562221
experiment_05,image_006,calibration,not_applicable,high_band_first,synthetic_recovery_progress,0.81000000,20.00000000,0,0.80855136,0.86306978
experiment_05,image_006,calibration,not_applicable,high_band_first,synthetic_recovery_progress,0.82000000,20.00000000,0,0.83220245,0.87976049
experiment_05,image_006,calibration,not_applicable,high_band_first,synthetic_recovery_progress,0.83000000,20.00000000,0,0.85470109,0.89562409
experiment_05,image_006,calibration,not_applicable,high_band_first,synthetic_recovery_progress,0.84000000,20.00000000,0,0.87595117,0.91058943
experiment_05,image_006,calibration,not_applicable,high_band_first,synthetic_recovery_progress,0.85000000,20.00000000,0,0.89585650,0.92458405
experiment_05,image_006,calibration,not_applicable,high_band_first,synthetic_recovery_progress,0.86000000,20.00000000,0,0.91432078,0.93753341
experiment_05,image_006,calibration,not_applicable,high_band_first,synthetic_recovery_progress,0.87000000,20.00000000,0,0.93124757,0.94935964
experiment_05,image_006,calibration,not_applicable,high_band_first,synthetic_recovery_progress,0.88000000,20.00000000,0,0.94654012,0.95997944
experiment_05,image_006,calibration,not_applicable,high_band_first,synthetic_recovery_progress,0.89000000,20.00000000,0,0.96010111,0.96930038
experiment_05,image_006,calibration,not_applicable,high_band_first,synthetic_recovery_progress,0.90000000,20.00000000,0,0.97183192,0.97721522
experiment_05,image_006,calibration,not_applicable,high_band_first,synthetic_recovery_progress,0.91000000,20.00000000,0,0.98163079,0.98359649
experiment_05,image_006,calibration,not_applicable,high_band_first,synthetic_recovery_progress,0.92000000,20.00000000,0,0.98938658,0.98831242
experiment_05,image_006,calibration,not_applicable,high_band_first,synthetic_recovery_progress,0.93000000,20.00000000,0,0.99495181,0.99134451
experiment_05,image_006,calibration,not_applicable,high_band_first,synthetic_recovery_progress,0.94000000,20.00000000,0,0.99801722,0.99306711
experiment_05,image_006,calibration,not_applicable,high_band_first,synthetic_recovery_progress,0.95000000,20.00000000,0,0.99869200,0.99425579
experiment_05,image_006,calibration,not_applicable,high_band_first,synthetic_recovery_progress,0.96000000,20.00000000,0,0.99895360,0.99540463
experiment_05,image_006,calibration,not_applicable,high_band_first,synthetic_recovery_progress,0.97000000,20.00000000,0,0.99921520,0.99655347
experiment_05,image_006,calibration,not_applicable,high_band_first,synthetic_recovery_progress,0.98000000,20.00000000,0,0.99947680,0.99770232
experiment_05,image_006,calibration,not_applicable,high_band_first,synthetic_recovery_progress,0.99000000,20.00000000,0,0.99973840,0.99885116
experiment_05,image_006,calibration,not_applicable,high_band_first,synthetic_recovery_progress,1.00000000,20.00000000,0,1.00000000,1.00000000
experiment_05,image_006,calibration,not_applicable,together,synthetic_recovery_progress,0.00000000,20.00000000,0,0.00000000,0.00000000
experiment_05,image_006,calibration,not_applicable,together,synthetic_recovery_progress,0.01000000,20.00000000,0,0.00000000,0.00000000
experiment_05,image_006,calibration,not_applicable,together,synthetic_recovery_progress,0.02000000,20.00000000,0,0.00000000,0.00000000
experiment_05,image_006,calibration,not_applicable,together,synthetic_recovery_progress,0.03000000,20.00000000,0,0.00000000,0.00000000
experiment_05,image_006,calibration,not_applicable,together,synthetic_recovery_progress,0.04000000,20.00000000,0,0.00000000,0.00000000
experiment_05,image_006,calibration,not_applicable,together,synthetic_recovery_progress,0.05000000,20.00000000,0,0.00000000,0.00000000
experiment_05,image_006,calibration,not_applicable,together,synthetic_recovery_progress,0.06000000,20.00000000,0,0.00000000,0.00000000
experiment_05,image_006,calibration,not_applicable,together,synthetic_recovery_progress,0.07000000,20.00000000,0,0.00000000,0.00000000
experiment_05,image_006,calibration,not_applicable,together,synthetic_recovery_progress,0.08000000,20.00000000,0,0.00000000,0.00000000
experiment_05,image_006,calibration,not_applicable,together,synthetic_recovery_progress,0.09000000,20.00000000,0,0.00000000,0.00000000
experiment_05,image_006,calibration,not_applicable,together,synthetic_recovery_progress,0.10000000,20.00000000,0,0.00000000,0.00000000
experiment_05,image_006,calibration,not_applicable,together,synthetic_recovery_progress,0.11000000,20.00000000,0,0.00000000,0.00000000
experiment_05,image_006,calibration,not_applicable,together,synthetic_recovery_progress,0.12000000,20.00000000,0,0.00117033,0.00000000
experiment_05,image_006,calibration,not_applicable,together,synthetic_recovery_progress,0.13000000,20.00000000,0,0.00344990,0.00003577
experiment_05,image_006,calibration,not_applicable,together,synthetic_recovery_progress,0.14000000,20.00000000,0,0.00659639,0.00326063
experiment_05,image_006,calibration,not_applicable,together,synthetic_recovery_progress,0.15000000,20.00000000,0,0.01058639,0.00732444
experiment_05,image_006,calibration,not_applicable,together,synthetic_recovery_progress,0.16000000,20.00000000,0,0.01539646,0.01220408
experiment_05,image_006,calibration,not_applicable,together,synthetic_recovery_progress,0.17000000,20.00000000,0,0.02100319,0.01787637
experiment_05,image_006,calibration,not_applicable,together,synthetic_recovery_progress,0.18000000,20.00000000,0,0.02738314,0.02431813
experiment_05,image_006,calibration,not_applicable,together,synthetic_recovery_progress,0.19000000,20.00000000,0,0.03451290,0.03150612
experiment_05,image_006,calibration,not_applicable,together,synthetic_recovery_progress,0.20000000,20.00000000,0,0.04236904,0.03941713
experiment_05,image_006,calibration,not_applicable,together,synthetic_recovery_progress,0.21000000,20.00000000,0,0.05092813,0.04802790
experiment_05,image_006,calibration,not_applicable,together,synthetic_recovery_progress,0.22000000,20.00000000,0,0.06016674,0.05731518
experiment_05,image_006,calibration,not_applicable,together,synthetic_recovery_progress,0.23000000,20.00000000,0,0.07006145,0.06725567
experiment_05,image_006,calibration,not_applicable,together,synthetic_recovery_progress,0.24000000,20.00000000,0,0.08058881,0.07782608
experiment_05,image_006,calibration,not_applicable,together,synthetic_recovery_progress,0.25000000,20.00000000,0,0.09172541,0.08900312
experiment_05,image_006,calibration,not_applicable,together,synthetic_recovery_progress,0.26000000,20.00000000,0,0.10344781,0.10076346
experiment_05,image_006,calibration,not_applicable,together,synthetic_recovery_progress,0.27000000,20.00000000,0,0.11573257,0.11308378
experiment_05,image_006,calibration,not_applicable,together,synthetic_recovery_progress,0.28000000,20.00000000,0,0.12855628,0.12594075
experiment_05,image_006,calibration,not_applicable,together,synthetic_recovery_progress,0.29000000,20.00000000,0,0.14189548,0.13931102
experiment_05,image_006,calibration,not_applicable,together,synthetic_recovery_progress,0.30000000,20.00000000,0,0.15572676,0.15317123
experiment_05,image_006,calibration,not_applicable,together,synthetic_recovery_progress,0.31000000,20.00000000,0,0.17002668,0.16749804
experiment_05,image_006,calibration,not_applicable,together,synthetic_recovery_progress,0.32000000,20.00000000,0,0.18477180,0.18226806
experiment_05,image_006,calibration,not_applicable,together,synthetic_recovery_progress,0.33000000,20.00000000,0,0.19993868,0.19745794
experiment_05,image_006,calibration,not_applicable,together,synthetic_recovery_progress,0.34000000,20.00000000,0,0.21550391,0.21304427
experiment_05,image_006,calibration,not_applicable,together,synthetic_recovery_progress,0.35000000,20.00000000,0,0.23144403,0.22900369
experiment_05,image_006,calibration,not_applicable,together,synthetic_recovery_progress,0.36000000,20.00000000,0,0.24773562,0.24531279
experiment_05,image_006,calibration,not_applicable,together,synthetic_recovery_progress,0.37000000,20.00000000,0,0.26435524,0.26194817
experiment_05,image_006,calibration,not_applicable,together,synthetic_recovery_progress,0.38000000,20.00000000,0,0.28127945,0.27888644
experiment_05,image_006,calibration,not_applicable,together,synthetic_recovery_progress,0.39000000,20.00000000,0,0.29848481,0.29610417
experiment_05,image_006,calibration,not_applicable,together,synthetic_recovery_progress,0.40000000,20.00000000,0,0.31594790,0.31357795
experiment_05,image_006,calibration,not_applicable,together,synthetic_recovery_progress,0.41000000,20.00000000,0,0.33364527,0.33128436
experiment_05,image_006,calibration,not_applicable,together,synthetic_recovery_progress,0.42000000,20.00000000,0,0.35155349,0.34919997
experiment_05,image_006,calibration,not_applicable,together,synthetic_recovery_progress,0.43000000,20.00000000,0,0.36964912,0.36730135
experiment_05,image_006,calibration,not_applicable,together,synthetic_recovery_progress,0.44000000,20.00000000,0,0.38790872,0.38556504
experiment_05,image_006,calibration,not_applicable,together,synthetic_recovery_progress,0.45000000,20.00000000,0,0.40630885,0.40396761
experiment_05,image_006,calibration,not_applicable,together,synthetic_recovery_progress,0.46000000,20.00000000,0,0.42482608,0.42248560
experiment_05,image_006,calibration,not_applicable,together,synthetic_recovery_progress,0.47000000,20.00000000,0,0.44343697,0.44109554
experiment_05,image_006,calibration,not_applicable,together,synthetic_recovery_progress,0.48000000,20.00000000,0,0.46211807,0.45977396
experiment_05,image_006,calibration,not_applicable,together,synthetic_recovery_progress,0.49000000,20.00000000,0,0.48084594,0.47849738
experiment_05,image_006,calibration,not_applicable,together,synthetic_recovery_progress,0.50000000,20.00000000,0,0.49959716,0.49724232
experiment_05,image_006,calibration,not_applicable,together,synthetic_recovery_progress,0.51000000,20.00000000,0,0.51834827,0.51598527
experiment_05,image_006,calibration,not_applicable,together,synthetic_recovery_progress,0.52000000,20.00000000,0,0.53707583,0.53470271
experiment_05,image_006,calibration,not_applicable,together,synthetic_recovery_progress,0.53000000,20.00000000,0,0.55575640,0.55337113
experiment_05,image_006,calibration,not_applicable,together,synthetic_recovery_progress,0.54000000,20.00000000,0,0.57436655,0.57196698
experiment_05,image_006,calibration,not_applicable,together,synthetic_recovery_progress,0.55000000,20.00000000,0,0.59288281,0.59046671
experiment_05,image_006,calibration,not_applicable,together,synthetic_recovery_progress,0.56000000,20.00000000,0,0.61128176,0.60884673
experiment_05,image_006,calibration,not_applicable,together,synthetic_recovery_progress,0.57000000,20.00000000,0,0.62953994,0.62708345
experiment_05,image_006,calibration,not_applicable,together,synthetic_recovery_progress,0.58000000,20.00000000,0,0.64763390,0.64515324
experiment_05,image_006,calibration,not_applicable,together,synthetic_recovery_progress,0.59000000,20.00000000,0,0.66554020,0.66303245
experiment_05,image_006,calibration,not_applicable,together,synthetic_recovery_progress,0.60000000,20.00000000,0,0.68323539,0.68069738
experiment_05,image_006,calibration,not_applicable,together,synthetic_recovery_progress,0.61000000,20.00000000,0,0.70069600,0.69812432
experiment_05,image_006,calibration,not_applicable,together,synthetic_recovery_progress,0.62000000,20.00000000,0,0.71789859,0.71528947
experiment_05,image_006,calibration,not_applicable,together,synthetic_recovery_progress,0.63000000,20.00000000,0,0.73481970,0.73216901
experiment_05,image_006,calibration,not_applicable,together,synthetic_recovery_progress,0.64000000,20.00000000,0,0.75143585,0.74873903
experiment_05,image_006,calibration,not_applicable,together,synthetic_recovery_progress,0.65000000,20.00000000,0,0.76772359,0.76497554
experiment_05,image_006,calibration,not_applicable,together,synthetic_recovery_progress,0.66000000,20.00000000,0,0.78365944,0.78085445
experiment_05,image_006,calibration,not_applicable,together,synthetic_recovery_progress,0.67000000,20.00000000,0,0.79921991,0.79635155
experiment_05,image_006,calibration,not_applicable,together,synthetic_recovery_progress,0.68000000,20.00000000,0,0.81438152,0.81144248
experiment_05,image_006,calibration,not_applicable,together,synthetic_recovery_progress,0.69000000,20.00000000,0,0.82912076,0.82610268
experiment_05,image_006,calibration,not_applicable,together,synthetic_recovery_progress,0.70000000,20.00000000,0,0.84341412,0.84030738
experiment_05,image_006,calibration,not_applicable,together,synthetic_recovery_progress,0.71000000,20.00000000,0,0.85723806,0.85403147
experiment_05,image_006,calibration,not_applicable,together,synthetic_recovery_progress,0.72000000,20.00000000,0,0.87056901,0.86724950
experiment_05,image_006,calibration,not_applicable,together,synthetic_recovery_progress,0.73000000,20.00000000,0,0.88338339,0.87993550
experiment_05,image_006,calibration,not_applicable,together,synthetic_recovery_progress,0.74000000,20.00000000,0,0.89565755,0.89206289
experiment_05,image_006,calibration,not_applicable,together,synthetic_recovery_progress,0.75000000,20.00000000,0,0.90736780,0.90360425
experiment_05,image_006,calibration,not_applicable,together,synthetic_recovery_progress,0.76000000,20.00000000,0,0.91849034,0.91453108
experiment_05,image_006,calibration,not_applicable,together,synthetic_recovery_progress,0.77000000,20.00000000,0,0.92900127,0.92481345
experiment_05,image_006,calibration,not_applicable,together,synthetic_recovery_progress,0.78000000,20.00000000,0,0.93887649,0.93441951
experiment_05,image_006,calibration,not_applicable,together,synthetic_recovery_progress,0.79000000,20.00000000,0,0.94809164,0.94331501
experiment_05,image_006,calibration,not_applicable,together,synthetic_recovery_progress,0.80000000,20.00000000,0,0.95662190,0.95146257
experiment_05,image_006,calibration,not_applicable,together,synthetic_recovery_progress,0.81000000,20.00000000,0,0.96444179,0.95882123
experiment_05,image_006,calibration,not_applicable,together,synthetic_recovery_progress,0.82000000,20.00000000,0,0.97152460,0.96534663
experiment_05,image_006,calibration,not_applicable,together,synthetic_recovery_progress,0.83000000,20.00000000,0,0.97784152,0.97099337
experiment_05,image_006,calibration,not_applicable,together,synthetic_recovery_progress,0.84000000,20.00000000,0,0.98335970,0.97572249
experiment_05,image_006,calibration,not_applicable,together,synthetic_recovery_progress,0.85000000,20.00000000,0,0.98803823,0.97951862
experiment_05,image_006,calibration,not_applicable,together,synthetic_recovery_progress,0.86000000,20.00000000,0,0.99181970,0.98241928
experiment_05,image_006,calibration,not_applicable,together,synthetic_recovery_progress,0.87000000,20.00000000,0,0.99461664,0.98454591
experiment_05,image_006,calibration,not_applicable,together,synthetic_recovery_progress,0.88000000,20.00000000,0,0.99633132,0.98610816
experiment_05,image_006,calibration,not_applicable,together,synthetic_recovery_progress,0.89000000,20.00000000,0,0.99707697,0.98735851
experiment_05,image_006,calibration,not_applicable,together,synthetic_recovery_progress,0.90000000,20.00000000,0,0.99738400,0.98851158
experiment_05,image_006,calibration,not_applicable,together,synthetic_recovery_progress,0.91000000,20.00000000,0,0.99764560,0.98966042
experiment_05,image_006,calibration,not_applicable,together,synthetic_recovery_progress,0.92000000,20.00000000,0,0.99790720,0.99080926
experiment_05,image_006,calibration,not_applicable,together,synthetic_recovery_progress,0.93000000,20.00000000,0,0.99816880,0.99195810
experiment_05,image_006,calibration,not_applicable,together,synthetic_recovery_progress,0.94000000,20.00000000,0,0.99843040,0.99310695
experiment_05,image_006,calibration,not_applicable,together,synthetic_recovery_progress,0.95000000,20.00000000,0,0.99869200,0.99425579
experiment_05,image_006,calibration,not_applicable,together,synthetic_recovery_progress,0.96000000,20.00000000,0,0.99895360,0.99540463
experiment_05,image_006,calibration,not_applicable,together,synthetic_recovery_progress,0.97000000,20.00000000,0,0.99921520,0.99655347
experiment_05,image_006,calibration,not_applicable,together,synthetic_recovery_progress,0.98000000,20.00000000,0,0.99947680,0.99770232
experiment_05,image_006,calibration,not_applicable,together,synthetic_recovery_progress,0.99000000,20.00000000,0,0.99973840,0.99885116
experiment_05,image_006,calibration,not_applicable,together,synthetic_recovery_progress,1.00000000,20.00000000,0,1.00000000,1.00000000
experiment_05,image_006,calibration,not_applicable,low_band_first,synthetic_recovery_progress,0.00000000,40.00000000,0,0.00000000,0.00000000
experiment_05,image_006,calibration,not_applicable,low_band_first,synthetic_recovery_progress,0.01000000,40.00000000,0,0.00000000,0.00000000
experiment_05,image_006,calibration,not_applicable,low_band_first,synthetic_recovery_progress,0.02000000,40.00000000,0,0.00000000,0.00000000
experiment_05,image_006,calibration,not_applicable,low_band_first,synthetic_recovery_progress,0.03000000,40.00000000,0,0.00000000,0.00000000
experiment_05,image_006,calibration,not_applicable,low_band_first,synthetic_recovery_progress,0.04000000,40.00000000,0,0.00000000,0.00000000
experiment_05,image_006,calibration,not_applicable,low_band_first,synthetic_recovery_progress,0.05000000,40.00000000,0,0.00000000,0.00000000
experiment_05,image_006,calibration,not_applicable,low_band_first,synthetic_recovery_progress,0.06000000,40.00000000,0,0.00000000,0.00000000
experiment_05,image_006,calibration,not_applicable,low_band_first,synthetic_recovery_progress,0.07000000,40.00000000,0,0.00334497,0.00000000
experiment_05,image_006,calibration,not_applicable,low_band_first,synthetic_recovery_progress,0.08000000,40.00000000,0,0.00906066,0.00000000
experiment_05,image_006,calibration,not_applicable,low_band_first,synthetic_recovery_progress,0.09000000,40.00000000,0,0.01688604,0.00000000
experiment_05,image_006,calibration,not_applicable,low_band_first,synthetic_recovery_progress,0.10000000,40.00000000,0,0.02672525,0.00000000
experiment_05,image_006,calibration,not_applicable,low_band_first,synthetic_recovery_progress,0.11000000,40.00000000,0,0.03848241,0.00000000
experiment_05,image_006,calibration,not_applicable,low_band_first,synthetic_recovery_progress,0.12000000,40.00000000,0,0.05206159,0.00000000
experiment_05,image_006,calibration,not_applicable,low_band_first,synthetic_recovery_progress,0.13000000,40.00000000,0,0.06736689,0.00000000
experiment_05,image_006,calibration,not_applicable,low_band_first,synthetic_recovery_progress,0.14000000,40.00000000,0,0.08430234,0.00000000
experiment_05,image_006,calibration,not_applicable,low_band_first,synthetic_recovery_progress,0.15000000,40.00000000,0,0.10277197,0.00000000
experiment_05,image_006,calibration,not_applicable,low_band_first,synthetic_recovery_progress,0.16000000,40.00000000,0,0.12267979,0.00000000
experiment_05,image_006,calibration,not_applicable,low_band_first,synthetic_recovery_progress,0.17000000,40.00000000,0,0.14392981,0.00000000
experiment_05,image_006,calibration,not_applicable,low_band_first,synthetic_recovery_progress,0.18000000,40.00000000,0,0.16642598,0.00000000
experiment_05,image_006,calibration,not_applicable,low_band_first,synthetic_recovery_progress,0.19000000,40.00000000,0,0.19007228,0.00000000
experiment_05,image_006,calibration,not_applicable,low_band_first,synthetic_recovery_progress,0.20000000,40.00000000,0,0.21477263,0.00000000
experiment_05,image_006,calibration,not_applicable,low_band_first,synthetic_recovery_progress,0.21000000,40.00000000,0,0.24043094,0.00000000
experiment_05,image_006,calibration,not_applicable,low_band_first,synthetic_recovery_progress,0.22000000,40.00000000,0,0.26695112,0.00000000
experiment_05,image_006,calibration,not_applicable,low_band_first,synthetic_recovery_progress,0.23000000,40.00000000,0,0.29423701,0.00000000
experiment_05,image_006,calibration,not_applicable,low_band_first,synthetic_recovery_progress,0.24000000,40.00000000,0,0.32219246,0.00000000
experiment_05,image_006,calibration,not_applicable,low_band_first,synthetic_recovery_progress,0.25000000,40.00000000,0,0.35072126,0.00000000
experiment_05,image_006,calibration,not_applicable,low_band_first,synthetic_recovery_progress,0.26000000,40.00000000,0,0.37972717,0.00000000
experiment_05,image_006,calibration,not_applicable,low_band_first,synthetic_recovery_progress,0.27000000,40.00000000,0,0.40911389,0.00000000
experiment_05,image_006,calibration,not_applicable,low_band_first,synthetic_recovery_progress,0.28000000,40.00000000,0,0.43878507,0.00000000
experiment_05,image_006,calibration,not_applicable,low_band_first,synthetic_recovery_progress,0.29000000,40.00000000,0,0.46864429,0.00000000
experiment_05,image_006,calibration,not_applicable,low_band_first,synthetic_recovery_progress,0.30000000,40.00000000,0,0.49859504,0.00000000
experiment_05,image_006,calibration,not_applicable,low_band_first,synthetic_recovery_progress,0.31000000,40.00000000,0,0.52854070,0.00000000
experiment_05,image_006,calibration,not_applicable,low_band_first,synthetic_recovery_progress,0.32000000,40.00000000,0,0.55838452,0.00000000
experiment_05,image_006,calibration,not_applicable,low_band_first,synthetic_recovery_progress,0.33000000,40.00000000,0,0.58802959,0.00000000
experiment_05,image_006,calibration,not_applicable,low_band_first,synthetic_recovery_progress,0.34000000,40.00000000,0,0.61737876,0.00000000
experiment_05,image_006,calibration,not_applicable,low_band_first,synthetic_recovery_progress,0.35000000,40.00000000,0,0.64633464,0.00000000
experiment_05,image_006,calibration,not_applicable,low_band_first,synthetic_recovery_progress,0.36000000,40.00000000,0,0.67479946,0.00000000
experiment_05,image_006,calibration,not_applicable,low_band_first,synthetic_recovery_progress,0.37000000,40.00000000,0,0.70267497,0.00000000
experiment_05,image_006,calibration,not_applicable,low_band_first,synthetic_recovery_progress,0.38000000,40.00000000,0,0.72986229,0.00000000
experiment_05,image_006,calibration,not_applicable,low_band_first,synthetic_recovery_progress,0.39000000,40.00000000,0,0.75626168,0.00000000
experiment_05,image_006,calibration,not_applicable,low_band_first,synthetic_recovery_progress,0.40000000,40.00000000,0,0.78177221,0.00000000
experiment_05,image_006,calibration,not_applicable,low_band_first,synthetic_recovery_progress,0.41000000,40.00000000,0,0.80629125,0.00000000
experiment_05,image_006,calibration,not_applicable,low_band_first,synthetic_recovery_progress,0.42000000,40.00000000,0,0.82971378,0.00000000
experiment_05,image_006,calibration,not_applicable,low_band_first,synthetic_recovery_progress,0.43000000,40.00000000,0,0.85193123,0.00000000
experiment_05,image_006,calibration,not_applicable,low_band_first,synthetic_recovery_progress,0.44000000,40.00000000,0,0.87282976,0.00000000
experiment_05,image_006,calibration,not_applicable,low_band_first,synthetic_recovery_progress,0.45000000,40.00000000,0,0.89228750,0.00000000
experiment_05,image_006,calibration,not_applicable,low_band_first,synthetic_recovery_progress,0.46000000,40.00000000,0,0.91017006,0.00081625
experiment_05,image_006,calibration,not_applicable,low_band_first,synthetic_recovery_progress,0.47000000,40.00000000,0,0.92632362,0.00431646
experiment_05,image_006,calibration,not_applicable,low_band_first,synthetic_recovery_progress,0.48000000,40.00000000,0,0.94056449,0.01002374
experiment_05,image_006,calibration,not_applicable,low_band_first,synthetic_recovery_progress,0.49000000,40.00000000,0,0.95266743,0.01784219
experiment_05,image_006,calibration,not_applicable,low_band_first,synthetic_recovery_progress,0.50000000,40.00000000,0,0.96236654,0.02767588
experiment_05,image_006,calibration,not_applicable,low_band_first,synthetic_recovery_progress,0.51000000,40.00000000,0,0.96941820,0.03942889
experiment_05,image_006,calibration,not_applicable,low_band_first,synthetic_recovery_progress,0.52000000,40.00000000,0,0.97380683,0.05300527
experiment_05,image_006,calibration,not_applicable,low_band_first,synthetic_recovery_progress,0.53000000,40.00000000,0,0.97601628,0.06830907
experiment_05,image_006,calibration,not_applicable,low_band_first,synthetic_recovery_progress,0.54000000,40.00000000,0,0.97696340,0.08524435
experiment_05,image_006,calibration,not_applicable,low_band_first,synthetic_recovery_progress,0.55000000,40.00000000,0,0.97750000,0.10371514
experiment_05,image_006,calibration,not_applicable,low_band_first,synthetic_recovery_progress,0.56000000,40.00000000,0,0.97800000,0.12362547
experiment_05,image_006,calibration,not_applicable,low_band_first,synthetic_recovery_progress,0.57000000,40.00000000,0,0.97850000,0.14487938
experiment_05,image_006,calibration,not_applicable,low_band_first,synthetic_recovery_progress,0.58000000,40.00000000,0,0.97900000,0.16738089
experiment_05,image_006,calibration,not_applicable,low_band_first,synthetic_recovery_progress,0.59000000,40.00000000,0,0.97950000,0.19103402
experiment_05,image_006,calibration,not_applicable,low_band_first,synthetic_recovery_progress,0.60000000,40.00000000,0,0.98000000,0.21574280
experiment_05,image_006,calibration,not_applicable,low_band_first,synthetic_recovery_progress,0.61000000,40.00000000,0,0.98050000,0.24141125
experiment_05,image_006,calibration,not_applicable,low_band_first,synthetic_recovery_progress,0.62000000,40.00000000,0,0.98100000,0.26794336
experiment_05,image_006,calibration,not_applicable,low_band_first,synthetic_recovery_progress,0.63000000,40.00000000,0,0.98150000,0.29524317
experiment_05,image_006,calibration,not_applicable,low_band_first,synthetic_recovery_progress,0.64000000,40.00000000,0,0.98200000,0.32321467
experiment_05,image_006,calibration,not_applicable,low_band_first,synthetic_recovery_progress,0.65000000,40.00000000,0,0.98250000,0.35176187
experiment_05,image_006,calibration,not_applicable,low_band_first,synthetic_recovery_progress,0.66000000,40.00000000,0,0.98300000,0.38078878
experiment_05,image_006,calibration,not_applicable,low_band_first,synthetic_recovery_progress,0.67000000,40.00000000,0,0.98350000,0.41019939
experiment_05,image_006,calibration,not_applicable,low_band_first,synthetic_recovery_progress,0.68000000,40.00000000,0,0.98400000,0.43989772
experiment_05,image_006,calibration,not_applicable,low_band_first,synthetic_recovery_progress,0.69000000,40.00000000,0,0.98450000,0.46978774
experiment_05,image_006,calibration,not_applicable,low_band_first,synthetic_recovery_progress,0.70000000,40.00000000,0,0.98500000,0.49977345
experiment_05,image_006,calibration,not_applicable,low_band_first,synthetic_recovery_progress,0.71000000,40.00000000,0,0.98550000,0.52975884
experiment_05,image_006,calibration,not_applicable,low_band_first,synthetic_recovery_progress,0.72000000,40.00000000,0,0.98600000,0.55964790
experiment_05,image_006,calibration,not_applicable,low_band_first,synthetic_recovery_progress,0.73000000,40.00000000,0,0.98650000,0.58934460
experiment_05,image_006,calibration,not_applicable,low_band_first,synthetic_recovery_progress,0.74000000,40.00000000,0,0.98700000,0.61875291
experiment_05,image_006,calibration,not_applicable,low_band_first,synthetic_recovery_progress,0.75000000,40.00000000,0,0.98750000,0.64777679
experiment_05,image_006,calibration,not_applicable,low_band_first,synthetic_recovery_progress,0.76000000,40.00000000,0,0.98800000,0.67632020
experiment_05,image_006,calibration,not_applicable,low_band_first,synthetic_recovery_progress,0.77000000,40.00000000,0,0.98850000,0.70428708
experiment_05,image_006,calibration,not_applicable,low_band_first,synthetic_recovery_progress,0.78000000,40.00000000,0,0.98900000,0.73158134
experiment_05,image_006,calibration,not_applicable,low_band_first,synthetic_recovery_progress,0.79000000,40.00000000,0,0.98950000,0.75810688
experiment_05,image_006,calibration,not_applicable,low_band_first,synthetic_recovery_progress,0.80000000,40.00000000,0,0.99000000,0.78376758
experiment_05,image_006,calibration,not_applicable,low_band_first,synthetic_recovery_progress,0.81000000,40.00000000,0,0.99050000,0.80846724
experiment_05,image_006,calibration,not_applicable,low_band_first,synthetic_recovery_progress,0.82000000,40.00000000,0,0.99100000,0.83210964
experiment_05,image_006,calibration,not_applicable,low_band_first,synthetic_recovery_progress,0.83000000,40.00000000,0,0.99150000,0.85459843
experiment_05,image_006,calibration,not_applicable,low_band_first,synthetic_recovery_progress,0.84000000,40.00000000,0,0.99200000,0.87583715
experiment_05,image_006,calibration,not_applicable,low_band_first,synthetic_recovery_progress,0.85000000,40.00000000,0,0.99250000,0.89572912
experiment_05,image_006,calibration,not_applicable,low_band_first,synthetic_recovery_progress,0.86000000,40.00000000,0,0.99300000,0.91417730
experiment_05,image_006,calibration,not_applicable,low_band_first,synthetic_recovery_progress,0.87000000,40.00000000,0,0.99350000,0.93108409
experiment_05,image_006,calibration,not_applicable,low_band_first,synthetic_recovery_progress,0.88000000,40.00000000,0,0.99400000,0.94635079
experiment_05,image_006,calibration,not_applicable,low_band_first,synthetic_recovery_progress,0.89000000,40.00000000,0,0.99450000,0.95987666
experiment_05,image_006,calibration,not_applicable,low_band_first,synthetic_recovery_progress,0.90000000,40.00000000,0,0.99500000,0.97155655
experiment_05,image_006,calibration,not_applicable,low_band_first,synthetic_recovery_progress,0.91000000,40.00000000,0,0.99550000,0.98127476
experiment_05,image_006,calibration,not_applicable,low_band_first,synthetic_recovery_progress,0.92000000,40.00000000,0,0.99600000,0.98888675
experiment_05,image_006,calibration,not_applicable,low_band_first,synthetic_recovery_progress,0.93000000,40.00000000,0,0.99650000,0.99416210
experiment_05,image_006,calibration,not_applicable,low_band_first,synthetic_recovery_progress,0.94000000,40.00000000,0,0.99700000,0.99677469
experiment_05,image_006,calibration,not_applicable,low_band_first,synthetic_recovery_progress,0.95000000,40.00000000,0,0.99750000,0.99750000
experiment_05,image_006,calibration,not_applicable,low_band_first,synthetic_recovery_progress,0.96000000,40.00000000,0,0.99800000,0.99800000
experiment_05,image_006,calibration,not_applicable,low_band_first,synthetic_recovery_progress,0.97000000,40.00000000,0,0.99850000,0.99850000
experiment_05,image_006,calibration,not_applicable,low_band_first,synthetic_recovery_progress,0.98000000,40.00000000,0,0.99900000,0.99900000
experiment_05,image_006,calibration,not_applicable,low_band_first,synthetic_recovery_progress,0.99000000,40.00000000,0,0.99950000,0.99950000
experiment_05,image_006,calibration,not_applicable,low_band_first,synthetic_recovery_progress,1.00000000,40.00000000,0,1.00000000,1.00000000
experiment_05,image_006,calibration,not_applicable,high_band_first,synthetic_recovery_progress,0.00000000,40.00000000,0,0.00000000,0.00000000
experiment_05,image_006,calibration,not_applicable,high_band_first,synthetic_recovery_progress,0.01000000,40.00000000,0,0.00000000,0.00000000
experiment_05,image_006,calibration,not_applicable,high_band_first,synthetic_recovery_progress,0.02000000,40.00000000,0,0.00000000,0.00000000
experiment_05,image_006,calibration,not_applicable,high_band_first,synthetic_recovery_progress,0.03000000,40.00000000,0,0.00000000,0.00000000
experiment_05,image_006,calibration,not_applicable,high_band_first,synthetic_recovery_progress,0.04000000,40.00000000,0,0.00000000,0.00000000
experiment_05,image_006,calibration,not_applicable,high_band_first,synthetic_recovery_progress,0.05000000,40.00000000,0,0.00000000,0.00000000
experiment_05,image_006,calibration,not_applicable,high_band_first,synthetic_recovery_progress,0.06000000,40.00000000,0,0.00000000,0.00007379
experiment_05,image_006,calibration,not_applicable,high_band_first,synthetic_recovery_progress,0.07000000,40.00000000,0,0.00000000,0.00358143
experiment_05,image_006,calibration,not_applicable,high_band_first,synthetic_recovery_progress,0.08000000,40.00000000,0,0.00000000,0.00929459
experiment_05,image_006,calibration,not_applicable,high_band_first,synthetic_recovery_progress,0.09000000,40.00000000,0,0.00000000,0.01711743
experiment_05,image_006,calibration,not_applicable,high_band_first,synthetic_recovery_progress,0.10000000,40.00000000,0,0.00000000,0.02695409
experiment_05,image_006,calibration,not_applicable,high_band_first,synthetic_recovery_progress,0.11000000,40.00000000,0,0.00000000,0.03870870
experiment_05,image_006,calibration,not_applicable,high_band_first,synthetic_recovery_progress,0.12000000,40.00000000,0,0.00000000,0.05228535
experiment_05,image_006,calibration,not_applicable,high_band_first,synthetic_recovery_progress,0.13000000,40.00000000,0,0.00000000,0.06758810
experiment_05,image_006,calibration,not_applicable,high_band_first,synthetic_recovery_progress,0.14000000,40.00000000,0,0.00000000,0.08452100
experiment_05,image_006,calibration,not_applicable,high_band_first,synthetic_recovery_progress,0.15000000,40.00000000,0,0.00000000,0.10298808
experiment_05,image_006,calibration,not_applicable,high_band_first,synthetic_recovery_progress,0.16000000,40.00000000,0,0.00000000,0.12289336
experiment_05,image_006,calibration,not_applicable,high_band_first,synthetic_recovery_progress,0.17000000,40.00000000,0,0.00000000,0.14414082
experiment_05,image_006,calibration,not_applicable,high_band_first,synthetic_recovery_progress,0.18000000,40.00000000,0,0.00000000,0.16663445
experiment_05,image_006,calibration,not_applicable,high_band_first,synthetic_recovery_progress,0.19000000,40.00000000,0,0.00000000,0.19027819
experiment_05,image_006,calibration,not_applicable,high_band_first,synthetic_recovery_progress,0.20000000,40.00000000,0,0.00000000,0.21497599
experiment_05,image_006,calibration,not_applicable,high_band_first,synthetic_recovery_progress,0.21000000,40.00000000,0,0.00000000,0.24063175
experiment_05,image_006,calibration,not_applicable,high_band_first,synthetic_recovery_progress,0.22000000,40.00000000,0,0.00000000,0.26714937
experiment_05,image_006,calibration,not_applicable,high_band_first,synthetic_recovery_progress,0.23000000,40.00000000,0,0.00000000,0.29443271
experiment_05,image_006,calibration,not_applicable,high_band_first,synthetic_recovery_progress,0.24000000,40.00000000,0,0.00000000,0.32238560
experiment_05,image_006,calibration,not_applicable,high_band_first,synthetic_recovery_progress,0.25000000,40.00000000,0,0.00000000,0.35091184
experiment_05,image_006,calibration,not_applicable,high_band_first,synthetic_recovery_progress,0.26000000,40.00000000,0,0.00000000,0.37991518
experiment_05,image_006,calibration,not_applicable,high_band_first,synthetic_recovery_progress,0.27000000,40.00000000,0,0.00000000,0.40929934
experiment_05,image_006,calibration,not_applicable,high_band_first,synthetic_recovery_progress,0.28000000,40.00000000,0,0.00000000,0.43896795
experiment_05,image_006,calibration,not_applicable,high_band_first,synthetic_recovery_progress,0.29000000,40.00000000,0,0.00000000,0.46882460
experiment_05,image_006,calibration,not_applicable,high_band_first,synthetic_recovery_progress,0.30000000,40.00000000,0,0.00000000,0.49877277
experiment_05,image_006,calibration,not_applicable,high_band_first,synthetic_recovery_progress,0.31000000,40.00000000,0,0.00000000,0.52871585
experiment_05,image_006,calibration,not_applicable,high_band_first,synthetic_recovery_progress,0.32000000,40.00000000,0,0.00000000,0.55855708
experiment_05,image_006,calibration,not_applicable,high_band_first,synthetic_recovery_progress,0.33000000,40.00000000,0,0.00000000,0.58819955
experiment_05,image_006,calibration,not_applicable,high_band_first,synthetic_recovery_progress,0.34000000,40.00000000,0,0.00000000,0.61754612
experiment_05,image_006,calibration,not_applicable,high_band_first,synthetic_recovery_progress,0.35000000,40.00000000,0,0.00000000,0.64649937
experiment_05,image_006,calibration,not_applicable,high_band_first,synthetic_recovery_progress,0.36000000,40.00000000,0,0.00000000,0.67496155
experiment_05,image_006,calibration,not_applicable,high_band_first,synthetic_recovery_progress,0.37000000,40.00000000,0,0.00000000,0.70283440
experiment_05,image_006,calibration,not_applicable,high_band_first,synthetic_recovery_progress,0.38000000,40.00000000,0,0.00000000,0.73001903
experiment_05,image_006,calibration,not_applicable,high_band_first,synthetic_recovery_progress,0.39000000,40.00000000,0,0.00000000,0.75641570
experiment_05,image_006,calibration,not_applicable,high_band_first,synthetic_recovery_progress,0.40000000,40.00000000,0,0.00000000,0.78192345
experiment_05,image_006,calibration,not_applicable,high_band_first,synthetic_recovery_progress,0.41000000,40.00000000,0,0.00000000,0.80643964
experiment_05,image_006,calibration,not_applicable,high_band_first,synthetic_recovery_progress,0.42000000,40.00000000,0,0.00000000,0.82985921
experiment_05,image_006,calibration,not_applicable,high_band_first,synthetic_recovery_progress,0.43000000,40.00000000,0,0.00000000,0.85207354
experiment_05,image_006,calibration,not_applicable,high_band_first,synthetic_recovery_progress,0.44000000,40.00000000,0,0.00000000,0.87296874
experiment_05,image_006,calibration,not_applicable,high_band_first,synthetic_recovery_progress,0.45000000,40.00000000,0,0.00000000,0.89242277
experiment_05,image_006,calibration,not_applicable,high_band_first,synthetic_recovery_progress,0.46000000,40.00000000,0,0.00067885,0.91030106
experiment_05,image_006,calibration,not_applicable,high_band_first,synthetic_recovery_progress,0.47000000,40.00000000,0,0.00418160,0.92644937
experiment_05,image_006,calibration,not_applicable,high_band_first,synthetic_recovery_progress,0.48000000,40.00000000,0,0.00989142,0.94068335
experiment_05,image_006,calibration,not_applicable,high_band_first,synthetic_recovery_progress,0.49000000,40.00000000,0,0.01771241,0.95277657
experiment_05,image_006,calibration,not_applicable,high_band_first,synthetic_recovery_progress,0.50000000,40.00000000,0,0.02754865,0.96246136
experiment_05,image_006,calibration,not_applicable,high_band_first,synthetic_recovery_progress,0.51000000,40.00000000,0,0.03930420,0.96949243
experiment_05,image_006,calibration,not_applicable,high_band_first,synthetic_recovery_progress,0.52000000,40.00000000,0,0.05288312,0.97385524
experiment_05,image_006,calibration,not_applicable,high_band_first,synthetic_recovery_progress,0.53000000,40.00000000,0,0.06818947,0.97603959
experiment_05,image_006,calibration,not_applicable,high_band_first,synthetic_recovery_progress,0.54000000,40.00000000,0,0.08512729,0.97696942
experiment_05,image_006,calibration,not_applicable,high_band_first,synthetic_recovery_progress,0.55000000,40.00000000,0,0.10360062,0.97750000
experiment_05,image_006,calibration,not_applicable,high_band_first,synthetic_recovery_progress,0.56000000,40.00000000,0,0.12351350,0.97800000
experiment_05,image_006,calibration,not_applicable,high_band_first,synthetic_recovery_progress,0.57000000,40.00000000,0,0.14476996,0.97850000
experiment_05,image_006,calibration,not_applicable,high_band_first,synthetic_recovery_progress,0.58000000,40.00000000,0,0.16727401,0.97900000
experiment_05,image_006,calibration,not_applicable,high_band_first,synthetic_recovery_progress,0.59000000,40.00000000,0,0.19092969,0.97950000
experiment_05,image_006,calibration,not_applicable,high_band_first,synthetic_recovery_progress,0.60000000,40.00000000,0,0.21564102,0.98000000
experiment_05,image_006,calibration,not_applicable,high_band_first,synthetic_recovery_progress,0.61000000,40.00000000,0,0.24131200,0.98050000
experiment_05,image_006,calibration,not_applicable,high_band_first,synthetic_recovery_progress,0.62000000,40.00000000,0,0.26784667,0.98100000
experiment_05,image_006,calibration,not_applicable,high_band_first,synthetic_recovery_progress,0.63000000,40.00000000,0,0.29514902,0.98150000
experiment_05,image_006,calibration,not_applicable,high_band_first,synthetic_recovery_progress,0.64000000,40.00000000,0,0.32312306,0.98200000
experiment_05,image_006,calibration,not_applicable,high_band_first,synthetic_recovery_progress,0.65000000,40.00000000,0,0.35167281,0.98250000
experiment_05,image_006,calibration,not_applicable,high_band_first,synthetic_recovery_progress,0.66000000,40.00000000,0,0.38070226,0.98300000
experiment_05,image_006,calibration,not_applicable,high_band_first,synthetic_recovery_progress,0.67000000,40.00000000,0,0.41011543,0.98350000
experiment_05,image_006,calibration,not_applicable,high_band_first,synthetic_recovery_progress,0.68000000,40.00000000,0,0.43981629,0.98400000
experiment_05,image_006,calibration,not_applicable,high_band_first,synthetic_recovery_progress,0.69000000,40.00000000,0,0.46970886,0.98450000
experiment_05,image_006,calibration,not_applicable,high_band_first,synthetic_recovery_progress,0.70000000,40.00000000,0,0.49969712,0.98500000
experiment_05,image_006,calibration,not_applicable,high_band_first,synthetic_recovery_progress,0.71000000,40.00000000,0,0.52968506,0.98550000
experiment_05,image_006,calibration,not_applicable,high_band_first,synthetic_recovery_progress,0.72000000,40.00000000,0,0.55957666,0.98600000
experiment_05,image_006,calibration,not_applicable,high_band_first,synthetic_recovery_progress,0.73000000,40.00000000,0,0.58927591,0.98650000
experiment_05,image_006,calibration,not_applicable,high_band_first,synthetic_recovery_progress,0.74000000,40.00000000,0,0.61868676,0.98700000
experiment_05,image_006,calibration,not_applicable,high_band_first,synthetic_recovery_progress,0.75000000,40.00000000,0,0.64771319,0.98750000
experiment_05,image_006,calibration,not_applicable,high_band_first,synthetic_recovery_progress,0.76000000,40.00000000,0,0.67625915,0.98800000
experiment_05,image_006,calibration,not_applicable,high_band_first,synthetic_recovery_progress,0.77000000,40.00000000,0,0.70422857,0.98850000
experiment_05,image_006,calibration,not_applicable,high_band_first,synthetic_recovery_progress,0.78000000,40.00000000,0,0.73152538,0.98900000
experiment_05,image_006,calibration,not_applicable,high_band_first,synthetic_recovery_progress,0.79000000,40.00000000,0,0.75805348,0.98950000
experiment_05,image_006,calibration,not_applicable,high_band_first,synthetic_recovery_progress,0.80000000,40.00000000,0,0.78371672,0.99000000
experiment_05,image_006,calibration,not_applicable,high_band_first,synthetic_recovery_progress,0.81000000,40.00000000,0,0.80841894,0.99050000
experiment_05,image_006,calibration,not_applicable,high_band_first,synthetic_recovery_progress,0.82000000,40.00000000,0,0.83206389,0.99100000
experiment_05,image_006,calibration,not_applicable,high_band_first,synthetic_recovery_progress,0.83000000,40.00000000,0,0.85455523,0.99150000
experiment_05,image_006,calibration,not_applicable,high_band_first,synthetic_recovery_progress,0.84000000,40.00000000,0,0.87579651,0.99200000
experiment_05,image_006,calibration,not_applicable,high_band_first,synthetic_recovery_progress,0.85000000,40.00000000,0,0.89569104,0.99250000
experiment_05,image_006,calibration,not_applicable,high_band_first,synthetic_recovery_progress,0.86000000,40.00000000,0,0.91414179,0.99300000
experiment_05,image_006,calibration,not_applicable,high_band_first,synthetic_recovery_progress,0.87000000,40.00000000,0,0.93105115,0.99350000
experiment_05,image_006,calibration,not_applicable,high_band_first,synthetic_recovery_progress,0.88000000,40.00000000,0,0.94632044,0.99400000
experiment_05,image_006,calibration,not_applicable,high_band_first,synthetic_recovery_progress,0.89000000,40.00000000,0,0.95984893,0.99450000
experiment_05,image_006,calibration,not_applicable,high_band_first,synthetic_recovery_progress,0.90000000,40.00000000,0,0.97153150,0.99500000
experiment_05,image_006,calibration,not_applicable,high_band_first,synthetic_recovery_progress,0.91000000,40.00000000,0,0.98125254,0.99550000
experiment_05,image_006,calibration,not_applicable,high_band_first,synthetic_recovery_progress,0.92000000,40.00000000,0,0.98886777,0.99600000
experiment_05,image_006,calibration,not_applicable,high_band_first,synthetic_recovery_progress,0.93000000,40.00000000,0,0.99414786,0.99650000
experiment_05,image_006,calibration,not_applicable,high_band_first,synthetic_recovery_progress,0.94000000,40.00000000,0,0.99676909,0.99700000
experiment_05,image_006,calibration,not_applicable,high_band_first,synthetic_recovery_progress,0.95000000,40.00000000,0,0.99750000,0.99750000
experiment_05,image_006,calibration,not_applicable,high_band_first,synthetic_recovery_progress,0.96000000,40.00000000,0,0.99800000,0.99800000
experiment_05,image_006,calibration,not_applicable,high_band_first,synthetic_recovery_progress,0.97000000,40.00000000,0,0.99850000,0.99850000
experiment_05,image_006,calibration,not_applicable,high_band_first,synthetic_recovery_progress,0.98000000,40.00000000,0,0.99900000,0.99900000
experiment_05,image_006,calibration,not_applicable,high_band_first,synthetic_recovery_progress,0.99000000,40.00000000,0,0.99950000,0.99950000
experiment_05,image_006,calibration,not_applicable,high_band_first,synthetic_recovery_progress,1.00000000,40.00000000,0,1.00000000,1.00000000
experiment_05,image_006,calibration,not_applicable,together,synthetic_recovery_progress,0.00000000,40.00000000,0,0.00000000,0.00000000
experiment_05,image_006,calibration,not_applicable,together,synthetic_recovery_progress,0.01000000,40.00000000,0,0.00000000,0.00000000
experiment_05,image_006,calibration,not_applicable,together,synthetic_recovery_progress,0.02000000,40.00000000,0,0.00000000,0.00000000
experiment_05,image_006,calibration,not_applicable,together,synthetic_recovery_progress,0.03000000,40.00000000,0,0.00000000,0.00000000
experiment_05,image_006,calibration,not_applicable,together,synthetic_recovery_progress,0.04000000,40.00000000,0,0.00000000,0.00000000
experiment_05,image_006,calibration,not_applicable,together,synthetic_recovery_progress,0.05000000,40.00000000,0,0.00000000,0.00000000
experiment_05,image_006,calibration,not_applicable,together,synthetic_recovery_progress,0.06000000,40.00000000,0,0.00000000,0.00000000
experiment_05,image_006,calibration,not_applicable,together,synthetic_recovery_progress,0.07000000,40.00000000,0,0.00000000,0.00000000
experiment_05,image_006,calibration,not_applicable,together,synthetic_recovery_progress,0.08000000,40.00000000,0,0.00000000,0.00000000
experiment_05,image_006,calibration,not_applicable,together,synthetic_recovery_progress,0.09000000,40.00000000,0,0.00000000,0.00000000
experiment_05,image_006,calibration,not_applicable,together,synthetic_recovery_progress,0.10000000,40.00000000,0,0.00000000,0.00000000
experiment_05,image_006,calibration,not_applicable,together,synthetic_recovery_progress,0.11000000,40.00000000,0,0.00000000,0.00000000
experiment_05,image_006,calibration,not_applicable,together,synthetic_recovery_progress,0.12000000,40.00000000,0,0.00064596,0.00086974
experiment_05,image_006,calibration,not_applicable,together,synthetic_recovery_progress,0.13000000,40.00000000,0,0.00293782,0.00315906
experiment_05,image_006,calibration,not_applicable,together,synthetic_recovery_progress,0.14000000,40.00000000,0,0.00609590,0.00631460
experiment_05,image_006,calibration,not_applicable,together,synthetic_recovery_progress,0.15000000,40.00000000,0,0.01009681,0.01031297
experiment_05,image_006,calibration,not_applicable,together,synthetic_recovery_progress,0.16000000,40.00000000,0,0.01491719,0.01513081
experiment_05,image_006,calibration,not_applicable,together,synthetic_recovery_progress,0.17000000,40.00000000,0,0.02053363,0.02074471
experiment_05,image_006,calibration,not_applicable,together,synthetic_recovery_progress,0.18000000,40.00000000,0,0.02692276,0.02713130
experiment_05,image_006,calibration,not_applicable,together,synthetic_recovery_progress,0.19000000,40.00000000,0,0.03406117,0.03426717
experiment_05,image_006,calibration,not_applicable,together,synthetic_recovery_progress,0.20000000,40.00000000,0,0.04192547,0.04212893
experiment_05,image_006,calibration,not_applicable,together,synthetic_recovery_progress,0.21000000,40.00000000,0,0.05049226,0.05069317
experiment_05,image_006,calibration,not_applicable,together,synthetic_recovery_progress,0.22000000,40.00000000,0,0.05973813,0.05993650
experiment_05,image_006,calibration,not_applicable,together,synthetic_recovery_progress,0.23000000,40.00000000,0,0.06963967,0.06983550
experiment_05,image_006,calibration,not_applicable,together,synthetic_recovery_progress,0.24000000,40.00000000,0,0.08017348,0.08036676
experiment_05,image_006,calibration,not_applicable,together,synthetic_recovery_progress,0.25000000,40.00000000,0,0.09131613,0.09150688
experiment_05,image_006,calibration,not_applicable,together,synthetic_recovery_progress,0.26000000,40.00000000,0,0.10304423,0.10323243
experiment_05,image_006,calibration,not_applicable,together,synthetic_recovery_progress,0.27000000,40.00000000,0,0.11533434,0.11552000
experiment_05,image_006,calibration,not_applicable,together,synthetic_recovery_progress,0.28000000,40.00000000,0,0.12816306,0.12834617
experiment_05,image_006,calibration,not_applicable,together,synthetic_recovery_progress,0.29000000,40.00000000,0,0.14150696,0.14168753
experiment_05,image_006,calibration,not_applicable,together,synthetic_recovery_progress,0.30000000,40.00000000,0,0.15534263,0.15552065
experiment_05,image_006,calibration,not_applicable,together,synthetic_recovery_progress,0.31000000,40.00000000,0,0.16964663,0.16982211
experiment_05,image_006,calibration,not_applicable,together,synthetic_recovery_progress,0.32000000,40.00000000,0,0.18439555,0.18456848
experiment_05,image_006,calibration,not_applicable,together,synthetic_recovery_progress,0.33000000,40.00000000,0,0.19956595,0.19973635
experiment_05,image_006,calibration,not_applicable,together,synthetic_recovery_progress,0.34000000,40.00000000,0,0.21513442,0.21530227
experiment_05,image_006,calibration,not_applicable,together,synthetic_recovery_progress,0.35000000,40.00000000,0,0.23107753,0.23124283
experiment_05,image_006,calibration,not_applicable,together,synthetic_recovery_progress,0.36000000,40.00000000,0,0.24737184,0.24753460
experiment_05,image_006,calibration,not_applicable,together,synthetic_recovery_progress,0.37000000,40.00000000,0,0.26399392,0.26415414
experiment_05,image_006,calibration,not_applicable,together,synthetic_recovery_progress,0.38000000,40.00000000,0,0.28092035,0.28107802
experiment_05,image_006,calibration,not_applicable,together,synthetic_recovery_progress,0.39000000,40.00000000,0,0.29812769,0.29828281
experiment_05,image_006,calibration,not_applicable,together,synthetic_recovery_progress,0.40000000,40.00000000,0,0.31559250,0.31574508
experiment_05,image_006,calibration,not_applicable,together,synthetic_recovery_progress,0.41000000,40.00000000,0,0.33329136,0.33344139
experiment_05,image_006,calibration,not_applicable,together,synthetic_recovery_progress,0.42000000,40.00000000,0,0.35120083,0.35134831
experiment_05,image_006,calibration,not_applicable,together,synthetic_recovery_progress,0.43000000,40.00000000,0,0.36929746,0.36944240
experiment_05,image_006,calibration,not_applicable,together,synthetic_recovery_progress,0.44000000,40.00000000,0,0.38755782,0.38770022
experiment_05,image_006,calibration,not_applicable,together,synthetic_recovery_progress,0.45000000,40.00000000,0,0.40595848,0.40609832
experiment_05,image_006,calibration,not_applicable,together,synthetic_recovery_progress,0.46000000,40.00000000,0,0.42447598,0.42461328
experiment_05,image_006,calibration,not_applicable,together,synthetic_recovery_progress,0.47000000,40.00000000,0,0.44308689,0.44322165
experiment_05,image_006,calibration,not_applicable,together,synthetic_recovery_progress,0.48000000,40.00000000,0,0.46176777,0.46189997
experiment_05,image_006,calibration,not_applicable,together,synthetic_recovery_progress,0.49000000,40.00000000,0,0.48049516,0.48062481
experiment_05,image_006,calibration,not_applicable,together,synthetic_recovery_progress,0.50000000,40.00000000,0,0.49924562,0.49937272
experiment_05,image_006,calibration,not_applicable,together,synthetic_recovery_progress,0.51000000,40.00000000,0,0.51799569,0.51812025
experiment_05,image_006,calibration,not_applicable,together,synthetic_recovery_progress,0.52000000,40.00000000,0,0.53672194,0.53684395
experiment_05,image_006,calibration,not_applicable,together,synthetic_recovery_progress,0.53000000,40.00000000,0,0.55540089,0.55552036
experiment_05,image_006,calibration,not_applicable,together,synthetic_recovery_progress,0.54000000,40.00000000,0,0.57400910,0.57412602
experiment_05,image_006,calibration,not_applicable,together,synthetic_recovery_progress,0.55000000,40.00000000,0,0.59252310,0.59263747
experiment_05,image_006,calibration,not_applicable,together,synthetic_recovery_progress,0.56000000,40.00000000,0,0.61091943,0.61103124
experiment_05,image_006,calibration,not_applicable,together,synthetic_recovery_progress,0.57000000,40.00000000,0,0.62917462,0.62928388
experiment_05,image_006,calibration,not_applicable,together,synthetic_recovery_progress,0.58000000,40.00000000,0,0.64726519,0.64737190
experiment_05,image_006,calibration,not_applicable,together,synthetic_recovery_progress,0.59000000,40.00000000,0,0.66516766,0.66527182
experiment_05,image_006,calibration,not_applicable,together,synthetic_recovery_progress,0.60000000,40.00000000,0,0.68285854,0.68296015
experiment_05,image_006,calibration,not_applicable,together,synthetic_recovery_progress,0.61000000,40.00000000,0,0.70031435,0.70041340
experiment_05,image_006,calibration,not_applicable,together,synthetic_recovery_progress,0.62000000,40.00000000,0,0.71751156,0.71760806
experiment_05,image_006,calibration,not_applicable,together,synthetic_recovery_progress,0.63000000,40.00000000,0,0.73442668,0.73452062
experiment_05,image_006,calibration,not_applicable,together,synthetic_recovery_progress,0.64000000,40.00000000,0,0.75103615,0.75112754
experiment_05,image_006,calibration,not_applicable,together,synthetic_recovery_progress,0.65000000,40.00000000,0,0.76731644,0.76740527
experiment_05,image_006,calibration,not_applicable,together,synthetic_recovery_progress,0.66000000,40.00000000,0,0.78324397,0.78333024
experiment_05,image_006,calibration,not_applicable,together,synthetic_recovery_progress,0.67000000,40.00000000,0,0.79879515,0.79887886
experiment_05,image_006,calibration,not_applicable,together,synthetic_recovery_progress,0.68000000,40.00000000,0,0.81394635,0.81402749
experiment_05,image_006,calibration,not_applicable,together,synthetic_recovery_progress,0.69000000,40.00000000,0,0.82867389,0.82875246
experiment_05,image_006,calibration,not_applicable,together,synthetic_recovery_progress,0.70000000,40.00000000,0,0.84295405,0.84303006
experiment_05,image_006,calibration,not_applicable,together,synthetic_recovery_progress,0.71000000,40.00000000,0,0.85676305,0.85683648
experiment_05,image_006,calibration,not_applicable,together,synthetic_recovery_progress,0.72000000,40.00000000,0,0.87007700,0.87014784
experiment_05,image_006,calibration,not_applicable,together,synthetic_recovery_progress,0.73000000,40.00000000,0,0.88287191,0.88294016
experiment_05,image_006,calibration,not_applicable,together,synthetic_recovery_progress,0.74000000,40.00000000,0,0.89512362,0.89518927
experiment_05,image_006,calibration,not_applicable,together,synthetic_recovery_progress,0.75000000,40.00000000,0,0.90680776,0.90687081
experiment_05,image_006,calibration,not_applicable,together,synthetic_recovery_progress,0.76000000,40.00000000,0,0.91789969,0.91796010
experiment_05,image_006,calibration,not_applicable,together,synthetic_recovery_progress,0.77000000,40.00000000,0,0.92837430,0.92843206
experiment_05,image_006,calibration,not_applicable,together,synthetic_recovery_progress,0.78000000,40.00000000,0,0.93820591,0.93826099
experiment_05,image_006,calibration,not_applicable,together,synthetic_recovery_progress,0.79000000,40.00000000,0,0.94736792,0.94742027
experiment_05,image_006,calibration,not_applicable,together,synthetic_recovery_progress,0.80000000,40.00000000,0,0.95583236,0.95588192
experiment_05,image_006,calibration,not_applicable,together,synthetic_recovery_progress,0.81000000,40.00000000,0,0.96356911,0.96361577
experiment_05,image_006,calibration,not_applicable,together,synthetic_recovery_progress,0.82000000,40.00000000,0,0.97054461,0.97058820
experiment_05,image_006,calibration,not_applicable,together,synthetic_recovery_progress,0.83000000,40.00000000,0,0.97671973,0.97675997
experiment_05,image_006,calibration,not_applicable,together,synthetic_recovery_progress,0.84000000,40.00000000,0,0.98204633,0.98208274
experiment_05,image_006,calibration,not_applicable,together,synthetic_recovery_progress,0.85000000,40.00000000,0,0.98646305,0.98649476
experiment_05,image_006,calibration,not_applicable,together,synthetic_recovery_progress,0.86000000,40.00000000,0,0.98989603,0.98992164
experiment_05,image_006,calibration,not_applicable,together,synthetic_recovery_progress,0.87000000,40.00000000,0,0.99228981,0.99230748
experiment_05,image_006,calibration,not_applicable,together,synthetic_recovery_progress,0.88000000,40.00000000,0,0.99371395,0.99372292
experiment_05,image_006,calibration,not_applicable,together,synthetic_recovery_progress,0.89000000,40.00000000,0,0.99447798,0.99448034
experiment_05,image_006,calibration,not_applicable,together,synthetic_recovery_progress,0.90000000,40.00000000,0,0.99500000,0.99500000
experiment_05,image_006,calibration,not_applicable,together,synthetic_recovery_progress,0.91000000,40.00000000,0,0.99550000,0.99550000
experiment_05,image_006,calibration,not_applicable,together,synthetic_recovery_progress,0.92000000,40.00000000,0,0.99600000,0.99600000
experiment_05,image_006,calibration,not_applicable,together,synthetic_recovery_progress,0.93000000,40.00000000,0,0.99650000,0.99650000
experiment_05,image_006,calibration,not_applicable,together,synthetic_recovery_progress,0.94000000,40.00000000,0,0.99700000,0.99700000
experiment_05,image_006,calibration,not_applicable,together,synthetic_recovery_progress,0.95000000,40.00000000,0,0.99750000,0.99750000
experiment_05,image_006,calibration,not_applicable,together,synthetic_recovery_progress,0.96000000,40.00000000,0,0.99800000,0.99800000
experiment_05,image_006,calibration,not_applicable,together,synthetic_recovery_progress,0.97000000,40.00000000,0,0.99850000,0.99850000
experiment_05,image_006,calibration,not_applicable,together,synthetic_recovery_progress,0.98000000,40.00000000,0,0.99900000,0.99900000
experiment_05,image_006,calibration,not_applicable,together,synthetic_recovery_progress,0.99000000,40.00000000,0,0.99950000,0.99950000
experiment_05,image_006,calibration,not_applicable,together,synthetic_recovery_progress,1.00000000,40.00000000,0,1.00000000,1.00000000
experiment_05,image_006,calibration,not_applicable,low_band_first,synthetic_recovery_progress,0.00000000,80.00000000,0,0.00000000,0.00000000
experiment_05,image_006,calibration,not_applicable,low_band_first,synthetic_recovery_progress,0.01000000,80.00000000,0,0.00000000,0.00000000
experiment_05,image_006,calibration,not_applicable,low_band_first,synthetic_recovery_progress,0.02000000,80.00000000,0,0.00000000,0.00000000
experiment_05,image_006,calibration,not_applicable,low_band_first,synthetic_recovery_progress,0.03000000,80.00000000,0,0.00000000,0.00000000
experiment_05,image_006,calibration,not_applicable,low_band_first,synthetic_recovery_progress,0.04000000,80.00000000,0,0.00000000,0.00000000
experiment_05,image_006,calibration,not_applicable,low_band_first,synthetic_recovery_progress,0.05000000,80.00000000,0,0.00000000,0.00000000
experiment_05,image_006,calibration,not_applicable,low_band_first,synthetic_recovery_progress,0.06000000,80.00000000,0,0.00000000,0.00000000
experiment_05,image_006,calibration,not_applicable,low_band_first,synthetic_recovery_progress,0.07000000,80.00000000,0,0.00315322,0.00000000
experiment_05,image_006,calibration,not_applicable,low_band_first,synthetic_recovery_progress,0.08000000,80.00000000,0,0.00857375,0.00000000
experiment_05,image_006,calibration,not_applicable,low_band_first,synthetic_recovery_progress,0.09000000,80.00000000,0,0.01599222,0.00000000
experiment_05,image_006,calibration,not_applicable,low_band_first,synthetic_recovery_progress,0.10000000,80.00000000,0,0.02531522,0.00000000
experiment_05,image_006,calibration,not_applicable,low_band_first,synthetic_recovery_progress,0.11000000,80.00000000,0,0.03644878,0.00000000
experiment_05,image_006,calibration,not_applicable,low_band_first,synthetic_recovery_progress,0.12000000,80.00000000,0,0.04929826,0.00000000
experiment_05,image_006,calibration,not_applicable,low_band_first,synthetic_recovery_progress,0.13000000,80.00000000,0,0.06376848,0.00000000
experiment_05,image_006,calibration,not_applicable,low_band_first,synthetic_recovery_progress,0.14000000,80.00000000,0,0.07976361,0.00000000
experiment_05,image_006,calibration,not_applicable,low_band_first,synthetic_recovery_progress,0.15000000,80.00000000,0,0.09718721,0.00000000
experiment_05,image_006,calibration,not_applicable,low_band_first,synthetic_recovery_progress,0.16000000,80.00000000,0,0.11594216,0.00000000
experiment_05,image_006,calibration,not_applicable,low_band_first,synthetic_recovery_progress,0.17000000,80.00000000,0,0.13593063,0.00000000
experiment_05,image_006,calibration,not_applicable,low_band_first,synthetic_recovery_progress,0.18000000,80.00000000,0,0.15705398,0.00000000
experiment_05,image_006,calibration,not_applicable,low_band_first,synthetic_recovery_progress,0.19000000,80.00000000,0,0.17921276,0.00000000
experiment_05,image_006,calibration,not_applicable,low_band_first,synthetic_recovery_progress,0.20000000,80.00000000,0,0.20230650,0.00000000
experiment_05,image_006,calibration,not_applicable,low_band_first,synthetic_recovery_progress,0.21000000,80.00000000,0,0.22623370,0.00000000
experiment_05,image_006,calibration,not_applicable,low_band_first,synthetic_recovery_progress,0.22000000,80.00000000,0,0.25089163,0.00000000
experiment_05,image_006,calibration,not_applicable,low_band_first,synthetic_recovery_progress,0.23000000,80.00000000,0,0.27617617,0.00000000
experiment_05,image_006,calibration,not_applicable,low_band_first,synthetic_recovery_progress,0.24000000,80.00000000,0,0.30198165,0.00000000
experiment_05,image_006,calibration,not_applicable,low_band_first,synthetic_recovery_progress,0.25000000,80.00000000,0,0.32820062,0.00000000
experiment_05,image_006,calibration,not_applicable,low_band_first,synthetic_recovery_progress,0.26000000,80.00000000,0,0.35472357,0.00000000
experiment_05,image_006,calibration,not_applicable,low_band_first,synthetic_recovery_progress,0.27000000,80.00000000,0,0.38143868,0.00000000
experiment_05,image_006,calibration,not_applicable,low_band_first,synthetic_recovery_progress,0.28000000,80.00000000,0,0.40823146,0.00000000
experiment_05,image_006,calibration,not_applicable,low_band_first,synthetic_recovery_progress,0.29000000,80.00000000,0,0.43498444,0.00000000
experiment_05,image_006,calibration,not_applicable,low_band_first,synthetic_recovery_progress,0.30000000,80.00000000,0,0.46157675,0.00000000
experiment_05,image_006,calibration,not_applicable,low_band_first,synthetic_recovery_progress,0.31000000,80.00000000,0,0.48788373,0.00000000
experiment_05,image_006,calibration,not_applicable,low_band_first,synthetic_recovery_progress,0.32000000,80.00000000,0,0.51377661,0.00000000
experiment_05,image_006,calibration,not_applicable,low_band_first,synthetic_recovery_progress,0.33000000,80.00000000,0,0.53912216,0.00000000
experiment_05,image_006,calibration,not_applicable,low_band_first,synthetic_recovery_progress,0.34000000,80.00000000,0,0.56378259,0.00000000
experiment_05,image_006,calibration,not_applicable,low_band_first,synthetic_recovery_progress,0.35000000,80.00000000,0,0.58761565,0.00000000
experiment_05,image_006,calibration,not_applicable,low_band_first,synthetic_recovery_progress,0.36000000,80.00000000,0,0.61047525,0.00000000
experiment_05,image_006,calibration,not_applicable,low_band_first,synthetic_recovery_progress,0.37000000,80.00000000,0,0.63221265,0.00000000
experiment_05,image_006,calibration,not_applicable,low_band_first,synthetic_recovery_progress,0.38000000,80.00000000,0,0.65267879,0.00000000
experiment_05,image_006,calibration,not_applicable,low_band_first,synthetic_recovery_progress,0.39000000,80.00000000,0,0.67172784,0.00000000
experiment_05,image_006,calibration,not_applicable,low_band_first,synthetic_recovery_progress,0.40000000,80.00000000,0,0.68922242,0.00000000
experiment_05,image_006,calibration,not_applicable,low_band_first,synthetic_recovery_progress,0.41000000,80.00000000,0,0.70504079,0.00000000
experiment_05,image_006,calibration,not_applicable,low_band_first,synthetic_recovery_progress,0.42000000,80.00000000,0,0.71908566,0.00000000
experiment_05,image_006,calibration,not_applicable,low_band_first,synthetic_recovery_progress,0.43000000,80.00000000,0,0.73129422,0.00000000
experiment_05,image_006,calibration,not_applicable,low_band_first,synthetic_recovery_progress,0.44000000,80.00000000,0,0.74164792,0.00000000
experiment_05,image_006,calibration,not_applicable,low_band_first,synthetic_recovery_progress,0.45000000,80.00000000,0,0.75018031,0.00000000
experiment_05,image_006,calibration,not_applicable,low_band_first,synthetic_recovery_progress,0.46000000,80.00000000,0,0.75723110,0.00026608
experiment_05,image_006,calibration,not_applicable,low_band_first,synthetic_recovery_progress,0.47000000,80.00000000,0,0.76320192,0.00378434
experiment_05,image_006,calibration,not_applicable,low_band_first,synthetic_recovery_progress,0.48000000,80.00000000,0,0.76828119,0.00950832
experiment_05,image_006,calibration,not_applicable,low_band_first,synthetic_recovery_progress,0.49000000,80.00000000,0,0.77267583,0.01734226
experiment_05,image_006,calibration,not_applicable,low_band_first,synthetic_recovery_progress,0.50000000,80.00000000,0,0.77659975,0.02719033
experiment_05,image_006,calibration,not_applicable,low_band_first,synthetic_recovery_progress,0.51000000,80.00000000,0,0.78026211,0.03895673
experiment_05,image_006,calibration,not_applicable,low_band_first,synthetic_recovery_progress,0.52000000,80.00000000,0,0.78385585,0.05254558
experiment_05,image_006,calibration,not_applicable,low_band_first,synthetic_recovery_progress,0.53000000,80.00000000,0,0.78754671,0.06786103
experiment_05,image_006,calibration,not_applicable,low_band_first,synthetic_recovery_progress,0.54000000,80.00000000,0,0.79146234,0.08480717
experiment_05,image_006,calibration,not_applicable,low_band_first,synthetic_recovery_progress,0.55000000,80.00000000,0,0.79568049,0.10328811
experiment_05,image_006,calibration,not_applicable,low_band_first,synthetic_recovery_progress,0.56000000,80.00000000,0,0.80021932,0.12320794
experiment_05,image_006,calibration,not_applicable,low_band_first,synthetic_recovery_progress,0.57000000,80.00000000,0,0.80506103,0.14447072
experiment_05,image_006,calibration,not_applicable,low_band_first,synthetic_recovery_progress,0.58000000,80.00000000,0,0.81018398,0.16698053
experiment_05,image_006,calibration,not_applicable,low_band_first,synthetic_recovery_progress,0.59000000,80.00000000,0,0.81556649,0.19064141
experiment_05,image_006,calibration,not_applicable,low_band_first,synthetic_recovery_progress,0.60000000,80.00000000,0,0.82118690,0.21535742
experiment_05,image_006,calibration,not_applicable,low_band_first,synthetic_recovery_progress,0.61000000,80.00000000,0,0.82702350,0.24103260
experiment_05,image_006,calibration,not_applicable,low_band_first,synthetic_recovery_progress,0.62000000,80.00000000,0,0.83305459,0.26757099
experiment_05,image_006,calibration,not_applicable,low_band_first,synthetic_recovery_progress,0.63000000,80.00000000,0,0.83925847,0.29487660
experiment_05,image_006,calibration,not_applicable,low_band_first,synthetic_recovery_progress,0.64000000,80.00000000,0,0.84561340,0.32285347
experiment_05,image_006,calibration,not_applicable,low_band_first,synthetic_recovery_progress,0.65000000,80.00000000,0,0.85209765,0.35140561
experiment_05,image_006,calibration,not_applicable,low_band_first,synthetic_recovery_progress,0.66000000,80.00000000,0,0.85868948,0.38043702
experiment_05,image_006,calibration,not_applicable,low_band_first,synthetic_recovery_progress,0.67000000,80.00000000,0,0.86536712,0.40985172
experiment_05,image_006,calibration,not_applicable,low_band_first,synthetic_recovery_progress,0.68000000,80.00000000,0,0.87210882,0.43955369
experiment_05,image_006,calibration,not_applicable,low_band_first,synthetic_recovery_progress,0.69000000,80.00000000,0,0.87889279,0.46944693
experiment_05,image_006,calibration,not_applicable,low_band_first,synthetic_recovery_progress,0.70000000,80.00000000,0,0.88569724,0.49943541
experiment_05,image_006,calibration,not_applicable,low_band_first,synthetic_recovery_progress,0.71000000,80.00000000,0,0.89250036,0.52942311
experiment_05,image_006,calibration,not_applicable,low_band_first,synthetic_recovery_progress,0.72000000,80.00000000,0,0.89928031,0.55931398
experiment_05,image_006,calibration,not_applicable,low_band_first,synthetic_recovery_progress,0.73000000,80.00000000,0,0.90601525,0.58901197
experiment_05,image_006,calibration,not_applicable,low_band_first,synthetic_recovery_progress,0.74000000,80.00000000,0,0.91268331,0.61842100
experiment_05,image_006,calibration,not_applicable,low_band_first,synthetic_recovery_progress,0.75000000,80.00000000,0,0.91926257,0.64744500
experiment_05,image_006,calibration,not_applicable,low_band_first,synthetic_recovery_progress,0.76000000,80.00000000,0,0.92573108,0.67598784
experiment_05,image_006,calibration,not_applicable,low_band_first,synthetic_recovery_progress,0.77000000,80.00000000,0,0.93206684,0.70395336
experiment_05,image_006,calibration,not_applicable,low_band_first,synthetic_recovery_progress,0.78000000,80.00000000,0,0.93824779,0.73124539
experiment_05,image_006,calibration,not_applicable,low_band_first,synthetic_recovery_progress,0.79000000,80.00000000,0,0.94425178,0.75776766
experiment_05,image_006,calibration,not_applicable,low_band_first,synthetic_recovery_progress,0.80000000,80.00000000,0,0.95005653,0.78342385
experiment_05,image_006,calibration,not_applicable,low_band_first,synthetic_recovery_progress,0.81000000,80.00000000,0,0.95563962,0.80811754
experiment_05,image_006,calibration,not_applicable,low_band_first,synthetic_recovery_progress,0.82000000,80.00000000,0,0.96097842,0.83175213
experiment_05,image_006,calibration,not_applicable,low_band_first,synthetic_recovery_progress,0.83000000,80.00000000,0,0.96604999,0.85423081
experiment_05,image_006,calibration,not_applicable,low_band_first,synthetic_recovery_progress,0.84000000,80.00000000,0,0.97083094,0.87545647
experiment_05,image_006,calibration,not_applicable,low_band_first,synthetic_recovery_progress,0.85000000,80.00000000,0,0.97529727,0.89533145
experiment_05,image_006,calibration,not_applicable,low_band_first,synthetic_recovery_progress,0.86000000,80.00000000,0,0.97942403,0.91375729
experiment_05,image_006,calibration,not_applicable,low_band_first,synthetic_recovery_progress,0.87000000,80.00000000,0,0.98318484,0.93063414
experiment_05,image_006,calibration,not_applicable,low_band_first,synthetic_recovery_progress,0.88000000,80.00000000,0,0.98655122,0.94585971
experiment_05,image_006,calibration,not_applicable,low_band_first,synthetic_recovery_progress,0.89000000,80.00000000,0,0.98949162,0.95932700
experiment_05,image_006,calibration,not_applicable,low_band_first,synthetic_recovery_progress,0.90000000,80.00000000,0,0.99197101,0.97091946
experiment_05,image_006,calibration,not_applicable,low_band_first,synthetic_recovery_progress,0.91000000,80.00000000,0,0.99395354,0.98049932
experiment_05,image_006,calibration,not_applicable,low_band_first,synthetic_recovery_progress,0.92000000,80.00000000,0,0.99541778,0.98788003
experiment_05,image_006,calibration,not_applicable,low_band_first,synthetic_recovery_progress,0.93000000,80.00000000,0,0.99639886,0.99279114
experiment_05,image_006,calibration,not_applicable,low_band_first,synthetic_recovery_progress,0.94000000,80.00000000,0,0.99703762,0.99514899
experiment_05,image_006,calibration,not_applicable,low_band_first,synthetic_recovery_progress,0.95000000,80.00000000,0,0.99754149,0.99608025
experiment_05,image_006,calibration,not_applicable,low_band_first,synthetic_recovery_progress,0.96000000,80.00000000,0,0.99803319,0.99686420
experiment_05,image_006,calibration,not_applicable,low_band_first,synthetic_recovery_progress,0.97000000,80.00000000,0,0.99852489,0.99764815
experiment_05,image_006,calibration,not_applicable,low_band_first,synthetic_recovery_progress,0.98000000,80.00000000,0,0.99901660,0.99843210
experiment_05,image_006,calibration,not_applicable,low_band_first,synthetic_recovery_progress,0.99000000,80.00000000,0,0.99950830,0.99921605
experiment_05,image_006,calibration,not_applicable,low_band_first,synthetic_recovery_progress,1.00000000,80.00000000,0,1.00000000,1.00000000
experiment_05,image_006,calibration,not_applicable,high_band_first,synthetic_recovery_progress,0.00000000,80.00000000,0,0.00000000,0.00000000
experiment_05,image_006,calibration,not_applicable,high_band_first,synthetic_recovery_progress,0.01000000,80.00000000,0,0.00000000,0.00000000
experiment_05,image_006,calibration,not_applicable,high_band_first,synthetic_recovery_progress,0.02000000,80.00000000,0,0.00000000,0.00000000
experiment_05,image_006,calibration,not_applicable,high_band_first,synthetic_recovery_progress,0.03000000,80.00000000,0,0.00000000,0.00000000
experiment_05,image_006,calibration,not_applicable,high_band_first,synthetic_recovery_progress,0.04000000,80.00000000,0,0.00000000,0.00000000
experiment_05,image_006,calibration,not_applicable,high_band_first,synthetic_recovery_progress,0.05000000,80.00000000,0,0.00000000,0.00000000
experiment_05,image_006,calibration,not_applicable,high_band_first,synthetic_recovery_progress,0.06000000,80.00000000,0,0.00000000,0.00000000
experiment_05,image_006,calibration,not_applicable,high_band_first,synthetic_recovery_progress,0.07000000,80.00000000,0,0.00000000,0.00196890
experiment_05,image_006,calibration,not_applicable,high_band_first,synthetic_recovery_progress,0.08000000,80.00000000,0,0.00000000,0.00770728
experiment_05,image_006,calibration,not_applicable,high_band_first,synthetic_recovery_progress,0.09000000,80.00000000,0,0.00000000,0.01555198
experiment_05,image_006,calibration,not_applicable,high_band_first,synthetic_recovery_progress,0.10000000,80.00000000,0,0.00021818,0.02540735
experiment_05,image_006,calibration,not_applicable,high_band_first,synthetic_recovery_progress,0.11000000,80.00000000,0,0.00082568,0.03717767
experiment_05,image_006,calibration,not_applicable,high_band_first,synthetic_recovery_progress,0.12000000,80.00000000,0,0.00151517,0.05076718
experiment_05,image_006,calibration,not_applicable,high_band_first,synthetic_recovery_progress,0.13000000,80.00000000,0,0.00227838,0.06608004
experiment_05,image_006,calibration,not_applicable,high_band_first,synthetic_recovery_progress,0.14000000,80.00000000,0,0.00310687,0.08302037
experiment_05,image_006,calibration,not_applicable,high_band_first,synthetic_recovery_progress,0.15000000,80.00000000,0,0.00399209,0.10149224
experiment_05,image_006,calibration,not_applicable,high_band_first,synthetic_recovery_progress,0.16000000,80.00000000,0,0.00492545,0.12139969
experiment_05,image_006,calibration,not_applicable,high_band_first,synthetic_recovery_progress,0.17000000,80.00000000,0,0.00589841,0.14264669
experiment_05,image_006,calibration,not_applicable,high_band_first,synthetic_recovery_progress,0.18000000,80.00000000,0,0.00690251,0.16513718
experiment_05,image_006,calibration,not_applicable,high_band_first,synthetic_recovery_progress,0.19000000,80.00000000,0,0.00792946,0.18877507
experiment_05,image_006,calibration,not_applicable,high_band_first,synthetic_recovery_progress,0.20000000,80.00000000,0,0.00897119,0.21346418
experiment_05,image_006,calibration,not_applicable,high_band_first,synthetic_recovery_progress,0.21000000,80.00000000,0,0.01001991,0.23910831
experiment_05,image_006,calibration,not_applicable,high_band_first,synthetic_recovery_progress,0.22000000,80.00000000,0,0.01106814,0.26561120
experiment_05,image_006,calibration,not_applicable,high_band_first,synthetic_recovery_progress,0.23000000,80.00000000,0,0.01210880,0.29287651
experiment_05,image_006,calibration,not_applicable,high_band_first,synthetic_recovery_progress,0.24000000,80.00000000,0,0.01313519,0.32080783
experiment_05,image_006,calibration,not_applicable,high_band_first,synthetic_recovery_progress,0.25000000,80.00000000,0,0.01414110,0.34930867
experiment_05,image_006,calibration,not_applicable,high_band_first,synthetic_recovery_progress,0.26000000,80.00000000,0,0.01512078,0.37828244
experiment_05,image_006,calibration,not_applicable,high_band_first,synthetic_recovery_progress,0.27000000,80.00000000,0,0.01606903,0.40763243
experiment_05,image_006,calibration,not_applicable,high_band_first,synthetic_recovery_progress,0.28000000,80.00000000,0,0.01698116,0.43726177
experiment_05,image_006,calibration,not_applicable,high_band_first,synthetic_recovery_progress,0.29000000,80.00000000,0,0.01785308,0.46707345
experiment_05,image_006,calibration,not_applicable,high_band_first,synthetic_recovery_progress,0.30000000,80.00000000,0,0.01868125,0.49697024
experiment_05,image_006,calibration,not_applicable,high_band_first,synthetic_recovery_progress,0.31000000,80.00000000,0,0.01946276,0.52685463
experiment_05,image_006,calibration,not_applicable,high_band_first,synthetic_recovery_progress,0.32000000,80.00000000,0,0.02019528,0.55662884
experiment_05,image_006,calibration,not_applicable,high_band_first,synthetic_recovery_progress,0.33000000,80.00000000,0,0.02087707,0.58619463
experiment_05,image_006,calibration,not_applicable,high_band_first,synthetic_recovery_progress,0.34000000,80.00000000,0,0.02150702,0.61545331
experiment_05,image_006,calibration,not_applicable,high_band_first,synthetic_recovery_progress,0.35000000,80.00000000,0,0.02208457,0.64430550
experiment_05,image_006,calibration,not_applicable,high_band_first,synthetic_recovery_progress,0.36000000,80.00000000,0,0.02260977,0.67265100
experiment_05,image_006,calibration,not_applicable,high_band_first,synthetic_recovery_progress,0.37000000,80.00000000,0,0.02308319,0.70038850
experiment_05,image_006,calibration,not_applicable,high_band_first,synthetic_recovery_progress,0.38000000,80.00000000,0,0.02350596,0.72741523
experiment_05,image_006,calibration,not_applicable,high_band_first,synthetic_recovery_progress,0.39000000,80.00000000,0,0.02387968,0.75362646
experiment_05,image_006,calibration,not_applicable,high_band_first,synthetic_recovery_progress,0.40000000,80.00000000,0,0.02420643,0.77891479
experiment_05,image_006,calibration,not_applicable,high_band_first,synthetic_recovery_progress,0.41000000,80.00000000,0,0.02448869,0.80316917
experiment_05,image_006,calibration,not_applicable,high_band_first,synthetic_recovery_progress,0.42000000,80.00000000,0,0.02472932,0.82627339
experiment_05,image_006,calibration,not_applicable,high_band_first,synthetic_recovery_progress,0.43000000,80.00000000,0,0.02493151,0.84810408
experiment_05,image_006,calibration,not_applicable,high_band_first,synthetic_recovery_progress,0.44000000,80.00000000,0,0.02509871,0.86852767
experiment_05,image_006,calibration,not_applicable,high_band_first,synthetic_recovery_progress,0.45000000,80.00000000,0,0.02523457,0.88739629
experiment_05,image_006,calibration,not_applicable,high_band_first,synthetic_recovery_progress,0.46000000,80.00000000,0,0.02649538,0.90454243
experiment_05,image_006,calibration,not_applicable,high_band_first,synthetic_recovery_progress,0.47000000,80.00000000,0,0.02997561,0.91977366
experiment_05,image_006,calibration,not_applicable,high_band_first,synthetic_recovery_progress,0.48000000,80.00000000,0,0.03558596,0.93287200
experiment_05,image_006,calibration,not_applicable,high_band_first,synthetic_recovery_progress,0.49000000,80.00000000,0,0.04323683,0.94361120
experiment_05,image_006,calibration,not_applicable,high_band_first,synthetic_recovery_progress,0.50000000,80.00000000,0,0.05283832,0.95181758
experiment_05,image_006,calibration,not_applicable,high_band_first,synthetic_recovery_progress,0.51000000,80.00000000,0,0.06430019,0.95749507
experiment_05,image_006,calibration,not_applicable,high_band_first,synthetic_recovery_progress,0.52000000,80.00000000,0,0.07753183,0.96096316
experiment_05,image_006,calibration,not_applicable,high_band_first,synthetic_recovery_progress,0.53000000,80.00000000,0,0.09244221,0.96285698
experiment_05,image_006,calibration,not_applicable,high_band_first,synthetic_recovery_progress,0.54000000,80.00000000,0,0.10893978,0.96391826
experiment_05,image_006,calibration,not_applicable,high_band_first,synthetic_recovery_progress,0.55000000,80.00000000,0,0.12693235,0.96472223
experiment_05,image_006,calibration,not_applicable,high_band_first,synthetic_recovery_progress,0.56000000,80.00000000,0,0.14632692,0.96550618
experiment_05,image_006,calibration,not_applicable,high_band_first,synthetic_recovery_progress,0.57000000,80.00000000,0,0.16703009,0.96629013
experiment_05,image_006,calibration,not_applicable,high_band_first,synthetic_recovery_progress,0.58000000,80.00000000,0,0.18894838,0.96707408
experiment_05,image_006,calibration,not_applicable,high_band_first,synthetic_recovery_progress,0.59000000,80.00000000,0,0.21198830,0.96785803
experiment_05,image_006,calibration,not_applicable,high_band_first,synthetic_recovery_progress,0.60000000,80.00000000,0,0.23605637,0.96864198
experiment_05,image_006,calibration,not_applicable,high_band_first,synthetic_recovery_progress,0.61000000,80.00000000,0,0.26105912,0.96942593
experiment_05,image_006,calibration,not_applicable,high_band_first,synthetic_recovery_progress,0.62000000,80.00000000,0,0.28690305,0.97020988
experiment_05,image_006,calibration,not_applicable,high_band_first,synthetic_recovery_progress,0.63000000,80.00000000,0,0.31349467,0.97099383
experiment_05,image_006,calibration,not_applicable,high_band_first,synthetic_recovery_progress,0.64000000,80.00000000,0,0.34074050,0.97177778
experiment_05,image_006,calibration,not_applicable,high_band_first,synthetic_recovery_progress,0.65000000,80.00000000,0,0.36854704,0.97256174
experiment_05,image_006,calibration,not_applicable,high_band_first,synthetic_recovery_progress,0.66000000,80.00000000,0,0.39682078,0.97334569
experiment_05,image_006,calibration,not_applicable,high_band_first,synthetic_recovery_progress,0.67000000,80.00000000,0,0.42546825,0.97412964
experiment_05,image_006,calibration,not_applicable,high_band_first,synthetic_recovery_progress,0.68000000,80.00000000,0,0.45439592,0.97491359
experiment_05,image_006,calibration,not_applicable,high_band_first,synthetic_recovery_progress,0.69000000,80.00000000,0,0.48351029,0.97569754
experiment_05,image_006,calibration,not_applicable,high_band_first,synthetic_recovery_progress,0.70000000,80.00000000,0,0.51271786,0.97648149
experiment_05,image_006,calibration,not_applicable,high_band_first,synthetic_recovery_progress,0.71000000,80.00000000,0,0.54192511,0.97726544
experiment_05,image_006,calibration,not_applicable,high_band_first,synthetic_recovery_progress,0.72000000,80.00000000,0,0.57103853,0.97804939
experiment_05,image_006,calibration,not_applicable,high_band_first,synthetic_recovery_progress,0.73000000,80.00000000,0,0.59996459,0.97883334
experiment_05,image_006,calibration,not_applicable,high_band_first,synthetic_recovery_progress,0.74000000,80.00000000,0,0.62860976,0.97961729
experiment_05,image_006,calibration,not_applicable,high_band_first,synthetic_recovery_progress,0.75000000,80.00000000,0,0.65688051,0.98040124
experiment_05,image_006,calibration,not_applicable,high_band_first,synthetic_recovery_progress,0.76000000,80.00000000,0,0.68468328,0.98118519
experiment_05,image_006,calibration,not_applicable,high_band_first,synthetic_recovery_progress,0.77000000,80.00000000,0,0.71192452,0.98196914
experiment_05,image_006,calibration,not_applicable,high_band_first,synthetic_recovery_progress,0.78000000,80.00000000,0,0.73851064,0.98275309
experiment_05,image_006,calibration,not_applicable,high_band_first,synthetic_recovery_progress,0.79000000,80.00000000,0,0.76434805,0.98353704
experiment_05,image_006,calibration,not_applicable,high_band_first,synthetic_recovery_progress,0.80000000,80.00000000,0,0.78934311,0.98432099
experiment_05,image_006,calibration,not_applicable,high_band_first,synthetic_recovery_progress,0.81000000,80.00000000,0,0.81340214,0.98510494
experiment_05,image_006,calibration,not_applicable,high_band_first,synthetic_recovery_progress,0.82000000,80.00000000,0,0.83643140,0.98588889
experiment_05,image_006,calibration,not_applicable,high_band_first,synthetic_recovery_progress,0.83000000,80.00000000,0,0.85833707,0.98667284
experiment_05,image_006,calibration,not_applicable,high_band_first,synthetic_recovery_progress,0.84000000,80.00000000,0,0.87902517,0.98745679
experiment_05,image_006,calibration,not_applicable,high_band_first,synthetic_recovery_progress,0.85000000,80.00000000,0,0.89840153,0.98824074
experiment_05,image_006,calibration,not_applicable,high_band_first,synthetic_recovery_progress,0.86000000,80.00000000,0,0.91637163,0.98902469
experiment_05,image_006,calibration,not_applicable,high_band_first,synthetic_recovery_progress,0.87000000,80.00000000,0,0.93284037,0.98980864
experiment_05,image_006,calibration,not_applicable,high_band_first,synthetic_recovery_progress,0.88000000,80.00000000,0,0.94771159,0.99059259
experiment_05,image_006,calibration,not_applicable,high_band_first,synthetic_recovery_progress,0.89000000,80.00000000,0,0.96088709,0.99137655
experiment_05,image_006,calibration,not_applicable,high_band_first,synthetic_recovery_progress,0.90000000,80.00000000,0,0.97226433,0.99216050
experiment_05,image_006,calibration,not_applicable,high_band_first,synthetic_recovery_progress,0.91000000,80.00000000,0,0.98173037,0.99294445
experiment_05,image_006,calibration,not_applicable,high_band_first,synthetic_recovery_progress,0.92000000,80.00000000,0,0.98914397,0.99372840
experiment_05,image_006,calibration,not_applicable,high_band_first,synthetic_recovery_progress,0.93000000,80.00000000,0,0.99428039,0.99451235
experiment_05,image_006,calibration,not_applicable,high_band_first,synthetic_recovery_progress,0.94000000,80.00000000,0,0.99682690,0.99529630
experiment_05,image_006,calibration,not_applicable,high_band_first,synthetic_recovery_progress,0.95000000,80.00000000,0,0.99754149,0.99608025
experiment_05,image_006,calibration,not_applicable,high_band_first,synthetic_recovery_progress,0.96000000,80.00000000,0,0.99803319,0.99686420
experiment_05,image_006,calibration,not_applicable,high_band_first,synthetic_recovery_progress,0.97000000,80.00000000,0,0.99852489,0.99764815
experiment_05,image_006,calibration,not_applicable,high_band_first,synthetic_recovery_progress,0.98000000,80.00000000,0,0.99901660,0.99843210
experiment_05,image_006,calibration,not_applicable,high_band_first,synthetic_recovery_progress,0.99000000,80.00000000,0,0.99950830,0.99921605
experiment_05,image_006,calibration,not_applicable,high_band_first,synthetic_recovery_progress,1.00000000,80.00000000,0,1.00000000,1.00000000
experiment_05,image_006,calibration,not_applicable,together,synthetic_recovery_progress,0.00000000,80.00000000,0,0.00000000,0.00000000
experiment_05,image_006,calibration,not_applicable,together,synthetic_recovery_progress,0.01000000,80.00000000,0,0.00000000,0.00000000
experiment_05,image_006,calibration,not_applicable,together,synthetic_recovery_progress,0.02000000,80.00000000,0,0.00000000,0.00000000
experiment_05,image_006,calibration,not_applicable,together,synthetic_recovery_progress,0.03000000,80.00000000,0,0.00000000,0.00000000
experiment_05,image_006,calibration,not_applicable,together,synthetic_recovery_progress,0.04000000,80.00000000,0,0.00000000,0.00000000
experiment_05,image_006,calibration,not_applicable,together,synthetic_recovery_progress,0.05000000,80.00000000,0,0.00000000,0.00000000
experiment_05,image_006,calibration,not_applicable,together,synthetic_recovery_progress,0.06000000,80.00000000,0,0.00000000,0.00000000
experiment_05,image_006,calibration,not_applicable,together,synthetic_recovery_progress,0.07000000,80.00000000,0,0.00000000,0.00000000
experiment_05,image_006,calibration,not_applicable,together,synthetic_recovery_progress,0.08000000,80.00000000,0,0.00000000,0.00000000
experiment_05,image_006,calibration,not_applicable,together,synthetic_recovery_progress,0.09000000,80.00000000,0,0.00000000,0.00000000
experiment_05,image_006,calibration,not_applicable,together,synthetic_recovery_progress,0.10000000,80.00000000,0,0.00000000,0.00000000
experiment_05,image_006,calibration,not_applicable,together,synthetic_recovery_progress,0.11000000,80.00000000,0,0.00000000,0.00000000
experiment_05,image_006,calibration,not_applicable,together,synthetic_recovery_progress,0.12000000,80.00000000,0,0.00069002,0.00000000
experiment_05,image_006,calibration,not_applicable,together,synthetic_recovery_progress,0.13000000,80.00000000,0,0.00298109,0.00174643
experiment_05,image_006,calibration,not_applicable,together,synthetic_recovery_progress,0.14000000,80.00000000,0,0.00613841,0.00492961
experiment_05,image_006,calibration,not_applicable,together,synthetic_recovery_progress,0.15000000,80.00000000,0,0.01013860,0.00895430
experiment_05,image_006,calibration,not_applicable,together,synthetic_recovery_progress,0.16000000,80.00000000,0,0.01495828,0.01379722
experiment_05,image_006,calibration,not_applicable,together,synthetic_recovery_progress,0.17000000,80.00000000,0,0.02057406,0.01943503
experiment_05,image_006,calibration,not_applicable,together,synthetic_recovery_progress,0.18000000,80.00000000,0,0.02696254,0.02584443
experiment_05,image_006,calibration,not_applicable,together,synthetic_recovery_progress,0.19000000,80.00000000,0,0.03410033,0.03300208
experiment_05,image_006,calibration,not_applicable,together,synthetic_recovery_progress,0.20000000,80.00000000,0,0.04196403,0.04088463
experiment_05,image_006,calibration,not_applicable,together,synthetic_recovery_progress,0.21000000,80.00000000,0,0.05053023,0.04946874
experiment_05,image_006,calibration,not_applicable,together,synthetic_recovery_progress,0.22000000,80.00000000,0,0.05977554,0.05873105
experiment_05,image_006,calibration,not_applicable,together,synthetic_recovery_progress,0.23000000,80.00000000,0,0.06967654,0.06864819
experiment_05,image_006,calibration,not_applicable,together,synthetic_recovery_progress,0.24000000,80.00000000,0,0.08020983,0.07919680
experiment_05,image_006,calibration,not_applicable,together,synthetic_recovery_progress,0.25000000,80.00000000,0,0.09135198,0.09035350
experiment_05,image_006,calibration,not_applicable,together,synthetic_recovery_progress,0.26000000,80.00000000,0,0.10307959,0.10209491
experiment_05,image_006,calibration,not_applicable,together,synthetic_recovery_progress,0.27000000,80.00000000,0,0.11536923,0.11439765
experiment_05,image_006,calibration,not_applicable,together,synthetic_recovery_progress,0.28000000,80.00000000,0,0.12819749,0.12723832
experiment_05,image_006,calibration,not_applicable,together,synthetic_recovery_progress,0.29000000,80.00000000,0,0.14154095,0.14059353
experiment_05,image_006,calibration,not_applicable,together,synthetic_recovery_progress,0.30000000,80.00000000,0,0.15537618,0.15443988
experiment_05,image_006,calibration,not_applicable,together,synthetic_recovery_progress,0.31000000,80.00000000,0,0.16967977,0.16875397
experiment_05,image_006,calibration,not_applicable,together,synthetic_recovery_progress,0.32000000,80.00000000,0,0.18442828,0.18351240
experiment_05,image_006,calibration,not_applicable,together,synthetic_recovery_progress,0.33000000,80.00000000,0,0.19959830,0.19869176
experiment_05,image_006,calibration,not_applicable,together,synthetic_recovery_progress,0.34000000,80.00000000,0,0.21516639,0.21426864
experiment_05,image_006,calibration,not_applicable,together,synthetic_recovery_progress,0.35000000,80.00000000,0,0.23110913,0.23021962
experiment_05,image_006,calibration,not_applicable,together,synthetic_recovery_progress,0.36000000,80.00000000,0,0.24740308,0.24652128
experiment_05,image_006,calibration,not_applicable,together,synthetic_recovery_progress,0.37000000,80.00000000,0,0.26402483,0.26315021
experiment_05,image_006,calibration,not_applicable,together,synthetic_recovery_progress,0.38000000,80.00000000,0,0.28095092,0.28008299
experiment_05,image_006,calibration,not_applicable,together,synthetic_recovery_progress,0.39000000,80.00000000,0,0.29815794,0.29729618
experiment_05,image_006,calibration,not_applicable,together,synthetic_recovery_progress,0.40000000,80.00000000,0,0.31562245,0.31476637
experiment_05,image_006,calibration,not_applicable,together,synthetic_recovery_progress,0.41000000,80.00000000,0,0.33332101,0.33247011
experiment_05,image_006,calibration,not_applicable,together,synthetic_recovery_progress,0.42000000,80.00000000,0,0.35123018,0.35038397
experiment_05,image_006,calibration,not_applicable,together,synthetic_recovery_progress,0.43000000,80.00000000,0,0.36932654,0.36848453
experiment_05,image_006,calibration,not_applicable,together,synthetic_recovery_progress,0.44000000,80.00000000,0,0.38758664,0.38674833
experiment_05,image_006,calibration,not_applicable,together,synthetic_recovery_progress,0.45000000,80.00000000,0,0.40598704,0.40515194
experiment_05,image_006,calibration,not_applicable,together,synthetic_recovery_progress,0.46000000,80.00000000,0,0.42450430,0.42367191
experiment_05,image_006,calibration,not_applicable,together,synthetic_recovery_progress,0.47000000,80.00000000,0,0.44311498,0.44228479
experiment_05,image_006,calibration,not_applicable,together,synthetic_recovery_progress,0.48000000,80.00000000,0,0.46179563,0.46096712
experiment_05,image_006,calibration,not_applicable,together,synthetic_recovery_progress,0.49000000,80.00000000,0,0.48052281,0.47969545
experiment_05,image_006,calibration,not_applicable,together,synthetic_recovery_progress,0.50000000,80.00000000,0,0.49927307,0.49844632
experiment_05,image_006,calibration,not_applicable,together,synthetic_recovery_progress,0.51000000,80.00000000,0,0.51802296,0.51719625
experiment_05,image_006,calibration,not_applicable,together,synthetic_recovery_progress,0.52000000,80.00000000,0,0.53674904,0.53592178
experiment_05,image_006,calibration,not_applicable,together,synthetic_recovery_progress,0.53000000,80.00000000,0,0.55542783,0.55459942
experiment_05,image_006,calibration,not_applicable,together,synthetic_recovery_progress,0.54000000,80.00000000,0,0.57403590,0.57320569
experiment_05,image_006,calibration,not_applicable,together,synthetic_recovery_progress,0.55000000,80.00000000,0,0.59254977,0.59171709
experiment_05,image_006,calibration,not_applicable,together,synthetic_recovery_progress,0.56000000,80.00000000,0,0.61094599,0.61011012
experiment_05,image_006,calibration,not_applicable,together,synthetic_recovery_progress,0.57000000,80.00000000,0,0.62920108,0.62836126
experiment_05,image_006,calibration,not_applicable,together,synthetic_recovery_progress,0.58000000,80.00000000,0,0.64729157,0.64644698
experiment_05,image_006,calibration,not_applicable,together,synthetic_recovery_progress,0.59000000,80.00000000,0,0.66519398,0.66434375
experiment_05,image_006,calibration,not_applicable,together,synthetic_recovery_progress,0.60000000,80.00000000,0,0.68288483,0.68202801
experiment_05,image_006,calibration,not_applicable,together,synthetic_recovery_progress,0.61000000,80.00000000,0,0.70034062,0.69947617
experiment_05,image_006,calibration,not_applicable,together,synthetic_recovery_progress,0.62000000,80.00000000,0,0.71753785,0.71666464
experiment_05,image_006,calibration,not_applicable,together,synthetic_recovery_progress,0.63000000,80.00000000,0,0.73445300,0.73356978
experiment_05,image_006,calibration,not_applicable,together,synthetic_recovery_progress,0.64000000,80.00000000,0,0.75106254,0.75016793
experiment_05,image_006,calibration,not_applicable,together,synthetic_recovery_progress,0.65000000,80.00000000,0,0.76734294,0.76643538
experiment_05,image_006,calibration,not_applicable,together,synthetic_recovery_progress,0.66000000,80.00000000,0,0.78327061,0.78234839
experiment_05,image_006,calibration,not_applicable,together,synthetic_recovery_progress,0.67000000,80.00000000,0,0.79882198,0.79788312
experiment_05,image_006,calibration,not_applicable,together,synthetic_recovery_progress,0.68000000,80.00000000,0,0.81397341,0.81301570
experiment_05,image_006,calibration,not_applicable,together,synthetic_recovery_progress,0.69000000,80.00000000,0,0.82870125,0.82772212
experiment_05,image_006,calibration,not_applicable,together,synthetic_recovery_progress,0.70000000,80.00000000,0,0.84298177,0.84197827
experiment_05,image_006,calibration,not_applicable,together,synthetic_recovery_progress,0.71000000,80.00000000,0,0.85679121,0.85575989
experiment_05,image_006,calibration,not_applicable,together,synthetic_recovery_progress,0.72000000,80.00000000,0,0.87010569,0.86904250
experiment_05,image_006,calibration,not_applicable,together,synthetic_recovery_progress,0.73000000,80.00000000,0,0.88290123,0.88180137
experiment_05,image_006,calibration,not_applicable,together,synthetic_recovery_progress,0.74000000,80.00000000,0,0.89515371,0.89401141
experiment_05,image_006,calibration,not_applicable,together,synthetic_recovery_progress,0.75000000,80.00000000,0,0.90683879,0.90564707
experiment_05,image_006,calibration,not_applicable,together,synthetic_recovery_progress,0.76000000,80.00000000,0,0.91793184,0.91668215
experiment_05,image_006,calibration,not_applicable,together,synthetic_recovery_progress,0.77000000,80.00000000,0,0.92840784,0.92708954
experiment_05,image_006,calibration,not_applicable,together,synthetic_recovery_progress,0.78000000,80.00000000,0,0.93824114,0.93684092
experiment_05,image_006,calibration,not_applicable,together,synthetic_recovery_progress,0.79000000,80.00000000,0,0.94740525,0.94590618
experiment_05,image_006,calibration,not_applicable,together,synthetic_recovery_progress,0.80000000,80.00000000,0,0.95587233,0.95425265
experiment_05,image_006,calibration,not_applicable,together,synthetic_recovery_progress,0.81000000,80.00000000,0,0.96361244,0.96184402
experiment_05,image_006,calibration,not_applicable,together,synthetic_recovery_progress,0.82000000,80.00000000,0,0.97059228,0.96863889
experiment_05,image_006,calibration,not_applicable,together,synthetic_recovery_progress,0.83000000,80.00000000,0,0.97677306,0.97458914
experiment_05,image_006,calibration,not_applicable,together,synthetic_recovery_progress,0.84000000,80.00000000,0,0.98210708,0.97963988
experiment_05,image_006,calibration,not_applicable,together,synthetic_recovery_progress,0.85000000,80.00000000,0,0.98653334,0.98373544
experiment_05,image_006,calibration,not_applicable,together,synthetic_recovery_progress,0.86000000,80.00000000,0,0.98997757,0.98684327
experiment_05,image_006,calibration,not_applicable,together,synthetic_recovery_progress,0.87000000,80.00000000,0,0.99238150,0.98900796
experiment_05,image_006,calibration,not_applicable,together,synthetic_recovery_progress,0.88000000,80.00000000,0,0.99380942,0.99041271
experiment_05,image_006,calibration,not_applicable,together,synthetic_recovery_progress,0.89000000,80.00000000,0,0.99456902,0.99136379
experiment_05,image_006,calibration,not_applicable,together,synthetic_recovery_progress,0.90000000,80.00000000,0,0.99508298,0.99216050
experiment_05,image_006,calibration,not_applicable,together,synthetic_recovery_progress,0.91000000,80.00000000,0,0.99557468,0.99294445
experiment_05,image_006,calibration,not_applicable,together,synthetic_recovery_progress,0.92000000,80.00000000,0,0.99606638,0.99372840
experiment_05,image_006,calibration,not_applicable,together,synthetic_recovery_progress,0.93000000,80.00000000,0,0.99655809,0.99451235
experiment_05,image_006,calibration,not_applicable,together,synthetic_recovery_progress,0.94000000,80.00000000,0,0.99704979,0.99529630
experiment_05,image_006,calibration,not_applicable,together,synthetic_recovery_progress,0.95000000,80.00000000,0,0.99754149,0.99608025
experiment_05,image_006,calibration,not_applicable,together,synthetic_recovery_progress,0.96000000,80.00000000,0,0.99803319,0.99686420
experiment_05,image_006,calibration,not_applicable,together,synthetic_recovery_progress,0.97000000,80.00000000,0,0.99852489,0.99764815
experiment_05,image_006,calibration,not_applicable,together,synthetic_recovery_progress,0.98000000,80.00000000,0,0.99901660,0.99843210
experiment_05,image_006,calibration,not_applicable,together,synthetic_recovery_progress,0.99000000,80.00000000,0,0.99950830,0.99921605
experiment_05,image_006,calibration,not_applicable,together,synthetic_recovery_progress,1.00000000,80.00000000,0,1.00000000,1.00000000
