model_role,checkpoint_path,checkpoint_sha256,training_kimg,sample_seed,generated_sample_hash,d1nn,d2nn,d1nn_reference_index,d2nn_reference_index,d1nn_over_d2nn,memorized,status,error
edm_1k,/mnt/pixstor/data/xggh8/zw-lab/exp_004_standard_edm_n1000_40000kimg_20260415/network-snapshot-002000.pkl,3ed209dd1b79e56a4e95d81d21400bdbc2c73e95c7a9d76d49aba0c859ff2258,2000,20000,26e712aeff7a24ba30073299db9a789b88b6b945d94addfc68c6697e0e480e8c,14.714481779561961,15.026819697076391,29779,15768,0.97921463597681957,0,ok,
edm_1k,/mnt/pixstor/data/xggh8/zw-lab/exp_004_standard_edm_n1000_40000kimg_20260415/network-snapshot-002000.pkl,3ed209dd1b79e56a4e95d81d21400bdbc2c73e95c7a9d76d49aba0c859ff2258,2000,20001,e89426eb59512cd315cd949b0a925b1e24d9ebc15b9fcede2d77def0a3c556b8,11.282851024116631,12.46077358362464,44302,37261,0.90546954796963985,0,ok,
edm_1k,/mnt/pixstor/data/xggh8/zw-lab/exp_004_standard_edm_n1000_40000kimg_20260415/network-snapshot-002000.pkl,3ed209dd1b79e56a4e95d81d21400bdbc2c73e95c7a9d76d49aba0c859ff2258,2000,20002,07f44048bdc79c6c6f27403e22722f52b4bc88d90494790a6601a67d17f64a06,18.084885353415459,18.368238988249736,38615,40908,0.98457371798050208,0,ok,
edm_1k,/mnt/pixstor/data/xggh8/zw-lab/exp_004_standard_edm_n1000_40000kimg_20260415/network-snapshot-002000.pkl,3ed209dd1b79e56a4e95d81d21400bdbc2c73e95c7a9d76d49aba0c859ff2258,2000,20003,2b439ea2814037e70480ef6766cca1d2f8c9101db6e6699b158887e94c10ae88,17.274481612549629,19.390084507457114,41268,7496,0.89089253870482832,0,ok,
edm_1k,/mnt/pixstor/data/xggh8/zw-lab/exp_004_standard_edm_n1000_40000kimg_20260415/network-snapshot-002000.pkl,3ed209dd1b79e56a4e95d81d21400bdbc2c73e95c7a9d76d49aba0c859ff2258,2000,20004,64ab723ce0738838f4a69e0499d2d9a153f9ff5a8bcbf56dabdc01ea9d874ca8,10.621817319491281,19.582867451860295,6655,47886,0.54240357524772254,0,ok,
edm_1k,/mnt/pixstor/data/xggh8/zw-lab/exp_004_standard_edm_n1000_40000kimg_20260415/network-snapshot-002000.pkl,3ed209dd1b79e56a4e95d81d21400bdbc2c73e95c7a9d76d49aba0c859ff2258,2000,20005,dda07c528bb45615e580a5dea0a105a61935c34bcffd1545c1ca90b5d6aae994,15.574733477929296,18.647486636552891,7672,45494,0.83521891081019095,0,ok,
edm_1k,/mnt/pixstor/data/xggh8/zw-lab/exp_004_standard_edm_n1000_40000kimg_20260415/network-snapshot-002000.pkl,3ed209dd1b79e56a4e95d81d21400bdbc2c73e95c7a9d76d49aba0c859ff2258,2000,20006,86c48d3286b401f325d1e9e07320c2240c35e36855d5c3b8bc56c227a7c7dd4b,9.1671697449600167,14.579821800231828,21934,17844,0.62875732437376242,0,ok,
edm_1k,/mnt/pixstor/data/xggh8/zw-lab/exp_004_standard_edm_n1000_40000kimg_20260415/network-snapshot-002000.pkl,3ed209dd1b79e56a4e95d81d21400bdbc2c73e95c7a9d76d49aba0c859ff2258,2000,20007,3b20f1e53bf5ac760ffc802f6fc657006a2e01d102c31155663fd0bc5d7fbf81,23.570855185650725,23.626374169809392,34035,28909,0.99765012677105525,0,ok,
edm_1k,/mnt/pixstor/data/xggh8/zw-lab/exp_004_standard_edm_n1000_40000kimg_20260415/network-snapshot-002000.pkl,3ed209dd1b79e56a4e95d81d21400bdbc2c73e95c7a9d76d49aba0c859ff2258,2000,20008,4275fc216434879c2df47debd77468b29ffb6e5feec304982f8cfcde47f0adce,33.797117684285134,33.811963730650724,38456,5893,0.99956092327307999,0,ok,
edm_1k,/mnt/pixstor/data/xggh8/zw-lab/exp_004_standard_edm_n1000_40000kimg_20260415/network-snapshot-002000.pkl,3ed209dd1b79e56a4e95d81d21400bdbc2c73e95c7a9d76d49aba0c859ff2258,2000,20009,7c4dc0b40666c1168c990534433a4bb396411a6bbbceca3dc81e9e6814eea5be,9.5178300375597278,14.854158495693648,5924,22857,0.6407518837448134,0,ok,
edm_1k,/mnt/pixstor/data/xggh8/zw-lab/exp_004_standard_edm_n1000_40000kimg_20260415/network-snapshot-002000.pkl,3ed209dd1b79e56a4e95d81d21400bdbc2c73e95c7a9d76d49aba0c859ff2258,2000,20010,bce58a185b315577526d9f3bbb0259fe63ff7e101f430cf34ade06ff4d4a7de6,10.677849557614548,12.437292241349899,25149,29779,0.85853490859643999,0,ok,
edm_1k,/mnt/pixstor/data/xggh8/zw-lab/exp_004_standard_edm_n1000_40000kimg_20260415/network-snapshot-002000.pkl,3ed209dd1b79e56a4e95d81d21400bdbc2c73e95c7a9d76d49aba0c859ff2258,2000,20011,7a930e7a9ba76738e356120459b6f55b6b73ad8d77d26feb39532a42a68a5e58,14.326941329246246,17.949939320518553,41057,21936,0.79816098948418934,0,ok,
edm_1k,/mnt/pixstor/data/xggh8/zw-lab/exp_004_standard_edm_n1000_40000kimg_20260415/network-snapshot-002000.pkl,3ed209dd1b79e56a4e95d81d21400bdbc2c73e95c7a9d76d49aba0c859ff2258,2000,20012,1bd332dc92714477e6fa328a47ef780292d7fc8723727f87c4fedd5648866213,16.036852133881428,16.807459208234711,1276,32953,0.95415088831655603,0,ok,
edm_1k,/mnt/pixstor/data/xggh8/zw-lab/exp_004_standard_edm_n1000_40000kimg_20260415/network-snapshot-002000.pkl,3ed209dd1b79e56a4e95d81d21400bdbc2c73e95c7a9d76d49aba0c859ff2258,2000,20013,f58db8688024a312eeef4218d08a37aa7b81af31dc2552c64596ef4fb6d8c1a8,13.51700335512583,14.795937119841648,14410,13435,0.91356182752353399,0,ok,
edm_1k,/mnt/pixstor/data/xggh8/zw-lab/exp_004_standard_edm_n1000_40000kimg_20260415/network-snapshot-002000.pkl,3ed209dd1b79e56a4e95d81d21400bdbc2c73e95c7a9d76d49aba0c859ff2258,2000,20014,1fc09eb255ea2e6971cc3356cd06f9079d373ead6a12e5ed0d8d40c6153175a4,16.561076154702747,17.719619774704853,22857,37887,0.93461803160946189,0,ok,
edm_1k,/mnt/pixstor/data/xggh8/zw-lab/exp_004_standard_edm_n1000_40000kimg_20260415/network-snapshot-002000.pkl,3ed209dd1b79e56a4e95d81d21400bdbc2c73e95c7a9d76d49aba0c859ff2258,2000,20015,c80f11230db147fab7bc6019a1d1bb646a131a7964da9d9825a6edda104a0b09,17.436199743485425,18.54139505139829,20200,6715,0.94039308774506059,0,ok,
edm_1k,/mnt/pixstor/data/xggh8/zw-lab/exp_004_standard_edm_n1000_40000kimg_20260415/network-snapshot-002000.pkl,3ed209dd1b79e56a4e95d81d21400bdbc2c73e95c7a9d76d49aba0c859ff2258,2000,20016,5342ff50f8b2186f9516054ffbb43e1876893c16dae703551277400a109defba,12.351678840922373,12.842679232149854,20051,16683,0.96176807172771794,0,ok,
edm_1k,/mnt/pixstor/data/xggh8/zw-lab/exp_004_standard_edm_n1000_40000kimg_20260415/network-snapshot-002000.pkl,3ed209dd1b79e56a4e95d81d21400bdbc2c73e95c7a9d76d49aba0c859ff2258,2000,20017,edd90ca00c617bfa2a723970e427df5654f7b3c69f38fe29e0a5e122ed2141bf,10.238396794801501,25.478144983915076,8463,30085,0.40185016614299157,0,ok,
edm_1k,/mnt/pixstor/data/xggh8/zw-lab/exp_004_standard_edm_n1000_40000kimg_20260415/network-snapshot-002000.pkl,3ed209dd1b79e56a4e95d81d21400bdbc2c73e95c7a9d76d49aba0c859ff2258,2000,20018,195cd6cd31bb0ea58306c3c8de1168c076b465d8ba1f89f7a1cfe9a7f9d90660,12.269121688533012,15.474147352369132,14410,13435,0.79287869044717207,0,ok,
edm_1k,/mnt/pixstor/data/xggh8/zw-lab/exp_004_standard_edm_n1000_40000kimg_20260415/network-snapshot-002000.pkl,3ed209dd1b79e56a4e95d81d21400bdbc2c73e95c7a9d76d49aba0c859ff2258,2000,20019,8abb20f58e84f4c57c5f8d43d5f64ff97c250a64d90e9b4d46d6bf160d74d14f,12.023341020133557,15.271602760702299,13535,35588,0.78730053475936779,0,ok,
edm_1k,/mnt/pixstor/data/xggh8/zw-lab/exp_004_standard_edm_n1000_40000kimg_20260415/network-snapshot-002000.pkl,3ed209dd1b79e56a4e95d81d21400bdbc2c73e95c7a9d76d49aba0c859ff2258,2000,20020,0599b244b52659426a6ac2fb00043f0610ddb01efaf923bf81fb7dcfc8bd3e78,14.358865938824048,14.552909997318251,9692,42808,0.98666630532794053,0,ok,
edm_1k,/mnt/pixstor/data/xggh8/zw-lab/exp_004_standard_edm_n1000_40000kimg_20260415/network-snapshot-002000.pkl,3ed209dd1b79e56a4e95d81d21400bdbc2c73e95c7a9d76d49aba0c859ff2258,2000,20021,7f92ae82322cf8b8a85609a4d230b46a9030e4adee29d1680e760edd031b0b4d,14.176850109048672,17.259503851954133,49021,45591,0.82139383789085918,0,ok,
edm_1k,/mnt/pixstor/data/xggh8/zw-lab/exp_004_standard_edm_n1000_40000kimg_20260415/network-snapshot-002000.pkl,3ed209dd1b79e56a4e95d81d21400bdbc2c73e95c7a9d76d49aba0c859ff2258,2000,20022,595d414b586caf7829700b29432db35786cc8bb8f86d9f76a9aeaf680247a65c,11.848782998671416,12.456322874252344,29779,39913,0.95122638665406356,0,ok,
edm_1k,/mnt/pixstor/data/xggh8/zw-lab/exp_004_standard_edm_n1000_40000kimg_20260415/network-snapshot-002000.pkl,3ed209dd1b79e56a4e95d81d21400bdbc2c73e95c7a9d76d49aba0c859ff2258,2000,20023,ba6c40863837f3389c324a89cfed0ebbeddefc49477cfd585b5b8972b5d9974d,8.5852548851988608,22.52999176479015,16924,45385,0.38105894466485729,0,ok,
edm_1k,/mnt/pixstor/data/xggh8/zw-lab/exp_004_standard_edm_n1000_40000kimg_20260415/network-snapshot-002000.pkl,3ed209dd1b79e56a4e95d81d21400bdbc2c73e95c7a9d76d49aba0c859ff2258,2000,20024,26112a25824f330710dd297db557514750717501d70febc667f7290055300d1e,11.032815325379227,14.915616903628864,29437,40136,0.73968213293913587,0,ok,
edm_1k,/mnt/pixstor/data/xggh8/zw-lab/exp_004_standard_edm_n1000_40000kimg_20260415/network-snapshot-002000.pkl,3ed209dd1b79e56a4e95d81d21400bdbc2c73e95c7a9d76d49aba0c859ff2258,2000,20025,31e1a81b3f405023ec1bc3909e5aca0116024cc461f9a7c95684f763cd500e79,13.288389675184867,13.56333707619131,45494,30786,0.97972863171784785,0,ok,
edm_1k,/mnt/pixstor/data/xggh8/zw-lab/exp_004_standard_edm_n1000_40000kimg_20260415/network-snapshot-002000.pkl,3ed209dd1b79e56a4e95d81d21400bdbc2c73e95c7a9d76d49aba0c859ff2258,2000,20026,280322f091096544535df861ba362458675ed0501472dfc71b1507eb6d598596,10.615342148610411,18.959215015113553,9866,11830,0.55990409624809201,0,ok,
edm_1k,/mnt/pixstor/data/xggh8/zw-lab/exp_004_standard_edm_n1000_40000kimg_20260415/network-snapshot-002000.pkl,3ed209dd1b79e56a4e95d81d21400bdbc2c73e95c7a9d76d49aba0c859ff2258,2000,20027,5fca4530ad368597a22ccd45697b78135a74ae2973b04f4349d24bbd18046f6a,16.521961213772823,16.60177295754831,3160,17844,0.99519257708320852,0,ok,
edm_1k,/mnt/pixstor/data/xggh8/zw-lab/exp_004_standard_edm_n1000_40000kimg_20260415/network-snapshot-002000.pkl,3ed209dd1b79e56a4e95d81d21400bdbc2c73e95c7a9d76d49aba0c859ff2258,2000,20028,a95569c72e2e369d613927352ddd55023badfb12396b6a6d18ad120808d17f48,14.78007663672626,14.981005644320406,10551,2782,0.98658774902268842,0,ok,
edm_1k,/mnt/pixstor/data/xggh8/zw-lab/exp_004_standard_edm_n1000_40000kimg_20260415/network-snapshot-002000.pkl,3ed209dd1b79e56a4e95d81d21400bdbc2c73e95c7a9d76d49aba0c859ff2258,2000,20029,657d0d5dd511da649215eb162fb489c0991953ae070a2ec87259b155cd4b5bc3,11.643160510038445,16.620411764665512,6599,28795,0.70053381798827929,0,ok,
edm_1k,/mnt/pixstor/data/xggh8/zw-lab/exp_004_standard_edm_n1000_40000kimg_20260415/network-snapshot-002000.pkl,3ed209dd1b79e56a4e95d81d21400bdbc2c73e95c7a9d76d49aba0c859ff2258,2000,20030,6eca33c3e28acd52e07ad88ed62584e70a0c8c7ea60ac04b7bcdf265e78bf85e,13.492998993112954,18.7086349378176,33716,33571,0.72121771780570854,0,ok,
edm_1k,/mnt/pixstor/data/xggh8/zw-lab/exp_004_standard_edm_n1000_40000kimg_20260415/network-snapshot-002000.pkl,3ed209dd1b79e56a4e95d81d21400bdbc2c73e95c7a9d76d49aba0c859ff2258,2000,20031,9684998cee4d6d8110fd1190b9055e568ecb8e7d880447dfa6249a415c461b92,9.2245487580363061,19.156056136637712,3137,13435,0.4815473859670682,0,ok,
edm_1k,/mnt/pixstor/data/xggh8/zw-lab/exp_004_standard_edm_n1000_40000kimg_20260415/network-snapshot-002000.pkl,3ed209dd1b79e56a4e95d81d21400bdbc2c73e95c7a9d76d49aba0c859ff2258,2000,20032,cc63bc924ed541a5f79bde976a78461921a1ad7fb75083b4abc97eb50bb2a48b,14.607254059522489,17.488891693497745,22518,46342,0.83523040313374286,0,ok,
edm_1k,/mnt/pixstor/data/xggh8/zw-lab/exp_004_standard_edm_n1000_40000kimg_20260415/network-snapshot-002000.pkl,3ed209dd1b79e56a4e95d81d21400bdbc2c73e95c7a9d76d49aba0c859ff2258,2000,20033,fd85e3be2f9a53e710586f21d562c177a644b9ba18414b92622ea6dce1203070,3.9511946397981665,18.387700084398499,47356,23577,0.21488248240195387,1,ok,
edm_1k,/mnt/pixstor/data/xggh8/zw-lab/exp_004_standard_edm_n1000_40000kimg_20260415/network-snapshot-002000.pkl,3ed209dd1b79e56a4e95d81d21400bdbc2c73e95c7a9d76d49aba0c859ff2258,2000,20034,744e602a0806d891122aa644f5b5c80a9bf64103e42cb2e2fbca0791ee42bf8b,10.108671173912251,18.185782406143048,49998,29437,0.55585572004301576,0,ok,
edm_1k,/mnt/pixstor/data/xggh8/zw-lab/exp_004_standard_edm_n1000_40000kimg_20260415/network-snapshot-002000.pkl,3ed209dd1b79e56a4e95d81d21400bdbc2c73e95c7a9d76d49aba0c859ff2258,2000,20035,2bbe5f9fd3dcdbdb36e0f781ced4cbf80115f3606b4fd8dd98b164f1a4cc4778,12.11062427746632,12.222399307027938,20770,16683,0.99085490280968425,0,ok,
edm_1k,/mnt/pixstor/data/xggh8/zw-lab/exp_004_standard_edm_n1000_40000kimg_20260415/network-snapshot-002000.pkl,3ed209dd1b79e56a4e95d81d21400bdbc2c73e95c7a9d76d49aba0c859ff2258,2000,20036,9af139ccc971822b6b77f2b983226d31a27906c71d708cf63334a333f9b7364c,15.278211881266277,18.691946565390186,14991,47886,0.81736869019063296,0,ok,
edm_1k,/mnt/pixstor/data/xggh8/zw-lab/exp_004_standard_edm_n1000_40000kimg_20260415/network-snapshot-002000.pkl,3ed209dd1b79e56a4e95d81d21400bdbc2c73e95c7a9d76d49aba0c859ff2258,2000,20037,e9cdebccbd05cf7ea46e98c05fc5b76ccee02551ab21e6b9ce344308dfa68506,14.16778633212413,15.725937544895006,47550,38995,0.9009183898688008,0,ok,
edm_1k,/mnt/pixstor/data/xggh8/zw-lab/exp_004_standard_edm_n1000_40000kimg_20260415/network-snapshot-002000.pkl,3ed209dd1b79e56a4e95d81d21400bdbc2c73e95c7a9d76d49aba0c859ff2258,2000,20038,2a31e1d8799686f33d6bb177b662fa7ad14ad88a9beefdd631c3303446289af9,7.3733585693663661,13.899350939220207,4827,32024,0.53048222191158179,0,ok,
edm_1k,/mnt/pixstor/data/xggh8/zw-lab/exp_004_standard_edm_n1000_40000kimg_20260415/network-snapshot-002000.pkl,3ed209dd1b79e56a4e95d81d21400bdbc2c73e95c7a9d76d49aba0c859ff2258,2000,20039,9eab758c970dc3c1ebbd7ca5967cac6d46b71363f2cfd73b27b652b702269a06,8.0162174017155081,14.796168220435602,17083,16683,0.54177657906348875,0,ok,
edm_1k,/mnt/pixstor/data/xggh8/zw-lab/exp_004_standard_edm_n1000_40000kimg_20260415/network-snapshot-002000.pkl,3ed209dd1b79e56a4e95d81d21400bdbc2c73e95c7a9d76d49aba0c859ff2258,2000,20040,21cdfaf70f2b3550fabbc1a8404b983f89c44bb8cba5f3b42a4b7c71024de4f5,9.4491258209350484,11.952047603360104,37719,26590,0.79058636097454937,0,ok,
edm_1k,/mnt/pixstor/data/xggh8/zw-lab/exp_004_standard_edm_n1000_40000kimg_20260415/network-snapshot-002000.pkl,3ed209dd1b79e56a4e95d81d21400bdbc2c73e95c7a9d76d49aba0c859ff2258,2000,20041,1bfcd3c6608af1a338d3dde4c0305b24f2ae3df95794804e4d197e75cdfbc66e,18.227456939479936,18.372221833735988,29779,12699,0.99212044707678049,0,ok,
edm_1k,/mnt/pixstor/data/xggh8/zw-lab/exp_004_standard_edm_n1000_40000kimg_20260415/network-snapshot-002000.pkl,3ed209dd1b79e56a4e95d81d21400bdbc2c73e95c7a9d76d49aba0c859ff2258,2000,20042,7202c0665e9965558c84ecfe1f40ce7a0ae65f498195b64bb27eb11573f479cd,16.250694285376838,17.045293676029669,29437,37719,0.95338306245962456,0,ok,
edm_1k,/mnt/pixstor/data/xggh8/zw-lab/exp_004_standard_edm_n1000_40000kimg_20260415/network-snapshot-002000.pkl,3ed209dd1b79e56a4e95d81d21400bdbc2c73e95c7a9d76d49aba0c859ff2258,2000,20043,37938f5816607f785dd7d6761ba06cb3b7d00c769228b0d2d3a542cfdf3f8bc5,5.8620540691646514,20.445836299364519,27642,14587,0.28671138628586451,1,ok,
edm_1k,/mnt/pixstor/data/xggh8/zw-lab/exp_004_standard_edm_n1000_40000kimg_20260415/network-snapshot-002000.pkl,3ed209dd1b79e56a4e95d81d21400bdbc2c73e95c7a9d76d49aba0c859ff2258,2000,20044,e7395d2a33749f32cb9813bc81a8fea171a3c98428fc16730731ac0081049c8d,13.275172424383975,14.332950769040629,20051,16683,0.92619954106439339,0,ok,
edm_1k,/mnt/pixstor/data/xggh8/zw-lab/exp_004_standard_edm_n1000_40000kimg_20260415/network-snapshot-002000.pkl,3ed209dd1b79e56a4e95d81d21400bdbc2c73e95c7a9d76d49aba0c859ff2258,2000,20045,6a55702f260c0bf16b1064bcbb07b670ba45246e20356a03b0df21765ff50698,13.88653883863015,15.127266832760277,46725,29779,0.91798068958212919,0,ok,
edm_1k,/mnt/pixstor/data/xggh8/zw-lab/exp_004_standard_edm_n1000_40000kimg_20260415/network-snapshot-002000.pkl,3ed209dd1b79e56a4e95d81d21400bdbc2c73e95c7a9d76d49aba0c859ff2258,2000,20046,6b5ba87086f77f74227a8ecf3adb6dbfdacefaedd1ba93de7a78e0f47b38d2ef,13.841310660016029,14.583039883215184,16683,36170,0.94913754408277584,0,ok,
edm_1k,/mnt/pixstor/data/xggh8/zw-lab/exp_004_standard_edm_n1000_40000kimg_20260415/network-snapshot-002000.pkl,3ed209dd1b79e56a4e95d81d21400bdbc2c73e95c7a9d76d49aba0c859ff2258,2000,20047,31495fb0e7386969c0eb1afa42f31b31a95b3030682bd08aa9bc7ace936388ef,9.9519736286849128,29.594491396970511,39004,42642,0.33627790710076749,0,ok,
edm_1k,/mnt/pixstor/data/xggh8/zw-lab/exp_004_standard_edm_n1000_40000kimg_20260415/network-snapshot-002000.pkl,3ed209dd1b79e56a4e95d81d21400bdbc2c73e95c7a9d76d49aba0c859ff2258,2000,20048,7b64d569040147c1cda5d7aded1bd3c5468e1aa9f66c69f07c08ae17abac0f07,8.8820453912734862,15.168455822755814,5924,29779,0.58556029005593213,0,ok,
edm_1k,/mnt/pixstor/data/xggh8/zw-lab/exp_004_standard_edm_n1000_40000kimg_20260415/network-snapshot-002000.pkl,3ed209dd1b79e56a4e95d81d21400bdbc2c73e95c7a9d76d49aba0c859ff2258,2000,20049,dc90cedaf8736875201bbb867542274c954add336dfb77053c9e60f45f479b98,2.8240694595310853,25.167209665929221,11841,44302,0.11221225940491307,1,ok,
edm_1k,/mnt/pixstor/data/xggh8/zw-lab/exp_004_standard_edm_n1000_40000kimg_20260415/network-snapshot-002000.pkl,3ed209dd1b79e56a4e95d81d21400bdbc2c73e95c7a9d76d49aba0c859ff2258,2000,20050,8b66154c652b0b01f7af657ffeba38ac88160e8659289d5efcc96f57bf389801,10.717365618472042,21.448311267891391,28096,33904,0.49968342423844725,0,ok,
edm_1k,/mnt/pixstor/data/xggh8/zw-lab/exp_004_standard_edm_n1000_40000kimg_20260415/network-snapshot-002000.pkl,3ed209dd1b79e56a4e95d81d21400bdbc2c73e95c7a9d76d49aba0c859ff2258,2000,20051,06ffc5385794eb01cbc66612daac5d7ec4593744357c80b5864c6cdcd3b15c39,12.765576966728032,18.438232929188498,33740,8398,0.6923427540889554,0,ok,
edm_1k,/mnt/pixstor/data/xggh8/zw-lab/exp_004_standard_edm_n1000_40000kimg_20260415/network-snapshot-002000.pkl,3ed209dd1b79e56a4e95d81d21400bdbc2c73e95c7a9d76d49aba0c859ff2258,2000,20052,98b5b05249db9a3be42b6e3e2ebfefd26faf01f40210dbe36061125485e3100a,12.143309496727664,12.188096266343537,10551,32024,0.99632536791331816,0,ok,
edm_1k,/mnt/pixstor/data/xggh8/zw-lab/exp_004_standard_edm_n1000_40000kimg_20260415/network-snapshot-002000.pkl,3ed209dd1b79e56a4e95d81d21400bdbc2c73e95c7a9d76d49aba0c859ff2258,2000,20053,467f24917dff9de475c4c501a705955b550f2ff78c7a6f8c6001a916bbbb3e9e,9.3146361873777259,11.541096748092082,24779,44302,0.8070841437940095,0,ok,
edm_1k,/mnt/pixstor/data/xggh8/zw-lab/exp_004_standard_edm_n1000_40000kimg_20260415/network-snapshot-002000.pkl,3ed209dd1b79e56a4e95d81d21400bdbc2c73e95c7a9d76d49aba0c859ff2258,2000,20054,f2bf1081aa5367c0552b0818d1c0b466468023d1ba3601b3c3a60d1002f95a79,12.186790185469413,14.879558843005933,30085,7346,0.81902899904843318,0,ok,
edm_1k,/mnt/pixstor/data/xggh8/zw-lab/exp_004_standard_edm_n1000_40000kimg_20260415/network-snapshot-002000.pkl,3ed209dd1b79e56a4e95d81d21400bdbc2c73e95c7a9d76d49aba0c859ff2258,2000,20055,bb3501d1d71e6fe4f65c98390592b0dfd24715f248ea488d74ba74ea7b07ecbf,4.0054053503863987,16.620942958007475,15904,34324,0.24098544592241161,1,ok,
edm_1k,/mnt/pixstor/data/xggh8/zw-lab/exp_004_standard_edm_n1000_40000kimg_20260415/network-snapshot-002000.pkl,3ed209dd1b79e56a4e95d81d21400bdbc2c73e95c7a9d76d49aba0c859ff2258,2000,20056,1728e157375b80681c2b850916e4eb26489c191776f1953ab61f3581ce9dd3af,15.770037205957349,20.972357648842081,8242,17743,0.75194393830242734,0,ok,
edm_1k,/mnt/pixstor/data/xggh8/zw-lab/exp_004_standard_edm_n1000_40000kimg_20260415/network-snapshot-002000.pkl,3ed209dd1b79e56a4e95d81d21400bdbc2c73e95c7a9d76d49aba0c859ff2258,2000,20057,b1332e9d6fb21e9ed748d93f012d03d540c3202f08d58ad8bf3f19ed7c67de62,17.519411048016497,22.134330362459433,20445,12468,0.79150400130152598,0,ok,
edm_1k,/mnt/pixstor/data/xggh8/zw-lab/exp_004_standard_edm_n1000_40000kimg_20260415/network-snapshot-002000.pkl,3ed209dd1b79e56a4e95d81d21400bdbc2c73e95c7a9d76d49aba0c859ff2258,2000,20058,1292af8eb756218ce5bf4f597a8b49a717494985aeb6187b5157ea12d0fc88bd,16.620950690038651,16.720900254127468,20051,25149,0.99402247710531344,0,ok,
edm_1k,/mnt/pixstor/data/xggh8/zw-lab/exp_004_standard_edm_n1000_40000kimg_20260415/network-snapshot-002000.pkl,3ed209dd1b79e56a4e95d81d21400bdbc2c73e95c7a9d76d49aba0c859ff2258,2000,20059,7aaf0cadbd08b62e5d6a7e5b947684ab1507bfc73f0933003a93f8e6d0029572,9.5889038099333437,21.457522862210446,46712,40349,0.44687841516043214,0,ok,
edm_1k,/mnt/pixstor/data/xggh8/zw-lab/exp_004_standard_edm_n1000_40000kimg_20260415/network-snapshot-002000.pkl,3ed209dd1b79e56a4e95d81d21400bdbc2c73e95c7a9d76d49aba0c859ff2258,2000,20060,a4c4b52bd82e909a6f5871b63ee698ff4dd40219444e4795f1977c5993850035,10.432632081325647,23.332697981281612,17447,5924,0.44712497841848831,0,ok,
edm_1k,/mnt/pixstor/data/xggh8/zw-lab/exp_004_standard_edm_n1000_40000kimg_20260415/network-snapshot-002000.pkl,3ed209dd1b79e56a4e95d81d21400bdbc2c73e95c7a9d76d49aba0c859ff2258,2000,20061,7337f710aa5473b74ee680a150e93dd643f3e3b53c682450d32c2445a0612c72,18.806300923138942,18.967805776197729,38324,6230,0.99148531701745624,0,ok,
edm_1k,/mnt/pixstor/data/xggh8/zw-lab/exp_004_standard_edm_n1000_40000kimg_20260415/network-snapshot-002000.pkl,3ed209dd1b79e56a4e95d81d21400bdbc2c73e95c7a9d76d49aba0c859ff2258,2000,20062,93ef0a4a56480968bb6acf6faae7f728a043649e79340c8cf1eb38ca7b42c529,15.396013261412708,15.396997917777606,31189,37719,0.99993604880833553,0,ok,
edm_1k,/mnt/pixstor/data/xggh8/zw-lab/exp_004_standard_edm_n1000_40000kimg_20260415/network-snapshot-002000.pkl,3ed209dd1b79e56a4e95d81d21400bdbc2c73e95c7a9d76d49aba0c859ff2258,2000,20063,5ea7abd1d4c15aa3082114011c01d2b2a8cc6ae921abb6645a73c8f207a3f03f,15.447527868673641,15.639137434314765,36170,40529,0.98774807329074921,0,ok,
edm_1k,/mnt/pixstor/data/xggh8/zw-lab/exp_004_standard_edm_n1000_40000kimg_20260415/network-snapshot-002000.pkl,3ed209dd1b79e56a4e95d81d21400bdbc2c73e95c7a9d76d49aba0c859ff2258,2000,20064,76263963c039c060d366cbfcf7b7222a908b4fab89b14eefa911eac568cfc45e,6.3471928693743997,11.251276502605037,12300,20770,0.56413091153744355,0,ok,
edm_1k,/mnt/pixstor/data/xggh8/zw-lab/exp_004_standard_edm_n1000_40000kimg_20260415/network-snapshot-002000.pkl,3ed209dd1b79e56a4e95d81d21400bdbc2c73e95c7a9d76d49aba0c859ff2258,2000,20065,4c234021dfd9c371c1a4cbf4bf8ade0d784b8d2e459a709ade60e8adbbd2e2ba,18.697966635696684,19.18692415691817,42642,48207,0.97451610705172953,0,ok,
edm_1k,/mnt/pixstor/data/xggh8/zw-lab/exp_004_standard_edm_n1000_40000kimg_20260415/network-snapshot-002000.pkl,3ed209dd1b79e56a4e95d81d21400bdbc2c73e95c7a9d76d49aba0c859ff2258,2000,20066,666c0f2cc2a3883dee6a760d7a2800688ddd6506101fa0a4562d062d64e652d8,14.989488590179214,15.815617637492256,39111,5944,0.94776498355937533,0,ok,
edm_1k,/mnt/pixstor/data/xggh8/zw-lab/exp_004_standard_edm_n1000_40000kimg_20260415/network-snapshot-002000.pkl,3ed209dd1b79e56a4e95d81d21400bdbc2c73e95c7a9d76d49aba0c859ff2258,2000,20067,afc9c3e1e80abe7a53f92dc7f17208cf04143a44de0cf2fb9a2b486f57994811,13.849563824944005,17.041168258162791,45385,1276,0.8127121107621248,0,ok,
edm_1k,/mnt/pixstor/data/xggh8/zw-lab/exp_004_standard_edm_n1000_40000kimg_20260415/network-snapshot-002000.pkl,3ed209dd1b79e56a4e95d81d21400bdbc2c73e95c7a9d76d49aba0c859ff2258,2000,20068,84914eea84ce69a3963c6797b0979d03f2a3d78a0683d2242fb7e6fa700f1b76,9.5368501604874947,16.490165062392578,2567,33183,0.57833563972244328,0,ok,
edm_1k,/mnt/pixstor/data/xggh8/zw-lab/exp_004_standard_edm_n1000_40000kimg_20260415/network-snapshot-002000.pkl,3ed209dd1b79e56a4e95d81d21400bdbc2c73e95c7a9d76d49aba0c859ff2258,2000,20069,3b07ee1cf9b4b8eb813a6fdc9f7d2c2a7d685cb7e2109aca68e1255f7ca239d3,19.455677545931788,19.635047132364257,19545,4135,0.99086482526762998,0,ok,
edm_1k,/mnt/pixstor/data/xggh8/zw-lab/exp_004_standard_edm_n1000_40000kimg_20260415/network-snapshot-002000.pkl,3ed209dd1b79e56a4e95d81d21400bdbc2c73e95c7a9d76d49aba0c859ff2258,2000,20070,f903a79bbc73c7361b725d950a25322205e38a54d1380e320dc6741960a94e27,13.115833460001884,22.410145050884168,27792,29437,0.58526321138132986,0,ok,
edm_1k,/mnt/pixstor/data/xggh8/zw-lab/exp_004_standard_edm_n1000_40000kimg_20260415/network-snapshot-002000.pkl,3ed209dd1b79e56a4e95d81d21400bdbc2c73e95c7a9d76d49aba0c859ff2258,2000,20071,8e3881b036e67aba29542e96cc440165ca3db555f6a16847186730afde068ba7,16.632414235749586,17.538333333893316,1721,46008,0.94834634050471511,0,ok,
edm_1k,/mnt/pixstor/data/xggh8/zw-lab/exp_004_standard_edm_n1000_40000kimg_20260415/network-snapshot-002000.pkl,3ed209dd1b79e56a4e95d81d21400bdbc2c73e95c7a9d76d49aba0c859ff2258,2000,20072,d74cb93fb26cc4f42b2190c50650f5d814081ac2be22c39906d83ffb0430a00e,8.1773463505839192,9.4169927316593771,7690,5111,0.86836069471437105,0,ok,
edm_1k,/mnt/pixstor/data/xggh8/zw-lab/exp_004_standard_edm_n1000_40000kimg_20260415/network-snapshot-002000.pkl,3ed209dd1b79e56a4e95d81d21400bdbc2c73e95c7a9d76d49aba0c859ff2258,2000,20073,0b12b005a89e956651470b71a5d6a1c6dcc4ac75e90cd0158197ac83240ed3c9,18.773342008531035,18.783809487497852,786,46342,0.99944273929237926,0,ok,
edm_1k,/mnt/pixstor/data/xggh8/zw-lab/exp_004_standard_edm_n1000_40000kimg_20260415/network-snapshot-002000.pkl,3ed209dd1b79e56a4e95d81d21400bdbc2c73e95c7a9d76d49aba0c859ff2258,2000,20074,5b0c4c3d7eeda700d4b2c721ad2d095581289e12ea80f0ea23be5c39c6821601,17.375631725424107,18.698459339134924,41603,11710,0.92925472683504962,0,ok,
edm_1k,/mnt/pixstor/data/xggh8/zw-lab/exp_004_standard_edm_n1000_40000kimg_20260415/network-snapshot-002000.pkl,3ed209dd1b79e56a4e95d81d21400bdbc2c73e95c7a9d76d49aba0c859ff2258,2000,20075,ce1e6872f51422bb9f93445cc281d568b521dbd9ca6010a464df473642d6e877,16.599824623275701,19.485530612982611,36811,49860,0.8519051881612989,0,ok,
edm_1k,/mnt/pixstor/data/xggh8/zw-lab/exp_004_standard_edm_n1000_40000kimg_20260415/network-snapshot-002000.pkl,3ed209dd1b79e56a4e95d81d21400bdbc2c73e95c7a9d76d49aba0c859ff2258,2000,20076,bb459c0cc68b24f5a7d3bec18162619bc7958efcce322eb7e5d769551f68f310,18.71804899092022,18.92499723360007,21936,11710,0.98906482045279098,0,ok,
edm_1k,/mnt/pixstor/data/xggh8/zw-lab/exp_004_standard_edm_n1000_40000kimg_20260415/network-snapshot-002000.pkl,3ed209dd1b79e56a4e95d81d21400bdbc2c73e95c7a9d76d49aba0c859ff2258,2000,20077,27af1097409c9f76b609c1296bbf5292ef5cee5b81195458260e3d1677d1193f,14.758574652635447,17.302135928041643,34360,44542,0.85299148694793014,0,ok,
edm_1k,/mnt/pixstor/data/xggh8/zw-lab/exp_004_standard_edm_n1000_40000kimg_20260415/network-snapshot-002000.pkl,3ed209dd1b79e56a4e95d81d21400bdbc2c73e95c7a9d76d49aba0c859ff2258,2000,20078,e6858d235fd6508c8730b8ea0e08854dfd1c99ad1d0119898438b5c5d924c789,14.937845273065106,16.167274141371831,21934,17844,0.9239557109283727,0,ok,
edm_1k,/mnt/pixstor/data/xggh8/zw-lab/exp_004_standard_edm_n1000_40000kimg_20260415/network-snapshot-002000.pkl,3ed209dd1b79e56a4e95d81d21400bdbc2c73e95c7a9d76d49aba0c859ff2258,2000,20079,f39e6968359a93b73a79613f4d65a1c8dae651f877b4bfdb2c3f8d53c38683da,4.9893701974947273,16.316279050006337,19923,7496,0.30579093322706991,1,ok,
edm_1k,/mnt/pixstor/data/xggh8/zw-lab/exp_004_standard_edm_n1000_40000kimg_20260415/network-snapshot-002000.pkl,3ed209dd1b79e56a4e95d81d21400bdbc2c73e95c7a9d76d49aba0c859ff2258,2000,20080,d1b918ca0718f12f18481cedd1d8bd9e36fb4e2303bf0c99c346b6470978aef3,11.258345760619097,22.263183821910992,34696,22857,0.5056934286972401,0,ok,
edm_1k,/mnt/pixstor/data/xggh8/zw-lab/exp_004_standard_edm_n1000_40000kimg_20260415/network-snapshot-002000.pkl,3ed209dd1b79e56a4e95d81d21400bdbc2c73e95c7a9d76d49aba0c859ff2258,2000,20081,fc347cc6a11e0cfa01d50c874ad4c29fe3b82a05ddf8cc2d7bd26968aee12640,4.9086445703298729,23.920306380565602,41057,43106,0.20520826498769146,1,ok,
edm_1k,/mnt/pixstor/data/xggh8/zw-lab/exp_004_standard_edm_n1000_40000kimg_20260415/network-snapshot-002000.pkl,3ed209dd1b79e56a4e95d81d21400bdbc2c73e95c7a9d76d49aba0c859ff2258,2000,20082,195b197c731a187a55e047ea23f40029cd4f412001813996111c827cb39454ff,9.2743051006308068,25.789744639167242,28900,1678,0.35961213383035173,0,ok,
edm_1k,/mnt/pixstor/data/xggh8/zw-lab/exp_004_standard_edm_n1000_40000kimg_20260415/network-snapshot-002000.pkl,3ed209dd1b79e56a4e95d81d21400bdbc2c73e95c7a9d76d49aba0c859ff2258,2000,20083,b191105e44ba63bb3619535366a1b8b0cba795f0400083ed1441d8637d8587b0,12.123124323131483,15.464281181546427,14229,26140,0.78394360402590479,0,ok,
edm_1k,/mnt/pixstor/data/xggh8/zw-lab/exp_004_standard_edm_n1000_40000kimg_20260415/network-snapshot-002000.pkl,3ed209dd1b79e56a4e95d81d21400bdbc2c73e95c7a9d76d49aba0c859ff2258,2000,20084,e4771e27a3c001a43cebbd47b3110640328def2cbb6c1d2f6ca17c049ab7fa24,11.39910073006423,15.806441404868794,38291,19974,0.72116806294888181,0,ok,
edm_1k,/mnt/pixstor/data/xggh8/zw-lab/exp_004_standard_edm_n1000_40000kimg_20260415/network-snapshot-002000.pkl,3ed209dd1b79e56a4e95d81d21400bdbc2c73e95c7a9d76d49aba0c859ff2258,2000,20085,7373224fcee762e8f7c488aeba6a426e76f26935a03e2da6c9d922597c2d483f,16.413405024768043,16.477562039947912,37558,18459,0.99610640123676497,0,ok,
edm_1k,/mnt/pixstor/data/xggh8/zw-lab/exp_004_standard_edm_n1000_40000kimg_20260415/network-snapshot-002000.pkl,3ed209dd1b79e56a4e95d81d21400bdbc2c73e95c7a9d76d49aba0c859ff2258,2000,20086,a60580bc34e1de5db16cc04eb16fc85abdd06c7259c2ddef47c63be0e50b627c,19.318765352619959,19.571180765862294,43951,38154,0.98710269879666024,0,ok,
edm_1k,/mnt/pixstor/data/xggh8/zw-lab/exp_004_standard_edm_n1000_40000kimg_20260415/network-snapshot-002000.pkl,3ed209dd1b79e56a4e95d81d21400bdbc2c73e95c7a9d76d49aba0c859ff2258,2000,20087,86764364e0627651a1f4bc3dbe4d06bc1c239af01ca10596c8de06a92867a691,4.3812830678012586,23.648377654054826,7840,49576,0.18526780703073006,1,ok,
edm_1k,/mnt/pixstor/data/xggh8/zw-lab/exp_004_standard_edm_n1000_40000kimg_20260415/network-snapshot-002000.pkl,3ed209dd1b79e56a4e95d81d21400bdbc2c73e95c7a9d76d49aba0c859ff2258,2000,20088,f33b743209c9228148148722307caefb1070508d69b08063a620c3684ed1f5c1,11.503457718381183,13.628872957079718,7187,47886,0.84405055022583819,0,ok,
edm_1k,/mnt/pixstor/data/xggh8/zw-lab/exp_004_standard_edm_n1000_40000kimg_20260415/network-snapshot-002000.pkl,3ed209dd1b79e56a4e95d81d21400bdbc2c73e95c7a9d76d49aba0c859ff2258,2000,20089,0925da169d06e7f730cb0392417ebaafb89eb73eaea37815b1dfb447eb15130f,15.017429555771708,16.201960052858684,41256,37719,0.92688967919792042,0,ok,
edm_1k,/mnt/pixstor/data/xggh8/zw-lab/exp_004_standard_edm_n1000_40000kimg_20260415/network-snapshot-002000.pkl,3ed209dd1b79e56a4e95d81d21400bdbc2c73e95c7a9d76d49aba0c859ff2258,2000,20090,bd2db64b7386c9e378431b1c720c42fbcaca4d0c00997ee96ce94ee274131eea,12.35019003113057,15.333880046234929,37803,26590,0.80541845859574379,0,ok,
edm_1k,/mnt/pixstor/data/xggh8/zw-lab/exp_004_standard_edm_n1000_40000kimg_20260415/network-snapshot-002000.pkl,3ed209dd1b79e56a4e95d81d21400bdbc2c73e95c7a9d76d49aba0c859ff2258,2000,20091,9d59f930d5d42bc7f0e0c4e10d0ee5b3a5e6844a779b9def6751fbbf034dd7d8,14.78885810721029,15.221872288372909,26128,10551,0.97155315897024219,0,ok,
edm_1k,/mnt/pixstor/data/xggh8/zw-lab/exp_004_standard_edm_n1000_40000kimg_20260415/network-snapshot-002000.pkl,3ed209dd1b79e56a4e95d81d21400bdbc2c73e95c7a9d76d49aba0c859ff2258,2000,20092,d3002794c170c9289ccf0d7f0390678c152f5b0d1643c7a49d722b879751c149,14.738106499565234,15.159577756139511,271,29779,0.9721976915614563,0,ok,
edm_1k,/mnt/pixstor/data/xggh8/zw-lab/exp_004_standard_edm_n1000_40000kimg_20260415/network-snapshot-002000.pkl,3ed209dd1b79e56a4e95d81d21400bdbc2c73e95c7a9d76d49aba0c859ff2258,2000,20093,4715880b657ee77b67235025e928d365fdb3bb206d8031ffec9e0215637a105d,15.633095188021295,16.448594052489867,7187,39915,0.9504213635605453,0,ok,
edm_1k,/mnt/pixstor/data/xggh8/zw-lab/exp_004_standard_edm_n1000_40000kimg_20260415/network-snapshot-002000.pkl,3ed209dd1b79e56a4e95d81d21400bdbc2c73e95c7a9d76d49aba0c859ff2258,2000,20094,ed7497b572c8cefe4861776a8846b20e235ef1d78ba22e281d51b72b410084e0,21.687538796549763,21.687817607024225,14062,25149,0.99998714437388236,0,ok,
edm_1k,/mnt/pixstor/data/xggh8/zw-lab/exp_004_standard_edm_n1000_40000kimg_20260415/network-snapshot-002000.pkl,3ed209dd1b79e56a4e95d81d21400bdbc2c73e95c7a9d76d49aba0c859ff2258,2000,20095,8331f61b72b81b607eb7aa373c6d4941ea66ed97be9c9126e812492d1fe267c6,17.476298130418435,17.973713406833923,13805,786,0.97232540292834746,0,ok,
edm_1k,/mnt/pixstor/data/xggh8/zw-lab/exp_004_standard_edm_n1000_40000kimg_20260415/network-snapshot-002000.pkl,3ed209dd1b79e56a4e95d81d21400bdbc2c73e95c7a9d76d49aba0c859ff2258,2000,20096,4aef6017e8b11c45decba75193a37940e1363ba4f7f5d0c9d24164f9aaf62abd,18.036493484265694,23.853873673532252,23687,22518,0.7561242979281223,0,ok,
edm_1k,/mnt/pixstor/data/xggh8/zw-lab/exp_004_standard_edm_n1000_40000kimg_20260415/network-snapshot-002000.pkl,3ed209dd1b79e56a4e95d81d21400bdbc2c73e95c7a9d76d49aba0c859ff2258,2000,20097,1ad048c5565439d74a01802494d894305945e908ff36f76b05eb204e895bed7d,10.126606810953019,19.699812033498624,34675,47886,0.51404585961191862,0,ok,
edm_1k,/mnt/pixstor/data/xggh8/zw-lab/exp_004_standard_edm_n1000_40000kimg_20260415/network-snapshot-002000.pkl,3ed209dd1b79e56a4e95d81d21400bdbc2c73e95c7a9d76d49aba0c859ff2258,2000,20098,eb6825e98336092af86d5552ff2a90f6c97b1b09ffea224bf9f61b7ad983ab05,7.6284637442460239,17.206388984213252,737,12277,0.44335065022911485,0,ok,
edm_1k,/mnt/pixstor/data/xggh8/zw-lab/exp_004_standard_edm_n1000_40000kimg_20260415/network-snapshot-002000.pkl,3ed209dd1b79e56a4e95d81d21400bdbc2c73e95c7a9d76d49aba0c859ff2258,2000,20099,939b60981ec641a857100c6543f26f3f222b41e7fb9a3303905b241370d35f8d,15.174684570920952,22.155299688525758,29984,25744,0.68492346229827483,0,ok,
edm_1k,/mnt/pixstor/data/xggh8/zw-lab/exp_004_standard_edm_n1000_40000kimg_20260415/network-snapshot-002000.pkl,3ed209dd1b79e56a4e95d81d21400bdbc2c73e95c7a9d76d49aba0c859ff2258,2000,20100,98f7da976d73cb7232eca3f8f964d069ff5a59d405f01a37d988d279d30f6497,16.032981329891623,17.41929686972993,1220,21934,0.92041495416228014,0,ok,
edm_1k,/mnt/pixstor/data/xggh8/zw-lab/exp_004_standard_edm_n1000_40000kimg_20260415/network-snapshot-002000.pkl,3ed209dd1b79e56a4e95d81d21400bdbc2c73e95c7a9d76d49aba0c859ff2258,2000,20101,65df51a3f4bdb5781ddce471dd86a21bd4998d79600d0c0e7309c6b19155e9bd,15.662898889112304,15.741653358789589,21934,17844,0.99499706492816964,0,ok,
edm_1k,/mnt/pixstor/data/xggh8/zw-lab/exp_004_standard_edm_n1000_40000kimg_20260415/network-snapshot-002000.pkl,3ed209dd1b79e56a4e95d81d21400bdbc2c73e95c7a9d76d49aba0c859ff2258,2000,20102,cd2d51fdbb924c2a1c1c851cc5af30c583c1cb6c493601b65c803d82b14e270c,15.118519220778705,15.58356980312465,9332,30786,0.97015763472547234,0,ok,
edm_1k,/mnt/pixstor/data/xggh8/zw-lab/exp_004_standard_edm_n1000_40000kimg_20260415/network-snapshot-002000.pkl,3ed209dd1b79e56a4e95d81d21400bdbc2c73e95c7a9d76d49aba0c859ff2258,2000,20103,4eebf5be92bf5d0d726d38bf6297983cca9573b99ccf5b6aa77a370d29ec5d28,17.134782209784731,19.768003322989433,32824,10006,0.86679377425324666,0,ok,
edm_1k,/mnt/pixstor/data/xggh8/zw-lab/exp_004_standard_edm_n1000_40000kimg_20260415/network-snapshot-002000.pkl,3ed209dd1b79e56a4e95d81d21400bdbc2c73e95c7a9d76d49aba0c859ff2258,2000,20104,af4ea01d72aca8e5f1b4976209ce61c7c2525ad58aacd99cac3427641197f81e,15.844175886104056,15.997248757025821,2567,45385,0.99043130020375925,0,ok,
edm_1k,/mnt/pixstor/data/xggh8/zw-lab/exp_004_standard_edm_n1000_40000kimg_20260415/network-snapshot-002000.pkl,3ed209dd1b79e56a4e95d81d21400bdbc2c73e95c7a9d76d49aba0c859ff2258,2000,20105,f5792d917af90144d43343167ec74f6014cb32083456c8362112325d497caa2e,9.6533908464926839,14.914715337621999,12277,2616,0.64723936246655978,0,ok,
edm_1k,/mnt/pixstor/data/xggh8/zw-lab/exp_004_standard_edm_n1000_40000kimg_20260415/network-snapshot-002000.pkl,3ed209dd1b79e56a4e95d81d21400bdbc2c73e95c7a9d76d49aba0c859ff2258,2000,20106,a95c98a5872839cfc981e83653335ff2d0c9d72410251a204e6ca529c1c0f970,5.6981207001716143,24.538645033965516,27828,36685,0.23221007892996859,1,ok,
edm_1k,/mnt/pixstor/data/xggh8/zw-lab/exp_004_standard_edm_n1000_40000kimg_20260415/network-snapshot-002000.pkl,3ed209dd1b79e56a4e95d81d21400bdbc2c73e95c7a9d76d49aba0c859ff2258,2000,20107,57a3e46c18a6a09b42a1a330e658a9a24255ba96a6c22cd87072b035d614740b,16.688024250342743,17.485489007253712,11830,9692,0.95439276782135474,0,ok,
edm_1k,/mnt/pixstor/data/xggh8/zw-lab/exp_004_standard_edm_n1000_40000kimg_20260415/network-snapshot-002000.pkl,3ed209dd1b79e56a4e95d81d21400bdbc2c73e95c7a9d76d49aba0c859ff2258,2000,20108,1b149e969eddec59b11cd641b553ade058fab0ad9de2cce87a2018fc895d6f02,13.41093559257331,15.366210447425626,832,8275,0.87275490846997394,0,ok,
edm_1k,/mnt/pixstor/data/xggh8/zw-lab/exp_004_standard_edm_n1000_40000kimg_20260415/network-snapshot-002000.pkl,3ed209dd1b79e56a4e95d81d21400bdbc2c73e95c7a9d76d49aba0c859ff2258,2000,20109,c69dc7d0bd40d40b75dfb3f58c7b78fd0f2a9abfcd48eec04ed00509ded4921d,13.486564380252055,13.5237639304372,32953,10551,0.99724931976212472,0,ok,
edm_1k,/mnt/pixstor/data/xggh8/zw-lab/exp_004_standard_edm_n1000_40000kimg_20260415/network-snapshot-002000.pkl,3ed209dd1b79e56a4e95d81d21400bdbc2c73e95c7a9d76d49aba0c859ff2258,2000,20110,e733df56c91b1cff9c283b50add12c2888577b76260c4507aca647bce47f4598,14.126698755306695,22.248236704234813,1604,49860,0.63495812918143602,0,ok,
edm_1k,/mnt/pixstor/data/xggh8/zw-lab/exp_004_standard_edm_n1000_40000kimg_20260415/network-snapshot-002000.pkl,3ed209dd1b79e56a4e95d81d21400bdbc2c73e95c7a9d76d49aba0c859ff2258,2000,20111,1764b3b4aa18b4be4ef9006354fc43701997e87076c594e7d1585b106f498a1e,13.302969896280214,22.552292095687562,20531,37875,0.58987218859337143,0,ok,
edm_1k,/mnt/pixstor/data/xggh8/zw-lab/exp_004_standard_edm_n1000_40000kimg_20260415/network-snapshot-002000.pkl,3ed209dd1b79e56a4e95d81d21400bdbc2c73e95c7a9d76d49aba0c859ff2258,2000,20112,b49b62ee1091800acc8dfa38c1a53ea7de92f5e2ffd314c3f0728a041656536e,17.747679071226511,19.127682766059081,7187,46332,0.92785306449763461,0,ok,
edm_1k,/mnt/pixstor/data/xggh8/zw-lab/exp_004_standard_edm_n1000_40000kimg_20260415/network-snapshot-002000.pkl,3ed209dd1b79e56a4e95d81d21400bdbc2c73e95c7a9d76d49aba0c859ff2258,2000,20113,05b0e4a3de2067888148c041c79d046fe0dc8ddfadb00431dd842b4e8036bf89,16.079339581427924,16.485657006807912,35674,47886,0.97535327677797756,0,ok,
edm_1k,/mnt/pixstor/data/xggh8/zw-lab/exp_004_standard_edm_n1000_40000kimg_20260415/network-snapshot-002000.pkl,3ed209dd1b79e56a4e95d81d21400bdbc2c73e95c7a9d76d49aba0c859ff2258,2000,20114,fae9f6ea6dcccbc41bf44294e008f316693af9c99a03d48a6f16d0225c5ec40f,12.375129652544649,14.506196518023311,31572,39006,0.85309265162436587,0,ok,
edm_1k,/mnt/pixstor/data/xggh8/zw-lab/exp_004_standard_edm_n1000_40000kimg_20260415/network-snapshot-002000.pkl,3ed209dd1b79e56a4e95d81d21400bdbc2c73e95c7a9d76d49aba0c859ff2258,2000,20115,ca0d2a6c3790fadfbc3e611ccfdaa4dba65b30fc46bd0d6b2c661b97aa3ca51c,17.434795176063055,18.3703357377555,5697,28428,0.9490733008341441,0,ok,
edm_1k,/mnt/pixstor/data/xggh8/zw-lab/exp_004_standard_edm_n1000_40000kimg_20260415/network-snapshot-002000.pkl,3ed209dd1b79e56a4e95d81d21400bdbc2c73e95c7a9d76d49aba0c859ff2258,2000,20116,979896e9582af52c4d3f5932438e226c1f8baef1a2abf3a80fb3f262bc5b7a62,12.300056997633943,13.596503474682661,12277,737,0.90464853854060612,0,ok,
edm_1k,/mnt/pixstor/data/xggh8/zw-lab/exp_004_standard_edm_n1000_40000kimg_20260415/network-snapshot-002000.pkl,3ed209dd1b79e56a4e95d81d21400bdbc2c73e95c7a9d76d49aba0c859ff2258,2000,20117,1a5e17a630887e86d69f9111c4c0d87672071aabd3e1acb6c4d4106e022fdd8b,18.766494571753935,23.723455991632733,17938,7107,0.79105230613840083,0,ok,
edm_1k,/mnt/pixstor/data/xggh8/zw-lab/exp_004_standard_edm_n1000_40000kimg_20260415/network-snapshot-002000.pkl,3ed209dd1b79e56a4e95d81d21400bdbc2c73e95c7a9d76d49aba0c859ff2258,2000,20118,b2ef4a344b68dd12d0c0f4db68b671283e004a2a07956d491337702b6297d856,14.529444954202457,16.539422256799824,38241,2567,0.87847354814518941,0,ok,
edm_1k,/mnt/pixstor/data/xggh8/zw-lab/exp_004_standard_edm_n1000_40000kimg_20260415/network-snapshot-002000.pkl,3ed209dd1b79e56a4e95d81d21400bdbc2c73e95c7a9d76d49aba0c859ff2258,2000,20119,ac5e787aa2337fd0f247769a609efd958879d335d4d4835b4471e660a5f24ba3,4.780758340291146,16.680421026374002,14410,13435,0.28660897304283389,1,ok,
edm_1k,/mnt/pixstor/data/xggh8/zw-lab/exp_004_standard_edm_n1000_40000kimg_20260415/network-snapshot-002000.pkl,3ed209dd1b79e56a4e95d81d21400bdbc2c73e95c7a9d76d49aba0c859ff2258,2000,20120,d187bcc852a0a2b75e3965724e2556a379feb87a6b96cc957cacad5285f32525,17.893305474149699,18.224891159918396,32953,40529,0.98180588938177327,0,ok,
edm_1k,/mnt/pixstor/data/xggh8/zw-lab/exp_004_standard_edm_n1000_40000kimg_20260415/network-snapshot-002000.pkl,3ed209dd1b79e56a4e95d81d21400bdbc2c73e95c7a9d76d49aba0c859ff2258,2000,20121,4a557a076faff681cbc2232479e2111915748f5c7b330a80fb1f2005b86fd9fb,16.135307280802511,17.442491331359165,9841,11476,0.92505749174680574,0,ok,
edm_1k,/mnt/pixstor/data/xggh8/zw-lab/exp_004_standard_edm_n1000_40000kimg_20260415/network-snapshot-002000.pkl,3ed209dd1b79e56a4e95d81d21400bdbc2c73e95c7a9d76d49aba0c859ff2258,2000,20122,d5e122a73399b1dcd97528d93acef04ea7ef8f39561f39546aa070cf575914a4,12.147895820485207,15.093439673063719,32014,40136,0.80484608436636007,0,ok,
edm_1k,/mnt/pixstor/data/xggh8/zw-lab/exp_004_standard_edm_n1000_40000kimg_20260415/network-snapshot-002000.pkl,3ed209dd1b79e56a4e95d81d21400bdbc2c73e95c7a9d76d49aba0c859ff2258,2000,20123,4463c9d9937c69029768c85bfff4b8701c388fb7f4b180de0a244ce8bb7fdf62,19.393388005288912,19.951560921997476,18459,49665,0.97202359660525839,0,ok,
edm_1k,/mnt/pixstor/data/xggh8/zw-lab/exp_004_standard_edm_n1000_40000kimg_20260415/network-snapshot-002000.pkl,3ed209dd1b79e56a4e95d81d21400bdbc2c73e95c7a9d76d49aba0c859ff2258,2000,20124,f158b5b0fde0683a1bc65b951c648321146784c04fe0a23ffd531d1b5ea3a48a,15.738116728116582,17.201501846785025,39915,7187,0.9149268981451204,0,ok,
edm_1k,/mnt/pixstor/data/xggh8/zw-lab/exp_004_standard_edm_n1000_40000kimg_20260415/network-snapshot-002000.pkl,3ed209dd1b79e56a4e95d81d21400bdbc2c73e95c7a9d76d49aba0c859ff2258,2000,20125,13b3a3a87d64922e9e85cce811179e740e5652902cbf6f72e4048970fd0aaea3,16.534123254929909,22.795240295292054,39118,25388,0.72533226413694507,0,ok,
edm_1k,/mnt/pixstor/data/xggh8/zw-lab/exp_004_standard_edm_n1000_40000kimg_20260415/network-snapshot-002000.pkl,3ed209dd1b79e56a4e95d81d21400bdbc2c73e95c7a9d76d49aba0c859ff2258,2000,20126,c4745fd2ff9d57f6c4114c497199da79b7e8f85979ffe281506df4bd67bde752,18.276011002379203,19.045159815289395,39199,4665,0.95961447315906889,0,ok,
edm_1k,/mnt/pixstor/data/xggh8/zw-lab/exp_004_standard_edm_n1000_40000kimg_20260415/network-snapshot-002000.pkl,3ed209dd1b79e56a4e95d81d21400bdbc2c73e95c7a9d76d49aba0c859ff2258,2000,20127,60be84fa0a664e0dbd89fe438765254e47bb12a1bfd06f0226c8caee2463a259,11.102032446212213,11.146764017612943,16683,40529,0.99598703522115928,0,ok,
edm_1k,/mnt/pixstor/data/xggh8/zw-lab/exp_004_standard_edm_n1000_40000kimg_20260415/network-snapshot-004000.pkl,ec341bbc9cf1e60f0bb768e03eb2812ca75a4407c430571813b98618a9a2bc02,4000,20000,e99a6d1183457ab694d3c05b735fbce9396ab4d421cc6867c5840de4a266e6d4,12.052684287902126,16.24265131214079,15768,47550,0.7420392186153244,0,ok,
edm_1k,/mnt/pixstor/data/xggh8/zw-lab/exp_004_standard_edm_n1000_40000kimg_20260415/network-snapshot-004000.pkl,ec341bbc9cf1e60f0bb768e03eb2812ca75a4407c430571813b98618a9a2bc02,4000,20001,0d9ae27d5b0a6b655a9af6600c077b0bb26a538f5e327847acc9ca9466467cc4,10.092379440401977,15.045066249286867,13186,30132,0.67080990360413695,0,ok,
edm_1k,/mnt/pixstor/data/xggh8/zw-lab/exp_004_standard_edm_n1000_40000kimg_20260415/network-snapshot-004000.pkl,ec341bbc9cf1e60f0bb768e03eb2812ca75a4407c430571813b98618a9a2bc02,4000,20002,b01b179da47777be60ea20cd32cfdfc952423f2163e813ba5ea12ddcf28e595e,9.108921467607038,21.937034685586887,34748,40908,0.41523029881480739,0,ok,
edm_1k,/mnt/pixstor/data/xggh8/zw-lab/exp_004_standard_edm_n1000_40000kimg_20260415/network-snapshot-004000.pkl,ec341bbc9cf1e60f0bb768e03eb2812ca75a4407c430571813b98618a9a2bc02,4000,20003,e34a9603851807667d7b43b7595aa0ffb1c19613c31127931e14a127bc7b76b2,5.8969587130207026,19.471889691999245,20200,18975,0.30284470620453902,1,ok,
edm_1k,/mnt/pixstor/data/xggh8/zw-lab/exp_004_standard_edm_n1000_40000kimg_20260415/network-snapshot-004000.pkl,ec341bbc9cf1e60f0bb768e03eb2812ca75a4407c430571813b98618a9a2bc02,4000,20004,28f0fdebc26974fccb7d549d69b011c31675b7a75d9e7bafc99d6f786d0f53b1,5.6737326570255666,22.567960257005851,6655,47886,0.25140653352862274,1,ok,
edm_1k,/mnt/pixstor/data/xggh8/zw-lab/exp_004_standard_edm_n1000_40000kimg_20260415/network-snapshot-004000.pkl,ec341bbc9cf1e60f0bb768e03eb2812ca75a4407c430571813b98618a9a2bc02,4000,20005,50ae503a8c66c7d60bb66022ceab71c2da37ff6c690b6405c87c6847ea5a0bb3,5.7827634443106417,24.184656296226574,7672,4706,0.23910877101085373,1,ok,
edm_1k,/mnt/pixstor/data/xggh8/zw-lab/exp_004_standard_edm_n1000_40000kimg_20260415/network-snapshot-004000.pkl,ec341bbc9cf1e60f0bb768e03eb2812ca75a4407c430571813b98618a9a2bc02,4000,20006,ee29f72f3beb00c12d1a6853443e272a76cfcf2ab597edaffe143c9667978a4e,14.026573909445375,26.670063736659227,32104,3985,0.52592952337662413,0,ok,
edm_1k,/mnt/pixstor/data/xggh8/zw-lab/exp_004_standard_edm_n1000_40000kimg_20260415/network-snapshot-004000.pkl,ec341bbc9cf1e60f0bb768e03eb2812ca75a4407c430571813b98618a9a2bc02,4000,20007,67a4b18fd565d3c585f595d6b21d0e63c84015a20a7a039cb38916066120888e,22.861731974808119,23.795899663070021,34035,16788,0.96074249339218387,0,ok,
edm_1k,/mnt/pixstor/data/xggh8/zw-lab/exp_004_standard_edm_n1000_40000kimg_20260415/network-snapshot-004000.pkl,ec341bbc9cf1e60f0bb768e03eb2812ca75a4407c430571813b98618a9a2bc02,4000,20008,732800fd810da4cf9713fcc52ef593d89f0f7a18073c86c46bee69549cc8120c,31.280325078124687,31.403642248710437,30085,38456,0.99607315706856214,0,ok,
edm_1k,/mnt/pixstor/data/xggh8/zw-lab/exp_004_standard_edm_n1000_40000kimg_20260415/network-snapshot-004000.pkl,ec341bbc9cf1e60f0bb768e03eb2812ca75a4407c430571813b98618a9a2bc02,4000,20009,f0d6c69141b81e23acc1f8c6248e9b9cdec2e65135b44745640709fd3e6fd745,17.344895682200615,18.640856068176213,48389,21934,0.93047742114225807,0,ok,
edm_1k,/mnt/pixstor/data/xggh8/zw-lab/exp_004_standard_edm_n1000_40000kimg_20260415/network-snapshot-004000.pkl,ec341bbc9cf1e60f0bb768e03eb2812ca75a4407c430571813b98618a9a2bc02,4000,20010,57ad41f7ec3e29b422c2727fe0a3f02b05d2712eaf73420edf006958e9d97c01,8.6669245036144744,17.814258260645435,35100,29779,0.48651615895572292,0,ok,
edm_1k,/mnt/pixstor/data/xggh8/zw-lab/exp_004_standard_edm_n1000_40000kimg_20260415/network-snapshot-004000.pkl,ec341bbc9cf1e60f0bb768e03eb2812ca75a4407c430571813b98618a9a2bc02,4000,20011,35aed7f7ec4600c0aa3655794e38a18d207cc7bc14260b48dd8f98f5ba0c45b2,12.694697146477925,17.734364569927269,21936,11710,0.71582475348480934,0,ok,
edm_1k,/mnt/pixstor/data/xggh8/zw-lab/exp_004_standard_edm_n1000_40000kimg_20260415/network-snapshot-004000.pkl,ec341bbc9cf1e60f0bb768e03eb2812ca75a4407c430571813b98618a9a2bc02,4000,20012,200e937b047482aee8a53c5c0b00529e1da74e02448e67516eeeeb7ac5c58bc4,11.352647762113348,15.958474505579687,47545,17845,0.71138677811240869,0,ok,
edm_1k,/mnt/pixstor/data/xggh8/zw-lab/exp_004_standard_edm_n1000_40000kimg_20260415/network-snapshot-004000.pkl,ec341bbc9cf1e60f0bb768e03eb2812ca75a4407c430571813b98618a9a2bc02,4000,20013,e59f95918668587b22c44bbe897da2644683a300d259b8cd48227120244cbc1c,9.1824135005906182,18.832648797403884,29119,14410,0.48757950086428792,0,ok,
edm_1k,/mnt/pixstor/data/xggh8/zw-lab/exp_004_standard_edm_n1000_40000kimg_20260415/network-snapshot-004000.pkl,ec341bbc9cf1e60f0bb768e03eb2812ca75a4407c430571813b98618a9a2bc02,4000,20014,7eda0347b946533c4ebfe715beea3e86ec0bd09c03629bab4aaa5eda9599c1d2,18.20245733344478,19.17830114666074,20838,22857,0.94911729637815856,0,ok,
edm_1k,/mnt/pixstor/data/xggh8/zw-lab/exp_004_standard_edm_n1000_40000kimg_20260415/network-snapshot-004000.pkl,ec341bbc9cf1e60f0bb768e03eb2812ca75a4407c430571813b98618a9a2bc02,4000,20015,2e5feecbf7af9de1e8cfe4f013cd0359f5fc8542c38d2e7f511f9cbaf1108cb7,11.507532465187584,16.589471203923232,13067,48613,0.69366481449186734,0,ok,
edm_1k,/mnt/pixstor/data/xggh8/zw-lab/exp_004_standard_edm_n1000_40000kimg_20260415/network-snapshot-004000.pkl,ec341bbc9cf1e60f0bb768e03eb2812ca75a4407c430571813b98618a9a2bc02,4000,20016,f8e637eaf71bd1c295a5b2ae28895ae8826c5c48075c14d8bc4daff37943f669,14.391991267982203,14.40919897847558,16683,20051,0.99880578299188716,0,ok,
edm_1k,/mnt/pixstor/data/xggh8/zw-lab/exp_004_standard_edm_n1000_40000kimg_20260415/network-snapshot-004000.pkl,ec341bbc9cf1e60f0bb768e03eb2812ca75a4407c430571813b98618a9a2bc02,4000,20017,2edeaf641ada5a325f20d9375ac580e217d79852510d592edf5958b56a9f53f3,2.5907990420915805,24.265537821938853,22870,30085,0.10676866348905725,1,ok,
edm_1k,/mnt/pixstor/data/xggh8/zw-lab/exp_004_standard_edm_n1000_40000kimg_20260415/network-snapshot-004000.pkl,ec341bbc9cf1e60f0bb768e03eb2812ca75a4407c430571813b98618a9a2bc02,4000,20018,1b2ef47d7152242d9c656064c66d66ce1862fd26695444cf83689b68233fa95e,6.2724883955043218,16.24165300312184,14410,13435,0.38619766068753436,0,ok,
edm_1k,/mnt/pixstor/data/xggh8/zw-lab/exp_004_standard_edm_n1000_40000kimg_20260415/network-snapshot-004000.pkl,ec341bbc9cf1e60f0bb768e03eb2812ca75a4407c430571813b98618a9a2bc02,4000,20019,68b2549b64cc37d6dffc82e0acdb4284d113dee2c2e5396d74a8face8f5ba8a8,2.9125281288600635,18.845426859276937,35588,13535,0.15454827054906051,1,ok,
edm_1k,/mnt/pixstor/data/xggh8/zw-lab/exp_004_standard_edm_n1000_40000kimg_20260415/network-snapshot-004000.pkl,ec341bbc9cf1e60f0bb768e03eb2812ca75a4407c430571813b98618a9a2bc02,4000,20020,b42d601da7fe5dd3842d0e24c2b37336d8d4b3c8978a2f761b82016235a5a83e,4.5502730685677966,20.601723751869553,3881,9692,0.22086856048416195,1,ok,
edm_1k,/mnt/pixstor/data/xggh8/zw-lab/exp_004_standard_edm_n1000_40000kimg_20260415/network-snapshot-004000.pkl,ec341bbc9cf1e60f0bb768e03eb2812ca75a4407c430571813b98618a9a2bc02,4000,20021,dc961b375871935ad1a71d334daa7761204b377b9201cbc27d1a736da0dc0742,2.9764636813469365,24.831546320873958,49021,44238,0.11986622350799209,1,ok,
edm_1k,/mnt/pixstor/data/xggh8/zw-lab/exp_004_standard_edm_n1000_40000kimg_20260415/network-snapshot-004000.pkl,ec341bbc9cf1e60f0bb768e03eb2812ca75a4407c430571813b98618a9a2bc02,4000,20022,3b9410c1c93ccc83830e20b59004b2d781510889080ac42a00aab67ad3064137,8.0512717468448436,17.007252934454009,5309,39913,0.47340224655177782,0,ok,
edm_1k,/mnt/pixstor/data/xggh8/zw-lab/exp_004_standard_edm_n1000_40000kimg_20260415/network-snapshot-004000.pkl,ec341bbc9cf1e60f0bb768e03eb2812ca75a4407c430571813b98618a9a2bc02,4000,20023,ab0bbfdfedecaed39b6a178203dc13d428dca18d65dcef406846edf3c690b523,4.2066612402812718,27.346687055859071,16924,43043,0.15382708814741008,1,ok,
edm_1k,/mnt/pixstor/data/xggh8/zw-lab/exp_004_standard_edm_n1000_40000kimg_20260415/network-snapshot-004000.pkl,ec341bbc9cf1e60f0bb768e03eb2812ca75a4407c430571813b98618a9a2bc02,4000,20024,5cf3377d6540393e2ad964afa47137ee5e41934f4ac7addc35ebc50548f2d8ae,16.318129974336482,17.242090007892212,1433,40136,0.94641252695393618,0,ok,
edm_1k,/mnt/pixstor/data/xggh8/zw-lab/exp_004_standard_edm_n1000_40000kimg_20260415/network-snapshot-004000.pkl,ec341bbc9cf1e60f0bb768e03eb2812ca75a4407c430571813b98618a9a2bc02,4000,20025,956a876b7222abe867ec99bf0a88fc81879b87eb043306864a3830c687e97e5b,6.1379284129510641,9.9264349100530413,30786,45494,0.61834167740674451,0,ok,
edm_1k,/mnt/pixstor/data/xggh8/zw-lab/exp_004_standard_edm_n1000_40000kimg_20260415/network-snapshot-004000.pkl,ec341bbc9cf1e60f0bb768e03eb2812ca75a4407c430571813b98618a9a2bc02,4000,20026,de238f0e2105f9266bf2ba54f0db1cc0f7a5e96ebc9d6a161a4da771d0767c2a,8.3785363602729177,18.894668633681366,9866,5093,0.4434338872361836,0,ok,
edm_1k,/mnt/pixstor/data/xggh8/zw-lab/exp_004_standard_edm_n1000_40000kimg_20260415/network-snapshot-004000.pkl,ec341bbc9cf1e60f0bb768e03eb2812ca75a4407c430571813b98618a9a2bc02,4000,20027,d1cd2a5a650205571c68a8709de4efbcd631a99616a5c84727e90b62ca13730b,7.2200263416977233,25.987735900717617,34129,3160,0.27782436951340389,1,ok,
edm_1k,/mnt/pixstor/data/xggh8/zw-lab/exp_004_standard_edm_n1000_40000kimg_20260415/network-snapshot-004000.pkl,ec341bbc9cf1e60f0bb768e03eb2812ca75a4407c430571813b98618a9a2bc02,4000,20028,ed3f9abf6bb2c3e591697f3d7433623d8bad956f7673c5671442fba0edfba9cb,13.47492972738122,13.85296618393231,2782,15029,0.97271079337582123,0,ok,
edm_1k,/mnt/pixstor/data/xggh8/zw-lab/exp_004_standard_edm_n1000_40000kimg_20260415/network-snapshot-004000.pkl,ec341bbc9cf1e60f0bb768e03eb2812ca75a4407c430571813b98618a9a2bc02,4000,20029,1c83a09e7b45b19c24fce6f8ffe87c39423e905a8c1b7aa559b8e389309a32d7,5.673162265191019,16.719778880811599,28795,17844,0.33930845052632874,0,ok,
edm_1k,/mnt/pixstor/data/xggh8/zw-lab/exp_004_standard_edm_n1000_40000kimg_20260415/network-snapshot-004000.pkl,ec341bbc9cf1e60f0bb768e03eb2812ca75a4407c430571813b98618a9a2bc02,4000,20030,67477f9c24d4ade6c483268c44cc2c07ec7386fdc21e7f488de1f47a8e05262b,9.605051439662649,17.333771198571462,33716,33571,0.55412358508887183,0,ok,
edm_1k,/mnt/pixstor/data/xggh8/zw-lab/exp_004_standard_edm_n1000_40000kimg_20260415/network-snapshot-004000.pkl,ec341bbc9cf1e60f0bb768e03eb2812ca75a4407c430571813b98618a9a2bc02,4000,20031,0190df5a0e248b230a01346da9573a79351a0fdc445dc3fb491de73a1a850287,3.2888005498749551,25.362304723619719,3137,13435,0.12967277957243847,1,ok,
edm_1k,/mnt/pixstor/data/xggh8/zw-lab/exp_004_standard_edm_n1000_40000kimg_20260415/network-snapshot-004000.pkl,ec341bbc9cf1e60f0bb768e03eb2812ca75a4407c430571813b98618a9a2bc02,4000,20032,d66bb02feeaf3fa10c7a01769b84b4ea66539e01f97dc240675da363701c5fae,17.603985425646371,20.376581730842013,28607,11207,0.86393221680557752,0,ok,
edm_1k,/mnt/pixstor/data/xggh8/zw-lab/exp_004_standard_edm_n1000_40000kimg_20260415/network-snapshot-004000.pkl,ec341bbc9cf1e60f0bb768e03eb2812ca75a4407c430571813b98618a9a2bc02,4000,20033,22d696e2639a1c6eda9611a8048946e8da3eccd683ee1e042206d73f4022a9f1,3.1161874918205821,18.575575237141052,47356,23577,0.16775725392287724,1,ok,
edm_1k,/mnt/pixstor/data/xggh8/zw-lab/exp_004_standard_edm_n1000_40000kimg_20260415/network-snapshot-004000.pkl,ec341bbc9cf1e60f0bb768e03eb2812ca75a4407c430571813b98618a9a2bc02,4000,20034,3afc0e6d9e0a6a822f6a10306b6ff9e08aee915dc0d43a81724b2b1d5df2ceab,8.4543518811426104,21.738702008315244,16275,27792,0.38890785097972946,0,ok,
edm_1k,/mnt/pixstor/data/xggh8/zw-lab/exp_004_standard_edm_n1000_40000kimg_20260415/network-snapshot-004000.pkl,ec341bbc9cf1e60f0bb768e03eb2812ca75a4407c430571813b98618a9a2bc02,4000,20035,808774a2a2e56f24aaafb4f9ba7510985565e71322d5b4b9f77ff6b74fe63f58,7.6448311972395251,12.334044882503115,2245,16683,0.61981541903454274,0,ok,
edm_1k,/mnt/pixstor/data/xggh8/zw-lab/exp_004_standard_edm_n1000_40000kimg_20260415/network-snapshot-004000.pkl,ec341bbc9cf1e60f0bb768e03eb2812ca75a4407c430571813b98618a9a2bc02,4000,20036,7239cb02779c8a1ea107547c0ddb105c603f3d0f0254157365448153d9ba6440,7.9343410366846587,24.306866804331307,17106,47886,0.3264238497110955,1,ok,
edm_1k,/mnt/pixstor/data/xggh8/zw-lab/exp_004_standard_edm_n1000_40000kimg_20260415/network-snapshot-004000.pkl,ec341bbc9cf1e60f0bb768e03eb2812ca75a4407c430571813b98618a9a2bc02,4000,20037,5ce9df6f4775458798f3e60e35bda0ea8bafadacc10e3b800fc84419d747ca68,12.125631850364343,14.27563275143074,47550,38995,0.84939365291174795,0,ok,
edm_1k,/mnt/pixstor/data/xggh8/zw-lab/exp_004_standard_edm_n1000_40000kimg_20260415/network-snapshot-004000.pkl,ec341bbc9cf1e60f0bb768e03eb2812ca75a4407c430571813b98618a9a2bc02,4000,20038,d6af02640e9182dd167d9976d600293508f2d7d2c70cd87204ff288030a895fe,3.1071282554375763,27.110240818393041,41520,4827,0.11461086886876835,1,ok,
edm_1k,/mnt/pixstor/data/xggh8/zw-lab/exp_004_standard_edm_n1000_40000kimg_20260415/network-snapshot-004000.pkl,ec341bbc9cf1e60f0bb768e03eb2812ca75a4407c430571813b98618a9a2bc02,4000,20039,9a6b0581d70eee6d787e81872756aa9364606f3767bb70595faf1cb7cb797a24,5.3131184915687442,16.846148596126195,17083,16683,0.3153906936800086,1,ok,
edm_1k,/mnt/pixstor/data/xggh8/zw-lab/exp_004_standard_edm_n1000_40000kimg_20260415/network-snapshot-004000.pkl,ec341bbc9cf1e60f0bb768e03eb2812ca75a4407c430571813b98618a9a2bc02,4000,20040,0ca578ae3ecc7ffdd27cdc71a69237f8b478b0600967cd2d3fc4bab344e1f5db,9.6176605805553734,21.813367126755672,3598,39774,0.44090673964583016,0,ok,
edm_1k,/mnt/pixstor/data/xggh8/zw-lab/exp_004_standard_edm_n1000_40000kimg_20260415/network-snapshot-004000.pkl,ec341bbc9cf1e60f0bb768e03eb2812ca75a4407c430571813b98618a9a2bc02,4000,20041,f2c17c95177e265a8785bebe7daa0e9100b2c05f4694195ab67b008b57dfa4c4,7.7270142859192052,17.55217630619838,21513,29779,0.44023112297421974,0,ok,
edm_1k,/mnt/pixstor/data/xggh8/zw-lab/exp_004_standard_edm_n1000_40000kimg_20260415/network-snapshot-004000.pkl,ec341bbc9cf1e60f0bb768e03eb2812ca75a4407c430571813b98618a9a2bc02,4000,20042,b8b2f4fe9bbc7041e584ba23cffaf059998fa742cac5c8af9b8b1cde4d060003,17.995273238091976,20.644384430092352,39118,29437,0.87167884801937268,0,ok,
edm_1k,/mnt/pixstor/data/xggh8/zw-lab/exp_004_standard_edm_n1000_40000kimg_20260415/network-snapshot-004000.pkl,ec341bbc9cf1e60f0bb768e03eb2812ca75a4407c430571813b98618a9a2bc02,4000,20043,86931723f17dbb984ae43e6f9aed7b6f59268f3e66b3bc9fd3618acfea9b7a8d,2.9928571405011093,22.06213073991157,27642,14587,0.13565585191129664,1,ok,
edm_1k,/mnt/pixstor/data/xggh8/zw-lab/exp_004_standard_edm_n1000_40000kimg_20260415/network-snapshot-004000.pkl,ec341bbc9cf1e60f0bb768e03eb2812ca75a4407c430571813b98618a9a2bc02,4000,20044,eb2faea5660cc052183526a556df60e599fe6157f24f4c001eab97e9ecd361e3,14.044616319586019,14.147444031167037,20051,16683,0.99273171101758828,0,ok,
edm_1k,/mnt/pixstor/data/xggh8/zw-lab/exp_004_standard_edm_n1000_40000kimg_20260415/network-snapshot-004000.pkl,ec341bbc9cf1e60f0bb768e03eb2812ca75a4407c430571813b98618a9a2bc02,4000,20045,fe8d0726531e66e7537b6f3483d9bb43c48a81d9e8a60af2b4053b16164e0e0b,4.4208203392439618,19.239900618263455,26267,29779,0.22977355377020517,1,ok,
edm_1k,/mnt/pixstor/data/xggh8/zw-lab/exp_004_standard_edm_n1000_40000kimg_20260415/network-snapshot-004000.pkl,ec341bbc9cf1e60f0bb768e03eb2812ca75a4407c430571813b98618a9a2bc02,4000,20046,c523fd09df65ba2295ff6258059b1e0c3e73ef476347dda31dba2c74aee226cd,3.698732459574682,22.598197853964741,31911,47045,0.16367377980655026,1,ok,
edm_1k,/mnt/pixstor/data/xggh8/zw-lab/exp_004_standard_edm_n1000_40000kimg_20260415/network-snapshot-004000.pkl,ec341bbc9cf1e60f0bb768e03eb2812ca75a4407c430571813b98618a9a2bc02,4000,20047,5b64d69f3e0c5b12b77a601b6b3419688594e57f175a5deac5c5d69b83d1fabc,14.559059737146136,25.348979485605312,39004,45102,0.5743450045164008,0,ok,
edm_1k,/mnt/pixstor/data/xggh8/zw-lab/exp_004_standard_edm_n1000_40000kimg_20260415/network-snapshot-004000.pkl,ec341bbc9cf1e60f0bb768e03eb2812ca75a4407c430571813b98618a9a2bc02,4000,20048,f7a20d8065b24fdab98001590437f73c8b1a06af1c76ac69a8327eb189d225b2,7.5115862037600092,15.992402735138036,5924,22857,0.46969716359479702,0,ok,
edm_1k,/mnt/pixstor/data/xggh8/zw-lab/exp_004_standard_edm_n1000_40000kimg_20260415/network-snapshot-004000.pkl,ec341bbc9cf1e60f0bb768e03eb2812ca75a4407c430571813b98618a9a2bc02,4000,20049,2de876d837aed3d76b71b09429d5442b18a3d0c4eb84610908ed532f701ec055,2.2752399709010476,26.536482650281247,11841,13435,0.085740073425930596,1,ok,
edm_1k,/mnt/pixstor/data/xggh8/zw-lab/exp_004_standard_edm_n1000_40000kimg_20260415/network-snapshot-004000.pkl,ec341bbc9cf1e60f0bb768e03eb2812ca75a4407c430571813b98618a9a2bc02,4000,20050,fe5965936904d8e8c15da535807b588f461ea9a3fddfd4c2818b22490e571cde,8.053769824978799,22.000032787980349,28096,40908,0.36607990099809995,0,ok,
edm_1k,/mnt/pixstor/data/xggh8/zw-lab/exp_004_standard_edm_n1000_40000kimg_20260415/network-snapshot-004000.pkl,ec341bbc9cf1e60f0bb768e03eb2812ca75a4407c430571813b98618a9a2bc02,4000,20051,8a01916277a89b944a00797355cf861557498dd22aad3912a4d78e72cace2251,6.8029512325986454,23.158478489502645,33740,39111,0.29375639836107154,1,ok,
edm_1k,/mnt/pixstor/data/xggh8/zw-lab/exp_004_standard_edm_n1000_40000kimg_20260415/network-snapshot-004000.pkl,ec341bbc9cf1e60f0bb768e03eb2812ca75a4407c430571813b98618a9a2bc02,4000,20052,2ef24763fe6fb505c6ca8835e9c6f1267813646585b73375ef84af23a6d2aec9,11.751875680853809,13.24774351880423,32024,10551,0.88708508465406632,0,ok,
edm_1k,/mnt/pixstor/data/xggh8/zw-lab/exp_004_standard_edm_n1000_40000kimg_20260415/network-snapshot-004000.pkl,ec341bbc9cf1e60f0bb768e03eb2812ca75a4407c430571813b98618a9a2bc02,4000,20053,a93aa80784ab841eadbeb0aa6537969ca41675ca94f48f11667054843012567f,2.6019376808274446,13.721305313862445,24779,44302,0.1896275624884422,1,ok,
edm_1k,/mnt/pixstor/data/xggh8/zw-lab/exp_004_standard_edm_n1000_40000kimg_20260415/network-snapshot-004000.pkl,ec341bbc9cf1e60f0bb768e03eb2812ca75a4407c430571813b98618a9a2bc02,4000,20054,3811885d4e2f5b15c3dbff991f8db7ebf3bac88d713751e742e76cda58832909,13.209043605591946,14.483164098390358,17844,37378,0.91202747658296457,0,ok,
edm_1k,/mnt/pixstor/data/xggh8/zw-lab/exp_004_standard_edm_n1000_40000kimg_20260415/network-snapshot-004000.pkl,ec341bbc9cf1e60f0bb768e03eb2812ca75a4407c430571813b98618a9a2bc02,4000,20055,dc94120c1bc88417c83b8a076b0fa13ea144a67583129bbaec2247eece99cac8,3.4775197040665331,21.075337496619404,36890,15904,0.16500422375795148,1,ok,
edm_1k,/mnt/pixstor/data/xggh8/zw-lab/exp_004_standard_edm_n1000_40000kimg_20260415/network-snapshot-004000.pkl,ec341bbc9cf1e60f0bb768e03eb2812ca75a4407c430571813b98618a9a2bc02,4000,20056,d19f33f7d6320bb46d5948b0370a474894712aa3a4c4a1c5cf42dd8242fa41de,4.4584057133268331,22.099111633178101,43220,11207,0.20174592478338751,1,ok,
edm_1k,/mnt/pixstor/data/xggh8/zw-lab/exp_004_standard_edm_n1000_40000kimg_20260415/network-snapshot-004000.pkl,ec341bbc9cf1e60f0bb768e03eb2812ca75a4407c430571813b98618a9a2bc02,4000,20057,3a7e64e19d0122242a984f09faa1cf4efd4e5efcf6eb395ea1c5828c50495547,9.8125973222900313,25.437055930886725,20445,26024,0.38575994599969293,0,ok,
edm_1k,/mnt/pixstor/data/xggh8/zw-lab/exp_004_standard_edm_n1000_40000kimg_20260415/network-snapshot-004000.pkl,ec341bbc9cf1e60f0bb768e03eb2812ca75a4407c430571813b98618a9a2bc02,4000,20058,0b746760ef0f55657407be37883c0f470038952d23564337b8c4be437f024cea,16.124992394157228,16.817718483553481,25149,19604,0.95880974639492933,0,ok,
edm_1k,/mnt/pixstor/data/xggh8/zw-lab/exp_004_standard_edm_n1000_40000kimg_20260415/network-snapshot-004000.pkl,ec341bbc9cf1e60f0bb768e03eb2812ca75a4407c430571813b98618a9a2bc02,4000,20059,96d39c5f1acf7bf63a6cec4d66c24ae95df831d9ab19abf34bce3c8373dd8e28,8.1485902338770551,21.698801770173294,46712,40349,0.37553180678750342,0,ok,
edm_1k,/mnt/pixstor/data/xggh8/zw-lab/exp_004_standard_edm_n1000_40000kimg_20260415/network-snapshot-004000.pkl,ec341bbc9cf1e60f0bb768e03eb2812ca75a4407c430571813b98618a9a2bc02,4000,20060,343f1ba2f18b11178701ad315f7d11ab68afaf95618d387d79c6092d1170b142,6.5489097757286467,22.972813072941715,17447,1101,0.28507217444093563,1,ok,
edm_1k,/mnt/pixstor/data/xggh8/zw-lab/exp_004_standard_edm_n1000_40000kimg_20260415/network-snapshot-004000.pkl,ec341bbc9cf1e60f0bb768e03eb2812ca75a4407c430571813b98618a9a2bc02,4000,20061,e90f4d347107bd3e37d556324dbcd5708af621b3b38627256eda2b58f33edf2b,3.5341313411516517,21.985165198000907,38324,1877,0.16075072938151075,1,ok,
edm_1k,/mnt/pixstor/data/xggh8/zw-lab/exp_004_standard_edm_n1000_40000kimg_20260415/network-snapshot-004000.pkl,ec341bbc9cf1e60f0bb768e03eb2812ca75a4407c430571813b98618a9a2bc02,4000,20062,e275f2ca40c726a53a2518d2f9b6a8a9f290b00fa776e1e4eb40e948a6938cf1,16.067070481458035,16.142096932611818,31189,37719,0.99535212485298574,0,ok,
edm_1k,/mnt/pixstor/data/xggh8/zw-lab/exp_004_standard_edm_n1000_40000kimg_20260415/network-snapshot-004000.pkl,ec341bbc9cf1e60f0bb768e03eb2812ca75a4407c430571813b98618a9a2bc02,4000,20063,8cc5494d9ad63a2a74a320e6a4083e7a23220aa80e70034ce378babe90962d1f,3.2759769194290782,23.727373301691777,41185,43460,0.13806740753707866,1,ok,
edm_1k,/mnt/pixstor/data/xggh8/zw-lab/exp_004_standard_edm_n1000_40000kimg_20260415/network-snapshot-004000.pkl,ec341bbc9cf1e60f0bb768e03eb2812ca75a4407c430571813b98618a9a2bc02,4000,20064,ff1032259be87123b73e32a61a28f38a1ad42a74d75807fa830ec3c8a75fcc48,5.4367667813737794,11.784409651837725,12300,20770,0.46135249384562427,0,ok,
edm_1k,/mnt/pixstor/data/xggh8/zw-lab/exp_004_standard_edm_n1000_40000kimg_20260415/network-snapshot-004000.pkl,ec341bbc9cf1e60f0bb768e03eb2812ca75a4407c430571813b98618a9a2bc02,4000,20065,81ab45e771ef428f1d5e16eb316a31840bd82de9732be300f8da5518df577c46,11.470856992083135,11.785116503977029,24323,40529,0.97333420405408433,0,ok,
edm_1k,/mnt/pixstor/data/xggh8/zw-lab/exp_004_standard_edm_n1000_40000kimg_20260415/network-snapshot-004000.pkl,ec341bbc9cf1e60f0bb768e03eb2812ca75a4407c430571813b98618a9a2bc02,4000,20066,7baa8eee1088c75ccb86661bf598e5fa1d03db5f15f496d8710f7f7ba29de747,15.259535821679085,17.424186431535603,46512,32024,0.87576747882249639,0,ok,
edm_1k,/mnt/pixstor/data/xggh8/zw-lab/exp_004_standard_edm_n1000_40000kimg_20260415/network-snapshot-004000.pkl,ec341bbc9cf1e60f0bb768e03eb2812ca75a4407c430571813b98618a9a2bc02,4000,20067,a96dbe0440f4b1b18cee240e8cb0cd503b1b9361c0fa90161f56c72d7205b767,13.738073053788373,13.840509455987045,43460,45385,0.99259879829391973,0,ok,
edm_1k,/mnt/pixstor/data/xggh8/zw-lab/exp_004_standard_edm_n1000_40000kimg_20260415/network-snapshot-004000.pkl,ec341bbc9cf1e60f0bb768e03eb2812ca75a4407c430571813b98618a9a2bc02,4000,20068,737f90429df4cebe2014331ee4b6d75a939d3686a91b32b8158a7d3282ae5010,6.5407373565999709,22.687252912197259,14959,2567,0.28830010323036948,1,ok,
edm_1k,/mnt/pixstor/data/xggh8/zw-lab/exp_004_standard_edm_n1000_40000kimg_20260415/network-snapshot-004000.pkl,ec341bbc9cf1e60f0bb768e03eb2812ca75a4407c430571813b98618a9a2bc02,4000,20069,9476aaef89fb5c24d17913e4de9b67253128f1282d9e42ef733af4e489b5952e,18.679513845801047,18.701953923720932,45591,33602,0.99880012120597605,0,ok,
edm_1k,/mnt/pixstor/data/xggh8/zw-lab/exp_004_standard_edm_n1000_40000kimg_20260415/network-snapshot-004000.pkl,ec341bbc9cf1e60f0bb768e03eb2812ca75a4407c430571813b98618a9a2bc02,4000,20070,b0b5a34257bcfe3ede75f03645981880ce46dbfd38cb1c86166f55f7cd1caa7e,2.8642875790197246,26.924535458737175,27792,16275,0.10638206120248013,1,ok,
edm_1k,/mnt/pixstor/data/xggh8/zw-lab/exp_004_standard_edm_n1000_40000kimg_20260415/network-snapshot-004000.pkl,ec341bbc9cf1e60f0bb768e03eb2812ca75a4407c430571813b98618a9a2bc02,4000,20071,6403aef42d3bd0bbc2ee55610c94f0a90d1478f622a18325c57ce1687f7d49cb,5.1175042508719679,17.598475205724348,46008,47886,0.29079248008983022,1,ok,
edm_1k,/mnt/pixstor/data/xggh8/zw-lab/exp_004_standard_edm_n1000_40000kimg_20260415/network-snapshot-004000.pkl,ec341bbc9cf1e60f0bb768e03eb2812ca75a4407c430571813b98618a9a2bc02,4000,20072,4f410a7376d4e8754447a3e01f667e242a5ebed132100861e8e9df877066998c,8.6871014880589357,9.4840220297344384,32024,5111,0.91597230171155375,0,ok,
edm_1k,/mnt/pixstor/data/xggh8/zw-lab/exp_004_standard_edm_n1000_40000kimg_20260415/network-snapshot-004000.pkl,ec341bbc9cf1e60f0bb768e03eb2812ca75a4407c430571813b98618a9a2bc02,4000,20073,0acaf35dca2b6197ae4b11a26c3267664595eba23db7c7ba43e29322e2da2591,18.716628333180939,20.468991672115219,28921,11710,0.91438936675510429,0,ok,
edm_1k,/mnt/pixstor/data/xggh8/zw-lab/exp_004_standard_edm_n1000_40000kimg_20260415/network-snapshot-004000.pkl,ec341bbc9cf1e60f0bb768e03eb2812ca75a4407c430571813b98618a9a2bc02,4000,20074,3fd0f23d1e60f6fa8a81d766171d0c14e4c88828134e2f9d39db59b896ec7ba9,15.388973955949474,20.082512530571762,41603,49529,0.76628728265562995,0,ok,
edm_1k,/mnt/pixstor/data/xggh8/zw-lab/exp_004_standard_edm_n1000_40000kimg_20260415/network-snapshot-004000.pkl,ec341bbc9cf1e60f0bb768e03eb2812ca75a4407c430571813b98618a9a2bc02,4000,20075,d5fa248a0e703d5d2a13c0b407ab159fc3c72e81e33635a59c3069448f0e6828,6.5526707496003569,23.403243198439096,36811,38324,0.2799898584157513,1,ok,
edm_1k,/mnt/pixstor/data/xggh8/zw-lab/exp_004_standard_edm_n1000_40000kimg_20260415/network-snapshot-004000.pkl,ec341bbc9cf1e60f0bb768e03eb2812ca75a4407c430571813b98618a9a2bc02,4000,20076,c1596ab46821cf3162056f1edfbf9854299fc2b060cd880babcdddb8780447a6,2.9768560539371918,16.209393087913522,17330,43682,0.18365006251571961,1,ok,
edm_1k,/mnt/pixstor/data/xggh8/zw-lab/exp_004_standard_edm_n1000_40000kimg_20260415/network-snapshot-004000.pkl,ec341bbc9cf1e60f0bb768e03eb2812ca75a4407c430571813b98618a9a2bc02,4000,20077,9b51f2244db2bb618b42a4329eb3c5c741b3c9e5a5efdd6bccb7d80fac31e3a3,10.675242246589958,21.120327591808209,21987,34360,0.50544870576394318,0,ok,
edm_1k,/mnt/pixstor/data/xggh8/zw-lab/exp_004_standard_edm_n1000_40000kimg_20260415/network-snapshot-004000.pkl,ec341bbc9cf1e60f0bb768e03eb2812ca75a4407c430571813b98618a9a2bc02,4000,20078,f04a167f9bade681461506ec4d38b1cdbdad706f9136784f98e029efd14c0b1b,13.157626337825446,13.931383421156461,21934,20521,0.94445942230288682,0,ok,
edm_1k,/mnt/pixstor/data/xggh8/zw-lab/exp_004_standard_edm_n1000_40000kimg_20260415/network-snapshot-004000.pkl,ec341bbc9cf1e60f0bb768e03eb2812ca75a4407c430571813b98618a9a2bc02,4000,20079,65f453c5323c1186f2ded5896a66d36a1d56a1bb143843f10f1ebe242dcc2cb5,2.6959652851042377,17.835679196469503,19923,7496,0.15115573987436895,1,ok,
edm_1k,/mnt/pixstor/data/xggh8/zw-lab/exp_004_standard_edm_n1000_40000kimg_20260415/network-snapshot-004000.pkl,ec341bbc9cf1e60f0bb768e03eb2812ca75a4407c430571813b98618a9a2bc02,4000,20080,130b9e63b722be07af3922345a2c191025807e14a3b0835b1107c75a5ead0dbe,10.450659158679462,22.509099196668281,34696,22857,0.46428597907757824,0,ok,
edm_1k,/mnt/pixstor/data/xggh8/zw-lab/exp_004_standard_edm_n1000_40000kimg_20260415/network-snapshot-004000.pkl,ec341bbc9cf1e60f0bb768e03eb2812ca75a4407c430571813b98618a9a2bc02,4000,20081,b31f51f8efb81751df8c2e75cd743b7eb0cb7a822f2939f175fda61dc204f3a5,5.2283347168877228,23.41236302315264,41057,43106,0.22331512251528768,1,ok,
edm_1k,/mnt/pixstor/data/xggh8/zw-lab/exp_004_standard_edm_n1000_40000kimg_20260415/network-snapshot-004000.pkl,ec341bbc9cf1e60f0bb768e03eb2812ca75a4407c430571813b98618a9a2bc02,4000,20082,0fa39400873bc339b7e6bd55d3d477e512a7e536dc4f4cd03953b7642af2c535,3.5212571965767601,28.400465303073844,28900,1678,0.12398589808300242,1,ok,
edm_1k,/mnt/pixstor/data/xggh8/zw-lab/exp_004_standard_edm_n1000_40000kimg_20260415/network-snapshot-004000.pkl,ec341bbc9cf1e60f0bb768e03eb2812ca75a4407c430571813b98618a9a2bc02,4000,20083,e03ad51ee7640546f5d52f18f17ec7d77055b77ecba63453afb7b380d7556556,10.616971747412475,11.121693782699214,34315,26140,0.95461824024755293,0,ok,
edm_1k,/mnt/pixstor/data/xggh8/zw-lab/exp_004_standard_edm_n1000_40000kimg_20260415/network-snapshot-004000.pkl,ec341bbc9cf1e60f0bb768e03eb2812ca75a4407c430571813b98618a9a2bc02,4000,20084,e6490e88484852063c9c482d4be409c963034cfeb854525ec5c52d90940f19e0,14.119289317053886,15.508733181216888,38291,19974,0.91040893876194862,0,ok,
edm_1k,/mnt/pixstor/data/xggh8/zw-lab/exp_004_standard_edm_n1000_40000kimg_20260415/network-snapshot-004000.pkl,ec341bbc9cf1e60f0bb768e03eb2812ca75a4407c430571813b98618a9a2bc02,4000,20085,21fe37bdc595e05fb6395bff7db9c2d10b90de9cd26294c88ce005a8ecf54f04,12.422967192895108,19.226345053826229,14501,18459,0.64614294386768101,0,ok,
edm_1k,/mnt/pixstor/data/xggh8/zw-lab/exp_004_standard_edm_n1000_40000kimg_20260415/network-snapshot-004000.pkl,ec341bbc9cf1e60f0bb768e03eb2812ca75a4407c430571813b98618a9a2bc02,4000,20086,03ad562d40065649e677fad2fab3814f91322402802cb870ea0010d7140890b4,16.198588887014147,19.438651413601686,38154,38010,0.83331855396509702,0,ok,
edm_1k,/mnt/pixstor/data/xggh8/zw-lab/exp_004_standard_edm_n1000_40000kimg_20260415/network-snapshot-004000.pkl,ec341bbc9cf1e60f0bb768e03eb2812ca75a4407c430571813b98618a9a2bc02,4000,20087,80c264fb1cadabc5e371ac4514016279adc5afaed46e8991db9f669397ec2149,3.9270129896305894,22.616383653690288,7840,49576,0.17363576112619683,1,ok,
edm_1k,/mnt/pixstor/data/xggh8/zw-lab/exp_004_standard_edm_n1000_40000kimg_20260415/network-snapshot-004000.pkl,ec341bbc9cf1e60f0bb768e03eb2812ca75a4407c430571813b98618a9a2bc02,4000,20088,6699dc0739a489007be611acc6516353d1783bfb4e0e0f6a80afb7ce5dc71970,6.9666654590357853,17.84351584205773,34675,47886,0.39043120877641924,0,ok,
edm_1k,/mnt/pixstor/data/xggh8/zw-lab/exp_004_standard_edm_n1000_40000kimg_20260415/network-snapshot-004000.pkl,ec341bbc9cf1e60f0bb768e03eb2812ca75a4407c430571813b98618a9a2bc02,4000,20089,2f971fea32243ae2cc304537a9334804d9f2c955af9de4a6e6e6387dc5b8c2e4,9.4482603629739312,18.804517951277532,41256,37719,0.50244629442000877,0,ok,
edm_1k,/mnt/pixstor/data/xggh8/zw-lab/exp_004_standard_edm_n1000_40000kimg_20260415/network-snapshot-004000.pkl,ec341bbc9cf1e60f0bb768e03eb2812ca75a4407c430571813b98618a9a2bc02,4000,20090,e169851308b77dd0a0d6d3a652cb7cdc67eb97149a595853d88e70bdb1f6b6f8,6.9998073971457204,17.449491527778047,37803,26590,0.40114678333191806,0,ok,
edm_1k,/mnt/pixstor/data/xggh8/zw-lab/exp_004_standard_edm_n1000_40000kimg_20260415/network-snapshot-004000.pkl,ec341bbc9cf1e60f0bb768e03eb2812ca75a4407c430571813b98618a9a2bc02,4000,20091,1908c86cca74018a7122074bf08d44324a87fe1184cf1ae30f6404032a53d680,5.9110533324621368,19.72703168425581,25361,19545,0.29964230944991904,1,ok,
edm_1k,/mnt/pixstor/data/xggh8/zw-lab/exp_004_standard_edm_n1000_40000kimg_20260415/network-snapshot-004000.pkl,ec341bbc9cf1e60f0bb768e03eb2812ca75a4407c430571813b98618a9a2bc02,4000,20092,d2d6018db23c3c13b7795858cf3bc8dcd9fd6e5014d2682f5f388ed6559e1c14,4.3968915385865062,23.285540358489314,35231,271,0.18882497339098733,1,ok,
edm_1k,/mnt/pixstor/data/xggh8/zw-lab/exp_004_standard_edm_n1000_40000kimg_20260415/network-snapshot-004000.pkl,ec341bbc9cf1e60f0bb768e03eb2812ca75a4407c430571813b98618a9a2bc02,4000,20093,3d50e6b70d2377715c4133e16541eee010279ff70315281a2a304eb9d7c6d391,4.2054170048794788,23.204768866561778,25649,737,0.1812307215410153,1,ok,
edm_1k,/mnt/pixstor/data/xggh8/zw-lab/exp_004_standard_edm_n1000_40000kimg_20260415/network-snapshot-004000.pkl,ec341bbc9cf1e60f0bb768e03eb2812ca75a4407c430571813b98618a9a2bc02,4000,20094,b95ec305b9b032351be82b2835dddd4e0af2df8ff6d6ad93abaf9975ecee7b0f,23.165297229751193,23.315694766596554,4390,21934,0.99354951510770206,0,ok,
edm_1k,/mnt/pixstor/data/xggh8/zw-lab/exp_004_standard_edm_n1000_40000kimg_20260415/network-snapshot-004000.pkl,ec341bbc9cf1e60f0bb768e03eb2812ca75a4407c430571813b98618a9a2bc02,4000,20095,d9e9a79af23938ec677acd247a658f80c768349ff5699bc175b97df215ed22b0,13.405074609056035,16.364218964206927,38154,1787,0.81916983868137194,0,ok,
edm_1k,/mnt/pixstor/data/xggh8/zw-lab/exp_004_standard_edm_n1000_40000kimg_20260415/network-snapshot-004000.pkl,ec341bbc9cf1e60f0bb768e03eb2812ca75a4407c430571813b98618a9a2bc02,4000,20096,f37f50094d294d5cf98eed6d1229589a51f862cfc2d9658032a9a3ed7dac0a47,24.307824279034708,25.855522448867937,41018,22518,0.94014051841752699,0,ok,
edm_1k,/mnt/pixstor/data/xggh8/zw-lab/exp_004_standard_edm_n1000_40000kimg_20260415/network-snapshot-004000.pkl,ec341bbc9cf1e60f0bb768e03eb2812ca75a4407c430571813b98618a9a2bc02,4000,20097,5f7495f07d47e10ada94686c1ce2bee891761207c4e97f5f678529e789a81f49,5.3038458127924315,20.330799557875402,34675,47045,0.26087738446754383,1,ok,
edm_1k,/mnt/pixstor/data/xggh8/zw-lab/exp_004_standard_edm_n1000_40000kimg_20260415/network-snapshot-004000.pkl,ec341bbc9cf1e60f0bb768e03eb2812ca75a4407c430571813b98618a9a2bc02,4000,20098,9b400101e40587fed11c1798b2d6e03e517f6562c36cbb33a4fc27aa9cdf0299,5.5568803209595359,17.792279831652461,737,12277,0.3123197461785559,1,ok,
edm_1k,/mnt/pixstor/data/xggh8/zw-lab/exp_004_standard_edm_n1000_40000kimg_20260415/network-snapshot-004000.pkl,ec341bbc9cf1e60f0bb768e03eb2812ca75a4407c430571813b98618a9a2bc02,4000,20099,46fcfaa5e03e2020f2a1c0e64654a45d7919f5550d2605ba992de9df762bbb53,9.0859256582017505,24.22788855692226,29984,25744,0.3750192938544688,0,ok,
edm_1k,/mnt/pixstor/data/xggh8/zw-lab/exp_004_standard_edm_n1000_40000kimg_20260415/network-snapshot-004000.pkl,ec341bbc9cf1e60f0bb768e03eb2812ca75a4407c430571813b98618a9a2bc02,4000,20100,a60da96db8c17ae5407c2cbcb3f3e92e90ce3eb3c934a95ce692167aca5f197f,17.075155463254035,17.308577647223757,1220,26560,0.98651407477106234,0,ok,
edm_1k,/mnt/pixstor/data/xggh8/zw-lab/exp_004_standard_edm_n1000_40000kimg_20260415/network-snapshot-004000.pkl,ec341bbc9cf1e60f0bb768e03eb2812ca75a4407c430571813b98618a9a2bc02,4000,20101,56a235acfef3c79260595f9f00a5565d74089a3eac875e3716f32c5489c45023,16.273501226688875,16.45329244857545,17844,21934,0.98907262953913266,0,ok,
edm_1k,/mnt/pixstor/data/xggh8/zw-lab/exp_004_standard_edm_n1000_40000kimg_20260415/network-snapshot-004000.pkl,ec341bbc9cf1e60f0bb768e03eb2812ca75a4407c430571813b98618a9a2bc02,4000,20102,79069d50aa36881c947ce5befaf43f98adbf6f3bfb9188e85038eef9eb7ad18b,7.7403549659632773,19.757923076352629,41731,42837,0.39175954557831844,0,ok,
edm_1k,/mnt/pixstor/data/xggh8/zw-lab/exp_004_standard_edm_n1000_40000kimg_20260415/network-snapshot-004000.pkl,ec341bbc9cf1e60f0bb768e03eb2812ca75a4407c430571813b98618a9a2bc02,4000,20103,057b0cc8b3d7b8124171ad773ef94b4f7a2a801492fd78ebe2ce3939617a0b96,12.501213973920054,22.648917429888058,32824,1101,0.55195635785325214,0,ok,
edm_1k,/mnt/pixstor/data/xggh8/zw-lab/exp_004_standard_edm_n1000_40000kimg_20260415/network-snapshot-004000.pkl,ec341bbc9cf1e60f0bb768e03eb2812ca75a4407c430571813b98618a9a2bc02,4000,20104,778645ef9426e1670e753c622424a5868af162d834c3f8d2148cfa480c3d5175,7.3225046361103487,25.216913849351858,16924,45385,0.29038068178587034,1,ok,
edm_1k,/mnt/pixstor/data/xggh8/zw-lab/exp_004_standard_edm_n1000_40000kimg_20260415/network-snapshot-004000.pkl,ec341bbc9cf1e60f0bb768e03eb2812ca75a4407c430571813b98618a9a2bc02,4000,20105,93683f9fb6214a386de5a44b7eb7a122be1270534096babdfeadb63ce78d8e20,6.081023532734843,22.561509417692029,48840,2616,0.26953088200589514,1,ok,
edm_1k,/mnt/pixstor/data/xggh8/zw-lab/exp_004_standard_edm_n1000_40000kimg_20260415/network-snapshot-004000.pkl,ec341bbc9cf1e60f0bb768e03eb2812ca75a4407c430571813b98618a9a2bc02,4000,20106,5b905d8a49afa0010fe6fe83d79b9f972044070d8fc577203874af9ef63d401d,3.3165890972329102,24.820465098474227,27828,48529,0.13362316475837469,1,ok,
edm_1k,/mnt/pixstor/data/xggh8/zw-lab/exp_004_standard_edm_n1000_40000kimg_20260415/network-snapshot-004000.pkl,ec341bbc9cf1e60f0bb768e03eb2812ca75a4407c430571813b98618a9a2bc02,4000,20107,434c603a25550b8b8eb452b5bbbf825e68be06d4f6d57368ce5d016829a329da,17.938664561102296,17.965664557408914,45635,11830,0.99849713345029123,0,ok,
edm_1k,/mnt/pixstor/data/xggh8/zw-lab/exp_004_standard_edm_n1000_40000kimg_20260415/network-snapshot-004000.pkl,ec341bbc9cf1e60f0bb768e03eb2812ca75a4407c430571813b98618a9a2bc02,4000,20108,34a94676c7e24840a974f0c1dd86bbaac27d34f052a8b8dc95ff535625fea3c6,4.7840080952334949,20.082370368081278,832,8275,0.23821929421425023,1,ok,
edm_1k,/mnt/pixstor/data/xggh8/zw-lab/exp_004_standard_edm_n1000_40000kimg_20260415/network-snapshot-004000.pkl,ec341bbc9cf1e60f0bb768e03eb2812ca75a4407c430571813b98618a9a2bc02,4000,20109,84f43689033847a83f085c6c36d9dbe33ab12aef60aa418aa5f7182594c92c12,9.0710731599641505,15.560198336321086,35845,10551,0.58296642265736276,0,ok,
edm_1k,/mnt/pixstor/data/xggh8/zw-lab/exp_004_standard_edm_n1000_40000kimg_20260415/network-snapshot-004000.pkl,ec341bbc9cf1e60f0bb768e03eb2812ca75a4407c430571813b98618a9a2bc02,4000,20110,147895d2622e8e8083b3ffc20a3ed84808e286b3a684f591f9c229f4181cbc90,12.042756509989614,23.89583257448065,1604,49860,0.50396890221144974,0,ok,
edm_1k,/mnt/pixstor/data/xggh8/zw-lab/exp_004_standard_edm_n1000_40000kimg_20260415/network-snapshot-004000.pkl,ec341bbc9cf1e60f0bb768e03eb2812ca75a4407c430571813b98618a9a2bc02,4000,20111,074a7d2d95ba0e2ebdba7c1d0d62024b750ca3f1f94c9a0bfdfb9c683e7925a4,14.384144765899583,19.985471164293216,20531,37875,0.71973008029947427,0,ok,
edm_1k,/mnt/pixstor/data/xggh8/zw-lab/exp_004_standard_edm_n1000_40000kimg_20260415/network-snapshot-004000.pkl,ec341bbc9cf1e60f0bb768e03eb2812ca75a4407c430571813b98618a9a2bc02,4000,20112,501147affc6c92a831afb81666f5f8038a88d732b91a2409b22eec8ffc746c22,2.7260987231927638,19.511404434962422,13919,2166,0.13971822132433873,1,ok,
edm_1k,/mnt/pixstor/data/xggh8/zw-lab/exp_004_standard_edm_n1000_40000kimg_20260415/network-snapshot-004000.pkl,ec341bbc9cf1e60f0bb768e03eb2812ca75a4407c430571813b98618a9a2bc02,4000,20113,5d378efcf1a745d0ddd1971ba00d9b0321ae725b3a49006400f7d8673f3e0401,5.168589772372651,21.534428299481224,35674,19545,0.24001518408070138,1,ok,
edm_1k,/mnt/pixstor/data/xggh8/zw-lab/exp_004_standard_edm_n1000_40000kimg_20260415/network-snapshot-004000.pkl,ec341bbc9cf1e60f0bb768e03eb2812ca75a4407c430571813b98618a9a2bc02,4000,20114,4bfa5921b345059a19561443502b3dbae1a3c0502e830748c0778c35206dc627,10.394292499532449,12.629768866480511,31572,39006,0.82299942377559809,0,ok,
edm_1k,/mnt/pixstor/data/xggh8/zw-lab/exp_004_standard_edm_n1000_40000kimg_20260415/network-snapshot-004000.pkl,ec341bbc9cf1e60f0bb768e03eb2812ca75a4407c430571813b98618a9a2bc02,4000,20115,da611fbf49efeaba540d78ff134e1f0d22ce9e7e61495414fc273728af31f8f1,11.077769226668202,17.04718403779254,4937,21934,0.64982986058632797,0,ok,
edm_1k,/mnt/pixstor/data/xggh8/zw-lab/exp_004_standard_edm_n1000_40000kimg_20260415/network-snapshot-004000.pkl,ec341bbc9cf1e60f0bb768e03eb2812ca75a4407c430571813b98618a9a2bc02,4000,20116,a771fc82c898f6332c824105ac2b2a8e8fe3b6f60192c8e73083a6c904c5d87e,12.840635979017536,14.860130786494617,12277,737,0.86409979585694729,0,ok,
edm_1k,/mnt/pixstor/data/xggh8/zw-lab/exp_004_standard_edm_n1000_40000kimg_20260415/network-snapshot-004000.pkl,ec341bbc9cf1e60f0bb768e03eb2812ca75a4407c430571813b98618a9a2bc02,4000,20117,807d6e0a8a719388faf525253603354c005db8260c01c112713172731fe25e08,4.4570336282854441,25.637328629405634,17938,832,0.17384937770674333,1,ok,
edm_1k,/mnt/pixstor/data/xggh8/zw-lab/exp_004_standard_edm_n1000_40000kimg_20260415/network-snapshot-004000.pkl,ec341bbc9cf1e60f0bb768e03eb2812ca75a4407c430571813b98618a9a2bc02,4000,20118,c6ee605367ae1717f6509fb9b0359eb6b0950c93b7beb7d529f8da112441b234,16.408264401505271,17.829700579443077,38241,2567,0.92027705840575558,0,ok,
edm_1k,/mnt/pixstor/data/xggh8/zw-lab/exp_004_standard_edm_n1000_40000kimg_20260415/network-snapshot-004000.pkl,ec341bbc9cf1e60f0bb768e03eb2812ca75a4407c430571813b98618a9a2bc02,4000,20119,4375608b4784a4fa1a4dcb65dc8b1951048ca5fbd27586429203c6ad980881cc,4.4781149734811043,19.097884630230457,6525,14410,0.23448225079298043,1,ok,
edm_1k,/mnt/pixstor/data/xggh8/zw-lab/exp_004_standard_edm_n1000_40000kimg_20260415/network-snapshot-004000.pkl,ec341bbc9cf1e60f0bb768e03eb2812ca75a4407c430571813b98618a9a2bc02,4000,20120,cc81bce6061b9e1c47c1ec4e1ea1b38ec7ec70c57cc0b542b241ca8a4af0ea32,19.028881744264485,19.403546321921581,32953,49576,0.9806909226055337,0,ok,
edm_1k,/mnt/pixstor/data/xggh8/zw-lab/exp_004_standard_edm_n1000_40000kimg_20260415/network-snapshot-004000.pkl,ec341bbc9cf1e60f0bb768e03eb2812ca75a4407c430571813b98618a9a2bc02,4000,20121,01386cc87930cbb3a4538225c5eba7cd806ed6a63662ebfc90b4e29da32416cd,4.1252353852749248,23.619022678420293,42460,338,0.17465732775827253,1,ok,
edm_1k,/mnt/pixstor/data/xggh8/zw-lab/exp_004_standard_edm_n1000_40000kimg_20260415/network-snapshot-004000.pkl,ec341bbc9cf1e60f0bb768e03eb2812ca75a4407c430571813b98618a9a2bc02,4000,20122,1586657a4262ad545e3b1fa10db7df7bd340a940bda986146bb1083afb899794,9.9511115064869067,15.341392049193818,32014,40136,0.64864462589689387,0,ok,
edm_1k,/mnt/pixstor/data/xggh8/zw-lab/exp_004_standard_edm_n1000_40000kimg_20260415/network-snapshot-004000.pkl,ec341bbc9cf1e60f0bb768e03eb2812ca75a4407c430571813b98618a9a2bc02,4000,20123,83d8825b045257cfa17c5a09e8b7be65499b0271b6d362af5ab0d6bd5b7ecb8e,20.555509939625459,20.690876940105703,20087,42837,0.99345764798311387,0,ok,
edm_1k,/mnt/pixstor/data/xggh8/zw-lab/exp_004_standard_edm_n1000_40000kimg_20260415/network-snapshot-004000.pkl,ec341bbc9cf1e60f0bb768e03eb2812ca75a4407c430571813b98618a9a2bc02,4000,20124,07306b7e2c6dd28f414d33b18c5ca0835c868d9c748464ccc61c0f24a67fd065,2.6064371028173801,26.154058772299212,40596,6610,0.099657079060247414,1,ok,
edm_1k,/mnt/pixstor/data/xggh8/zw-lab/exp_004_standard_edm_n1000_40000kimg_20260415/network-snapshot-004000.pkl,ec341bbc9cf1e60f0bb768e03eb2812ca75a4407c430571813b98618a9a2bc02,4000,20125,8d91ada7802a6a136b97434184f688a6f04f13d8fbc6f32e789f917f24dce5ff,17.658282053475926,22.166080249234003,39118,25388,0.79663530290097839,0,ok,
edm_1k,/mnt/pixstor/data/xggh8/zw-lab/exp_004_standard_edm_n1000_40000kimg_20260415/network-snapshot-004000.pkl,ec341bbc9cf1e60f0bb768e03eb2812ca75a4407c430571813b98618a9a2bc02,4000,20126,1cfe5c8563db37624d064e8ce3c715da01f292b666f47ae94b0d1417e37bfbc4,9.4859276342224952,21.792752190018781,44278,30132,0.43527901164163701,0,ok,
edm_1k,/mnt/pixstor/data/xggh8/zw-lab/exp_004_standard_edm_n1000_40000kimg_20260415/network-snapshot-004000.pkl,ec341bbc9cf1e60f0bb768e03eb2812ca75a4407c430571813b98618a9a2bc02,4000,20127,58a8a3f108b775595b2dbff7ebdf0acc81f876902738af1c7e380726935c95b7,13.918210088878185,14.455382091054405,20051,2595,0.96283930796207429,0,ok,
edm_1k,/mnt/pixstor/data/xggh8/zw-lab/exp_004_standard_edm_n1000_40000kimg_20260415/network-snapshot-006000.pkl,89bead0217ff5f41f79a7ccd7607a4d97152b82fee36febce35eafc0745ad807,6000,20000,3b3ac88dcb2e78893e75eeb2137feef4fe1aa35b7571791fb0a3acfbf6b96cc9,11.144559182824883,15.871329918761278,15768,47550,0.70218181084189135,0,ok,
edm_1k,/mnt/pixstor/data/xggh8/zw-lab/exp_004_standard_edm_n1000_40000kimg_20260415/network-snapshot-006000.pkl,89bead0217ff5f41f79a7ccd7607a4d97152b82fee36febce35eafc0745ad807,6000,20001,8ef2e4cc00d59055ef045ad9f4be73d274cd060c4198af078900d6c1aad126f2,3.170615119566365,19.212840548005993,24026,30132,0.16502583840448454,1,ok,
edm_1k,/mnt/pixstor/data/xggh8/zw-lab/exp_004_standard_edm_n1000_40000kimg_20260415/network-snapshot-006000.pkl,89bead0217ff5f41f79a7ccd7607a4d97152b82fee36febce35eafc0745ad807,6000,20002,99ce0444e7ec5a14b15c605b12220f45510a9c3d746a190caaa2de964ea26a77,12.140228085373687,16.104882999856965,38615,28096,0.75382280551069569,0,ok,
edm_1k,/mnt/pixstor/data/xggh8/zw-lab/exp_004_standard_edm_n1000_40000kimg_20260415/network-snapshot-006000.pkl,89bead0217ff5f41f79a7ccd7607a4d97152b82fee36febce35eafc0745ad807,6000,20003,35520c66280bc0ff3aaaa06754afc4591e67858835f35068c870879d22f24219,5.2827722129914489,21.98807141283401,41268,13805,0.24025627867972074,1,ok,
edm_1k,/mnt/pixstor/data/xggh8/zw-lab/exp_004_standard_edm_n1000_40000kimg_20260415/network-snapshot-006000.pkl,89bead0217ff5f41f79a7ccd7607a4d97152b82fee36febce35eafc0745ad807,6000,20004,c7e7ded40ab03bd237a15c62f65f41de98387ba0dae77cac2a557c86f97c345c,2.9193551490705651,24.378514995814825,6655,47886,0.11975114766308549,1,ok,
edm_1k,/mnt/pixstor/data/xggh8/zw-lab/exp_004_standard_edm_n1000_40000kimg_20260415/network-snapshot-006000.pkl,89bead0217ff5f41f79a7ccd7607a4d97152b82fee36febce35eafc0745ad807,6000,20005,33e9f651e1f228a9c22d94473aecd887d40620bbd619fae357f02a173d3e097e,4.2740191210025849,24.080221832824257,7672,4706,0.1774908533100214,1,ok,
edm_1k,/mnt/pixstor/data/xggh8/zw-lab/exp_004_standard_edm_n1000_40000kimg_20260415/network-snapshot-006000.pkl,89bead0217ff5f41f79a7ccd7607a4d97152b82fee36febce35eafc0745ad807,6000,20006,308d51e5b75f947bc4db978671feb8eb0d04791e41a5ddb437bdcf208c2ac927,4.4639205038332674,27.858520041072914,32104,39774,0.16023537852161326,1,ok,
edm_1k,/mnt/pixstor/data/xggh8/zw-lab/exp_004_standard_edm_n1000_40000kimg_20260415/network-snapshot-006000.pkl,89bead0217ff5f41f79a7ccd7607a4d97152b82fee36febce35eafc0745ad807,6000,20007,8fcce8c4b652e34b9bcce89e9afb7e70a66f935aa2710dfee7055f6b1b334aae,21.552407260944467,22.549932239514927,43052,34035,0.95576372611787863,0,ok,
edm_1k,/mnt/pixstor/data/xggh8/zw-lab/exp_004_standard_edm_n1000_40000kimg_20260415/network-snapshot-006000.pkl,89bead0217ff5f41f79a7ccd7607a4d97152b82fee36febce35eafc0745ad807,6000,20008,05f366223f2efa19c2b12151a406f4fa92785b22654da723ba656bca60931ac5,27.558314356539686,30.655285317801624,31291,5893,0.89897432272589162,0,ok,
edm_1k,/mnt/pixstor/data/xggh8/zw-lab/exp_004_standard_edm_n1000_40000kimg_20260415/network-snapshot-006000.pkl,89bead0217ff5f41f79a7ccd7607a4d97152b82fee36febce35eafc0745ad807,6000,20009,6aa5673b3e7867f5b601338115a4294e922b5c508272cac928a9a75085299383,6.4107354267219678,23.079460448452824,48389,40136,0.27776799379864719,1,ok,
edm_1k,/mnt/pixstor/data/xggh8/zw-lab/exp_004_standard_edm_n1000_40000kimg_20260415/network-snapshot-006000.pkl,89bead0217ff5f41f79a7ccd7607a4d97152b82fee36febce35eafc0745ad807,6000,20010,8131db3f560951999841a65446bc18b6e82600160bea0e0eec9d0974583f1d37,5.6606985951823772,14.537019710065625,9692,29779,0.38939883883233883,0,ok,
edm_1k,/mnt/pixstor/data/xggh8/zw-lab/exp_004_standard_edm_n1000_40000kimg_20260415/network-snapshot-006000.pkl,89bead0217ff5f41f79a7ccd7607a4d97152b82fee36febce35eafc0745ad807,6000,20011,a54b17e6da28b968ac53a9109268c4da22f8c9c50c20cab5b538d88ae15b835d,6.9886457537989779,23.114198314417152,41057,43106,0.30235293730433688,1,ok,
edm_1k,/mnt/pixstor/data/xggh8/zw-lab/exp_004_standard_edm_n1000_40000kimg_20260415/network-snapshot-006000.pkl,89bead0217ff5f41f79a7ccd7607a4d97152b82fee36febce35eafc0745ad807,6000,20012,339f9bfbf674496b2f6f6bd2a45e9bce17f8732c0af90690ccc9b35e26d83819,11.675822805256512,16.952499785250531,33342,1276,0.68873752857469583,0,ok,
edm_1k,/mnt/pixstor/data/xggh8/zw-lab/exp_004_standard_edm_n1000_40000kimg_20260415/network-snapshot-006000.pkl,89bead0217ff5f41f79a7ccd7607a4d97152b82fee36febce35eafc0745ad807,6000,20013,787883335858c0a7744421da040f48f704bac76965a0813ca4a49edfd264e70f,3.2589762522999166,23.645102927761499,29119,14410,0.13782880380163548,1,ok,
edm_1k,/mnt/pixstor/data/xggh8/zw-lab/exp_004_standard_edm_n1000_40000kimg_20260415/network-snapshot-006000.pkl,89bead0217ff5f41f79a7ccd7607a4d97152b82fee36febce35eafc0745ad807,6000,20014,352630ba7957415788c4297847f39ea1be88f2c47276bffeadd4562291106cd3,21.122551335747143,21.850937184366476,22857,37887,0.96666569298728,0,ok,
edm_1k,/mnt/pixstor/data/xggh8/zw-lab/exp_004_standard_edm_n1000_40000kimg_20260415/network-snapshot-006000.pkl,89bead0217ff5f41f79a7ccd7607a4d97152b82fee36febce35eafc0745ad807,6000,20015,eacfc6fe94e4644258fb04a19de119d92bc5f8b1016bf5149bff476800d7ffff,6.2308863667990453,27.355356259891682,49260,24779,0.22777573458016875,1,ok,
edm_1k,/mnt/pixstor/data/xggh8/zw-lab/exp_004_standard_edm_n1000_40000kimg_20260415/network-snapshot-006000.pkl,89bead0217ff5f41f79a7ccd7607a4d97152b82fee36febce35eafc0745ad807,6000,20016,15da5e5acb156a1b20aad57d2b5ae798df21316827cb13b6ccc48ce15dd8f904,7.9075693121256041,14.586872821221638,6206,36170,0.54210175196847654,0,ok,
edm_1k,/mnt/pixstor/data/xggh8/zw-lab/exp_004_standard_edm_n1000_40000kimg_20260415/network-snapshot-006000.pkl,89bead0217ff5f41f79a7ccd7607a4d97152b82fee36febce35eafc0745ad807,6000,20017,c0c8dda432bb100837b5fea28cfa12935a1f53277d1da3a4dd5f609d954a0ab1,2.7401260694251204,26.405970934382861,8463,37764,0.10376918448612087,1,ok,
edm_1k,/mnt/pixstor/data/xggh8/zw-lab/exp_004_standard_edm_n1000_40000kimg_20260415/network-snapshot-006000.pkl,89bead0217ff5f41f79a7ccd7607a4d97152b82fee36febce35eafc0745ad807,6000,20018,8f0f7a81d80f062afe1130f924550f543ffdc9b930105e596bd7821d60bdf2bc,4.481243769738307,18.963516176481512,13186,30132,0.23630869549898822,1,ok,
edm_1k,/mnt/pixstor/data/xggh8/zw-lab/exp_004_standard_edm_n1000_40000kimg_20260415/network-snapshot-006000.pkl,89bead0217ff5f41f79a7ccd7607a4d97152b82fee36febce35eafc0745ad807,6000,20019,17c0fbcf5979f42acc2dea4704f373ce2447d45e9d5cad036f4e0282cb64a463,3.5767024597579606,17.895516363257876,13535,35588,0.19986584277062025,1,ok,
edm_1k,/mnt/pixstor/data/xggh8/zw-lab/exp_004_standard_edm_n1000_40000kimg_20260415/network-snapshot-006000.pkl,89bead0217ff5f41f79a7ccd7607a4d97152b82fee36febce35eafc0745ad807,6000,20020,2289d89a656431e6c3d4a4cf1526d46a80c6dfb5290e56875a198190d6a8afa5,2.8749888678155378,21.698560801554855,3881,9692,0.13249675377592438,1,ok,
edm_1k,/mnt/pixstor/data/xggh8/zw-lab/exp_004_standard_edm_n1000_40000kimg_20260415/network-snapshot-006000.pkl,89bead0217ff5f41f79a7ccd7607a4d97152b82fee36febce35eafc0745ad807,6000,20021,af873a2bd25ff6e14c4514b6743df556a7a92bdcf82201dd579dcbb42e260cba,2.5840028168108091,24.768860916688627,49021,44238,0.10432465285756334,1,ok,
edm_1k,/mnt/pixstor/data/xggh8/zw-lab/exp_004_standard_edm_n1000_40000kimg_20260415/network-snapshot-006000.pkl,89bead0217ff5f41f79a7ccd7607a4d97152b82fee36febce35eafc0745ad807,6000,20022,ba10778c0f90dfeeac4ef5d3d830b3b871fa76807d0d69c508972e83a23eea22,3.6961529742293151,24.547749135168221,8643,20770,0.15056993428917026,1,ok,
edm_1k,/mnt/pixstor/data/xggh8/zw-lab/exp_004_standard_edm_n1000_40000kimg_20260415/network-snapshot-006000.pkl,89bead0217ff5f41f79a7ccd7607a4d97152b82fee36febce35eafc0745ad807,6000,20023,b0526ad56744e2edb543bfc31bc41a936e559c6e7582b0fa89cfda5f44bd0d63,5.4238206135427669,27.999959821989012,16924,43043,0.19370815701254385,1,ok,
edm_1k,/mnt/pixstor/data/xggh8/zw-lab/exp_004_standard_edm_n1000_40000kimg_20260415/network-snapshot-006000.pkl,89bead0217ff5f41f79a7ccd7607a4d97152b82fee36febce35eafc0745ad807,6000,20024,a74d0eff71bd74af965cadf7218ecc4516e1f0ca2c9b873548db06a908a2a8c7,11.398454185040432,21.158159379128989,48389,40136,0.53872617087307662,0,ok,
edm_1k,/mnt/pixstor/data/xggh8/zw-lab/exp_004_standard_edm_n1000_40000kimg_20260415/network-snapshot-006000.pkl,89bead0217ff5f41f79a7ccd7607a4d97152b82fee36febce35eafc0745ad807,6000,20025,28837830b87e5863d598681bd94682a8f79ac4f7bb6aceb44bec5926ac976358,7.8243523583396533,16.730170690875838,38456,30786,0.46767917093678152,0,ok,
edm_1k,/mnt/pixstor/data/xggh8/zw-lab/exp_004_standard_edm_n1000_40000kimg_20260415/network-snapshot-006000.pkl,89bead0217ff5f41f79a7ccd7607a4d97152b82fee36febce35eafc0745ad807,6000,20026,ad8fff8fe9271f87bec240c14ac0a4437cca0186d68b7e81ea5e81beecd80d64,4.3015445621779396,22.606980871134748,9866,5093,0.19027505648356066,1,ok,
edm_1k,/mnt/pixstor/data/xggh8/zw-lab/exp_004_standard_edm_n1000_40000kimg_20260415/network-snapshot-006000.pkl,89bead0217ff5f41f79a7ccd7607a4d97152b82fee36febce35eafc0745ad807,6000,20027,c2174bab575e7f3654c9bf01f818f00844e9e2934822168dc475a851c9d844ed,3.3047962888211999,28.574551908431946,34129,22857,0.11565522704998224,1,ok,
edm_1k,/mnt/pixstor/data/xggh8/zw-lab/exp_004_standard_edm_n1000_40000kimg_20260415/network-snapshot-006000.pkl,89bead0217ff5f41f79a7ccd7607a4d97152b82fee36febce35eafc0745ad807,6000,20028,4e7cdb055f140788ee47b648ac1275354f8b6b4d81141a870eb28eff93d3e999,13.633942157620865,14.349522118630587,15029,2616,0.95013213993512347,0,ok,
edm_1k,/mnt/pixstor/data/xggh8/zw-lab/exp_004_standard_edm_n1000_40000kimg_20260415/network-snapshot-006000.pkl,89bead0217ff5f41f79a7ccd7607a4d97152b82fee36febce35eafc0745ad807,6000,20029,744bdeb1831e65fc43b095110ff8a2e650ebc6323fe24ea29f83fcc686663394,4.9753544359104822,17.01002202854907,28795,12699,0.29249547281949478,1,ok,
edm_1k,/mnt/pixstor/data/xggh8/zw-lab/exp_004_standard_edm_n1000_40000kimg_20260415/network-snapshot-006000.pkl,89bead0217ff5f41f79a7ccd7607a4d97152b82fee36febce35eafc0745ad807,6000,20030,a6c70773bb7e8df0c85936d0f1328215d53f0433d4f4115090a786a6b37f2a37,9.1844132161072807,25.50280669286855,30943,33716,0.36013342871298765,0,ok,
edm_1k,/mnt/pixstor/data/xggh8/zw-lab/exp_004_standard_edm_n1000_40000kimg_20260415/network-snapshot-006000.pkl,89bead0217ff5f41f79a7ccd7607a4d97152b82fee36febce35eafc0745ad807,6000,20031,14f17931fa0942a13a49ae373cbc4de4f9f28dd53066980fff63c7aa295e07e9,2.7225863461804898,25.2275338758133,3137,13435,0.10792122446779263,1,ok,
edm_1k,/mnt/pixstor/data/xggh8/zw-lab/exp_004_standard_edm_n1000_40000kimg_20260415/network-snapshot-006000.pkl,89bead0217ff5f41f79a7ccd7607a4d97152b82fee36febce35eafc0745ad807,6000,20032,9154b683c708eb3be326f0b052ed227d839520cd028b5e4b325629985383d4ba,2.2458775969042359,20.764635109210825,22518,11207,0.10815877982406752,1,ok,
edm_1k,/mnt/pixstor/data/xggh8/zw-lab/exp_004_standard_edm_n1000_40000kimg_20260415/network-snapshot-006000.pkl,89bead0217ff5f41f79a7ccd7607a4d97152b82fee36febce35eafc0745ad807,6000,20033,132266600dcacf6cb8c8c8adf68c89997c925e39493be1640da9ed871a8fbbce,2.0306995417551139,19.056149271389113,47356,23577,0.10656400266574341,1,ok,
edm_1k,/mnt/pixstor/data/xggh8/zw-lab/exp_004_standard_edm_n1000_40000kimg_20260415/network-snapshot-006000.pkl,89bead0217ff5f41f79a7ccd7607a4d97152b82fee36febce35eafc0745ad807,6000,20034,e27b71f0b74c2f7f1bafb21d62bed21d0d970696dee2b3ad96d508666743ef57,11.505256493638598,19.553387296515904,16275,27792,0.58840221999226949,0,ok,
edm_1k,/mnt/pixstor/data/xggh8/zw-lab/exp_004_standard_edm_n1000_40000kimg_20260415/network-snapshot-006000.pkl,89bead0217ff5f41f79a7ccd7607a4d97152b82fee36febce35eafc0745ad807,6000,20035,cab3ba633ef946625169b692505b9daab67cf9db5bf01bd4e180ea49c6b5836b,4.4631515880528161,14.025904751694585,2245,43826,0.31820774966503224,1,ok,
edm_1k,/mnt/pixstor/data/xggh8/zw-lab/exp_004_standard_edm_n1000_40000kimg_20260415/network-snapshot-006000.pkl,89bead0217ff5f41f79a7ccd7607a4d97152b82fee36febce35eafc0745ad807,6000,20036,31cba8002d3c1993440c08dd893f7d358382010904081aecf670c7077fd8455f,4.0290702464873425,26.134442051570623,17106,47886,0.15416706576466607,1,ok,
edm_1k,/mnt/pixstor/data/xggh8/zw-lab/exp_004_standard_edm_n1000_40000kimg_20260415/network-snapshot-006000.pkl,89bead0217ff5f41f79a7ccd7607a4d97152b82fee36febce35eafc0745ad807,6000,20037,7c930b012a9d7c902b67a608823f058f682ebfb536cefdef7582cfe86ae296c1,9.7044749394515843,14.359554622942913,38995,47550,0.67582005112793009,0,ok,
edm_1k,/mnt/pixstor/data/xggh8/zw-lab/exp_004_standard_edm_n1000_40000kimg_20260415/network-snapshot-006000.pkl,89bead0217ff5f41f79a7ccd7607a4d97152b82fee36febce35eafc0745ad807,6000,20038,a5c9901f63f5e7c22a07b81000234fef91ea3291b9a5ec462a4996d23b0555bf,2.5415122317347332,27.33255834531839,41520,4827,0.092984791237811504,1,ok,
edm_1k,/mnt/pixstor/data/xggh8/zw-lab/exp_004_standard_edm_n1000_40000kimg_20260415/network-snapshot-006000.pkl,89bead0217ff5f41f79a7ccd7607a4d97152b82fee36febce35eafc0745ad807,6000,20039,aa021503930832b161a659a91f3691705cfd8b81c40c780054c6cc70fea37660,2.4154867603000496,19.499823838961376,24445,29779,0.12387223496213422,1,ok,
edm_1k,/mnt/pixstor/data/xggh8/zw-lab/exp_004_standard_edm_n1000_40000kimg_20260415/network-snapshot-006000.pkl,89bead0217ff5f41f79a7ccd7607a4d97152b82fee36febce35eafc0745ad807,6000,20040,7e9b842f0de9c82c3f841269eef29d2736397980debb2ad24179a7c5409b4eb7,10.879049694313284,11.835833793557855,26590,37719,0.91916208727387327,0,ok,
edm_1k,/mnt/pixstor/data/xggh8/zw-lab/exp_004_standard_edm_n1000_40000kimg_20260415/network-snapshot-006000.pkl,89bead0217ff5f41f79a7ccd7607a4d97152b82fee36febce35eafc0745ad807,6000,20041,68fcf6cd9c2726f0ed3276e52186c965699a0deb1789f2720112154f7bdef5d9,3.9946798489531434,18.680333140884446,21513,29779,0.21384414393607595,1,ok,
edm_1k,/mnt/pixstor/data/xggh8/zw-lab/exp_004_standard_edm_n1000_40000kimg_20260415/network-snapshot-006000.pkl,89bead0217ff5f41f79a7ccd7607a4d97152b82fee36febce35eafc0745ad807,6000,20042,a2f12e4067fc31b1eb1aeb0b51641eb04e6a24328a5bd64ffbe7e0a44dddd603,7.7945932206423372,23.387017388573273,29953,26590,0.33328718626816939,1,ok,
edm_1k,/mnt/pixstor/data/xggh8/zw-lab/exp_004_standard_edm_n1000_40000kimg_20260415/network-snapshot-006000.pkl,89bead0217ff5f41f79a7ccd7607a4d97152b82fee36febce35eafc0745ad807,6000,20043,df7d2ad66a3b103856e9c82bb0bd60331307136c606e7fe2155d9674828332f9,2.8550801276167315,23.207446062477164,27642,14587,0.12302431383145397,1,ok,
edm_1k,/mnt/pixstor/data/xggh8/zw-lab/exp_004_standard_edm_n1000_40000kimg_20260415/network-snapshot-006000.pkl,89bead0217ff5f41f79a7ccd7607a4d97152b82fee36febce35eafc0745ad807,6000,20044,9f5c9486ed1cdd277b89d8403e0866e957fcca02795b5f22a40192318ab51196,9.9589651106977577,13.201274278389704,30169,16683,0.75439422745730234,0,ok,
edm_1k,/mnt/pixstor/data/xggh8/zw-lab/exp_004_standard_edm_n1000_40000kimg_20260415/network-snapshot-006000.pkl,89bead0217ff5f41f79a7ccd7607a4d97152b82fee36febce35eafc0745ad807,6000,20045,e31289981b6d5db553380423e7b91ae73ea0bcac114ca5da31e05a4099ca8c03,3.2894432133155247,19.870432504178517,26267,29779,0.16554462076372992,1,ok,
edm_1k,/mnt/pixstor/data/xggh8/zw-lab/exp_004_standard_edm_n1000_40000kimg_20260415/network-snapshot-006000.pkl,89bead0217ff5f41f79a7ccd7607a4d97152b82fee36febce35eafc0745ad807,6000,20046,b33b008881b903060075a1e17d7d3fc986b38f4caf8ada5bab0b4abbdd82d2a4,5.1544728087434759,26.794106629019193,37910,37603,0.19237337822493233,1,ok,
edm_1k,/mnt/pixstor/data/xggh8/zw-lab/exp_004_standard_edm_n1000_40000kimg_20260415/network-snapshot-006000.pkl,89bead0217ff5f41f79a7ccd7607a4d97152b82fee36febce35eafc0745ad807,6000,20047,c720d4c02cad203d916be5d669b93d4f68210c8ded30581a5493d12c6b7eb1b7,19.605951077228589,20.311294040716025,25406,28518,0.96527336160495214,0,ok,
edm_1k,/mnt/pixstor/data/xggh8/zw-lab/exp_004_standard_edm_n1000_40000kimg_20260415/network-snapshot-006000.pkl,89bead0217ff5f41f79a7ccd7607a4d97152b82fee36febce35eafc0745ad807,6000,20048,8bc44cc45a94ddf7b82ec008e90eab7d295fa1190496df8303a69adeab057a01,6.7308498167431088,22.26915680729465,8001,29779,0.30224987299646217,1,ok,
edm_1k,/mnt/pixstor/data/xggh8/zw-lab/exp_004_standard_edm_n1000_40000kimg_20260415/network-snapshot-006000.pkl,89bead0217ff5f41f79a7ccd7607a4d97152b82fee36febce35eafc0745ad807,6000,20049,8bc8daad4e4ee451727cd7203ada5e9f3cdd7592773bfee8bb1bf04cfba32f14,2.2388310972796339,26.692372196448193,11841,13435,0.08387531392123862,1,ok,
edm_1k,/mnt/pixstor/data/xggh8/zw-lab/exp_004_standard_edm_n1000_40000kimg_20260415/network-snapshot-006000.pkl,89bead0217ff5f41f79a7ccd7607a4d97152b82fee36febce35eafc0745ad807,6000,20050,9729e03b00242fc3f45df74422242d7baf407d260529915fb0a5fd7721128aed,4.3743247163227075,22.117025143578893,28096,40908,0.19778088092433532,1,ok,
edm_1k,/mnt/pixstor/data/xggh8/zw-lab/exp_004_standard_edm_n1000_40000kimg_20260415/network-snapshot-006000.pkl,89bead0217ff5f41f79a7ccd7607a4d97152b82fee36febce35eafc0745ad807,6000,20051,ce9ce3460903727a7d81944bf8113f927ce5e97cc1bd1a4fd36eb05e09d4febc,3.5123512445979337,24.514719223423732,33740,47886,0.14327519775310721,1,ok,
edm_1k,/mnt/pixstor/data/xggh8/zw-lab/exp_004_standard_edm_n1000_40000kimg_20260415/network-snapshot-006000.pkl,89bead0217ff5f41f79a7ccd7607a4d97152b82fee36febce35eafc0745ad807,6000,20052,3ae1b955af09e1203d30cdd24a5084bc75a228a912e02e3bbc54dbcad6a6276d,15.062115267341895,15.961507588078941,32024,10551,0.94365242031343144,0,ok,
edm_1k,/mnt/pixstor/data/xggh8/zw-lab/exp_004_standard_edm_n1000_40000kimg_20260415/network-snapshot-006000.pkl,89bead0217ff5f41f79a7ccd7607a4d97152b82fee36febce35eafc0745ad807,6000,20053,d46022ecf7ba2be2c95f85b2e922ccb375fb7d3b95649baa3cacaaa703eb8b18,2.1078088830927864,14.080578877370542,24779,47671,0.14969618092053941,1,ok,
edm_1k,/mnt/pixstor/data/xggh8/zw-lab/exp_004_standard_edm_n1000_40000kimg_20260415/network-snapshot-006000.pkl,89bead0217ff5f41f79a7ccd7607a4d97152b82fee36febce35eafc0745ad807,6000,20054,187908d341ef805c54d5da1090ca3c822e00ad801817ea13ff36763671ce41eb,7.0239151132923858,16.578748843233182,30085,17844,0.42366979436806429,0,ok,
edm_1k,/mnt/pixstor/data/xggh8/zw-lab/exp_004_standard_edm_n1000_40000kimg_20260415/network-snapshot-006000.pkl,89bead0217ff5f41f79a7ccd7607a4d97152b82fee36febce35eafc0745ad807,6000,20055,46df34e8b4a8e5e9877f082a214cf52088e8003a53e698df63e8058139495eb4,2.7998344486594227,20.809748662097086,36890,15904,0.13454436639876607,1,ok,
edm_1k,/mnt/pixstor/data/xggh8/zw-lab/exp_004_standard_edm_n1000_40000kimg_20260415/network-snapshot-006000.pkl,89bead0217ff5f41f79a7ccd7607a4d97152b82fee36febce35eafc0745ad807,6000,20056,f4bfdac2e8b3ef8bc50d6e7ae25a2f172b7975b2789dea22a9e3af488af56af4,3.5740646474021349,21.46909400795619,43220,11207,0.16647487062461178,1,ok,
edm_1k,/mnt/pixstor/data/xggh8/zw-lab/exp_004_standard_edm_n1000_40000kimg_20260415/network-snapshot-006000.pkl,89bead0217ff5f41f79a7ccd7607a4d97152b82fee36febce35eafc0745ad807,6000,20057,64c5285ab1a21bee066e4380cd48031ff445b7ed781c7e71425cd9a8b27b0b44,7.2923671604812963,25.443683669351653,20445,26024,0.28660815215468827,1,ok,
edm_1k,/mnt/pixstor/data/xggh8/zw-lab/exp_004_standard_edm_n1000_40000kimg_20260415/network-snapshot-006000.pkl,89bead0217ff5f41f79a7ccd7607a4d97152b82fee36febce35eafc0745ad807,6000,20058,aa2a0595460b785328ffa639b790f11e1fec4738b3078aa6a7a6b061a063549d,15.919333973300931,16.868692652641457,31001,8508,0.94372067243801105,0,ok,
edm_1k,/mnt/pixstor/data/xggh8/zw-lab/exp_004_standard_edm_n1000_40000kimg_20260415/network-snapshot-006000.pkl,89bead0217ff5f41f79a7ccd7607a4d97152b82fee36febce35eafc0745ad807,6000,20059,4c884e21679c38cba2c66129203b6024cf1e6dac6d5516b95347fa63c8fcc03a,6.629680061217023,22.692470454585735,46712,40349,0.29215329703678367,1,ok,
edm_1k,/mnt/pixstor/data/xggh8/zw-lab/exp_004_standard_edm_n1000_40000kimg_20260415/network-snapshot-006000.pkl,89bead0217ff5f41f79a7ccd7607a4d97152b82fee36febce35eafc0745ad807,6000,20060,451ee7982ad83ba8aeb3924fa821c73264199b4ab8ba7c81def5bea2732f2816,2.5439901836129,28.950314941715519,212,47038,0.087874352618774992,1,ok,
edm_1k,/mnt/pixstor/data/xggh8/zw-lab/exp_004_standard_edm_n1000_40000kimg_20260415/network-snapshot-006000.pkl,89bead0217ff5f41f79a7ccd7607a4d97152b82fee36febce35eafc0745ad807,6000,20061,c53b7590f44f9b4b44d9b5bc8ec83ce39233fbf3dc9f55dd0433ab74c3ca4cf6,3.093567385519048,22.11124037395178,38324,1877,0.13990926484447408,1,ok,
edm_1k,/mnt/pixstor/data/xggh8/zw-lab/exp_004_standard_edm_n1000_40000kimg_20260415/network-snapshot-006000.pkl,89bead0217ff5f41f79a7ccd7607a4d97152b82fee36febce35eafc0745ad807,6000,20062,b249c84a9f6942bf0972d2f4b6c90776410a4b94dc7cdb879a4544a914c1d5ef,16.39410273093171,16.39556132267148,31189,37719,0.99991103740146103,0,ok,
edm_1k,/mnt/pixstor/data/xggh8/zw-lab/exp_004_standard_edm_n1000_40000kimg_20260415/network-snapshot-006000.pkl,89bead0217ff5f41f79a7ccd7607a4d97152b82fee36febce35eafc0745ad807,6000,20063,dc49a81a14c7524f31ec6310bd53845eead3d82dbcae1587520005905f726aaf,2.6404518035581899,24.362884969927038,41185,43460,0.10838009565851911,1,ok,
edm_1k,/mnt/pixstor/data/xggh8/zw-lab/exp_004_standard_edm_n1000_40000kimg_20260415/network-snapshot-006000.pkl,89bead0217ff5f41f79a7ccd7607a4d97152b82fee36febce35eafc0745ad807,6000,20064,cd2b871fe4d8aa942cab5f22c301724e4053cd2973c24a572348ed5f8fd86d24,3.826607066520924,11.590430861885419,12300,20770,0.33015227062045976,1,ok,
edm_1k,/mnt/pixstor/data/xggh8/zw-lab/exp_004_standard_edm_n1000_40000kimg_20260415/network-snapshot-006000.pkl,89bead0217ff5f41f79a7ccd7607a4d97152b82fee36febce35eafc0745ad807,6000,20065,959dc2a881fef6f780fde1fa29d9f1f3509661a067cd7f643ed4420fd0075bf6,9.894422543430883,15.751918807593009,37603,16683,0.62814077854828732,0,ok,
edm_1k,/mnt/pixstor/data/xggh8/zw-lab/exp_004_standard_edm_n1000_40000kimg_20260415/network-snapshot-006000.pkl,89bead0217ff5f41f79a7ccd7607a4d97152b82fee36febce35eafc0745ad807,6000,20066,c7d60acc6524bca90f8a1590de1e635c64a14695f555bb24f1c621d3eaebcca9,6.4911026198173989,14.93994061380333,39111,5944,0.43447981405094277,0,ok,
edm_1k,/mnt/pixstor/data/xggh8/zw-lab/exp_004_standard_edm_n1000_40000kimg_20260415/network-snapshot-006000.pkl,89bead0217ff5f41f79a7ccd7607a4d97152b82fee36febce35eafc0745ad807,6000,20067,c48c0a5bd838bd9add3b3f4bb93faac74902d15a5ca4252592d2cff5415b92f4,5.2333680396735778,17.978831973606759,24221,21934,0.29108498524021215,1,ok,
edm_1k,/mnt/pixstor/data/xggh8/zw-lab/exp_004_standard_edm_n1000_40000kimg_20260415/network-snapshot-006000.pkl,89bead0217ff5f41f79a7ccd7607a4d97152b82fee36febce35eafc0745ad807,6000,20068,e3b4f34e35ccaeb2a8b22282a78a500d25aa7e7a85114fa47a88720547bfc48d,3.9996571394172835,23.508671860511377,12656,2567,0.17013539357515539,1,ok,
edm_1k,/mnt/pixstor/data/xggh8/zw-lab/exp_004_standard_edm_n1000_40000kimg_20260415/network-snapshot-006000.pkl,89bead0217ff5f41f79a7ccd7607a4d97152b82fee36febce35eafc0745ad807,6000,20069,efab1a2fdc7e6506f03a98075774f344b0c2b9c21b8acca1b4b266d26419df1d,6.891357545464075,19.50837832868508,26900,45591,0.35325117389850069,0,ok,
edm_1k,/mnt/pixstor/data/xggh8/zw-lab/exp_004_standard_edm_n1000_40000kimg_20260415/network-snapshot-006000.pkl,89bead0217ff5f41f79a7ccd7607a4d97152b82fee36febce35eafc0745ad807,6000,20070,48138edd066a84cd25f27e137e7b4f83b01e47d0148353f4855973a63577b2a7,2.7756796006901476,26.87092107980731,27792,16275,0.10329677916310756,1,ok,
edm_1k,/mnt/pixstor/data/xggh8/zw-lab/exp_004_standard_edm_n1000_40000kimg_20260415/network-snapshot-006000.pkl,89bead0217ff5f41f79a7ccd7607a4d97152b82fee36febce35eafc0745ad807,6000,20071,94041cdf207f8d30bebe0a91de01eb5394b3046c82f8a20ec46203dfd544d4da,3.7648478408108841,27.863795447666792,18773,1721,0.13511611682198657,1,ok,
edm_1k,/mnt/pixstor/data/xggh8/zw-lab/exp_004_standard_edm_n1000_40000kimg_20260415/network-snapshot-006000.pkl,89bead0217ff5f41f79a7ccd7607a4d97152b82fee36febce35eafc0745ad807,6000,20072,4392d1f597497baa65dd5f2a9aae9ec79457a3797b235884fb4813c37e7be887,6.2361575702239973,9.803327260622682,5111,32024,0.63612663378819945,0,ok,
edm_1k,/mnt/pixstor/data/xggh8/zw-lab/exp_004_standard_edm_n1000_40000kimg_20260415/network-snapshot-006000.pkl,89bead0217ff5f41f79a7ccd7607a4d97152b82fee36febce35eafc0745ad807,6000,20073,129a5ebd20ff80cd48126d0dc6eb4f6c5640ede6bf2011ef8227f4e1b9eea047,8.7475419079339058,16.137039433826121,28921,28716,0.54207848619353893,0,ok,
edm_1k,/mnt/pixstor/data/xggh8/zw-lab/exp_004_standard_edm_n1000_40000kimg_20260415/network-snapshot-006000.pkl,89bead0217ff5f41f79a7ccd7607a4d97152b82fee36febce35eafc0745ad807,6000,20074,cdee5fef7f8276e337eb0b7fd6b77ccda97148d7e8244ae39e89391154691a55,10.123708041038313,25.911253470224715,49735,11710,0.39070699735432424,0,ok,
edm_1k,/mnt/pixstor/data/xggh8/zw-lab/exp_004_standard_edm_n1000_40000kimg_20260415/network-snapshot-006000.pkl,89bead0217ff5f41f79a7ccd7607a4d97152b82fee36febce35eafc0745ad807,6000,20075,fd098b1c81ce5bdb56a67aa311ec2f018bfe0e0607bfb1d7a988ae58c2208d08,2.6146460438284569,25.204596924098034,36811,38324,0.10373687195642484,1,ok,
edm_1k,/mnt/pixstor/data/xggh8/zw-lab/exp_004_standard_edm_n1000_40000kimg_20260415/network-snapshot-006000.pkl,89bead0217ff5f41f79a7ccd7607a4d97152b82fee36febce35eafc0745ad807,6000,20076,f7d3aefaef2c4b6056f8301c67d425040620cca9a00667569c341afb313356ce,1.9523622987091998,16.584338558302832,17330,43682,0.11772325389074763,1,ok,
edm_1k,/mnt/pixstor/data/xggh8/zw-lab/exp_004_standard_edm_n1000_40000kimg_20260415/network-snapshot-006000.pkl,89bead0217ff5f41f79a7ccd7607a4d97152b82fee36febce35eafc0745ad807,6000,20077,83b638458302fad56ab4445a77d9a6847043484507c915ecd1719d0aa588539c,7.2770605065482252,23.635953542045375,21987,17844,0.30788097859488739,1,ok,
edm_1k,/mnt/pixstor/data/xggh8/zw-lab/exp_004_standard_edm_n1000_40000kimg_20260415/network-snapshot-006000.pkl,89bead0217ff5f41f79a7ccd7607a4d97152b82fee36febce35eafc0745ad807,6000,20078,dfb4b33faead7614320b06c9490a32fc5af3fb2c16cb08eee3f88d02d2306fc5,3.1486251191384569,24.609040134713759,8572,21934,0.12794587281350217,1,ok,
edm_1k,/mnt/pixstor/data/xggh8/zw-lab/exp_004_standard_edm_n1000_40000kimg_20260415/network-snapshot-006000.pkl,89bead0217ff5f41f79a7ccd7607a4d97152b82fee36febce35eafc0745ad807,6000,20079,e7f942d5cd2854142d247fc97a34cd6a1c3386fd752b7d3cc0e6bf06973ceb52,4.186961607255169,25.17197242572831,48389,40136,0.16633426798829914,1,ok,
edm_1k,/mnt/pixstor/data/xggh8/zw-lab/exp_004_standard_edm_n1000_40000kimg_20260415/network-snapshot-006000.pkl,89bead0217ff5f41f79a7ccd7607a4d97152b82fee36febce35eafc0745ad807,6000,20080,b950d56b07d059136568ecf4edbead2aebe1e966df9f33a71f0a8695c2336db6,8.2601655446514375,22.003746766663195,34696,21934,0.37539813706482078,0,ok,
edm_1k,/mnt/pixstor/data/xggh8/zw-lab/exp_004_standard_edm_n1000_40000kimg_20260415/network-snapshot-006000.pkl,89bead0217ff5f41f79a7ccd7607a4d97152b82fee36febce35eafc0745ad807,6000,20081,9f79a5e09cb91065a3bab3b2c6f586bc0bb348b4a5a7af974a2beca10b07088f,2.4076191211951286,24.302519172524686,41057,31755,0.099068705762696094,1,ok,
edm_1k,/mnt/pixstor/data/xggh8/zw-lab/exp_004_standard_edm_n1000_40000kimg_20260415/network-snapshot-006000.pkl,89bead0217ff5f41f79a7ccd7607a4d97152b82fee36febce35eafc0745ad807,6000,20082,9f710517340e4305cf2de21b66340a1336b5f6354c4d55422ab9e849bd50938a,2.5223099199411374,28.94363215173917,28900,1678,0.087145590668017678,1,ok,
edm_1k,/mnt/pixstor/data/xggh8/zw-lab/exp_004_standard_edm_n1000_40000kimg_20260415/network-snapshot-006000.pkl,89bead0217ff5f41f79a7ccd7607a4d97152b82fee36febce35eafc0745ad807,6000,20083,8bf072f6c933f99f59c08f4a2140794f593ff96e35d66631962e689d3753d5a4,3.6567967140756346,21.170648093352085,13638,13435,0.17272955924405195,1,ok,
edm_1k,/mnt/pixstor/data/xggh8/zw-lab/exp_004_standard_edm_n1000_40000kimg_20260415/network-snapshot-006000.pkl,89bead0217ff5f41f79a7ccd7607a4d97152b82fee36febce35eafc0745ad807,6000,20084,b41bdcaa5c1d9f9f68067d4fb69970d85dd6cc7c49e68194ae115713fb897eb3,2.7515349510397731,19.620971653469692,38291,11812,0.14023438796178084,1,ok,
edm_1k,/mnt/pixstor/data/xggh8/zw-lab/exp_004_standard_edm_n1000_40000kimg_20260415/network-snapshot-006000.pkl,89bead0217ff5f41f79a7ccd7607a4d97152b82fee36febce35eafc0745ad807,6000,20085,e31ade088e915dd2edd085ca4f2db314050622a3ac075ddc54e99e7765bb82c8,2.7853582482654478,32.34633988164682,10393,22413,0.086110461290424045,1,ok,
edm_1k,/mnt/pixstor/data/xggh8/zw-lab/exp_004_standard_edm_n1000_40000kimg_20260415/network-snapshot-006000.pkl,89bead0217ff5f41f79a7ccd7607a4d97152b82fee36febce35eafc0745ad807,6000,20086,0f9e58e03414af10ca7da5bff08f8f60cdc5bf2b627adfb11a9905a16ac4cc47,5.2324439430956353,27.625836736672081,33068,38154,0.18940399861806889,1,ok,
edm_1k,/mnt/pixstor/data/xggh8/zw-lab/exp_004_standard_edm_n1000_40000kimg_20260415/network-snapshot-006000.pkl,89bead0217ff5f41f79a7ccd7607a4d97152b82fee36febce35eafc0745ad807,6000,20087,7ea812badd857d2f30c797c45edfd05aeb95f2a239165957af765159227076cb,2.9469487667149803,23.079156177114623,7840,49576,0.12768875708017374,1,ok,
edm_1k,/mnt/pixstor/data/xggh8/zw-lab/exp_004_standard_edm_n1000_40000kimg_20260415/network-snapshot-006000.pkl,89bead0217ff5f41f79a7ccd7607a4d97152b82fee36febce35eafc0745ad807,6000,20088,d2d9ac18b7212b5285fbd98ae5f96fe923f63db6a7f00b8e128107dac55d2765,7.4338593848813037,14.686974545360911,7187,39915,0.50615321500842347,0,ok,
edm_1k,/mnt/pixstor/data/xggh8/zw-lab/exp_004_standard_edm_n1000_40000kimg_20260415/network-snapshot-006000.pkl,89bead0217ff5f41f79a7ccd7607a4d97152b82fee36febce35eafc0745ad807,6000,20089,46716c96967b9a2a0f4af5838a6396e917948d613ce82d577b2687172a1da7b7,12.74055913686767,17.838133415796083,9527,11207,0.71423163174604398,0,ok,
edm_1k,/mnt/pixstor/data/xggh8/zw-lab/exp_004_standard_edm_n1000_40000kimg_20260415/network-snapshot-006000.pkl,89bead0217ff5f41f79a7ccd7607a4d97152b82fee36febce35eafc0745ad807,6000,20090,c05d923f7557596ebb44758503e4e5770a58b2f876020b914ad133573a83191d,4.3040538169217237,25.49474158027833,4622,43106,0.16882123724882783,1,ok,
edm_1k,/mnt/pixstor/data/xggh8/zw-lab/exp_004_standard_edm_n1000_40000kimg_20260415/network-snapshot-006000.pkl,89bead0217ff5f41f79a7ccd7607a4d97152b82fee36febce35eafc0745ad807,6000,20091,bac518c46debd281cca249f80347ef460406fdfd44e719f3824afe769932bb48,2.1542755862339455,20.286467539072323,46742,4786,0.10619274065752199,1,ok,
edm_1k,/mnt/pixstor/data/xggh8/zw-lab/exp_004_standard_edm_n1000_40000kimg_20260415/network-snapshot-006000.pkl,89bead0217ff5f41f79a7ccd7607a4d97152b82fee36febce35eafc0745ad807,6000,20092,09a69749b0c0e82173aee4b35e28f775b220a8be906daf3e2c19d65b2027eff5,9.5875467093368343,21.395574311508227,26065,38324,0.44810887381414649,0,ok,
edm_1k,/mnt/pixstor/data/xggh8/zw-lab/exp_004_standard_edm_n1000_40000kimg_20260415/network-snapshot-006000.pkl,89bead0217ff5f41f79a7ccd7607a4d97152b82fee36febce35eafc0745ad807,6000,20093,afa0662269c040453607aaf3e2f87119521d7e273de1c6a4a5231b26470af5dd,4.5688665513234543,21.943486257260858,25649,737,0.20821060508612968,1,ok,
edm_1k,/mnt/pixstor/data/xggh8/zw-lab/exp_004_standard_edm_n1000_40000kimg_20260415/network-snapshot-006000.pkl,89bead0217ff5f41f79a7ccd7607a4d97152b82fee36febce35eafc0745ad807,6000,20094,6556a0ac49fb24720c3cdb53ac072e693d9b468e156aa937a12f1023817e71f0,21.276440141141542,21.732601939779784,4390,16683,0.97901025381579942,0,ok,
edm_1k,/mnt/pixstor/data/xggh8/zw-lab/exp_004_standard_edm_n1000_40000kimg_20260415/network-snapshot-006000.pkl,89bead0217ff5f41f79a7ccd7607a4d97152b82fee36febce35eafc0745ad807,6000,20095,7b61ea3f06fbcc8e61a557edfa2389d17987ff379e18e13697031abb9f5da6ea,11.294098599185237,17.42588453475047,38154,1787,0.64812196916963916,0,ok,
edm_1k,/mnt/pixstor/data/xggh8/zw-lab/exp_004_standard_edm_n1000_40000kimg_20260415/network-snapshot-006000.pkl,89bead0217ff5f41f79a7ccd7607a4d97152b82fee36febce35eafc0745ad807,6000,20096,870886dc77ddcc64626f131041d08c72e593344b034e02f65e2918e3f7a656ca,20.066318340906349,23.353652177050403,23687,22518,0.85923684179151594,0,ok,
edm_1k,/mnt/pixstor/data/xggh8/zw-lab/exp_004_standard_edm_n1000_40000kimg_20260415/network-snapshot-006000.pkl,89bead0217ff5f41f79a7ccd7607a4d97152b82fee36febce35eafc0745ad807,6000,20097,2acf5cea8325288ea8120998455edb560e2b954a3ba3bf14ced1eb8d248d9fb4,21.988753062030188,22.325993669642344,31001,42808,0.98489471005849483,0,ok,
edm_1k,/mnt/pixstor/data/xggh8/zw-lab/exp_004_standard_edm_n1000_40000kimg_20260415/network-snapshot-006000.pkl,89bead0217ff5f41f79a7ccd7607a4d97152b82fee36febce35eafc0745ad807,6000,20098,dbdeaae7a91397c9d8b57d29873adce2756257d180ee72e06531b6a474b0e8ae,4.3838173394224462,17.025222349613024,737,12277,0.25748957924899513,1,ok,
edm_1k,/mnt/pixstor/data/xggh8/zw-lab/exp_004_standard_edm_n1000_40000kimg_20260415/network-snapshot-006000.pkl,89bead0217ff5f41f79a7ccd7607a4d97152b82fee36febce35eafc0745ad807,6000,20099,4191e7e6360cadd0fc4cf2954f36b30b235cd513737f609249d83fe08edbf481,3.5448006185642704,27.418930058840463,29984,25744,0.1292829665839331,1,ok,
edm_1k,/mnt/pixstor/data/xggh8/zw-lab/exp_004_standard_edm_n1000_40000kimg_20260415/network-snapshot-006000.pkl,89bead0217ff5f41f79a7ccd7607a4d97152b82fee36febce35eafc0745ad807,6000,20100,f57226a043f51560ac2b5533b796e4fa6fec585c8d0d6647ea32707ab2963cda,9.4965257183871721,18.69105099817228,28,1220,0.50807874417098309,0,ok,
edm_1k,/mnt/pixstor/data/xggh8/zw-lab/exp_004_standard_edm_n1000_40000kimg_20260415/network-snapshot-006000.pkl,89bead0217ff5f41f79a7ccd7607a4d97152b82fee36febce35eafc0745ad807,6000,20101,b01ae3f34315ac25c1399bdffab2d5fa26a8db921b33c2b79c1fbb15435ed119,9.2985728289992196,19.85917771105472,12968,21934,0.46822547057540648,0,ok,
edm_1k,/mnt/pixstor/data/xggh8/zw-lab/exp_004_standard_edm_n1000_40000kimg_20260415/network-snapshot-006000.pkl,89bead0217ff5f41f79a7ccd7607a4d97152b82fee36febce35eafc0745ad807,6000,20102,204487778ecc266e11ed39619ee0b6943f8e5c7cc5688b27712d1438c7be8e54,12.160140811150647,19.398067134173608,19619,41731,0.62687383887480763,0,ok,
edm_1k,/mnt/pixstor/data/xggh8/zw-lab/exp_004_standard_edm_n1000_40000kimg_20260415/network-snapshot-006000.pkl,89bead0217ff5f41f79a7ccd7607a4d97152b82fee36febce35eafc0745ad807,6000,20103,942b0c07dd244201722fd19608f17d2ebfad4de12ad2f90f849bfcd616245e80,3.1939363757885513,24.628912076774288,23165,26427,0.12968239790017025,1,ok,
edm_1k,/mnt/pixstor/data/xggh8/zw-lab/exp_004_standard_edm_n1000_40000kimg_20260415/network-snapshot-006000.pkl,89bead0217ff5f41f79a7ccd7607a4d97152b82fee36febce35eafc0745ad807,6000,20104,a8b0f1e04400905725386da7da33c4c364697826751b8274f40fc553b8437422,3.7939876655644689,27.969922068331744,20625,45385,0.13564527124157125,1,ok,
edm_1k,/mnt/pixstor/data/xggh8/zw-lab/exp_004_standard_edm_n1000_40000kimg_20260415/network-snapshot-006000.pkl,89bead0217ff5f41f79a7ccd7607a4d97152b82fee36febce35eafc0745ad807,6000,20105,340a914264cd8a3cdf62500e56f8ff7eed8308d393bf95f1d7dee94054a5abe9,10.23522676017943,16.372692458094175,39199,34019,0.62514010975143164,0,ok,
edm_1k,/mnt/pixstor/data/xggh8/zw-lab/exp_004_standard_edm_n1000_40000kimg_20260415/network-snapshot-006000.pkl,89bead0217ff5f41f79a7ccd7607a4d97152b82fee36febce35eafc0745ad807,6000,20106,92765b17481ddee27e09c20bb5a4d7a03f53cd87eb5d7e359f5e52ec765eed88,2.4604668469767272,24.707160548020035,27828,36685,0.099585172573539715,1,ok,
edm_1k,/mnt/pixstor/data/xggh8/zw-lab/exp_004_standard_edm_n1000_40000kimg_20260415/network-snapshot-006000.pkl,89bead0217ff5f41f79a7ccd7607a4d97152b82fee36febce35eafc0745ad807,6000,20107,b0be854602a54f01dd2c494d3f5e78cc42243674ed0ea852327e495abc828d3a,7.7421013685857067,19.738869068260087,9866,5093,0.3922261879245621,0,ok,
edm_1k,/mnt/pixstor/data/xggh8/zw-lab/exp_004_standard_edm_n1000_40000kimg_20260415/network-snapshot-006000.pkl,89bead0217ff5f41f79a7ccd7607a4d97152b82fee36febce35eafc0745ad807,6000,20108,278ed6a0c572a7df47e6ee50f81de49a4547d13fc404587b8703e09dc86ac7d7,2.9252044966822153,21.884524048962795,832,8275,0.13366543819447851,1,ok,
edm_1k,/mnt/pixstor/data/xggh8/zw-lab/exp_004_standard_edm_n1000_40000kimg_20260415/network-snapshot-006000.pkl,89bead0217ff5f41f79a7ccd7607a4d97152b82fee36febce35eafc0745ad807,6000,20109,2fd1f6aeaee5825a71d82b387918d1d0f5787fa3038b2a00297eb85893ee3821,3.8087977945144562,16.8685970148953,13316,10551,0.22579220969895797,1,ok,
edm_1k,/mnt/pixstor/data/xggh8/zw-lab/exp_004_standard_edm_n1000_40000kimg_20260415/network-snapshot-006000.pkl,89bead0217ff5f41f79a7ccd7607a4d97152b82fee36febce35eafc0745ad807,6000,20110,1e14085e90201b7d4ba2456a3e798f570f6b587bae265b49064dbd77ac0721c0,8.9657018223193585,25.051833166661886,1604,49860,0.35788605818478003,0,ok,
edm_1k,/mnt/pixstor/data/xggh8/zw-lab/exp_004_standard_edm_n1000_40000kimg_20260415/network-snapshot-006000.pkl,89bead0217ff5f41f79a7ccd7607a4d97152b82fee36febce35eafc0745ad807,6000,20111,fed8a87aff88b64d45804bc9f5ab3052dd5841a0cbf567e36a6d905c7ecd0fc0,12.055474490642951,19.989730540549125,37875,48119,0.60308339155390045,0,ok,
edm_1k,/mnt/pixstor/data/xggh8/zw-lab/exp_004_standard_edm_n1000_40000kimg_20260415/network-snapshot-006000.pkl,89bead0217ff5f41f79a7ccd7607a4d97152b82fee36febce35eafc0745ad807,6000,20112,f79d64563aba9d0a76e996b80aad6a440b354630a98a3e0d09d5b5b8124ca94e,6.8564341300438274,23.388887314494351,46332,7187,0.29314922244269481,1,ok,
edm_1k,/mnt/pixstor/data/xggh8/zw-lab/exp_004_standard_edm_n1000_40000kimg_20260415/network-snapshot-006000.pkl,89bead0217ff5f41f79a7ccd7607a4d97152b82fee36febce35eafc0745ad807,6000,20113,6f42bd43b6a43e0858886c716582b9d9ba4ad99c28e16d714c5bc269ba5322a0,3.251987951888462,21.388501042913493,35674,271,0.15204375217149316,1,ok,
edm_1k,/mnt/pixstor/data/xggh8/zw-lab/exp_004_standard_edm_n1000_40000kimg_20260415/network-snapshot-006000.pkl,89bead0217ff5f41f79a7ccd7607a4d97152b82fee36febce35eafc0745ad807,6000,20114,d93a980e8262216d32512f185d99bbf6798d0522ca734c37ac685189213e2b81,13.534294314673495,13.931089205948551,28921,31572,0.97151731028284383,0,ok,
edm_1k,/mnt/pixstor/data/xggh8/zw-lab/exp_004_standard_edm_n1000_40000kimg_20260415/network-snapshot-006000.pkl,89bead0217ff5f41f79a7ccd7607a4d97152b82fee36febce35eafc0745ad807,6000,20115,11e571418fdc52d3a953f9277749659fb03ced34bfbe0dae559c9e26081140c6,16.355178448494087,20.085097600989648,5697,15768,0.81429419828600791,0,ok,
edm_1k,/mnt/pixstor/data/xggh8/zw-lab/exp_004_standard_edm_n1000_40000kimg_20260415/network-snapshot-006000.pkl,89bead0217ff5f41f79a7ccd7607a4d97152b82fee36febce35eafc0745ad807,6000,20116,82d609f54452ce4cb31d739314d0867a7eea807247d1e65957a8a57ea86939f5,9.6862600285751714,18.187972294503492,47164,12277,0.53256404131990098,0,ok,
edm_1k,/mnt/pixstor/data/xggh8/zw-lab/exp_004_standard_edm_n1000_40000kimg_20260415/network-snapshot-006000.pkl,89bead0217ff5f41f79a7ccd7607a4d97152b82fee36febce35eafc0745ad807,6000,20117,6a7e926d3e1a7b72f70e5949bf230b4368527fd0d9077392b49665c65bea6c75,2.0565767149746574,27.244509007102536,17938,832,0.075485915875324314,1,ok,
edm_1k,/mnt/pixstor/data/xggh8/zw-lab/exp_004_standard_edm_n1000_40000kimg_20260415/network-snapshot-006000.pkl,89bead0217ff5f41f79a7ccd7607a4d97152b82fee36febce35eafc0745ad807,6000,20118,1d7c9cb249ae83bead45a3287fe5231a47f8387be45c31a7b143df980b55be2f,17.632187149056119,17.81796059529961,13379,38241,0.98957380979434317,0,ok,
edm_1k,/mnt/pixstor/data/xggh8/zw-lab/exp_004_standard_edm_n1000_40000kimg_20260415/network-snapshot-006000.pkl,89bead0217ff5f41f79a7ccd7607a4d97152b82fee36febce35eafc0745ad807,6000,20119,01e871d198bd9ebba9e6f8892faf5e5cb724c18cd1cde40ec934b35fe4003d0d,2.3853491254389851,20.728165754212821,6525,14410,0.11507767516545372,1,ok,
edm_1k,/mnt/pixstor/data/xggh8/zw-lab/exp_004_standard_edm_n1000_40000kimg_20260415/network-snapshot-006000.pkl,89bead0217ff5f41f79a7ccd7607a4d97152b82fee36febce35eafc0745ad807,6000,20120,985a69775ed6dc575b3ceb190f2609f414ad84e9bcd58ef5d480679febaa32c0,6.8704262379785153,21.813276671017928,27468,39127,0.31496534617868133,1,ok,
edm_1k,/mnt/pixstor/data/xggh8/zw-lab/exp_004_standard_edm_n1000_40000kimg_20260415/network-snapshot-006000.pkl,89bead0217ff5f41f79a7ccd7607a4d97152b82fee36febce35eafc0745ad807,6000,20121,c645cea7fc76af461cf128f40325d1decb3370feab725961800eb5a3c94b9955,3.2435744720799815,24.004149791248491,42460,338,0.1351255720484853,1,ok,
edm_1k,/mnt/pixstor/data/xggh8/zw-lab/exp_004_standard_edm_n1000_40000kimg_20260415/network-snapshot-006000.pkl,89bead0217ff5f41f79a7ccd7607a4d97152b82fee36febce35eafc0745ad807,6000,20122,d72503d7b262b56df4265cd9fa3fe459b3d45a15968819ae94ce800a85b95358,8.3029539593940722,12.858742030469363,40136,11207,0.64570499507026835,0,ok,
edm_1k,/mnt/pixstor/data/xggh8/zw-lab/exp_004_standard_edm_n1000_40000kimg_20260415/network-snapshot-006000.pkl,89bead0217ff5f41f79a7ccd7607a4d97152b82fee36febce35eafc0745ad807,6000,20123,aee94e38658e4da038593af2f984c364552019d5150a6f585f199ca31a507e6a,3.6367526739082288,25.629913631993347,1145,26504,0.14189484701846741,1,ok,
edm_1k,/mnt/pixstor/data/xggh8/zw-lab/exp_004_standard_edm_n1000_40000kimg_20260415/network-snapshot-006000.pkl,89bead0217ff5f41f79a7ccd7607a4d97152b82fee36febce35eafc0745ad807,6000,20124,5117ea48fac82e190cc0084948b477da6f91ef6d8e104753ed90f1ec98f25793,3.0224817414917586,25.455488520189146,40596,2166,0.1187359550807513,1,ok,
edm_1k,/mnt/pixstor/data/xggh8/zw-lab/exp_004_standard_edm_n1000_40000kimg_20260415/network-snapshot-006000.pkl,89bead0217ff5f41f79a7ccd7607a4d97152b82fee36febce35eafc0745ad807,6000,20125,2a28bce75efc543b09d1b786f4062ef4bae3e263e4584293c4d674e88ba780f6,3.707303465743661,21.880578129596341,46342,786,0.16943352427827529,1,ok,
edm_1k,/mnt/pixstor/data/xggh8/zw-lab/exp_004_standard_edm_n1000_40000kimg_20260415/network-snapshot-006000.pkl,89bead0217ff5f41f79a7ccd7607a4d97152b82fee36febce35eafc0745ad807,6000,20126,d13cc49c2cf6269468c1cebba4d671000d1856d354b45a4d363b88501e15fcf2,4.0183110411201666,22.088136961745086,4665,34019,0.18192168257918559,1,ok,
edm_1k,/mnt/pixstor/data/xggh8/zw-lab/exp_004_standard_edm_n1000_40000kimg_20260415/network-snapshot-006000.pkl,89bead0217ff5f41f79a7ccd7607a4d97152b82fee36febce35eafc0745ad807,6000,20127,e58b350e33c9e84e66ef3722c78ae861c181ec4edab8098ddefb2121fa34934a,17.133817943523628,17.411823834526768,5924,20051,0.98403349966981235,0,ok,
edm_1k,/mnt/pixstor/data/xggh8/zw-lab/exp_004_standard_edm_n1000_40000kimg_20260415/network-snapshot-008000.pkl,fc4c9972915e4609e67804aa693569980c8884bc5f754e049d3b72346cbccbae,8000,20000,9df0be6e2c9a12d8d57d688cc134a5c9cd2d75afd0592e89cd6a9181a28d450a,5.2599171278121517,22.272927333516279,8001,29779,0.23615742327219977,1,ok,
edm_1k,/mnt/pixstor/data/xggh8/zw-lab/exp_004_standard_edm_n1000_40000kimg_20260415/network-snapshot-008000.pkl,fc4c9972915e4609e67804aa693569980c8884bc5f754e049d3b72346cbccbae,8000,20001,016d25cbcdca1f9db6a63eb5aba3fa787c68b4290352a96e2fb15f3bdac34b59,7.8814937099073532,14.588179966687884,13186,30132,0.54026573074261131,0,ok,
edm_1k,/mnt/pixstor/data/xggh8/zw-lab/exp_004_standard_edm_n1000_40000kimg_20260415/network-snapshot-008000.pkl,fc4c9972915e4609e67804aa693569980c8884bc5f754e049d3b72346cbccbae,8000,20002,ef75ff7ccd9d96423151fedc420a9cf591aa94df1fd2543b329eb02511763cc0,4.0882310179685915,22.686124265409749,38615,28096,0.180208437992295,1,ok,
edm_1k,/mnt/pixstor/data/xggh8/zw-lab/exp_004_standard_edm_n1000_40000kimg_20260415/network-snapshot-008000.pkl,fc4c9972915e4609e67804aa693569980c8884bc5f754e049d3b72346cbccbae,8000,20003,86d6aa2dd7faa5eefcd929c49d8af3d8689ae83bc1c0065d903be63ea86c48d4,4.6184870997465417,23.348342951964657,41268,13805,0.19780791764316263,1,ok,
edm_1k,/mnt/pixstor/data/xggh8/zw-lab/exp_004_standard_edm_n1000_40000kimg_20260415/network-snapshot-008000.pkl,fc4c9972915e4609e67804aa693569980c8884bc5f754e049d3b72346cbccbae,8000,20004,e16b81b70240eb954cb10efa5e1441a14796c8e71d221bb290dd7b9c7decd569,2.9315662210270319,24.593784467123186,6655,47886,0.11919947598735489,1,ok,
edm_1k,/mnt/pixstor/data/xggh8/zw-lab/exp_004_standard_edm_n1000_40000kimg_20260415/network-snapshot-008000.pkl,fc4c9972915e4609e67804aa693569980c8884bc5f754e049d3b72346cbccbae,8000,20005,72b7386865d03c2fc8b9aad8e2b71ddd0262dde366d1810baa496d53b6fa3d2e,3.6493720807869492,24.183120482180811,7672,4706,0.15090575608205598,1,ok,
edm_1k,/mnt/pixstor/data/xggh8/zw-lab/exp_004_standard_edm_n1000_40000kimg_20260415/network-snapshot-008000.pkl,fc4c9972915e4609e67804aa693569980c8884bc5f754e049d3b72346cbccbae,8000,20006,945ce572865bb1b05943ae85ddd2e505b83186462c026a613336e13af964aa8b,16.266096250554305,19.393405330116515,3985,21934,0.83874368496255114,0,ok,
edm_1k,/mnt/pixstor/data/xggh8/zw-lab/exp_004_standard_edm_n1000_40000kimg_20260415/network-snapshot-008000.pkl,fc4c9972915e4609e67804aa693569980c8884bc5f754e049d3b72346cbccbae,8000,20007,b88e6433d96d6ecb9cfd5c59e8cfa1c47f3ab31211c5e2d4f3e4313236121529,3.6810868667699288,29.742904411251843,27456,30085,0.12376353081971918,1,ok,
edm_1k,/mnt/pixstor/data/xggh8/zw-lab/exp_004_standard_edm_n1000_40000kimg_20260415/network-snapshot-008000.pkl,fc4c9972915e4609e67804aa693569980c8884bc5f754e049d3b72346cbccbae,8000,20008,4408730af1bff5165730bdc278dabeff1cb8706a67495e7c4730543d5ba9a276,3.5018816725874014,28.552665164255298,5893,3985,0.12264640279434791,1,ok,
edm_1k,/mnt/pixstor/data/xggh8/zw-lab/exp_004_standard_edm_n1000_40000kimg_20260415/network-snapshot-008000.pkl,fc4c9972915e4609e67804aa693569980c8884bc5f754e049d3b72346cbccbae,8000,20009,ba44ab531ada3ab984804df1352d0f655489fa05c1345fdabea9387afa3ab13e,12.270777655053424,13.202001876024971,8275,5924,0.92946340791977433,0,ok,
edm_1k,/mnt/pixstor/data/xggh8/zw-lab/exp_004_standard_edm_n1000_40000kimg_20260415/network-snapshot-008000.pkl,fc4c9972915e4609e67804aa693569980c8884bc5f754e049d3b72346cbccbae,8000,20010,9f9f950e92d6c59d18215f9a972244dd4005cd40255b71de0145882aaa14d8ed,4.6364896528467936,20.151160222702536,35100,29779,0.2300854939172817,1,ok,
edm_1k,/mnt/pixstor/data/xggh8/zw-lab/exp_004_standard_edm_n1000_40000kimg_20260415/network-snapshot-008000.pkl,fc4c9972915e4609e67804aa693569980c8884bc5f754e049d3b72346cbccbae,8000,20011,99ba5910e759975218a54225814eeafa687c8a1008411c8b2f4f114e3e627648,13.042166855878904,19.690362286975006,41057,21936,0.66236297056383653,0,ok,
edm_1k,/mnt/pixstor/data/xggh8/zw-lab/exp_004_standard_edm_n1000_40000kimg_20260415/network-snapshot-008000.pkl,fc4c9972915e4609e67804aa693569980c8884bc5f754e049d3b72346cbccbae,8000,20012,3cf4a5cfabe023de53f1b9177470c261368b6174c659c823bd278780ff367c73,5.3850466280832157,17.427397954376104,23346,10551,0.30899889026353494,1,ok,
edm_1k,/mnt/pixstor/data/xggh8/zw-lab/exp_004_standard_edm_n1000_40000kimg_20260415/network-snapshot-008000.pkl,fc4c9972915e4609e67804aa693569980c8884bc5f754e049d3b72346cbccbae,8000,20013,5ecbd444983caa5cd0c5731f21beb2e36a462d55be4875ca29709218ef3911b3,3.0727134037470654,23.451240244404747,29119,14410,0.1310256247313055,1,ok,
edm_1k,/mnt/pixstor/data/xggh8/zw-lab/exp_004_standard_edm_n1000_40000kimg_20260415/network-snapshot-008000.pkl,fc4c9972915e4609e67804aa693569980c8884bc5f754e049d3b72346cbccbae,8000,20014,a5a125e0e2c6de3a90cdd9c139b9ecd4ac8a415428a47a6155d559cb35d26ac8,21.438809303609997,22.654162047468596,22857,37887,0.94635190031253424,0,ok,
edm_1k,/mnt/pixstor/data/xggh8/zw-lab/exp_004_standard_edm_n1000_40000kimg_20260415/network-snapshot-008000.pkl,fc4c9972915e4609e67804aa693569980c8884bc5f754e049d3b72346cbccbae,8000,20015,b0a2670a9204d9cf74818f6cef78c148b7ea833238e19d2aafe3458b229e8d5e,7.7696842704736113,17.976183122506175,13067,48613,0.43222102364689252,0,ok,
edm_1k,/mnt/pixstor/data/xggh8/zw-lab/exp_004_standard_edm_n1000_40000kimg_20260415/network-snapshot-008000.pkl,fc4c9972915e4609e67804aa693569980c8884bc5f754e049d3b72346cbccbae,8000,20016,ea934b5952f5b4efcf5121a6424b8ed3b280541353665b0c5ce2f4525d0bbba6,6.1083837862464083,16.162153867394252,6206,36170,0.37794367238202975,0,ok,
edm_1k,/mnt/pixstor/data/xggh8/zw-lab/exp_004_standard_edm_n1000_40000kimg_20260415/network-snapshot-008000.pkl,fc4c9972915e4609e67804aa693569980c8884bc5f754e049d3b72346cbccbae,8000,20017,2472824c92486e9b74f6c829973a5320b3057ea52d80fa8a3c555314675877c3,3.1780031388065351,26.591672676480972,8463,37764,0.11951121606642379,1,ok,
edm_1k,/mnt/pixstor/data/xggh8/zw-lab/exp_004_standard_edm_n1000_40000kimg_20260415/network-snapshot-008000.pkl,fc4c9972915e4609e67804aa693569980c8884bc5f754e049d3b72346cbccbae,8000,20018,08a57387b22cdffcb99bc3335f9f403435588cea1b5dd76db2428ce5495f8d96,2.9643254170291566,19.342666178703581,13186,30132,0.15325319630925033,1,ok,
edm_1k,/mnt/pixstor/data/xggh8/zw-lab/exp_004_standard_edm_n1000_40000kimg_20260415/network-snapshot-008000.pkl,fc4c9972915e4609e67804aa693569980c8884bc5f754e049d3b72346cbccbae,8000,20019,a1da7af8519ec1d15e49d2d7863a555c37c3d12432d7c48b357abd8ab10006f9,2.1131955063990486,19.028047765022094,35588,13535,0.11105687417306075,1,ok,
edm_1k,/mnt/pixstor/data/xggh8/zw-lab/exp_004_standard_edm_n1000_40000kimg_20260415/network-snapshot-008000.pkl,fc4c9972915e4609e67804aa693569980c8884bc5f754e049d3b72346cbccbae,8000,20020,e6d337fe7819dc9f2f4fea7bb256021efcc0380d26eb170297383c10e95d0088,8.4300439415083197,17.044452712313237,3881,9692,0.49459164713562759,0,ok,
edm_1k,/mnt/pixstor/data/xggh8/zw-lab/exp_004_standard_edm_n1000_40000kimg_20260415/network-snapshot-008000.pkl,fc4c9972915e4609e67804aa693569980c8884bc5f754e049d3b72346cbccbae,8000,20021,7b480337eda412840f548276fda5f6be6d0f67df0883553efa887395d3b653ad,2.4140222508321569,25.154673614246608,49021,20770,0.095967146616641075,1,ok,
edm_1k,/mnt/pixstor/data/xggh8/zw-lab/exp_004_standard_edm_n1000_40000kimg_20260415/network-snapshot-008000.pkl,fc4c9972915e4609e67804aa693569980c8884bc5f754e049d3b72346cbccbae,8000,20022,1aef8b88c5fb4b7e8d4d695db234cdae26f544447ad448242cbbb7066d4138fb,3.2044122084700635,25.081414369419786,8643,20770,0.12776042695490908,1,ok,
edm_1k,/mnt/pixstor/data/xggh8/zw-lab/exp_004_standard_edm_n1000_40000kimg_20260415/network-snapshot-008000.pkl,fc4c9972915e4609e67804aa693569980c8884bc5f754e049d3b72346cbccbae,8000,20023,4d7e5969e358948a7dc0f012c5dda91dd2e86f6c2b9046c1b244454629100bd1,2.2238497178143302,28.232914708256658,16924,43043,0.07876798200945119,1,ok,
edm_1k,/mnt/pixstor/data/xggh8/zw-lab/exp_004_standard_edm_n1000_40000kimg_20260415/network-snapshot-008000.pkl,fc4c9972915e4609e67804aa693569980c8884bc5f754e049d3b72346cbccbae,8000,20024,66d9d893cbfc8915ed549086316733f8034a93bdcd6d7f069f27995655706c0d,8.2689695367771581,20.823601008719184,1433,40136,0.39709604180923391,0,ok,
edm_1k,/mnt/pixstor/data/xggh8/zw-lab/exp_004_standard_edm_n1000_40000kimg_20260415/network-snapshot-008000.pkl,fc4c9972915e4609e67804aa693569980c8884bc5f754e049d3b72346cbccbae,8000,20025,9d1cf8566e8c0db2f41f442ae8098dcf1f9581a6c2885489b8c8b312ae9d0398,8.4934918328758418,24.494345672914967,8242,17743,0.34675316280310614,0,ok,
edm_1k,/mnt/pixstor/data/xggh8/zw-lab/exp_004_standard_edm_n1000_40000kimg_20260415/network-snapshot-008000.pkl,fc4c9972915e4609e67804aa693569980c8884bc5f754e049d3b72346cbccbae,8000,20026,21307932b894b4672ba74e495279ffdc1a1ce0611c037855519504f3a6028060,6.8730677276738632,19.624779694946817,9866,5093,0.35022394312246008,0,ok,
edm_1k,/mnt/pixstor/data/xggh8/zw-lab/exp_004_standard_edm_n1000_40000kimg_20260415/network-snapshot-008000.pkl,fc4c9972915e4609e67804aa693569980c8884bc5f754e049d3b72346cbccbae,8000,20027,305fbd3c5f608dac12586712caf3ec1eb96f4c79f7d1570c8f41bc98e1b220e3,7.5097284477320088,20.823910389661417,47529,7346,0.36063007894330995,0,ok,
edm_1k,/mnt/pixstor/data/xggh8/zw-lab/exp_004_standard_edm_n1000_40000kimg_20260415/network-snapshot-008000.pkl,fc4c9972915e4609e67804aa693569980c8884bc5f754e049d3b72346cbccbae,8000,20028,17fc0af24353bea577c3fee92566d8d9c3cea3abdbbc8f98d567791d3f7a94c7,7.2110298604637659,15.960711182720543,15029,2616,0.45179878126424616,0,ok,
edm_1k,/mnt/pixstor/data/xggh8/zw-lab/exp_004_standard_edm_n1000_40000kimg_20260415/network-snapshot-008000.pkl,fc4c9972915e4609e67804aa693569980c8884bc5f754e049d3b72346cbccbae,8000,20029,61d1c3adacdc2058ec72b477ba8a928564a032a5b7ec4d35b0cf932459b54fd0,3.1133794440382956,22.498770624747223,6599,29779,0.138379980664978,1,ok,
edm_1k,/mnt/pixstor/data/xggh8/zw-lab/exp_004_standard_edm_n1000_40000kimg_20260415/network-snapshot-008000.pkl,fc4c9972915e4609e67804aa693569980c8884bc5f754e049d3b72346cbccbae,8000,20030,b918b5c3ff9ee4ccad24bdf099a1e093b3c1d01d1db1808fe33f6b8b5fec1d4b,2.6237312721184671,20.840520386184444,38291,11812,0.12589566975773722,1,ok,
edm_1k,/mnt/pixstor/data/xggh8/zw-lab/exp_004_standard_edm_n1000_40000kimg_20260415/network-snapshot-008000.pkl,fc4c9972915e4609e67804aa693569980c8884bc5f754e049d3b72346cbccbae,8000,20031,89339836a679d903282179329ad8dafa1fbba168be294bf2188247229640a3ee,2.493705090393842,26.038707041566354,3137,13435,0.095769159598173101,1,ok,
edm_1k,/mnt/pixstor/data/xggh8/zw-lab/exp_004_standard_edm_n1000_40000kimg_20260415/network-snapshot-008000.pkl,fc4c9972915e4609e67804aa693569980c8884bc5f754e049d3b72346cbccbae,8000,20032,8ee46750176c35b5192a9104fdbceb900cbf5fba896e305a936a76fee70efb9d,9.2387126679575147,27.909708567585977,30616,41057,0.33102146679837613,1,ok,
edm_1k,/mnt/pixstor/data/xggh8/zw-lab/exp_004_standard_edm_n1000_40000kimg_20260415/network-snapshot-008000.pkl,fc4c9972915e4609e67804aa693569980c8884bc5f754e049d3b72346cbccbae,8000,20033,76efe449687819b8d6edb2a46228ee7d4075d6c2dc5cd2ce346abc427e46e46b,1.70148580196258,19.641966101883849,47356,23577,0.086625024864460567,1,ok,
edm_1k,/mnt/pixstor/data/xggh8/zw-lab/exp_004_standard_edm_n1000_40000kimg_20260415/network-snapshot-008000.pkl,fc4c9972915e4609e67804aa693569980c8884bc5f754e049d3b72346cbccbae,8000,20034,f9066de5342a80ac2b4da5eae295884f527417c4bb038aa44b76ed10114c3ee7,5.2171780935144829,23.333094161276168,16275,27792,0.2235956387718592,1,ok,
edm_1k,/mnt/pixstor/data/xggh8/zw-lab/exp_004_standard_edm_n1000_40000kimg_20260415/network-snapshot-008000.pkl,fc4c9972915e4609e67804aa693569980c8884bc5f754e049d3b72346cbccbae,8000,20035,a21e6a014e114d901882c31666a784a53456b9089ac1f3ea031cb6362b4f38d3,4.2546478477300784,17.075768706321327,10564,20770,0.24916288811964515,1,ok,
edm_1k,/mnt/pixstor/data/xggh8/zw-lab/exp_004_standard_edm_n1000_40000kimg_20260415/network-snapshot-008000.pkl,fc4c9972915e4609e67804aa693569980c8884bc5f754e049d3b72346cbccbae,8000,20036,5cc284df557d03399a56ff4562421cc508deb5df59f787836473237bd3e26d97,2.9990058321380815,25.503151285515528,25697,15768,0.11759353965960127,1,ok,
edm_1k,/mnt/pixstor/data/xggh8/zw-lab/exp_004_standard_edm_n1000_40000kimg_20260415/network-snapshot-008000.pkl,fc4c9972915e4609e67804aa693569980c8884bc5f754e049d3b72346cbccbae,8000,20037,3e7ac0116d0380dbd72bc231283786fb34da6af44eb8b6569e6ac567ca354f05,8.6627097781433875,18.209628557851996,4949,47550,0.47572138830959432,0,ok,
edm_1k,/mnt/pixstor/data/xggh8/zw-lab/exp_004_standard_edm_n1000_40000kimg_20260415/network-snapshot-008000.pkl,fc4c9972915e4609e67804aa693569980c8884bc5f754e049d3b72346cbccbae,8000,20038,394e3c20fd9041157fbe11e7e938ed6750b72cf594c2b92612276fa82b8c5a81,16.845986133582379,17.910319518039397,41520,4827,0.94057429386533198,0,ok,
edm_1k,/mnt/pixstor/data/xggh8/zw-lab/exp_004_standard_edm_n1000_40000kimg_20260415/network-snapshot-008000.pkl,fc4c9972915e4609e67804aa693569980c8884bc5f754e049d3b72346cbccbae,8000,20039,d7f8e2f7226a61e41637e885912ae2d166bb6b0be9ebe42d73b0464928f28362,15.372838247696933,15.413467941705939,41791,9691,0.99736401346130099,0,ok,
edm_1k,/mnt/pixstor/data/xggh8/zw-lab/exp_004_standard_edm_n1000_40000kimg_20260415/network-snapshot-008000.pkl,fc4c9972915e4609e67804aa693569980c8884bc5f754e049d3b72346cbccbae,8000,20040,baa325b110e398a140011ce815730e4f87b366ce446cae16d0a0c2c92daf0302,2.1726421203026054,20.999809312143398,47835,37719,0.10346008804214467,1,ok,
edm_1k,/mnt/pixstor/data/xggh8/zw-lab/exp_004_standard_edm_n1000_40000kimg_20260415/network-snapshot-008000.pkl,fc4c9972915e4609e67804aa693569980c8884bc5f754e049d3b72346cbccbae,8000,20041,de788b47fb38da3c303c6f4d3871ebab7493ec1e5b055c045fd37c40a6200c57,3.8544644679667273,16.461851076645505,37887,22857,0.23414526410307962,1,ok,
edm_1k,/mnt/pixstor/data/xggh8/zw-lab/exp_004_standard_edm_n1000_40000kimg_20260415/network-snapshot-008000.pkl,fc4c9972915e4609e67804aa693569980c8884bc5f754e049d3b72346cbccbae,8000,20042,c34cb63691f99c087c9517c187834c5846abea8465afcaa454aa89e0b789ba80,19.266211248290922,20.900874636952917,33571,37719,0.92178971372940077,0,ok,
edm_1k,/mnt/pixstor/data/xggh8/zw-lab/exp_004_standard_edm_n1000_40000kimg_20260415/network-snapshot-008000.pkl,fc4c9972915e4609e67804aa693569980c8884bc5f754e049d3b72346cbccbae,8000,20043,67b708b03d6c11413be29005ccaeb6b09d6cb2dfcbda1c76d94f8c13cd7a4e4c,2.8471907093919575,23.192481882152769,27642,14587,0.12276351982764494,1,ok,
edm_1k,/mnt/pixstor/data/xggh8/zw-lab/exp_004_standard_edm_n1000_40000kimg_20260415/network-snapshot-008000.pkl,fc4c9972915e4609e67804aa693569980c8884bc5f754e049d3b72346cbccbae,8000,20044,653cb225d96286211cb8c0d36ea9dc69beabc92a413ea48f3e23572e578bd2c3,2.856512849977999,17.637314920298312,30169,16683,0.16195848760916068,1,ok,
edm_1k,/mnt/pixstor/data/xggh8/zw-lab/exp_004_standard_edm_n1000_40000kimg_20260415/network-snapshot-008000.pkl,fc4c9972915e4609e67804aa693569980c8884bc5f754e049d3b72346cbccbae,8000,20045,4bd55376fe1ec77199476c8924472f71f4864d0e08d84f8d26b82036db8165c8,10.195381854285232,16.518231075873281,46725,29779,0.61721995578429245,0,ok,
edm_1k,/mnt/pixstor/data/xggh8/zw-lab/exp_004_standard_edm_n1000_40000kimg_20260415/network-snapshot-008000.pkl,fc4c9972915e4609e67804aa693569980c8884bc5f754e049d3b72346cbccbae,8000,20046,62807d4dd00cc5f916ffbe1f54ec6e969fcb89df221f84d04fb0f29f7c0cb73d,11.751182333234818,21.722383270947002,4451,2567,0.54097113501130656,0,ok,
edm_1k,/mnt/pixstor/data/xggh8/zw-lab/exp_004_standard_edm_n1000_40000kimg_20260415/network-snapshot-008000.pkl,fc4c9972915e4609e67804aa693569980c8884bc5f754e049d3b72346cbccbae,8000,20047,c8a8d2a69fd288cfc45d3a2ee88c325b4e169c8796895a803f8cd10aa3761e9f,3.4381235432541057,29.205886226255124,39004,45102,0.11772022655362352,1,ok,
edm_1k,/mnt/pixstor/data/xggh8/zw-lab/exp_004_standard_edm_n1000_40000kimg_20260415/network-snapshot-008000.pkl,fc4c9972915e4609e67804aa693569980c8884bc5f754e049d3b72346cbccbae,8000,20048,7eea261d4506d96d0b6a6c7cee18a3a108cd00bf7e330d23212728d3d9112f52,7.6492022812331779,21.672701626734607,8001,29779,0.35294179807271547,0,ok,
edm_1k,/mnt/pixstor/data/xggh8/zw-lab/exp_004_standard_edm_n1000_40000kimg_20260415/network-snapshot-008000.pkl,fc4c9972915e4609e67804aa693569980c8884bc5f754e049d3b72346cbccbae,8000,20049,07eaff67472cea42e915097d3182e8ebd1a2eb7810376ab61a0a6be258f76dbc,2.1562685158170631,26.929291683635597,11841,44302,0.080071490225173111,1,ok,
edm_1k,/mnt/pixstor/data/xggh8/zw-lab/exp_004_standard_edm_n1000_40000kimg_20260415/network-snapshot-008000.pkl,fc4c9972915e4609e67804aa693569980c8884bc5f754e049d3b72346cbccbae,8000,20050,65bf40a206967c678cec883490e6af2b207b3636c314f91caa9db4fcf82bd19a,3.5479275787259059,22.294809076610395,28096,40908,0.1591369348144836,1,ok,
edm_1k,/mnt/pixstor/data/xggh8/zw-lab/exp_004_standard_edm_n1000_40000kimg_20260415/network-snapshot-008000.pkl,fc4c9972915e4609e67804aa693569980c8884bc5f754e049d3b72346cbccbae,8000,20051,374aea3a480988089de125fdef5e8c44596767096b6f5e352e171a47dc869eb4,2.8178829195215882,25.078143985278711,33740,47886,0.112364093657638,1,ok,
edm_1k,/mnt/pixstor/data/xggh8/zw-lab/exp_004_standard_edm_n1000_40000kimg_20260415/network-snapshot-008000.pkl,fc4c9972915e4609e67804aa693569980c8884bc5f754e049d3b72346cbccbae,8000,20052,1c4ccc22b19b0ee2adb61defa404fe496ecf1da7549ba69095e0f3b8d49c054a,15.035679030512785,16.852723610264214,32024,6755,0.89218095414294041,0,ok,
edm_1k,/mnt/pixstor/data/xggh8/zw-lab/exp_004_standard_edm_n1000_40000kimg_20260415/network-snapshot-008000.pkl,fc4c9972915e4609e67804aa693569980c8884bc5f754e049d3b72346cbccbae,8000,20053,829766e51578248f2d0a4819d85d0f7c42686d53b51c8dc35c287eb56b0c7845,3.075103757077311,13.585112764344759,24779,47671,0.22635835347264638,1,ok,
edm_1k,/mnt/pixstor/data/xggh8/zw-lab/exp_004_standard_edm_n1000_40000kimg_20260415/network-snapshot-008000.pkl,fc4c9972915e4609e67804aa693569980c8884bc5f754e049d3b72346cbccbae,8000,20054,a4b24bf128db21f778321b025f5e7d776da3b7e4c6465429140c0c0da3d8747b,4.9776909160430263,19.410650858180666,30085,7346,0.25644121634103612,1,ok,
edm_1k,/mnt/pixstor/data/xggh8/zw-lab/exp_004_standard_edm_n1000_40000kimg_20260415/network-snapshot-008000.pkl,fc4c9972915e4609e67804aa693569980c8884bc5f754e049d3b72346cbccbae,8000,20055,c6ae42a92cafc06b311a0f5117250171e3e7fab7aa67ea4aa763edf7091f2779,3.3329269206753502,21.2789397618631,36890,15904,0.15663030949731549,1,ok,
edm_1k,/mnt/pixstor/data/xggh8/zw-lab/exp_004_standard_edm_n1000_40000kimg_20260415/network-snapshot-008000.pkl,fc4c9972915e4609e67804aa693569980c8884bc5f754e049d3b72346cbccbae,8000,20056,5b06655bc865fcb7411fb258edf15c5ce241812ff8b548df99093972ff6a23b7,3.4791084146685503,21.877496901109907,43220,11207,0.15902680413553369,1,ok,
edm_1k,/mnt/pixstor/data/xggh8/zw-lab/exp_004_standard_edm_n1000_40000kimg_20260415/network-snapshot-008000.pkl,fc4c9972915e4609e67804aa693569980c8884bc5f754e049d3b72346cbccbae,8000,20057,9c2551dd9c84ceada718ac72b81e8d23ac2bec22758e12976c4714e6766fb3e9,16.632485369479973,24.25442939641859,20445,18459,0.68575042923648111,0,ok,
edm_1k,/mnt/pixstor/data/xggh8/zw-lab/exp_004_standard_edm_n1000_40000kimg_20260415/network-snapshot-008000.pkl,fc4c9972915e4609e67804aa693569980c8884bc5f754e049d3b72346cbccbae,8000,20058,bd3f7a66be3788fa437bdd36e8e748c7846f1a8ab8b215cb83b5b6016ed60ec3,3.943569654893524,24.207278597400286,16883,22755,0.16290842603501243,1,ok,
edm_1k,/mnt/pixstor/data/xggh8/zw-lab/exp_004_standard_edm_n1000_40000kimg_20260415/network-snapshot-008000.pkl,fc4c9972915e4609e67804aa693569980c8884bc5f754e049d3b72346cbccbae,8000,20059,4332b512ecb6639dd517388d3942dd423e7dc4684fa50db51a37f0b3cba2be10,4.5002113420896093,23.713457078919674,46712,48119,0.18977457935014119,1,ok,
edm_1k,/mnt/pixstor/data/xggh8/zw-lab/exp_004_standard_edm_n1000_40000kimg_20260415/network-snapshot-008000.pkl,fc4c9972915e4609e67804aa693569980c8884bc5f754e049d3b72346cbccbae,8000,20060,0daad47e093664e9351bfa0f9fdac1fbda6c793bca40ecbdf44749518ab65452,2.2482852053004012,28.945105069526043,212,47038,0.077674107587449692,1,ok,
edm_1k,/mnt/pixstor/data/xggh8/zw-lab/exp_004_standard_edm_n1000_40000kimg_20260415/network-snapshot-008000.pkl,fc4c9972915e4609e67804aa693569980c8884bc5f754e049d3b72346cbccbae,8000,20061,61089f4cf3bcbabfb799c73c2fa7f7a4bde666fe54baf4863e4c1b4c834d27fb,3.7674868965022283,21.969571660809489,38324,1877,0.17148658857208743,1,ok,
edm_1k,/mnt/pixstor/data/xggh8/zw-lab/exp_004_standard_edm_n1000_40000kimg_20260415/network-snapshot-008000.pkl,fc4c9972915e4609e67804aa693569980c8884bc5f754e049d3b72346cbccbae,8000,20062,6ab32c73c65f2b4fbdc0205aa6ec9d5681aea306d436c82bb496562079d666d8,17.894144024666279,18.915032692236164,4897,37719,0.94602765513649267,0,ok,
edm_1k,/mnt/pixstor/data/xggh8/zw-lab/exp_004_standard_edm_n1000_40000kimg_20260415/network-snapshot-008000.pkl,fc4c9972915e4609e67804aa693569980c8884bc5f754e049d3b72346cbccbae,8000,20063,4c5f6fad780c467983d5b3650a4a65bb8cc0d3eba6d050d7c0d6927d625f64d9,2.4507902918092599,24.698787083792158,41185,43460,0.099227151661124197,1,ok,
edm_1k,/mnt/pixstor/data/xggh8/zw-lab/exp_004_standard_edm_n1000_40000kimg_20260415/network-snapshot-008000.pkl,fc4c9972915e4609e67804aa693569980c8884bc5f754e049d3b72346cbccbae,8000,20064,b2df458c4b237039e3308aa5e018f3fd8b199de35b2c059fc92e193967731022,3.0437163913668188,12.284544276025043,12300,20770,0.2477679532082476,1,ok,
edm_1k,/mnt/pixstor/data/xggh8/zw-lab/exp_004_standard_edm_n1000_40000kimg_20260415/network-snapshot-008000.pkl,fc4c9972915e4609e67804aa693569980c8884bc5f754e049d3b72346cbccbae,8000,20065,1a0a38512ebdc618d0f2a6c5ffff6c9254edf3cd9d8b74c5be85386a5570b846,16.072600747226883,17.081292806589129,46960,16683,0.94094755761266835,0,ok,
edm_1k,/mnt/pixstor/data/xggh8/zw-lab/exp_004_standard_edm_n1000_40000kimg_20260415/network-snapshot-008000.pkl,fc4c9972915e4609e67804aa693569980c8884bc5f754e049d3b72346cbccbae,8000,20066,8e4d1c9df861013bfa76ce27b28603f7bb3a183547d248b6687762367106c96b,2.7577525498965967,19.721684802089776,36890,6755,0.13983351714476119,1,ok,
edm_1k,/mnt/pixstor/data/xggh8/zw-lab/exp_004_standard_edm_n1000_40000kimg_20260415/network-snapshot-008000.pkl,fc4c9972915e4609e67804aa693569980c8884bc5f754e049d3b72346cbccbae,8000,20067,45af4f8ea1b2c13f65f1207816aa9f13cb0f53a4ec60c4b4a4bfbaba77a8298d,5.0856466498196147,20.09946144020595,43460,45385,0.25302402579038974,1,ok,
edm_1k,/mnt/pixstor/data/xggh8/zw-lab/exp_004_standard_edm_n1000_40000kimg_20260415/network-snapshot-008000.pkl,fc4c9972915e4609e67804aa693569980c8884bc5f754e049d3b72346cbccbae,8000,20068,d2628c1f130466626bb94495d496b788442a6ab4178797a7f56c2db6dbed4b35,18.168218758103031,18.274193117889716,49665,26024,0.99420087337903085,0,ok,
edm_1k,/mnt/pixstor/data/xggh8/zw-lab/exp_004_standard_edm_n1000_40000kimg_20260415/network-snapshot-008000.pkl,fc4c9972915e4609e67804aa693569980c8884bc5f754e049d3b72346cbccbae,8000,20069,c0638c4141ad108efa90ba3311d29a327fddcf6f1822fbbb0000791d2a833ce0,3.2863083635071066,21.026500345213435,26900,37261,0.15629364418959127,1,ok,
edm_1k,/mnt/pixstor/data/xggh8/zw-lab/exp_004_standard_edm_n1000_40000kimg_20260415/network-snapshot-008000.pkl,fc4c9972915e4609e67804aa693569980c8884bc5f754e049d3b72346cbccbae,8000,20070,8143a99026fe885f41297dbc6e1b9f5fca70997d14323db62c2196c79abea4a7,2.5285663846802273,26.909894268156197,27792,16275,0.093964188765780637,1,ok,
edm_1k,/mnt/pixstor/data/xggh8/zw-lab/exp_004_standard_edm_n1000_40000kimg_20260415/network-snapshot-008000.pkl,fc4c9972915e4609e67804aa693569980c8884bc5f754e049d3b72346cbccbae,8000,20071,3611b30c9f244c5218db77a7c99486861f6b8c039fb2dd348685f07590fc6a09,2.3716434156510613,22.733294244518575,9841,16683,0.10432466980551704,1,ok,
edm_1k,/mnt/pixstor/data/xggh8/zw-lab/exp_004_standard_edm_n1000_40000kimg_20260415/network-snapshot-008000.pkl,fc4c9972915e4609e67804aa693569980c8884bc5f754e049d3b72346cbccbae,8000,20072,fbbfc52dd11cf04f0656fcf4ec54764f6f871cfbcebbc6307bae84ebcb528b29,4.973842972182438,10.444872802607687,5111,32024,0.47619947759829673,0,ok,
edm_1k,/mnt/pixstor/data/xggh8/zw-lab/exp_004_standard_edm_n1000_40000kimg_20260415/network-snapshot-008000.pkl,fc4c9972915e4609e67804aa693569980c8884bc5f754e049d3b72346cbccbae,8000,20073,a644526f4c67c0c98a342255095c77b769ed8aec31be458e46bdcb693c5d75d6,22.638215857424445,23.047975387040793,11710,26001,0.98222145230826896,0,ok,
edm_1k,/mnt/pixstor/data/xggh8/zw-lab/exp_004_standard_edm_n1000_40000kimg_20260415/network-snapshot-008000.pkl,fc4c9972915e4609e67804aa693569980c8884bc5f754e049d3b72346cbccbae,8000,20074,ea8d5226d5a2de779fe3288eb9a0feabb161b5476672b6a48ebdd06482409065,6.7004021974515586,26.60368522649874,49735,11710,0.25185992618712794,1,ok,
edm_1k,/mnt/pixstor/data/xggh8/zw-lab/exp_004_standard_edm_n1000_40000kimg_20260415/network-snapshot-008000.pkl,fc4c9972915e4609e67804aa693569980c8884bc5f754e049d3b72346cbccbae,8000,20075,9adee41dfa7e5e74187491414ffbfca0b2bbf15b45ac92d4030bfd49c83a6cd2,2.103577925018385,25.862594839824833,36811,38324,0.081336692549471679,1,ok,
edm_1k,/mnt/pixstor/data/xggh8/zw-lab/exp_004_standard_edm_n1000_40000kimg_20260415/network-snapshot-008000.pkl,fc4c9972915e4609e67804aa693569980c8884bc5f754e049d3b72346cbccbae,8000,20076,0868566c81f76a70b20ed94b08ef3da4902bca0cae46b684582ef7b8fa6c62e9,1.9257897070987748,16.739473766805951,17330,43682,0.1150448176523672,1,ok,
edm_1k,/mnt/pixstor/data/xggh8/zw-lab/exp_004_standard_edm_n1000_40000kimg_20260415/network-snapshot-008000.pkl,fc4c9972915e4609e67804aa693569980c8884bc5f754e049d3b72346cbccbae,8000,20077,49155bdd20868c43d1f2e581d9106934072ad5556b5128fefa90a66e3898fbf1,6.5608230512247951,23.976215928048418,21987,17844,0.27363880400950424,1,ok,
edm_1k,/mnt/pixstor/data/xggh8/zw-lab/exp_004_standard_edm_n1000_40000kimg_20260415/network-snapshot-008000.pkl,fc4c9972915e4609e67804aa693569980c8884bc5f754e049d3b72346cbccbae,8000,20078,9bd488fbb8ab167da4e9e270eb2490a3c9de2fbd216c6692890338b6ec77ea28,3.4613479051658844,24.020916333611883,8572,21934,0.14409724662845208,1,ok,
edm_1k,/mnt/pixstor/data/xggh8/zw-lab/exp_004_standard_edm_n1000_40000kimg_20260415/network-snapshot-008000.pkl,fc4c9972915e4609e67804aa693569980c8884bc5f754e049d3b72346cbccbae,8000,20079,59dbae33c622eef06c9614f0d00fcb6812874b11ce9fe3d62954aa67b08b685e,2.3343963440842903,19.16822612311779,19923,7496,0.12178468310476041,1,ok,
edm_1k,/mnt/pixstor/data/xggh8/zw-lab/exp_004_standard_edm_n1000_40000kimg_20260415/network-snapshot-008000.pkl,fc4c9972915e4609e67804aa693569980c8884bc5f754e049d3b72346cbccbae,8000,20080,b309edfaa790507d29ea3eb3573eefdc265e7fc5fdcbdb2fbe9aa15f61341488,7.7019341690955052,22.085767792450888,34696,21934,0.34872838660053718,0,ok,
edm_1k,/mnt/pixstor/data/xggh8/zw-lab/exp_004_standard_edm_n1000_40000kimg_20260415/network-snapshot-008000.pkl,fc4c9972915e4609e67804aa693569980c8884bc5f754e049d3b72346cbccbae,8000,20081,a64a3ec852fee67e626c249db993e6868e4c6bb063095af9510dce4e49548316,2.2865814636013089,24.266631299790532,41057,31755,0.094227395444914777,1,ok,
edm_1k,/mnt/pixstor/data/xggh8/zw-lab/exp_004_standard_edm_n1000_40000kimg_20260415/network-snapshot-008000.pkl,fc4c9972915e4609e67804aa693569980c8884bc5f754e049d3b72346cbccbae,8000,20082,39bc5947ade760018a77f4f07e733cfeb83089b5c8781b7c8a074f398d05b516,3.3242347178189404,26.118229455459822,43052,46008,0.1272764190806982,1,ok,
edm_1k,/mnt/pixstor/data/xggh8/zw-lab/exp_004_standard_edm_n1000_40000kimg_20260415/network-snapshot-008000.pkl,fc4c9972915e4609e67804aa693569980c8884bc5f754e049d3b72346cbccbae,8000,20083,457746b90d1bd82c11253b8558204cae37923e6fc5a87629977c7c4cf629f1f7,2.6642347809722073,21.79220328852891,13638,13435,0.1222563292796842,1,ok,
edm_1k,/mnt/pixstor/data/xggh8/zw-lab/exp_004_standard_edm_n1000_40000kimg_20260415/network-snapshot-008000.pkl,fc4c9972915e4609e67804aa693569980c8884bc5f754e049d3b72346cbccbae,8000,20084,c5670f266e611a1dffc56b5ee39d018daead9bf9024d036dbe4073930837f0fd,2.911270019170717,23.262670970193028,6610,44722,0.12514771080676812,1,ok,
edm_1k,/mnt/pixstor/data/xggh8/zw-lab/exp_004_standard_edm_n1000_40000kimg_20260415/network-snapshot-008000.pkl,fc4c9972915e4609e67804aa693569980c8884bc5f754e049d3b72346cbccbae,8000,20085,14ddf5ed5cd3e45e2fd886d4abdfda88afec0b6ef5b7a45406aa344d08ba8bbe,2.5204080087958367,34.122579527199228,10393,22413,0.07386334924611461,1,ok,
edm_1k,/mnt/pixstor/data/xggh8/zw-lab/exp_004_standard_edm_n1000_40000kimg_20260415/network-snapshot-008000.pkl,fc4c9972915e4609e67804aa693569980c8884bc5f754e049d3b72346cbccbae,8000,20086,0000b12e2d168b6448fc2e048ffac3d907600fab892ab3d68c1aab0e86bdb375,2.3909782592093882,30.465986389709677,33068,31271,0.078480251012551336,1,ok,
edm_1k,/mnt/pixstor/data/xggh8/zw-lab/exp_004_standard_edm_n1000_40000kimg_20260415/network-snapshot-008000.pkl,fc4c9972915e4609e67804aa693569980c8884bc5f754e049d3b72346cbccbae,8000,20087,17a283a8f1d3bab74267e650ecdde175e83a3f8442849fc995eb6188bb96da26,1.8443111826768508,11.272106012064,13533,32024,0.16361726732369017,1,ok,
edm_1k,/mnt/pixstor/data/xggh8/zw-lab/exp_004_standard_edm_n1000_40000kimg_20260415/network-snapshot-008000.pkl,fc4c9972915e4609e67804aa693569980c8884bc5f754e049d3b72346cbccbae,8000,20088,74e67640576f88e39d0b739111fdf028af614832edcc846d392142f57b7c2438,7.441597110254083,20.540039123502112,26267,29779,0.36229712443630818,0,ok,
edm_1k,/mnt/pixstor/data/xggh8/zw-lab/exp_004_standard_edm_n1000_40000kimg_20260415/network-snapshot-008000.pkl,fc4c9972915e4609e67804aa693569980c8884bc5f754e049d3b72346cbccbae,8000,20089,44066307d191461f453e70a533715ddc5856813109377484dde9e551041d45c8,5.7268212604928044,20.295122556432275,41256,29437,0.28217721989945621,1,ok,
edm_1k,/mnt/pixstor/data/xggh8/zw-lab/exp_004_standard_edm_n1000_40000kimg_20260415/network-snapshot-008000.pkl,fc4c9972915e4609e67804aa693569980c8884bc5f754e049d3b72346cbccbae,8000,20090,c08da0ec8676ec32bf8f0cd2b428f26ef6e688a373f171256dfa46b067f63b44,2.3290014705304909,19.778662394131761,37803,24752,0.11775323447663959,1,ok,
edm_1k,/mnt/pixstor/data/xggh8/zw-lab/exp_004_standard_edm_n1000_40000kimg_20260415/network-snapshot-008000.pkl,fc4c9972915e4609e67804aa693569980c8884bc5f754e049d3b72346cbccbae,8000,20091,dbb43e7f119eb39517f3b69a00800cf97bde0a5d9805cab0dab8cb5402e1b04f,2.316206534737336,20.052125683105906,46742,4786,0.11550927673911203,1,ok,
edm_1k,/mnt/pixstor/data/xggh8/zw-lab/exp_004_standard_edm_n1000_40000kimg_20260415/network-snapshot-008000.pkl,fc4c9972915e4609e67804aa693569980c8884bc5f754e049d3b72346cbccbae,8000,20092,186d3775784c5ca45e2a8afc017949243258e205a4eeb214619b78aa1f715090,2.9092092296407346,23.980260889692236,35231,271,0.12131682983028928,1,ok,
edm_1k,/mnt/pixstor/data/xggh8/zw-lab/exp_004_standard_edm_n1000_40000kimg_20260415/network-snapshot-008000.pkl,fc4c9972915e4609e67804aa693569980c8884bc5f754e049d3b72346cbccbae,8000,20093,04938438e057a397a51896112833f6c96691faf4112cac9bb94ce547074440c4,3.5970285295193647,22.444232571316373,25649,737,0.16026516024060233,1,ok,
edm_1k,/mnt/pixstor/data/xggh8/zw-lab/exp_004_standard_edm_n1000_40000kimg_20260415/network-snapshot-008000.pkl,fc4c9972915e4609e67804aa693569980c8884bc5f754e049d3b72346cbccbae,8000,20094,4b61760b0410986829f3cc8c32de13f4726197950d9a4c4aa36dc3724819aaba,20.309759479069019,21.098572817815032,3160,21934,0.96261295275479664,0,ok,
edm_1k,/mnt/pixstor/data/xggh8/zw-lab/exp_004_standard_edm_n1000_40000kimg_20260415/network-snapshot-008000.pkl,fc4c9972915e4609e67804aa693569980c8884bc5f754e049d3b72346cbccbae,8000,20095,7f3b41843bf75029ada882075949acffa601145785af200ce02c9491a9b5331c,7.1613675267763934,20.795588714876693,24507,38154,0.3443695499542801,0,ok,
edm_1k,/mnt/pixstor/data/xggh8/zw-lab/exp_004_standard_edm_n1000_40000kimg_20260415/network-snapshot-008000.pkl,fc4c9972915e4609e67804aa693569980c8884bc5f754e049d3b72346cbccbae,8000,20096,c9f233c6541e5ccaf9ff7429494cb85273d01d2aada750bceb5d8b9db1330d19,21.690034932650423,23.465107385544162,16275,37887,0.92435268146323146,0,ok,
edm_1k,/mnt/pixstor/data/xggh8/zw-lab/exp_004_standard_edm_n1000_40000kimg_20260415/network-snapshot-008000.pkl,fc4c9972915e4609e67804aa693569980c8884bc5f754e049d3b72346cbccbae,8000,20097,5182432edeb0e891038c1e385606a5b843f2c3b475b0ec7f5d4028f8d7ce5309,23.000517141903497,23.053926770726118,42808,31001,0.99768327411838398,0,ok,
edm_1k,/mnt/pixstor/data/xggh8/zw-lab/exp_004_standard_edm_n1000_40000kimg_20260415/network-snapshot-008000.pkl,fc4c9972915e4609e67804aa693569980c8884bc5f754e049d3b72346cbccbae,8000,20098,2b9737b10e9d1840ae5c9410906f697aad4dba589ec7a32cd30354f814c9d579,3.4552347754879551,18.226050164471395,737,12277,0.18957671817579824,1,ok,
edm_1k,/mnt/pixstor/data/xggh8/zw-lab/exp_004_standard_edm_n1000_40000kimg_20260415/network-snapshot-008000.pkl,fc4c9972915e4609e67804aa693569980c8884bc5f754e049d3b72346cbccbae,8000,20099,89f629a13ce44cb63c440ae573235c4b4f5c83bb8d8cfc077289d3e0ffd81ed1,2.5328793976815267,27.922419872239679,29984,4891,0.09071131403620579,1,ok,
edm_1k,/mnt/pixstor/data/xggh8/zw-lab/exp_004_standard_edm_n1000_40000kimg_20260415/network-snapshot-008000.pkl,fc4c9972915e4609e67804aa693569980c8884bc5f754e049d3b72346cbccbae,8000,20100,7e9b31f29641de0ed8f12c386abe585cc793bbc34a437ef99de1336fff248faa,7.6797434742920672,18.19382492657061,26009,1220,0.42210714378571507,0,ok,
edm_1k,/mnt/pixstor/data/xggh8/zw-lab/exp_004_standard_edm_n1000_40000kimg_20260415/network-snapshot-008000.pkl,fc4c9972915e4609e67804aa693569980c8884bc5f754e049d3b72346cbccbae,8000,20101,b6921f90f6682c8559fde2a41998d7d7d108ffe21fddfbce03365fe9911ca69c,3.6415521362354775,22.183658916906321,45519,17844,0.1641547118027597,1,ok,
edm_1k,/mnt/pixstor/data/xggh8/zw-lab/exp_004_standard_edm_n1000_40000kimg_20260415/network-snapshot-008000.pkl,fc4c9972915e4609e67804aa693569980c8884bc5f754e049d3b72346cbccbae,8000,20102,4d559071f638ccb71071295d8a78c38eefbed96a2cbc838675166c141bafc3ad,5.7878022966540446,24.153683253692069,19619,42837,0.23962400416794968,1,ok,
edm_1k,/mnt/pixstor/data/xggh8/zw-lab/exp_004_standard_edm_n1000_40000kimg_20260415/network-snapshot-008000.pkl,fc4c9972915e4609e67804aa693569980c8884bc5f754e049d3b72346cbccbae,8000,20103,b0c9a8760e4eaa57673ca3fdf3d6a75074a005fca654064cd426766ce4c13a66,3.1922689272773304,25.008665324536025,23165,26427,0.12764651315259884,1,ok,
edm_1k,/mnt/pixstor/data/xggh8/zw-lab/exp_004_standard_edm_n1000_40000kimg_20260415/network-snapshot-008000.pkl,fc4c9972915e4609e67804aa693569980c8884bc5f754e049d3b72346cbccbae,8000,20104,1bed2247911b2bafe69adcd66f12a517feda2624c7d60cdf02d36f4fef926010,2.6325951667467256,28.036434604149363,16924,43043,0.09389907111645017,1,ok,
edm_1k,/mnt/pixstor/data/xggh8/zw-lab/exp_004_standard_edm_n1000_40000kimg_20260415/network-snapshot-008000.pkl,fc4c9972915e4609e67804aa693569980c8884bc5f754e049d3b72346cbccbae,8000,20105,512b4bfcf7d2633d50a5315cb3a872ab050a1f394eaf888adeb5ccd8fdce9352,3.9459069930433954,23.291048475057,48840,12277,0.1694173191588679,1,ok,
edm_1k,/mnt/pixstor/data/xggh8/zw-lab/exp_004_standard_edm_n1000_40000kimg_20260415/network-snapshot-008000.pkl,fc4c9972915e4609e67804aa693569980c8884bc5f754e049d3b72346cbccbae,8000,20106,fd49f34f79e324b382619e827264cd18a4ec97811ec9c615a07aad4af35e5756,6.3888138150654399,19.186604016087962,33993,1276,0.33298304430051412,1,ok,
edm_1k,/mnt/pixstor/data/xggh8/zw-lab/exp_004_standard_edm_n1000_40000kimg_20260415/network-snapshot-008000.pkl,fc4c9972915e4609e67804aa693569980c8884bc5f754e049d3b72346cbccbae,8000,20107,106aa3dbf0cc1f7089c707306448ebdb657152686abc59bd78775fc838db641c,4.1790198955308551,19.80731017924953,46008,11830,0.21098371549251882,1,ok,
edm_1k,/mnt/pixstor/data/xggh8/zw-lab/exp_004_standard_edm_n1000_40000kimg_20260415/network-snapshot-008000.pkl,fc4c9972915e4609e67804aa693569980c8884bc5f754e049d3b72346cbccbae,8000,20108,6a3f41934fe641ef2ffbecb91018b6ec21090239a9b10b9d48908068cb62cc31,3.1888074075752355,21.614631371022369,832,8275,0.14753003892771943,1,ok,
edm_1k,/mnt/pixstor/data/xggh8/zw-lab/exp_004_standard_edm_n1000_40000kimg_20260415/network-snapshot-008000.pkl,fc4c9972915e4609e67804aa693569980c8884bc5f754e049d3b72346cbccbae,8000,20109,363a5a31b2bd2c902446f57e360d0fe4c105d911e661913083349540899d9409,1.986303662034032,18.522505774781887,13316,5111,0.10723730828786429,1,ok,
edm_1k,/mnt/pixstor/data/xggh8/zw-lab/exp_004_standard_edm_n1000_40000kimg_20260415/network-snapshot-008000.pkl,fc4c9972915e4609e67804aa693569980c8884bc5f754e049d3b72346cbccbae,8000,20110,e24fbb1b1c673accaed6277603ced2313cce179c93d483e8860c9edc4169a726,6.91352848285318,22.420095169994028,2392,49860,0.3083630301492169,1,ok,
edm_1k,/mnt/pixstor/data/xggh8/zw-lab/exp_004_standard_edm_n1000_40000kimg_20260415/network-snapshot-008000.pkl,fc4c9972915e4609e67804aa693569980c8884bc5f754e049d3b72346cbccbae,8000,20111,94216c52cfc5c0bcd55fe73d42ea2e96bd0fc9f731b9bed28948e21c95b5fcf2,2.7285023089927072,29.362115865559559,28900,1678,0.092925943126364319,1,ok,
edm_1k,/mnt/pixstor/data/xggh8/zw-lab/exp_004_standard_edm_n1000_40000kimg_20260415/network-snapshot-008000.pkl,fc4c9972915e4609e67804aa693569980c8884bc5f754e049d3b72346cbccbae,8000,20112,90a54564652391b92cc5689117a33f2008bb759fa1cda8f61da4cd7db3406bf9,5.9763880492514181,23.331506378231239,46332,7187,0.25615097252475338,1,ok,
edm_1k,/mnt/pixstor/data/xggh8/zw-lab/exp_004_standard_edm_n1000_40000kimg_20260415/network-snapshot-008000.pkl,fc4c9972915e4609e67804aa693569980c8884bc5f754e049d3b72346cbccbae,8000,20113,3bc8e115473c38986982738a1050330e7bef1962f0db3888c4dcba55a1877ca4,2.6967500535875724,21.538571710648931,35674,271,0.12520561204410163,1,ok,
edm_1k,/mnt/pixstor/data/xggh8/zw-lab/exp_004_standard_edm_n1000_40000kimg_20260415/network-snapshot-008000.pkl,fc4c9972915e4609e67804aa693569980c8884bc5f754e049d3b72346cbccbae,8000,20114,db9f61e120c732af309f9d6c2543ead4ce9f7164cc00f4d0cfe98b1b2dd4c9eb,10.017264853668966,15.494311329916391,28921,39006,0.64651242900532446,0,ok,
edm_1k,/mnt/pixstor/data/xggh8/zw-lab/exp_004_standard_edm_n1000_40000kimg_20260415/network-snapshot-008000.pkl,fc4c9972915e4609e67804aa693569980c8884bc5f754e049d3b72346cbccbae,8000,20115,c1fbaafafd2370a09698ee5322e5bad3ff50db97e128665c98724cb7665a2b7a,4.3503067953507921,21.573975608159284,4937,47671,0.20164604217432716,1,ok,
edm_1k,/mnt/pixstor/data/xggh8/zw-lab/exp_004_standard_edm_n1000_40000kimg_20260415/network-snapshot-008000.pkl,fc4c9972915e4609e67804aa693569980c8884bc5f754e049d3b72346cbccbae,8000,20116,9e680cb620ebe2af7a9a364c19951bec219bf23e49138d9252f8060838a2e08a,4.7937616907879264,15.068088458203794,12277,34019,0.31814000190435376,1,ok,
edm_1k,/mnt/pixstor/data/xggh8/zw-lab/exp_004_standard_edm_n1000_40000kimg_20260415/network-snapshot-008000.pkl,fc4c9972915e4609e67804aa693569980c8884bc5f754e049d3b72346cbccbae,8000,20117,709efd5e3dfa6671ecece7946e343ba6c994d7b86c46ba65d3b8d871bd04b5df,1.9185524256894273,27.113027121104572,17938,832,0.070761277120400951,1,ok,
edm_1k,/mnt/pixstor/data/xggh8/zw-lab/exp_004_standard_edm_n1000_40000kimg_20260415/network-snapshot-008000.pkl,fc4c9972915e4609e67804aa693569980c8884bc5f754e049d3b72346cbccbae,8000,20118,71da1f59e313c556398282a3816a07bc5b015f4981638ea6b532f5203c418f64,3.0837704812982905,15.959124006748036,38241,2567,0.19322930757317081,1,ok,
edm_1k,/mnt/pixstor/data/xggh8/zw-lab/exp_004_standard_edm_n1000_40000kimg_20260415/network-snapshot-008000.pkl,fc4c9972915e4609e67804aa693569980c8884bc5f754e049d3b72346cbccbae,8000,20119,500444307165389811637a2e06205dac21d1179724d61a332124e8f4bf6ead9d,1.6850889730541694,21.575953224749746,6525,14410,0.078100325649631375,1,ok,
edm_1k,/mnt/pixstor/data/xggh8/zw-lab/exp_004_standard_edm_n1000_40000kimg_20260415/network-snapshot-008000.pkl,fc4c9972915e4609e67804aa693569980c8884bc5f754e049d3b72346cbccbae,8000,20120,be1dc3d223c2eb46562aaccfee8734599e56ef682325f6ca11b82c7beeb07a84,2.5245550329162114,24.172394802990524,43043,42172,0.104439591256547,1,ok,
edm_1k,/mnt/pixstor/data/xggh8/zw-lab/exp_004_standard_edm_n1000_40000kimg_20260415/network-snapshot-008000.pkl,fc4c9972915e4609e67804aa693569980c8884bc5f754e049d3b72346cbccbae,8000,20121,95be82896c92515384d59fe87ba25d61a2a9141bf07ad9165a4a7930e86e62b1,15.880553502837667,20.367550144823895,42460,11476,0.77969875561462509,0,ok,
edm_1k,/mnt/pixstor/data/xggh8/zw-lab/exp_004_standard_edm_n1000_40000kimg_20260415/network-snapshot-008000.pkl,fc4c9972915e4609e67804aa693569980c8884bc5f754e049d3b72346cbccbae,8000,20122,b7520dcf977d29687f01fb7782e2a530b9d30ee2ea25a2fc96c994f5b9c6906f,3.783774166113556,20.374909064093686,27739,49665,0.18570753637284346,1,ok,
edm_1k,/mnt/pixstor/data/xggh8/zw-lab/exp_004_standard_edm_n1000_40000kimg_20260415/network-snapshot-008000.pkl,fc4c9972915e4609e67804aa693569980c8884bc5f754e049d3b72346cbccbae,8000,20123,2f118100d73e5956ed85c981a46f9a05befd79146e33c9c0abc087bfef0d0e20,3.9366319090506439,28.839524633250093,11512,49665,0.13650127590910302,1,ok,
edm_1k,/mnt/pixstor/data/xggh8/zw-lab/exp_004_standard_edm_n1000_40000kimg_20260415/network-snapshot-008000.pkl,fc4c9972915e4609e67804aa693569980c8884bc5f754e049d3b72346cbccbae,8000,20124,2185145045c2a55f67e3778485989a0f37ca91066ee9843ef989bfd651086f28,2.3870087209519406,26.166215161089919,40596,6610,0.091224837304766423,1,ok,
edm_1k,/mnt/pixstor/data/xggh8/zw-lab/exp_004_standard_edm_n1000_40000kimg_20260415/network-snapshot-008000.pkl,fc4c9972915e4609e67804aa693569980c8884bc5f754e049d3b72346cbccbae,8000,20125,1b912adca882614feb16019ce89e0a651d8d2b3145d3a702649717532f387f0a,3.2083595342188751,21.839968101975188,46342,49665,0.14690312363270869,1,ok,
edm_1k,/mnt/pixstor/data/xggh8/zw-lab/exp_004_standard_edm_n1000_40000kimg_20260415/network-snapshot-008000.pkl,fc4c9972915e4609e67804aa693569980c8884bc5f754e049d3b72346cbccbae,8000,20126,5e3d77c04196ffb3031a67d026d1dc67b9aade822cdcf7a264113c26c7b2e6a4,7.8118998120082113,22.411240798142483,44278,29771,0.34857060715066196,0,ok,
edm_1k,/mnt/pixstor/data/xggh8/zw-lab/exp_004_standard_edm_n1000_40000kimg_20260415/network-snapshot-008000.pkl,fc4c9972915e4609e67804aa693569980c8884bc5f754e049d3b72346cbccbae,8000,20127,0d19eeaf2d1196ab33300bb1da9164c7ec1ae5d53d245f4754293179e2e7b96f,19.61256223029719,19.799322096903651,20051,5924,0.99056736055444705,0,ok,
edm_1k,/mnt/pixstor/data/xggh8/zw-lab/exp_004_standard_edm_n1000_40000kimg_20260415/network-snapshot-010000.pkl,20a28ef6f66087f8fcec676dca2d86ff81e859e17ae7507adeb9d49a24d31c0e,10000,20000,2eeb565af95de6d1603b5863ac4a364358cedc08f8acd1913347d69a38fa2532,3.4264108750301108,17.087003088519285,15768,47550,0.20052731642170227,1,ok,
edm_1k,/mnt/pixstor/data/xggh8/zw-lab/exp_004_standard_edm_n1000_40000kimg_20260415/network-snapshot-010000.pkl,20a28ef6f66087f8fcec676dca2d86ff81e859e17ae7507adeb9d49a24d31c0e,10000,20001,7b3a5c1fdb9924f4e4629e183ade9c38ec31cc2579676f3f9804838e6e9b59ce,1.7483286844837687,15.832432695410272,37261,44302,0.11042704037457229,1,ok,
edm_1k,/mnt/pixstor/data/xggh8/zw-lab/exp_004_standard_edm_n1000_40000kimg_20260415/network-snapshot-010000.pkl,20a28ef6f66087f8fcec676dca2d86ff81e859e17ae7507adeb9d49a24d31c0e,10000,20002,7085942084cebe3ad119423ea4ea6fe78e4060dc0a24e9700ce125cfc81db153,7.4808965175069213,22.035468165216098,34748,15029,0.33949342312208403,0,ok,
edm_1k,/mnt/pixstor/data/xggh8/zw-lab/exp_004_standard_edm_n1000_40000kimg_20260415/network-snapshot-010000.pkl,20a28ef6f66087f8fcec676dca2d86ff81e859e17ae7507adeb9d49a24d31c0e,10000,20003,cf7a5b8c6d969df62802e080ab93d927d30167749065d84a9a44b8e436694ea1,3.398136980107076,22.915550976624022,41268,13805,0.14828956037642252,1,ok,
edm_1k,/mnt/pixstor/data/xggh8/zw-lab/exp_004_standard_edm_n1000_40000kimg_20260415/network-snapshot-010000.pkl,20a28ef6f66087f8fcec676dca2d86ff81e859e17ae7507adeb9d49a24d31c0e,10000,20004,63d5eb6033a86919128d25c38185df711a07e3eba473e5b72b33852180e230bf,3.1313459722627037,23.434391354845946,6655,47886,0.13362181781670979,1,ok,
edm_1k,/mnt/pixstor/data/xggh8/zw-lab/exp_004_standard_edm_n1000_40000kimg_20260415/network-snapshot-010000.pkl,20a28ef6f66087f8fcec676dca2d86ff81e859e17ae7507adeb9d49a24d31c0e,10000,20005,1a5ec8c071e55cd7ae8952466403956677c11415c24e0b4103e8ba644eb6564d,22.778097784105793,23.150643868450672,29469,7672,0.98390774414475013,0,ok,
edm_1k,/mnt/pixstor/data/xggh8/zw-lab/exp_004_standard_edm_n1000_40000kimg_20260415/network-snapshot-010000.pkl,20a28ef6f66087f8fcec676dca2d86ff81e859e17ae7507adeb9d49a24d31c0e,10000,20006,076c316ba2ab768786d967747ee007f0b0178a205d799b77aa1696cb95276c5a,3.5278304736619135,29.133113255955916,40970,21934,0.12109349394509668,1,ok,
edm_1k,/mnt/pixstor/data/xggh8/zw-lab/exp_004_standard_edm_n1000_40000kimg_20260415/network-snapshot-010000.pkl,20a28ef6f66087f8fcec676dca2d86ff81e859e17ae7507adeb9d49a24d31c0e,10000,20007,d7ab358843aafd462418ccdbe278bf355461308c9f67222b9713d33739e4950d,19.810232609710066,29.713875563711937,27456,43052,0.66669972307157765,0,ok,
edm_1k,/mnt/pixstor/data/xggh8/zw-lab/exp_004_standard_edm_n1000_40000kimg_20260415/network-snapshot-010000.pkl,20a28ef6f66087f8fcec676dca2d86ff81e859e17ae7507adeb9d49a24d31c0e,10000,20008,5a94971984a0f3151b7cffb70bca0d34a046d7ea150f00a80af63b731a7d65d4,28.400634147067777,32.775743373640182,31291,44644,0.8665138063629374,0,ok,
edm_1k,/mnt/pixstor/data/xggh8/zw-lab/exp_004_standard_edm_n1000_40000kimg_20260415/network-snapshot-010000.pkl,20a28ef6f66087f8fcec676dca2d86ff81e859e17ae7507adeb9d49a24d31c0e,10000,20009,8559b7e969f142d01b57c62eb0933f9de4373a6493b95d6ff271ded918833be4,29.504235381470167,30.178005511395824,9529,16381,0.97767347051244891,0,ok,
edm_1k,/mnt/pixstor/data/xggh8/zw-lab/exp_004_standard_edm_n1000_40000kimg_20260415/network-snapshot-010000.pkl,20a28ef6f66087f8fcec676dca2d86ff81e859e17ae7507adeb9d49a24d31c0e,10000,20010,50b7334a6cc9377204120a7e6e56935dde16c3284567e0d7fbcae37584843137,4.9362022600601776,19.850070722926692,35100,29779,0.24867429083559378,1,ok,
edm_1k,/mnt/pixstor/data/xggh8/zw-lab/exp_004_standard_edm_n1000_40000kimg_20260415/network-snapshot-010000.pkl,20a28ef6f66087f8fcec676dca2d86ff81e859e17ae7507adeb9d49a24d31c0e,10000,20011,7352f3255962da7da85307b8135f5577ce4beece0d32f13181d66bd9294407ac,17.731874780146665,19.281307426736916,21936,23399,0.91964068554595568,0,ok,
edm_1k,/mnt/pixstor/data/xggh8/zw-lab/exp_004_standard_edm_n1000_40000kimg_20260415/network-snapshot-010000.pkl,20a28ef6f66087f8fcec676dca2d86ff81e859e17ae7507adeb9d49a24d31c0e,10000,20012,a9279252e82e283406896cb378e44fb33175edea773bfcdf7917bef5a1f5ae10,5.3977239377416257,18.792717479935924,47545,13533,0.2872242369154176,1,ok,
edm_1k,/mnt/pixstor/data/xggh8/zw-lab/exp_004_standard_edm_n1000_40000kimg_20260415/network-snapshot-010000.pkl,20a28ef6f66087f8fcec676dca2d86ff81e859e17ae7507adeb9d49a24d31c0e,10000,20013,e4a2c82efae6a89c541d5c28d4480e7287c6a30dee972b30324344017ab5adc5,3.0722019829574734,23.337430286190362,29119,14410,0.1316426849607093,1,ok,
edm_1k,/mnt/pixstor/data/xggh8/zw-lab/exp_004_standard_edm_n1000_40000kimg_20260415/network-snapshot-010000.pkl,20a28ef6f66087f8fcec676dca2d86ff81e859e17ae7507adeb9d49a24d31c0e,10000,20014,3db90f4d44045a74f5f0a384e62b515c427a4dd2d4c8a5d4839b9207f1751eb3,21.507512856505034,22.879909371947146,22857,37887,0.94001739722252586,0,ok,
edm_1k,/mnt/pixstor/data/xggh8/zw-lab/exp_004_standard_edm_n1000_40000kimg_20260415/network-snapshot-010000.pkl,20a28ef6f66087f8fcec676dca2d86ff81e859e17ae7507adeb9d49a24d31c0e,10000,20015,900a137398aca4e6a6dd78691f30cbd72f10c1287861002fbb471701e26506a4,1.960233783608857,27.077184373993521,37053,19295,0.072394299072379834,1,ok,
edm_1k,/mnt/pixstor/data/xggh8/zw-lab/exp_004_standard_edm_n1000_40000kimg_20260415/network-snapshot-010000.pkl,20a28ef6f66087f8fcec676dca2d86ff81e859e17ae7507adeb9d49a24d31c0e,10000,20016,e9b4ae7d1ba917e9f22e0d78f44dd68456e056493a3ad5c49a0824ff9e51f5e5,14.853740578086919,20.063730511452246,17830,15799,0.74032795494379777,0,ok,
edm_1k,/mnt/pixstor/data/xggh8/zw-lab/exp_004_standard_edm_n1000_40000kimg_20260415/network-snapshot-010000.pkl,20a28ef6f66087f8fcec676dca2d86ff81e859e17ae7507adeb9d49a24d31c0e,10000,20017,f77e66c1a451745343fc3623397b7e0944ebe340746eb6c0d02ca0dd0628d828,3.2971690929164668,26.640783237583108,8463,37764,0.12376396983197671,1,ok,
edm_1k,/mnt/pixstor/data/xggh8/zw-lab/exp_004_standard_edm_n1000_40000kimg_20260415/network-snapshot-010000.pkl,20a28ef6f66087f8fcec676dca2d86ff81e859e17ae7507adeb9d49a24d31c0e,10000,20018,5310f0acc299697cd5cf00042029b5927ac8f94040032bdeaf8116384cc52b78,5.9541289022064365,18.941816119535343,23427,14410,0.31433780502523934,1,ok,
edm_1k,/mnt/pixstor/data/xggh8/zw-lab/exp_004_standard_edm_n1000_40000kimg_20260415/network-snapshot-010000.pkl,20a28ef6f66087f8fcec676dca2d86ff81e859e17ae7507adeb9d49a24d31c0e,10000,20019,8a8df4d4973b1a16ae14042bca9be0a1a5149dcf13583f950973da6231d5e4bc,1.8447881684759668,19.472762234726936,35588,13535,0.09473685069630472,1,ok,
edm_1k,/mnt/pixstor/data/xggh8/zw-lab/exp_004_standard_edm_n1000_40000kimg_20260415/network-snapshot-010000.pkl,20a28ef6f66087f8fcec676dca2d86ff81e859e17ae7507adeb9d49a24d31c0e,10000,20020,a3e3f8d1785d8cacfc3904aa10c7744f905baa1aa099374160699ee8c2157b69,6.5479283402700359,19.920365556633723,26331,42808,0.32870522991429224,1,ok,
edm_1k,/mnt/pixstor/data/xggh8/zw-lab/exp_004_standard_edm_n1000_40000kimg_20260415/network-snapshot-010000.pkl,20a28ef6f66087f8fcec676dca2d86ff81e859e17ae7507adeb9d49a24d31c0e,10000,20021,8afb42e69039e9c5c0fcfd1972d6abe238f3a12c5993fa99fe3ce548008a9ad6,2.5520950672510536,25.486694635114393,49021,14587,0.10013440753258347,1,ok,
edm_1k,/mnt/pixstor/data/xggh8/zw-lab/exp_004_standard_edm_n1000_40000kimg_20260415/network-snapshot-010000.pkl,20a28ef6f66087f8fcec676dca2d86ff81e859e17ae7507adeb9d49a24d31c0e,10000,20022,ba7636af768fa47e2d27574ef215e47c8e2f905ac610ac2ad909f13951cab079,3.2450081559216089,25.175995080076497,8643,20770,0.12889294526791545,1,ok,
edm_1k,/mnt/pixstor/data/xggh8/zw-lab/exp_004_standard_edm_n1000_40000kimg_20260415/network-snapshot-010000.pkl,20a28ef6f66087f8fcec676dca2d86ff81e859e17ae7507adeb9d49a24d31c0e,10000,20023,a78e7f36ec226fd0df37127d1dc1e4970a9b49823720ab26c36caedc6aedf890,3.1581809952440851,26.676005508157896,31179,45385,0.11839032625324167,1,ok,
edm_1k,/mnt/pixstor/data/xggh8/zw-lab/exp_004_standard_edm_n1000_40000kimg_20260415/network-snapshot-010000.pkl,20a28ef6f66087f8fcec676dca2d86ff81e859e17ae7507adeb9d49a24d31c0e,10000,20024,0798f7ecaa3b70fbe9d87649aca14a7bdc7f6eab5ff55cc38f96c59bf62692f7,10.366972456704991,19.198811046110535,16381,15768,0.53997992020475782,0,ok,
edm_1k,/mnt/pixstor/data/xggh8/zw-lab/exp_004_standard_edm_n1000_40000kimg_20260415/network-snapshot-010000.pkl,20a28ef6f66087f8fcec676dca2d86ff81e859e17ae7507adeb9d49a24d31c0e,10000,20025,41b76d08110c99ba460ca0ba301fd06e6a8f8da00fd13048cd4d205d882a423c,5.3903176036858369,25.579447697417415,8242,42025,0.21072845932596351,1,ok,
edm_1k,/mnt/pixstor/data/xggh8/zw-lab/exp_004_standard_edm_n1000_40000kimg_20260415/network-snapshot-010000.pkl,20a28ef6f66087f8fcec676dca2d86ff81e859e17ae7507adeb9d49a24d31c0e,10000,20026,ab789fef5cf4def186866a8f426b1b5674e150bcdccb5998922dfe05d253e3b4,3.3980415875410057,23.484995418757851,9866,5093,0.14468989782416283,1,ok,
edm_1k,/mnt/pixstor/data/xggh8/zw-lab/exp_004_standard_edm_n1000_40000kimg_20260415/network-snapshot-010000.pkl,20a28ef6f66087f8fcec676dca2d86ff81e859e17ae7507adeb9d49a24d31c0e,10000,20027,74f6447c48c9e137d140500438d14c3f021d76f29800e5b470daed7e94543f69,4.8429531877940706,26.482301263118401,34129,22857,0.1828750885233224,1,ok,
edm_1k,/mnt/pixstor/data/xggh8/zw-lab/exp_004_standard_edm_n1000_40000kimg_20260415/network-snapshot-010000.pkl,20a28ef6f66087f8fcec676dca2d86ff81e859e17ae7507adeb9d49a24d31c0e,10000,20028,08a19c51db89cd8371e9347096e50efa75c818e635415c56e1284f1158be003b,2.7373447427130153,17.680566115842236,15029,2782,0.15482223390235705,1,ok,
edm_1k,/mnt/pixstor/data/xggh8/zw-lab/exp_004_standard_edm_n1000_40000kimg_20260415/network-snapshot-010000.pkl,20a28ef6f66087f8fcec676dca2d86ff81e859e17ae7507adeb9d49a24d31c0e,10000,20029,4b51c0515e6a22ea184fc7a4926b8e5d7d973474dfac1aeef01f78a4646cf613,2.0703989625518178,24.560205853889848,17368,37558,0.08429892545969471,1,ok,
edm_1k,/mnt/pixstor/data/xggh8/zw-lab/exp_004_standard_edm_n1000_40000kimg_20260415/network-snapshot-010000.pkl,20a28ef6f66087f8fcec676dca2d86ff81e859e17ae7507adeb9d49a24d31c0e,10000,20030,42294fd2c5b26fcb3f65e6a9ec08b698d9c66ded5ea2cb06e79d9978ced605f6,2.7889777197837757,20.789003658235718,38291,11812,0.13415639179412533,1,ok,
edm_1k,/mnt/pixstor/data/xggh8/zw-lab/exp_004_standard_edm_n1000_40000kimg_20260415/network-snapshot-010000.pkl,20a28ef6f66087f8fcec676dca2d86ff81e859e17ae7507adeb9d49a24d31c0e,10000,20031,9aca52355f978c35de466b539b4312540640be12837e08f8e109f4cf73f934e7,2.4021641964400824,26.051440854720461,3137,13435,0.092208496636945733,1,ok,
edm_1k,/mnt/pixstor/data/xggh8/zw-lab/exp_004_standard_edm_n1000_40000kimg_20260415/network-snapshot-010000.pkl,20a28ef6f66087f8fcec676dca2d86ff81e859e17ae7507adeb9d49a24d31c0e,10000,20032,03faee5d43b6e7be651ce7309a914dfae943f5233ea4f69e769c1963a5f31672,2.0187495083844231,32.699987256984372,5920,29079,0.061735483029989241,1,ok,
edm_1k,/mnt/pixstor/data/xggh8/zw-lab/exp_004_standard_edm_n1000_40000kimg_20260415/network-snapshot-010000.pkl,20a28ef6f66087f8fcec676dca2d86ff81e859e17ae7507adeb9d49a24d31c0e,10000,20033,eb6fc2efe22acc85fe2a1af2d2732fe761622e0bcd7178a495a702d883ac4b51,1.9461009219967749,23.252630370588552,29119,34019,0.0836937968298989,1,ok,
edm_1k,/mnt/pixstor/data/xggh8/zw-lab/exp_004_standard_edm_n1000_40000kimg_20260415/network-snapshot-010000.pkl,20a28ef6f66087f8fcec676dca2d86ff81e859e17ae7507adeb9d49a24d31c0e,10000,20034,81d47fef78774f66ff4f9e495855d0357ea4cf6b1cb90d23743927ee9ab789bf,17.232489282760476,20.710924171701929,29529,24752,0.83204830165453636,0,ok,
edm_1k,/mnt/pixstor/data/xggh8/zw-lab/exp_004_standard_edm_n1000_40000kimg_20260415/network-snapshot-010000.pkl,20a28ef6f66087f8fcec676dca2d86ff81e859e17ae7507adeb9d49a24d31c0e,10000,20035,a2cba9f231cbeca118cfad341edb8338afc68616af53726b592f1cfdd66b7940,13.005017309769812,13.115123421645334,20770,16683,0.99160464539023685,0,ok,
edm_1k,/mnt/pixstor/data/xggh8/zw-lab/exp_004_standard_edm_n1000_40000kimg_20260415/network-snapshot-010000.pkl,20a28ef6f66087f8fcec676dca2d86ff81e859e17ae7507adeb9d49a24d31c0e,10000,20036,f942ca0b7f6ad0ffc73b1bab64d02de199a2845aade6eaa9c59f2cf0684b3979,2.8476274589894262,25.76341914746671,25697,15768,0.11052987348806265,1,ok,
edm_1k,/mnt/pixstor/data/xggh8/zw-lab/exp_004_standard_edm_n1000_40000kimg_20260415/network-snapshot-010000.pkl,20a28ef6f66087f8fcec676dca2d86ff81e859e17ae7507adeb9d49a24d31c0e,10000,20037,4a01590c5dade3077a0fa840528f2c7b06faabcbcc6942930d9632dfc68e3ef8,15.67312632729293,17.082875182541276,47550,38995,0.91747590261098955,0,ok,
edm_1k,/mnt/pixstor/data/xggh8/zw-lab/exp_004_standard_edm_n1000_40000kimg_20260415/network-snapshot-010000.pkl,20a28ef6f66087f8fcec676dca2d86ff81e859e17ae7507adeb9d49a24d31c0e,10000,20038,03281cdb779af77718ac442f7b51e7cc6ce5e74bef3a6aa2c3dd0794d1ac5b0b,2.5138197217042766,27.768670585683971,41520,4827,0.090527190127721369,1,ok,
edm_1k,/mnt/pixstor/data/xggh8/zw-lab/exp_004_standard_edm_n1000_40000kimg_20260415/network-snapshot-010000.pkl,20a28ef6f66087f8fcec676dca2d86ff81e859e17ae7507adeb9d49a24d31c0e,10000,20039,5d9628d764a298cfe6969e6045a03a973c7d740285ec29c1b9311d394525f209,1.6469484485920032,19.857752142454551,24445,29779,0.082937305127851663,1,ok,
edm_1k,/mnt/pixstor/data/xggh8/zw-lab/exp_004_standard_edm_n1000_40000kimg_20260415/network-snapshot-010000.pkl,20a28ef6f66087f8fcec676dca2d86ff81e859e17ae7507adeb9d49a24d31c0e,10000,20040,8b447efb4c8197952c1500165b426abc2df6eacc4de76d9b8534e47f28b2619c,2.0485105448716165,21.635475007658094,47835,37719,0.094682947526990996,1,ok,
edm_1k,/mnt/pixstor/data/xggh8/zw-lab/exp_004_standard_edm_n1000_40000kimg_20260415/network-snapshot-010000.pkl,20a28ef6f66087f8fcec676dca2d86ff81e859e17ae7507adeb9d49a24d31c0e,10000,20041,3267b1fde78b9aa8c395e4591ded4860eea431227743216c92c0f830bebc383c,2.8406553011433382,19.315177450354263,21513,5924,0.14706855831092752,1,ok,
edm_1k,/mnt/pixstor/data/xggh8/zw-lab/exp_004_standard_edm_n1000_40000kimg_20260415/network-snapshot-010000.pkl,20a28ef6f66087f8fcec676dca2d86ff81e859e17ae7507adeb9d49a24d31c0e,10000,20042,1017a4a43d8f7e55de47620b6fab9236d18d9598892aa2ce81d9ed37eb567f42,17.989209432376754,19.652300769517439,33571,37719,0.91537421716442002,0,ok,
edm_1k,/mnt/pixstor/data/xggh8/zw-lab/exp_004_standard_edm_n1000_40000kimg_20260415/network-snapshot-010000.pkl,20a28ef6f66087f8fcec676dca2d86ff81e859e17ae7507adeb9d49a24d31c0e,10000,20043,d7ad4a00b90fe8471a26e88d0be70ea7cc9793a330aaaf6fd7cdcdd96442852b,2.972361414547986,23.56211512999791,27642,14587,0.12615002507834064,1,ok,
edm_1k,/mnt/pixstor/data/xggh8/zw-lab/exp_004_standard_edm_n1000_40000kimg_20260415/network-snapshot-010000.pkl,20a28ef6f66087f8fcec676dca2d86ff81e859e17ae7507adeb9d49a24d31c0e,10000,20044,f89e4933d738e227c512dafe30aa9ad156f5ce6778b512f9d60e1f5545176f3b,2.8773359209043861,18.54194095658859,22755,20051,0.15517986642503948,1,ok,
edm_1k,/mnt/pixstor/data/xggh8/zw-lab/exp_004_standard_edm_n1000_40000kimg_20260415/network-snapshot-010000.pkl,20a28ef6f66087f8fcec676dca2d86ff81e859e17ae7507adeb9d49a24d31c0e,10000,20045,b91a0b603b1c1f0d57c0a2e57ecbcbd723280a84ccfb4fe7e4f1bcd0425ff4d0,3.7015702513644406,23.749446219046966,32712,29779,0.1558592237151111,1,ok,
edm_1k,/mnt/pixstor/data/xggh8/zw-lab/exp_004_standard_edm_n1000_40000kimg_20260415/network-snapshot-010000.pkl,20a28ef6f66087f8fcec676dca2d86ff81e859e17ae7507adeb9d49a24d31c0e,10000,20046,1e2f023f0fe7225c8091839cbb5eaea1f8a9ac23de1d1dc924fc503907127b09,2.2213490982553958,29.109414882475651,43079,2567,0.076310331458867106,1,ok,
edm_1k,/mnt/pixstor/data/xggh8/zw-lab/exp_004_standard_edm_n1000_40000kimg_20260415/network-snapshot-010000.pkl,20a28ef6f66087f8fcec676dca2d86ff81e859e17ae7507adeb9d49a24d31c0e,10000,20047,9fbb29593eea2504dd9caf055d40a210dfe30b5a2d0ee86d78e0be50a0f079fc,3.4472182740463015,29.804314194149089,39004,45102,0.11566172103778949,1,ok,
edm_1k,/mnt/pixstor/data/xggh8/zw-lab/exp_004_standard_edm_n1000_40000kimg_20260415/network-snapshot-010000.pkl,20a28ef6f66087f8fcec676dca2d86ff81e859e17ae7507adeb9d49a24d31c0e,10000,20048,e926839833a043343ab0bfbfeded27da41893d8d2fe769a5f66a0a23581eeee4,8.3260928371419567,16.063485761188012,5924,22857,0.51832416456328223,0,ok,
edm_1k,/mnt/pixstor/data/xggh8/zw-lab/exp_004_standard_edm_n1000_40000kimg_20260415/network-snapshot-010000.pkl,20a28ef6f66087f8fcec676dca2d86ff81e859e17ae7507adeb9d49a24d31c0e,10000,20049,a71eefe7fc6aee559f349ac3c907ecb74b9d6e886f15f2910396c197f501df14,2.0052045388947457,26.750984826502879,11841,44302,0.074958157686521462,1,ok,
edm_1k,/mnt/pixstor/data/xggh8/zw-lab/exp_004_standard_edm_n1000_40000kimg_20260415/network-snapshot-010000.pkl,20a28ef6f66087f8fcec676dca2d86ff81e859e17ae7507adeb9d49a24d31c0e,10000,20050,2b67bccfa79970394f14ead0de769f39da8c772603e7300c88f0445d49f568fd,9.972820640585514,21.960725088814616,28096,32024,0.45412073600725639,0,ok,
edm_1k,/mnt/pixstor/data/xggh8/zw-lab/exp_004_standard_edm_n1000_40000kimg_20260415/network-snapshot-010000.pkl,20a28ef6f66087f8fcec676dca2d86ff81e859e17ae7507adeb9d49a24d31c0e,10000,20051,3e2d0a1e1f83c01576977e9b20453ed5fc0214f90c91c857c32f6e6d96f47894,2.6777474195652093,25.447297416360918,33740,47886,0.10522718290090782,1,ok,
edm_1k,/mnt/pixstor/data/xggh8/zw-lab/exp_004_standard_edm_n1000_40000kimg_20260415/network-snapshot-010000.pkl,20a28ef6f66087f8fcec676dca2d86ff81e859e17ae7507adeb9d49a24d31c0e,10000,20052,da04d5957d94e7c6e2c35555dec6782fa7bc3eeb8a6648aabb48af72c991e422,16.045642299008083,16.76321134412996,32024,6755,0.95719381982419793,0,ok,
edm_1k,/mnt/pixstor/data/xggh8/zw-lab/exp_004_standard_edm_n1000_40000kimg_20260415/network-snapshot-010000.pkl,20a28ef6f66087f8fcec676dca2d86ff81e859e17ae7507adeb9d49a24d31c0e,10000,20053,492a4c018f1cc0bcfa431060202b830efee1ba44386d9c84ef45d3e637326ba2,2.2768776070108023,14.431440588520591,24779,47671,0.15777202511729368,1,ok,
edm_1k,/mnt/pixstor/data/xggh8/zw-lab/exp_004_standard_edm_n1000_40000kimg_20260415/network-snapshot-010000.pkl,20a28ef6f66087f8fcec676dca2d86ff81e859e17ae7507adeb9d49a24d31c0e,10000,20054,972ee3c00bdd0d36755bca297c563c4de32fdbdf0f08af911c241d0270b531a1,3.7581230516446289,19.334622090447819,30085,17844,0.19437271822868016,1,ok,
edm_1k,/mnt/pixstor/data/xggh8/zw-lab/exp_004_standard_edm_n1000_40000kimg_20260415/network-snapshot-010000.pkl,20a28ef6f66087f8fcec676dca2d86ff81e859e17ae7507adeb9d49a24d31c0e,10000,20055,19507a81fd3448ac4446f05d9eef8925e9a7486540b59fb5928798f4b122b762,1.779198187448261,23.096868673650672,21015,34324,0.077032008649640146,1,ok,
edm_1k,/mnt/pixstor/data/xggh8/zw-lab/exp_004_standard_edm_n1000_40000kimg_20260415/network-snapshot-010000.pkl,20a28ef6f66087f8fcec676dca2d86ff81e859e17ae7507adeb9d49a24d31c0e,10000,20056,303b0008b214b0e9c875698dd21183bf2298c01d804cb79357e9c27e91d9b1c7,3.3236652884701003,21.997688751712126,43220,11207,0.15109156811810115,1,ok,
edm_1k,/mnt/pixstor/data/xggh8/zw-lab/exp_004_standard_edm_n1000_40000kimg_20260415/network-snapshot-010000.pkl,20a28ef6f66087f8fcec676dca2d86ff81e859e17ae7507adeb9d49a24d31c0e,10000,20057,43c1616de5da5a5ff31067bdaf1cd214f6a96daafa74a9c9263f7b657ab2ba72,8.4981623384166021,25.210575911374882,20445,26024,0.33708719579794588,0,ok,
edm_1k,/mnt/pixstor/data/xggh8/zw-lab/exp_004_standard_edm_n1000_40000kimg_20260415/network-snapshot-010000.pkl,20a28ef6f66087f8fcec676dca2d86ff81e859e17ae7507adeb9d49a24d31c0e,10000,20058,756393e52f619045edb079c2db36e8721ebcab1afe162a9be05b434ec70ca322,23.621549683399468,24.993965447996914,39006,49665,0.94509011515387875,0,ok,
edm_1k,/mnt/pixstor/data/xggh8/zw-lab/exp_004_standard_edm_n1000_40000kimg_20260415/network-snapshot-010000.pkl,20a28ef6f66087f8fcec676dca2d86ff81e859e17ae7507adeb9d49a24d31c0e,10000,20059,ca17d0b496005d3b8fa76b84718edf9f8188dc7a816d98ae13abdd3a035cc279,4.4707266008409352,23.609568830867762,46712,48119,0.18936078980806254,1,ok,
edm_1k,/mnt/pixstor/data/xggh8/zw-lab/exp_004_standard_edm_n1000_40000kimg_20260415/network-snapshot-010000.pkl,20a28ef6f66087f8fcec676dca2d86ff81e859e17ae7507adeb9d49a24d31c0e,10000,20060,369bddd9996f68ed9e526f36fa16c6ff054a6439da6debd1d501a2d2a696ad23,3.6036682762180088,23.62561124510481,17447,48613,0.15253227689356327,1,ok,
edm_1k,/mnt/pixstor/data/xggh8/zw-lab/exp_004_standard_edm_n1000_40000kimg_20260415/network-snapshot-010000.pkl,20a28ef6f66087f8fcec676dca2d86ff81e859e17ae7507adeb9d49a24d31c0e,10000,20061,b37db78f8ed99316046ed5a95ac2c972e7093f4835c6ea0e0052d3631082645c,3.8351326419007337,22.052788807276894,38324,1877,0.17390692285754042,1,ok,
edm_1k,/mnt/pixstor/data/xggh8/zw-lab/exp_004_standard_edm_n1000_40000kimg_20260415/network-snapshot-010000.pkl,20a28ef6f66087f8fcec676dca2d86ff81e859e17ae7507adeb9d49a24d31c0e,10000,20062,8dfe801c9eef0156b1e8951fbedbe8f2377b770b376a6bf8f8df6c5be2775cf0,1.5576127900658754,24.21300980023533,42944,49677,0.064329581614043563,1,ok,
edm_1k,/mnt/pixstor/data/xggh8/zw-lab/exp_004_standard_edm_n1000_40000kimg_20260415/network-snapshot-010000.pkl,20a28ef6f66087f8fcec676dca2d86ff81e859e17ae7507adeb9d49a24d31c0e,10000,20063,c2694a7db3d9fa4eeca0cf4848bf34a467bbd5bbf660fb32e3c4e4c1edcdd9ce,2.4905673873785674,24.97874628030619,41185,43460,0.099707461672813705,1,ok,
edm_1k,/mnt/pixstor/data/xggh8/zw-lab/exp_004_standard_edm_n1000_40000kimg_20260415/network-snapshot-010000.pkl,20a28ef6f66087f8fcec676dca2d86ff81e859e17ae7507adeb9d49a24d31c0e,10000,20064,550d2002c670b30fbae6a396faf5c61c80a0f25d1cb42a136ee9762ac431751c,1.8250743550286865,23.152004956310886,40278,2567,0.078830077933755752,1,ok,
edm_1k,/mnt/pixstor/data/xggh8/zw-lab/exp_004_standard_edm_n1000_40000kimg_20260415/network-snapshot-010000.pkl,20a28ef6f66087f8fcec676dca2d86ff81e859e17ae7507adeb9d49a24d31c0e,10000,20065,f4072d0f36cd5c4ecbe05844cb091629438750d36744f6bf146d8b913d8d1c33,3.1703417008490034,21.910595358570632,48207,42642,0.1446944571320779,1,ok,
edm_1k,/mnt/pixstor/data/xggh8/zw-lab/exp_004_standard_edm_n1000_40000kimg_20260415/network-snapshot-010000.pkl,20a28ef6f66087f8fcec676dca2d86ff81e859e17ae7507adeb9d49a24d31c0e,10000,20066,8ad46ef54cb8e8eb3c6c656f00084dfecf6c1844c2da4208cf35ff121116da2f,5.8242170537895843,20.871126122802021,33342,1276,0.27905619560348205,1,ok,
edm_1k,/mnt/pixstor/data/xggh8/zw-lab/exp_004_standard_edm_n1000_40000kimg_20260415/network-snapshot-010000.pkl,20a28ef6f66087f8fcec676dca2d86ff81e859e17ae7507adeb9d49a24d31c0e,10000,20067,71accb1ec9f889f741433f27f4eed20102b44d8ccf9dfddbd1170b3679005b2a,4.7954296588471861,20.008668398935264,43460,45385,0.23966760622123004,1,ok,
edm_1k,/mnt/pixstor/data/xggh8/zw-lab/exp_004_standard_edm_n1000_40000kimg_20260415/network-snapshot-010000.pkl,20a28ef6f66087f8fcec676dca2d86ff81e859e17ae7507adeb9d49a24d31c0e,10000,20068,6a80785944ad4b19a6dee8a66add090cea0e587611f0917f17dac7dd04405a3a,3.412589069637546,24.764288647450126,14959,35096,0.13780283044750111,1,ok,
edm_1k,/mnt/pixstor/data/xggh8/zw-lab/exp_004_standard_edm_n1000_40000kimg_20260415/network-snapshot-010000.pkl,20a28ef6f66087f8fcec676dca2d86ff81e859e17ae7507adeb9d49a24d31c0e,10000,20069,2a5ee46a788a251b0a8ecb6b7f1c433645d769b93accc0ab93f50e400ce447e8,3.2830737649655868,20.261992888342601,26900,37261,0.16203113795654564,1,ok,
edm_1k,/mnt/pixstor/data/xggh8/zw-lab/exp_004_standard_edm_n1000_40000kimg_20260415/network-snapshot-010000.pkl,20a28ef6f66087f8fcec676dca2d86ff81e859e17ae7507adeb9d49a24d31c0e,10000,20070,7946e8e0a6821988c3941d945d961d9195b07ca6333f5beba62c6edd740cdd26,2.2649518528428429,26.73300676684514,27792,16275,0.084724919744227412,1,ok,
edm_1k,/mnt/pixstor/data/xggh8/zw-lab/exp_004_standard_edm_n1000_40000kimg_20260415/network-snapshot-010000.pkl,20a28ef6f66087f8fcec676dca2d86ff81e859e17ae7507adeb9d49a24d31c0e,10000,20071,0abcdf17f42c0db9992168a55aa9908f55ee4effd513c14b390083f343970718,10.551867041988487,15.914407210172353,11476,9841,0.66303864810269675,0,ok,
edm_1k,/mnt/pixstor/data/xggh8/zw-lab/exp_004_standard_edm_n1000_40000kimg_20260415/network-snapshot-010000.pkl,20a28ef6f66087f8fcec676dca2d86ff81e859e17ae7507adeb9d49a24d31c0e,10000,20072,267846846cf42679c8d2fcb1fe90c5ed72eac67bc95c316158ae5fb652be1e59,5.8200626403661069,9.6460013520370147,5111,32024,0.60336531459608833,0,ok,
edm_1k,/mnt/pixstor/data/xggh8/zw-lab/exp_004_standard_edm_n1000_40000kimg_20260415/network-snapshot-010000.pkl,20a28ef6f66087f8fcec676dca2d86ff81e859e17ae7507adeb9d49a24d31c0e,10000,20073,a8c146be74cf3ea840cd398116f931c6845cc91a515210d1e21e7f96be9e5545,19.637345228056976,21.004352995575516,11710,9332,0.93491788260240649,0,ok,
edm_1k,/mnt/pixstor/data/xggh8/zw-lab/exp_004_standard_edm_n1000_40000kimg_20260415/network-snapshot-010000.pkl,20a28ef6f66087f8fcec676dca2d86ff81e859e17ae7507adeb9d49a24d31c0e,10000,20074,04bc1da0cd64e9d243811dd1561df318da1e718bdf9425290a00c742b19464a5,2.7005195122936581,16.271614939262939,17330,43682,0.16596505770164105,1,ok,
edm_1k,/mnt/pixstor/data/xggh8/zw-lab/exp_004_standard_edm_n1000_40000kimg_20260415/network-snapshot-010000.pkl,20a28ef6f66087f8fcec676dca2d86ff81e859e17ae7507adeb9d49a24d31c0e,10000,20075,3b818ea79a10f939de3f406e97819d0693d6505308a11b08700826bd98e64631,2.0509457418407644,26.169535014600566,36811,38324,0.078371501086912557,1,ok,
edm_1k,/mnt/pixstor/data/xggh8/zw-lab/exp_004_standard_edm_n1000_40000kimg_20260415/network-snapshot-010000.pkl,20a28ef6f66087f8fcec676dca2d86ff81e859e17ae7507adeb9d49a24d31c0e,10000,20076,2b653e9bae2f6ba9b4cc8dedac154ccbe06f75df2ab6ffd6baee3f3cd68450e2,1.6940048089203692,16.709385787506569,17330,43682,0.10138043555059688,1,ok,
edm_1k,/mnt/pixstor/data/xggh8/zw-lab/exp_004_standard_edm_n1000_40000kimg_20260415/network-snapshot-010000.pkl,20a28ef6f66087f8fcec676dca2d86ff81e859e17ae7507adeb9d49a24d31c0e,10000,20077,d2618a8a997e83bd2828e110c71cca50f4453d540cbff779e55e6d7b1564ab71,5.2029585755034189,19.512843912092031,34360,44542,0.26664276099083467,1,ok,
edm_1k,/mnt/pixstor/data/xggh8/zw-lab/exp_004_standard_edm_n1000_40000kimg_20260415/network-snapshot-010000.pkl,20a28ef6f66087f8fcec676dca2d86ff81e859e17ae7507adeb9d49a24d31c0e,10000,20078,e38c337d8f0c59abc5c7508646d0a5909094281da022b968101b3c797d177964,6.6822936050832915,16.387455358562054,20521,34360,0.40776883651993917,0,ok,
edm_1k,/mnt/pixstor/data/xggh8/zw-lab/exp_004_standard_edm_n1000_40000kimg_20260415/network-snapshot-010000.pkl,20a28ef6f66087f8fcec676dca2d86ff81e859e17ae7507adeb9d49a24d31c0e,10000,20079,25e08555bd11ff011bead6853c2a57dfb288ec189aeac8a0a9944b998624afe6,2.4256938530976773,19.193295822855138,19923,7496,0.12638235118583391,1,ok,
edm_1k,/mnt/pixstor/data/xggh8/zw-lab/exp_004_standard_edm_n1000_40000kimg_20260415/network-snapshot-010000.pkl,20a28ef6f66087f8fcec676dca2d86ff81e859e17ae7507adeb9d49a24d31c0e,10000,20080,53ee4f3c8187076343d46f44526c5a174549d24c28607509f45a8afe5899689b,7.168027434368315,21.971914310869398,34696,21934,0.32623590884943182,1,ok,
edm_1k,/mnt/pixstor/data/xggh8/zw-lab/exp_004_standard_edm_n1000_40000kimg_20260415/network-snapshot-010000.pkl,20a28ef6f66087f8fcec676dca2d86ff81e859e17ae7507adeb9d49a24d31c0e,10000,20081,75770734da29a2afd5ac803028202cd32ef1c76cb25669a277517f1afbfc8053,2.4699653267042492,24.029637658435973,41057,31755,0.10278828843834563,1,ok,
edm_1k,/mnt/pixstor/data/xggh8/zw-lab/exp_004_standard_edm_n1000_40000kimg_20260415/network-snapshot-010000.pkl,20a28ef6f66087f8fcec676dca2d86ff81e859e17ae7507adeb9d49a24d31c0e,10000,20082,9f0f450e8bda3a889249b09467f9b9c2fab6d5b42330b15e59e6add8a1bc1ea6,3.6032766379949521,26.278072394497254,22870,30085,0.13712104083971907,1,ok,
edm_1k,/mnt/pixstor/data/xggh8/zw-lab/exp_004_standard_edm_n1000_40000kimg_20260415/network-snapshot-010000.pkl,20a28ef6f66087f8fcec676dca2d86ff81e859e17ae7507adeb9d49a24d31c0e,10000,20083,778e073d0b97037b9be0ccd21c099fafe26d44558a3a89bb1ed5b8fdad53d470,2.3453707927169489,21.870274694955867,13638,13435,0.10724011588468445,1,ok,
edm_1k,/mnt/pixstor/data/xggh8/zw-lab/exp_004_standard_edm_n1000_40000kimg_20260415/network-snapshot-010000.pkl,20a28ef6f66087f8fcec676dca2d86ff81e859e17ae7507adeb9d49a24d31c0e,10000,20084,70133261425e9d042ea5578e340b439b2931da90fdc09ad6cf05efe6ba1ecd46,2.1069264132700938,20.027835535634203,38291,11812,0.10519990587706689,1,ok,
edm_1k,/mnt/pixstor/data/xggh8/zw-lab/exp_004_standard_edm_n1000_40000kimg_20260415/network-snapshot-010000.pkl,20a28ef6f66087f8fcec676dca2d86ff81e859e17ae7507adeb9d49a24d31c0e,10000,20085,437b4a6c5618f2268f255461bd5663dd3692f76bc00d117fa0981cf050808a6c,2.3607930456334403,33.978811753071163,10393,22413,0.069478387378277315,1,ok,
edm_1k,/mnt/pixstor/data/xggh8/zw-lab/exp_004_standard_edm_n1000_40000kimg_20260415/network-snapshot-010000.pkl,20a28ef6f66087f8fcec676dca2d86ff81e859e17ae7507adeb9d49a24d31c0e,10000,20086,5ee4d433c955bcf0af76defb00d9129fef6fc3c48a19e3ebf4d4d5aef2bb0704,2.4669836048817553,30.60046250952351,33068,31271,0.080619160710854551,1,ok,
edm_1k,/mnt/pixstor/data/xggh8/zw-lab/exp_004_standard_edm_n1000_40000kimg_20260415/network-snapshot-010000.pkl,20a28ef6f66087f8fcec676dca2d86ff81e859e17ae7507adeb9d49a24d31c0e,10000,20087,6d2d1d314215ea3ded66900cba2e9798a040c4d275512365f982edcf6eda0dfd,2.010227575159008,24.388755837859051,7840,49576,0.082424359345075734,1,ok,
edm_1k,/mnt/pixstor/data/xggh8/zw-lab/exp_004_standard_edm_n1000_40000kimg_20260415/network-snapshot-010000.pkl,20a28ef6f66087f8fcec676dca2d86ff81e859e17ae7507adeb9d49a24d31c0e,10000,20088,9d51b923e7e2f1cfd977ef63e2163ac5e76ad304c90055bdf926010a3d88d3fc,4.1842994712973489,20.087149536818657,26267,29779,0.20830727941900143,1,ok,
edm_1k,/mnt/pixstor/data/xggh8/zw-lab/exp_004_standard_edm_n1000_40000kimg_20260415/network-snapshot-010000.pkl,20a28ef6f66087f8fcec676dca2d86ff81e859e17ae7507adeb9d49a24d31c0e,10000,20089,ad20f9ad764d576caeca405051ebdb4cc870bf4fed80e4138984cde4e54db85d,13.395863412869481,17.27198316215636,9527,11207,0.77558339926016029,0,ok,
edm_1k,/mnt/pixstor/data/xggh8/zw-lab/exp_004_standard_edm_n1000_40000kimg_20260415/network-snapshot-010000.pkl,20a28ef6f66087f8fcec676dca2d86ff81e859e17ae7507adeb9d49a24d31c0e,10000,20090,bbff97f2ed3642587b44de32835fbaa8e71ebfd950aedf1551373cf72b1e3554,2.6392842622224983,20.37246631858622,37803,24752,0.12955153396496843,1,ok,
edm_1k,/mnt/pixstor/data/xggh8/zw-lab/exp_004_standard_edm_n1000_40000kimg_20260415/network-snapshot-010000.pkl,20a28ef6f66087f8fcec676dca2d86ff81e859e17ae7507adeb9d49a24d31c0e,10000,20091,ab164e0c3b3637c8eb855761851d1ac5ba7b8fe1743bc496c1cf7aab0011d471,1.801629662710756,22.34174372544642,25361,12277,0.080639617249694179,1,ok,
edm_1k,/mnt/pixstor/data/xggh8/zw-lab/exp_004_standard_edm_n1000_40000kimg_20260415/network-snapshot-010000.pkl,20a28ef6f66087f8fcec676dca2d86ff81e859e17ae7507adeb9d49a24d31c0e,10000,20092,9d3a948d93dc1741c5f8143d07fd319b84ddc8b43e83031029964ccd8ecd7763,2.1456870529078498,24.391163831848875,26065,38324,0.087969851201036536,1,ok,
edm_1k,/mnt/pixstor/data/xggh8/zw-lab/exp_004_standard_edm_n1000_40000kimg_20260415/network-snapshot-010000.pkl,20a28ef6f66087f8fcec676dca2d86ff81e859e17ae7507adeb9d49a24d31c0e,10000,20093,b5e549ba521af84e3ee9f28763dc53eaf1687ca6df7e502469bb825e32294de0,2.3677948904207637,24.004891194553547,25649,737,0.098638018028508745,1,ok,
edm_1k,/mnt/pixstor/data/xggh8/zw-lab/exp_004_standard_edm_n1000_40000kimg_20260415/network-snapshot-010000.pkl,20a28ef6f66087f8fcec676dca2d86ff81e859e17ae7507adeb9d49a24d31c0e,10000,20094,04eec3d2c4da131b410b8e2130d848ceda2394e30fbfe8d79d7da0f7a3cd3e9e,5.1799094725884887,27.541306967069531,4390,29771,0.18807783809177903,1,ok,
edm_1k,/mnt/pixstor/data/xggh8/zw-lab/exp_004_standard_edm_n1000_40000kimg_20260415/network-snapshot-010000.pkl,20a28ef6f66087f8fcec676dca2d86ff81e859e17ae7507adeb9d49a24d31c0e,10000,20095,04f023e542b94d192bdbd1e7d68141dd68bb7a0128bac77ff937d003335671ab,3.6934069801812552,19.122180867110529,23510,31271,0.19314779029905443,1,ok,
edm_1k,/mnt/pixstor/data/xggh8/zw-lab/exp_004_standard_edm_n1000_40000kimg_20260415/network-snapshot-010000.pkl,20a28ef6f66087f8fcec676dca2d86ff81e859e17ae7507adeb9d49a24d31c0e,10000,20096,667752d4b5f50603c8826d83915cafe184b24e567dfa42717263d6c737ffe337,13.16550240894499,25.980591295930694,23687,22518,0.50674375571302277,0,ok,
edm_1k,/mnt/pixstor/data/xggh8/zw-lab/exp_004_standard_edm_n1000_40000kimg_20260415/network-snapshot-010000.pkl,20a28ef6f66087f8fcec676dca2d86ff81e859e17ae7507adeb9d49a24d31c0e,10000,20097,552f5b81c555813d63fa69a6310844439eb2c3c3e5f02705c870a17c40ecac22,23.709605779385576,23.806793371265663,42808,31001,0.99591765298398438,0,ok,
edm_1k,/mnt/pixstor/data/xggh8/zw-lab/exp_004_standard_edm_n1000_40000kimg_20260415/network-snapshot-010000.pkl,20a28ef6f66087f8fcec676dca2d86ff81e859e17ae7507adeb9d49a24d31c0e,10000,20098,fd7885554806f62792b092fdb1a8324303c5f8267ea231501b2ea398f7d2b897,3.0859217303300355,17.81848155216705,737,12277,0.17318657155467501,1,ok,
edm_1k,/mnt/pixstor/data/xggh8/zw-lab/exp_004_standard_edm_n1000_40000kimg_20260415/network-snapshot-010000.pkl,20a28ef6f66087f8fcec676dca2d86ff81e859e17ae7507adeb9d49a24d31c0e,10000,20099,daae984e523ce89556450cd6c5c0e6b11209055c6a2b216164e8daa3b024b937,2.3350029209919607,27.995149133409974,29984,4891,0.083407411400617304,1,ok,
edm_1k,/mnt/pixstor/data/xggh8/zw-lab/exp_004_standard_edm_n1000_40000kimg_20260415/network-snapshot-010000.pkl,20a28ef6f66087f8fcec676dca2d86ff81e859e17ae7507adeb9d49a24d31c0e,10000,20100,2c5d0263a74f1348276aa0b85e657c7c2fb1d8fd937da73c1c171d5b7af264f8,3.3685183217801256,23.380585924438407,29179,16774,0.14407330648883368,1,ok,
edm_1k,/mnt/pixstor/data/xggh8/zw-lab/exp_004_standard_edm_n1000_40000kimg_20260415/network-snapshot-010000.pkl,20a28ef6f66087f8fcec676dca2d86ff81e859e17ae7507adeb9d49a24d31c0e,10000,20101,d11d1776860c05bfc0b188fa7c3c4298bdaea7fdd78cdadd7b28ec7ab0718642,2.4618204597173103,23.056663094720722,45519,17844,0.10677262575263949,1,ok,
edm_1k,/mnt/pixstor/data/xggh8/zw-lab/exp_004_standard_edm_n1000_40000kimg_20260415/network-snapshot-010000.pkl,20a28ef6f66087f8fcec676dca2d86ff81e859e17ae7507adeb9d49a24d31c0e,10000,20102,23c01b8ff0e30c889fcd3c76245d59c70b10063badf68c7e801b35990f140f55,1.4110765324915275,25.331241479548904,19619,41731,0.055704989178313888,1,ok,
edm_1k,/mnt/pixstor/data/xggh8/zw-lab/exp_004_standard_edm_n1000_40000kimg_20260415/network-snapshot-010000.pkl,20a28ef6f66087f8fcec676dca2d86ff81e859e17ae7507adeb9d49a24d31c0e,10000,20103,0dde6bbc5722c6dfc3f686ea5690be05eb599b3709c38df97cdb28014c69ced8,5.5439141546037618,28.279103567024176,17129,20208,0.19604278266686057,1,ok,
edm_1k,/mnt/pixstor/data/xggh8/zw-lab/exp_004_standard_edm_n1000_40000kimg_20260415/network-snapshot-010000.pkl,20a28ef6f66087f8fcec676dca2d86ff81e859e17ae7507adeb9d49a24d31c0e,10000,20104,428197feb2171881aaf64429392e0a7aacafa94e2e5af1cade31b0f7ba1f6f7b,2.7656134091745277,27.556937360663682,16924,43043,0.10035997008587462,1,ok,
edm_1k,/mnt/pixstor/data/xggh8/zw-lab/exp_004_standard_edm_n1000_40000kimg_20260415/network-snapshot-010000.pkl,20a28ef6f66087f8fcec676dca2d86ff81e859e17ae7507adeb9d49a24d31c0e,10000,20105,0cbcae4936c19a814de55255229d419f72fc2d7d9cf78d702b1323433978b01d,6.5873863187358896,18.002150819121322,39199,34019,0.36592218257270537,0,ok,
edm_1k,/mnt/pixstor/data/xggh8/zw-lab/exp_004_standard_edm_n1000_40000kimg_20260415/network-snapshot-010000.pkl,20a28ef6f66087f8fcec676dca2d86ff81e859e17ae7507adeb9d49a24d31c0e,10000,20106,701ef3932f70379c7ae9e6462b9b704debca7fa6e86a28184c58d9b535e4c716,2.2369751888761709,25.215038402684939,27828,36685,0.088715914413914757,1,ok,
edm_1k,/mnt/pixstor/data/xggh8/zw-lab/exp_004_standard_edm_n1000_40000kimg_20260415/network-snapshot-010000.pkl,20a28ef6f66087f8fcec676dca2d86ff81e859e17ae7507adeb9d49a24d31c0e,10000,20107,a0530895763b1bc6ed795a8c0ad5e0ce9688df5d1f7bfbfb4742a0aaec162b98,3.6697320204355295,19.820064286298919,46008,47886,0.18515237727923603,1,ok,
edm_1k,/mnt/pixstor/data/xggh8/zw-lab/exp_004_standard_edm_n1000_40000kimg_20260415/network-snapshot-010000.pkl,20a28ef6f66087f8fcec676dca2d86ff81e859e17ae7507adeb9d49a24d31c0e,10000,20108,7b7067351e95457d30465ec3d6a6a375184438b574737649f3f51198ce8039fd,2.84597676005595,22.115699491585318,832,8275,0.12868581258932371,1,ok,
edm_1k,/mnt/pixstor/data/xggh8/zw-lab/exp_004_standard_edm_n1000_40000kimg_20260415/network-snapshot-010000.pkl,20a28ef6f66087f8fcec676dca2d86ff81e859e17ae7507adeb9d49a24d31c0e,10000,20109,cb52606f34ac2e9284e485e60bd58e4a1b93ab548b60543b0e4c4904357a8978,3.0951946629378977,21.257657735723793,12913,32942,0.14560374907797954,1,ok,
edm_1k,/mnt/pixstor/data/xggh8/zw-lab/exp_004_standard_edm_n1000_40000kimg_20260415/network-snapshot-010000.pkl,20a28ef6f66087f8fcec676dca2d86ff81e859e17ae7507adeb9d49a24d31c0e,10000,20110,42e0b56f4e9cecf3d514c4e980af1cf600368dbcbcd51b381b9db4c9f79c28ce,2.8056442053531638,20.300840623944474,34708,13435,0.13820335114812721,1,ok,
edm_1k,/mnt/pixstor/data/xggh8/zw-lab/exp_004_standard_edm_n1000_40000kimg_20260415/network-snapshot-010000.pkl,20a28ef6f66087f8fcec676dca2d86ff81e859e17ae7507adeb9d49a24d31c0e,10000,20111,164bc1961a9482d05150e54111dbfc38dfb385c199cfe54c2fa038213fc4f17c,6.5584092229200337,19.676616992749242,37875,13533,0.33330979737709904,1,ok,
edm_1k,/mnt/pixstor/data/xggh8/zw-lab/exp_004_standard_edm_n1000_40000kimg_20260415/network-snapshot-010000.pkl,20a28ef6f66087f8fcec676dca2d86ff81e859e17ae7507adeb9d49a24d31c0e,10000,20112,1635d0b185db279886724486e1667a063402595e9d7d47fc09f77e336829b2be,3.9512479411525128,23.80326032032465,46332,19974,0.16599608154428747,1,ok,
edm_1k,/mnt/pixstor/data/xggh8/zw-lab/exp_004_standard_edm_n1000_40000kimg_20260415/network-snapshot-010000.pkl,20a28ef6f66087f8fcec676dca2d86ff81e859e17ae7507adeb9d49a24d31c0e,10000,20113,9151902b61e94609bcd02ffa2b6ef4723e0e0a4fd15571b1765bd4c58e7671a7,2.5107022634978411,21.379666688364189,35674,271,0.11743411626076856,1,ok,
edm_1k,/mnt/pixstor/data/xggh8/zw-lab/exp_004_standard_edm_n1000_40000kimg_20260415/network-snapshot-010000.pkl,20a28ef6f66087f8fcec676dca2d86ff81e859e17ae7507adeb9d49a24d31c0e,10000,20114,6bc07adc739a09d9a294fe32c95cbeb86ce520e2f2fa476ea82d268c3834790e,8.5126681077157844,17.807269606893616,35477,26376,0.47804454560626908,0,ok,
edm_1k,/mnt/pixstor/data/xggh8/zw-lab/exp_004_standard_edm_n1000_40000kimg_20260415/network-snapshot-010000.pkl,20a28ef6f66087f8fcec676dca2d86ff81e859e17ae7507adeb9d49a24d31c0e,10000,20115,79125bfeca39c527dbf99ac8fce08511817f0be14e95a7090bf1a6b2bfd0417b,9.1751552901446907,21.95123397228166,5697,28428,0.41797902121267422,0,ok,
edm_1k,/mnt/pixstor/data/xggh8/zw-lab/exp_004_standard_edm_n1000_40000kimg_20260415/network-snapshot-010000.pkl,20a28ef6f66087f8fcec676dca2d86ff81e859e17ae7507adeb9d49a24d31c0e,10000,20116,75bff2045a7dc669580ed7ea42856a2a34fa9b2d0a3da4499d141a1db0ae649e,3.2497271408802932,13.044923835135561,34019,12277,0.24911813836178848,1,ok,
edm_1k,/mnt/pixstor/data/xggh8/zw-lab/exp_004_standard_edm_n1000_40000kimg_20260415/network-snapshot-010000.pkl,20a28ef6f66087f8fcec676dca2d86ff81e859e17ae7507adeb9d49a24d31c0e,10000,20117,bd82da376e946546d7f4f96db2d019a7751ae6baf74db47712883cbac44b36c8,1.7276919329850442,27.664300216757812,17938,832,0.06245203816644835,1,ok,
edm_1k,/mnt/pixstor/data/xggh8/zw-lab/exp_004_standard_edm_n1000_40000kimg_20260415/network-snapshot-010000.pkl,20a28ef6f66087f8fcec676dca2d86ff81e859e17ae7507adeb9d49a24d31c0e,10000,20118,e3e2e04daba2373faa174c955504d7c607a72b95da2cc5a01f3f7726fe549e1c,2.4805828821609204,17.227972310229102,38241,2567,0.14398577136602866,1,ok,
edm_1k,/mnt/pixstor/data/xggh8/zw-lab/exp_004_standard_edm_n1000_40000kimg_20260415/network-snapshot-010000.pkl,20a28ef6f66087f8fcec676dca2d86ff81e859e17ae7507adeb9d49a24d31c0e,10000,20119,f898b610e6705812de5b0196f45b44142e2b6abf9cc4edce577171bb4cac2f9f,1.398184403928399,21.736207266969455,6525,14410,0.064325132105870805,1,ok,
edm_1k,/mnt/pixstor/data/xggh8/zw-lab/exp_004_standard_edm_n1000_40000kimg_20260415/network-snapshot-010000.pkl,20a28ef6f66087f8fcec676dca2d86ff81e859e17ae7507adeb9d49a24d31c0e,10000,20120,be7a2936cd8e81cbe8caf77cf49aadd49c001406f9cd879a6b5877e00d629b2f,2.2099431410713786,27.29917816161289,31179,40529,0.080952735206473003,1,ok,
edm_1k,/mnt/pixstor/data/xggh8/zw-lab/exp_004_standard_edm_n1000_40000kimg_20260415/network-snapshot-010000.pkl,20a28ef6f66087f8fcec676dca2d86ff81e859e17ae7507adeb9d49a24d31c0e,10000,20121,659504400c7cc0397d53612034781b6d3a7a345ee77f637e034ba8c356d40a44,9.2865534072757931,20.979027815310545,9841,11476,0.442658901500595,0,ok,
edm_1k,/mnt/pixstor/data/xggh8/zw-lab/exp_004_standard_edm_n1000_40000kimg_20260415/network-snapshot-010000.pkl,20a28ef6f66087f8fcec676dca2d86ff81e859e17ae7507adeb9d49a24d31c0e,10000,20122,4da8a32e88f725c4779310018930e9eb35e1ffd8433b70d6d1bbeb52fcc330f1,4.9201698718901428,20.561858443279704,27739,49665,0.23928624377327221,1,ok,
edm_1k,/mnt/pixstor/data/xggh8/zw-lab/exp_004_standard_edm_n1000_40000kimg_20260415/network-snapshot-010000.pkl,20a28ef6f66087f8fcec676dca2d86ff81e859e17ae7507adeb9d49a24d31c0e,10000,20123,1af3ffdb2b0c379940f001bea247719033a77a495691409ef0be659b79bd0f85,2.172145201412925,26.079251751791546,1145,26504,0.083290165764196317,1,ok,
edm_1k,/mnt/pixstor/data/xggh8/zw-lab/exp_004_standard_edm_n1000_40000kimg_20260415/network-snapshot-010000.pkl,20a28ef6f66087f8fcec676dca2d86ff81e859e17ae7507adeb9d49a24d31c0e,10000,20124,27f7284d8f96574b5891877a98c6d37c2723fe4e9b66ae2343c07df318170813,2.5896285919715565,25.938602277729213,40596,6610,0.099836859528664806,1,ok,
edm_1k,/mnt/pixstor/data/xggh8/zw-lab/exp_004_standard_edm_n1000_40000kimg_20260415/network-snapshot-010000.pkl,20a28ef6f66087f8fcec676dca2d86ff81e859e17ae7507adeb9d49a24d31c0e,10000,20125,375cf11efcc8ed6e7f8610d5680a59d312c0a6714e0777d3ea0838e6d18a26e1,3.2775587514505968,24.566348851354974,25388,11207,0.13341660054093959,1,ok,
edm_1k,/mnt/pixstor/data/xggh8/zw-lab/exp_004_standard_edm_n1000_40000kimg_20260415/network-snapshot-010000.pkl,20a28ef6f66087f8fcec676dca2d86ff81e859e17ae7507adeb9d49a24d31c0e,10000,20126,ba07618f807c87c019cf5ee99a9abcb94b918db4ff41c4ebb6fab9ca2f7c29ea,2.3064743161290231,26.445180323481875,5557,14410,0.087217189972457851,1,ok,
edm_1k,/mnt/pixstor/data/xggh8/zw-lab/exp_004_standard_edm_n1000_40000kimg_20260415/network-snapshot-010000.pkl,20a28ef6f66087f8fcec676dca2d86ff81e859e17ae7507adeb9d49a24d31c0e,10000,20127,310bc06a4d27de15451fcc8216b912c738665d3a005586166cbf19894626247c,1.8373152161527799,25.268392264509714,30014,22755,0.072711995164541965,1,ok,
edm_1k,/mnt/pixstor/data/xggh8/zw-lab/exp_004_standard_edm_n1000_40000kimg_20260415/network-snapshot-012000.pkl,e5a7debafcd19191d6557f645216bfcb2e7589922396fd08130e76e3f5388b0a,12000,20000,ca0062741a89f6b465117ade8a963ab20e0034a75df05c4f3a793df55c621f99,2.6900678606144224,17.485062155760815,7701,39913,0.15384948801729731,1,ok,
edm_1k,/mnt/pixstor/data/xggh8/zw-lab/exp_004_standard_edm_n1000_40000kimg_20260415/network-snapshot-012000.pkl,e5a7debafcd19191d6557f645216bfcb2e7589922396fd08130e76e3f5388b0a,12000,20001,89504238f685922809af9101f63eb5f819523c3d32ee7361f5a6bc50a99ac26f,3.6217044232361761,14.52260346098822,30132,271,0.24938396431225907,1,ok,
edm_1k,/mnt/pixstor/data/xggh8/zw-lab/exp_004_standard_edm_n1000_40000kimg_20260415/network-snapshot-012000.pkl,e5a7debafcd19191d6557f645216bfcb2e7589922396fd08130e76e3f5388b0a,12000,20002,d19d44b630e15a2f3b6dc91e85290bfffd7f95dd304a089100ecdbda6303a80c,14.390499176408612,19.829700429157789,38615,28096,0.72570431549478576,0,ok,
edm_1k,/mnt/pixstor/data/xggh8/zw-lab/exp_004_standard_edm_n1000_40000kimg_20260415/network-snapshot-012000.pkl,e5a7debafcd19191d6557f645216bfcb2e7589922396fd08130e76e3f5388b0a,12000,20003,c1dfbf7dfd1067825f0f2e7543573ab894b8dfa49d401c3c1ba1effe7c74eea7,5.8865939796843971,19.863148151390376,13805,20200,0.29635755293263261,1,ok,
edm_1k,/mnt/pixstor/data/xggh8/zw-lab/exp_004_standard_edm_n1000_40000kimg_20260415/network-snapshot-012000.pkl,e5a7debafcd19191d6557f645216bfcb2e7589922396fd08130e76e3f5388b0a,12000,20004,9b5ada068a2acb31214c893374b4397e896d7cd1e6fae5bb6bb71c014ab03de7,2.6066216362187795,23.9789377386133,6655,47886,0.10870463340089227,1,ok,
edm_1k,/mnt/pixstor/data/xggh8/zw-lab/exp_004_standard_edm_n1000_40000kimg_20260415/network-snapshot-012000.pkl,e5a7debafcd19191d6557f645216bfcb2e7589922396fd08130e76e3f5388b0a,12000,20005,11dc20b894c8ec0cf9481439edbb7b418420d78684cf57fa626ff402c85b73f4,2.8110974250685268,23.478855131658509,7672,4706,0.11972889688637707,1,ok,
edm_1k,/mnt/pixstor/data/xggh8/zw-lab/exp_004_standard_edm_n1000_40000kimg_20260415/network-snapshot-012000.pkl,e5a7debafcd19191d6557f645216bfcb2e7589922396fd08130e76e3f5388b0a,12000,20006,33f8e634d6322b506bf306650086fe3d124f3de0ff1962e95b2a76129b5df378,9.2926802752877897,24.925616833632162,32104,39774,0.37281646176752448,0,ok,
edm_1k,/mnt/pixstor/data/xggh8/zw-lab/exp_004_standard_edm_n1000_40000kimg_20260415/network-snapshot-012000.pkl,e5a7debafcd19191d6557f645216bfcb2e7589922396fd08130e76e3f5388b0a,12000,20007,69141e3850905c309222a30cc27d5494c95acd611cd8e3ff39694b5a98f5d363,20.215081994997043,30.302781371563142,27456,43052,0.66710318591307138,0,ok,
edm_1k,/mnt/pixstor/data/xggh8/zw-lab/exp_004_standard_edm_n1000_40000kimg_20260415/network-snapshot-012000.pkl,e5a7debafcd19191d6557f645216bfcb2e7589922396fd08130e76e3f5388b0a,12000,20008,edd240163c939714035bffc5448d4a71b81139214900ad52b63f973b595d05bd,2.1924860469916054,28.476971474257923,5893,3985,0.076991545571253164,1,ok,
edm_1k,/mnt/pixstor/data/xggh8/zw-lab/exp_004_standard_edm_n1000_40000kimg_20260415/network-snapshot-012000.pkl,e5a7debafcd19191d6557f645216bfcb2e7589922396fd08130e76e3f5388b0a,12000,20009,4787ea517321747b234dcdc37c064a15b8adfef9e61e94f3a5b55513c812536a,26.656957098743121,27.446687157173752,9529,16381,0.9712267621258539,0,ok,
edm_1k,/mnt/pixstor/data/xggh8/zw-lab/exp_004_standard_edm_n1000_40000kimg_20260415/network-snapshot-012000.pkl,e5a7debafcd19191d6557f645216bfcb2e7589922396fd08130e76e3f5388b0a,12000,20010,be3bcb156454378a4e2bb96ca67d0015de402ebd643c68f1beeb176702fb9d1c,3.5946324800079332,19.590497589223304,35100,29779,0.18348857468456206,1,ok,
edm_1k,/mnt/pixstor/data/xggh8/zw-lab/exp_004_standard_edm_n1000_40000kimg_20260415/network-snapshot-012000.pkl,e5a7debafcd19191d6557f645216bfcb2e7589922396fd08130e76e3f5388b0a,12000,20011,831f3d854659d05baac3b10ed8aa919d6c1eebb0365d4eb844aecf4e5418ba91,6.5394242427486402,26.56585509913284,30616,41057,0.24615899689079082,1,ok,
edm_1k,/mnt/pixstor/data/xggh8/zw-lab/exp_004_standard_edm_n1000_40000kimg_20260415/network-snapshot-012000.pkl,e5a7debafcd19191d6557f645216bfcb2e7589922396fd08130e76e3f5388b0a,12000,20012,a95ae2e14653c5bfbcceb536433acc5a6a53ab8099918979ba304cc86636c67e,3.0649182937665418,19.029479724152164,47545,13533,0.16106159170902376,1,ok,
edm_1k,/mnt/pixstor/data/xggh8/zw-lab/exp_004_standard_edm_n1000_40000kimg_20260415/network-snapshot-012000.pkl,e5a7debafcd19191d6557f645216bfcb2e7589922396fd08130e76e3f5388b0a,12000,20013,48680227b207c1b11ada2a8aa771a0b34b9d254de7db1f1ab48536782268cd06,2.5899709445102812,23.238426141999035,29119,14410,0.11145208064798336,1,ok,
edm_1k,/mnt/pixstor/data/xggh8/zw-lab/exp_004_standard_edm_n1000_40000kimg_20260415/network-snapshot-012000.pkl,e5a7debafcd19191d6557f645216bfcb2e7589922396fd08130e76e3f5388b0a,12000,20014,6b601a7821719b461c1a7202cdefb0366e396d0a32f61c831ab7d4d14f22db82,23.048408464611416,23.845473447081947,22857,37887,0.96657374053656842,0,ok,
edm_1k,/mnt/pixstor/data/xggh8/zw-lab/exp_004_standard_edm_n1000_40000kimg_20260415/network-snapshot-012000.pkl,e5a7debafcd19191d6557f645216bfcb2e7589922396fd08130e76e3f5388b0a,12000,20015,e36977bc7fffeb846a0211a4cd24934ec2fed63b01f196c099aca6a7ca13e193,3.064604458459578,22.350864987478396,24574,20200,0.13711346116476739,1,ok,
edm_1k,/mnt/pixstor/data/xggh8/zw-lab/exp_004_standard_edm_n1000_40000kimg_20260415/network-snapshot-012000.pkl,e5a7debafcd19191d6557f645216bfcb2e7589922396fd08130e76e3f5388b0a,12000,20016,a3af0b63a42aaf59c91155e243b0074d6c6d4af448c3f59c91b7717d24db8849,17.765577684526164,19.15650092498743,32953,20051,0.92739158127531696,0,ok,
edm_1k,/mnt/pixstor/data/xggh8/zw-lab/exp_004_standard_edm_n1000_40000kimg_20260415/network-snapshot-012000.pkl,e5a7debafcd19191d6557f645216bfcb2e7589922396fd08130e76e3f5388b0a,12000,20017,de1c2ac498a9b1fd23482c1e29a64945350169d4a7f20e5d842f8affd91f7be2,1.6491736497946912,24.692233227350805,22870,30085,0.066789165427449212,1,ok,
edm_1k,/mnt/pixstor/data/xggh8/zw-lab/exp_004_standard_edm_n1000_40000kimg_20260415/network-snapshot-012000.pkl,e5a7debafcd19191d6557f645216bfcb2e7589922396fd08130e76e3f5388b0a,12000,20018,68083bbaa31e2c68bdfc819de929814db5ecf140521339f56ef8dc375b83d6b1,3.2698387200428671,21.174556849270378,45477,13186,0.15442300603120002,1,ok,
edm_1k,/mnt/pixstor/data/xggh8/zw-lab/exp_004_standard_edm_n1000_40000kimg_20260415/network-snapshot-012000.pkl,e5a7debafcd19191d6557f645216bfcb2e7589922396fd08130e76e3f5388b0a,12000,20019,5f86910d0434d0a2491c4b9bde04db72a12dd11d1672dbfcaefb481925fede33,1.4668178931072466,19.15210453028871,35588,13535,0.0765878178446395,1,ok,
edm_1k,/mnt/pixstor/data/xggh8/zw-lab/exp_004_standard_edm_n1000_40000kimg_20260415/network-snapshot-012000.pkl,e5a7debafcd19191d6557f645216bfcb2e7589922396fd08130e76e3f5388b0a,12000,20020,52419cf148bce32815de219ad3e29836b729ebe75059c8482781ad39b2656bb1,2.1109909441854366,22.728315200055945,3881,9692,0.092879341280001276,1,ok,
edm_1k,/mnt/pixstor/data/xggh8/zw-lab/exp_004_standard_edm_n1000_40000kimg_20260415/network-snapshot-012000.pkl,e5a7debafcd19191d6557f645216bfcb2e7589922396fd08130e76e3f5388b0a,12000,20021,3efc60f6f5d97dee441d46d05f7b17a310441e0b686a5cb2b87db12100d6926d,2.0869658097458195,25.207171114039674,49021,14587,0.082792543451392656,1,ok,
edm_1k,/mnt/pixstor/data/xggh8/zw-lab/exp_004_standard_edm_n1000_40000kimg_20260415/network-snapshot-012000.pkl,e5a7debafcd19191d6557f645216bfcb2e7589922396fd08130e76e3f5388b0a,12000,20022,452dc5bf1032709772ee9ba3afe5634ce624458e90427d9a6589b16d6140841d,2.6097616690379706,24.650242342359363,8643,20770,0.10587164348292492,1,ok,
edm_1k,/mnt/pixstor/data/xggh8/zw-lab/exp_004_standard_edm_n1000_40000kimg_20260415/network-snapshot-012000.pkl,e5a7debafcd19191d6557f645216bfcb2e7589922396fd08130e76e3f5388b0a,12000,20023,c3e08879d4252503afc5946737a076e09de632df4725d5b4ddf58ff338b4214b,4.0194055343915691,18.164579179844349,44173,42642,0.22127710719836291,1,ok,
edm_1k,/mnt/pixstor/data/xggh8/zw-lab/exp_004_standard_edm_n1000_40000kimg_20260415/network-snapshot-012000.pkl,e5a7debafcd19191d6557f645216bfcb2e7589922396fd08130e76e3f5388b0a,12000,20024,aa91dca1ac6d1f37a13fa3ad0669c4527fe979f324efa5bd52008683f0e2c020,7.0114339608562553,20.675287404079995,1433,11207,0.33912147501623807,0,ok,
edm_1k,/mnt/pixstor/data/xggh8/zw-lab/exp_004_standard_edm_n1000_40000kimg_20260415/network-snapshot-012000.pkl,e5a7debafcd19191d6557f645216bfcb2e7589922396fd08130e76e3f5388b0a,12000,20025,3b1452bf56a1c1cab102e9677e7092a591e1527e95f8beb86f69d1ec698dbca0,5.0768569692418692,25.161906595613189,8242,42025,0.20176757869878531,1,ok,
edm_1k,/mnt/pixstor/data/xggh8/zw-lab/exp_004_standard_edm_n1000_40000kimg_20260415/network-snapshot-012000.pkl,e5a7debafcd19191d6557f645216bfcb2e7589922396fd08130e76e3f5388b0a,12000,20026,e1cb72fd903926eb038eec2413d2395b81d43371759e6e6a00214fc535bced70,3.5873520090295554,22.914902442664438,9866,5093,0.1565510487337006,1,ok,
edm_1k,/mnt/pixstor/data/xggh8/zw-lab/exp_004_standard_edm_n1000_40000kimg_20260415/network-snapshot-012000.pkl,e5a7debafcd19191d6557f645216bfcb2e7589922396fd08130e76e3f5388b0a,12000,20027,1c928b1072c0b8c652442e2f3510f5e4f83f04551330d369e8cfae05976617b8,2.3623437682447435,20.837992587044241,47765,3160,0.11336714697333662,1,ok,
edm_1k,/mnt/pixstor/data/xggh8/zw-lab/exp_004_standard_edm_n1000_40000kimg_20260415/network-snapshot-012000.pkl,e5a7debafcd19191d6557f645216bfcb2e7589922396fd08130e76e3f5388b0a,12000,20028,3ca29e6a78f013df4f348fde9531be2af1fcd08c03f9994fb7bd4b9f79f45de1,16.686779864579535,18.758601412616294,27441,2782,0.88955351721246478,0,ok,
edm_1k,/mnt/pixstor/data/xggh8/zw-lab/exp_004_standard_edm_n1000_40000kimg_20260415/network-snapshot-012000.pkl,e5a7debafcd19191d6557f645216bfcb2e7589922396fd08130e76e3f5388b0a,12000,20029,13c504147a587392ac9761e76d30086c8ae35fd53ee154544dc8532561b9cee5,2.9545393397933064,21.785717508824895,6599,29779,0.13561817913945182,1,ok,
edm_1k,/mnt/pixstor/data/xggh8/zw-lab/exp_004_standard_edm_n1000_40000kimg_20260415/network-snapshot-012000.pkl,e5a7debafcd19191d6557f645216bfcb2e7589922396fd08130e76e3f5388b0a,12000,20030,4a28bb42821d080790c5f69f6417804cf0de0030f5eda1037579c00b649c7572,2.244335332558598,17.67747455700464,33716,11207,0.12696017891703246,1,ok,
edm_1k,/mnt/pixstor/data/xggh8/zw-lab/exp_004_standard_edm_n1000_40000kimg_20260415/network-snapshot-012000.pkl,e5a7debafcd19191d6557f645216bfcb2e7589922396fd08130e76e3f5388b0a,12000,20031,425e0aace2dab00e60018fdcffcf37f7e1c08e3cd3cba84e575f7539cf0ba41b,2.1104572571654781,25.670390812856493,3137,13435,0.082213678496413797,1,ok,
edm_1k,/mnt/pixstor/data/xggh8/zw-lab/exp_004_standard_edm_n1000_40000kimg_20260415/network-snapshot-012000.pkl,e5a7debafcd19191d6557f645216bfcb2e7589922396fd08130e76e3f5388b0a,12000,20032,fb926c5600c4c841d6954e967a76b59e926c59da072858f61bcb57f8bd2f60ee,1.4379407768917221,21.005803183548984,22518,11207,0.068454453482543684,1,ok,
edm_1k,/mnt/pixstor/data/xggh8/zw-lab/exp_004_standard_edm_n1000_40000kimg_20260415/network-snapshot-012000.pkl,e5a7debafcd19191d6557f645216bfcb2e7589922396fd08130e76e3f5388b0a,12000,20033,93720d85ecc411a99bab17944dae21ffecfaae581318473a875c5dad7db8929d,1.7559164016875279,23.087821707393068,29119,34019,0.076053792511974264,1,ok,
edm_1k,/mnt/pixstor/data/xggh8/zw-lab/exp_004_standard_edm_n1000_40000kimg_20260415/network-snapshot-012000.pkl,e5a7debafcd19191d6557f645216bfcb2e7589922396fd08130e76e3f5388b0a,12000,20034,8cec8c3b3bc3f37e8f38df59f06141876273b9ce90453b4650c3d85c87e3592d,2.2980877361284797,25.204397242074744,16275,27792,0.091178047784939154,1,ok,
edm_1k,/mnt/pixstor/data/xggh8/zw-lab/exp_004_standard_edm_n1000_40000kimg_20260415/network-snapshot-012000.pkl,e5a7debafcd19191d6557f645216bfcb2e7589922396fd08130e76e3f5388b0a,12000,20035,3f935634e574466dd91d7944ccf2fbc75c4e226ecf4c1095e4745bc3a18a4fc0,7.4237430275046643,14.327981272012316,10564,31001,0.51812902924474757,0,ok,
edm_1k,/mnt/pixstor/data/xggh8/zw-lab/exp_004_standard_edm_n1000_40000kimg_20260415/network-snapshot-012000.pkl,e5a7debafcd19191d6557f645216bfcb2e7589922396fd08130e76e3f5388b0a,12000,20036,32d18335046d7c8bad03bbc8f3f8db7dbeacd7a3971f4f7257ff27bfc8203745,2.3051331851456176,25.90356178206352,25697,15768,0.088989043458176778,1,ok,
edm_1k,/mnt/pixstor/data/xggh8/zw-lab/exp_004_standard_edm_n1000_40000kimg_20260415/network-snapshot-012000.pkl,e5a7debafcd19191d6557f645216bfcb2e7589922396fd08130e76e3f5388b0a,12000,20037,25175408fddd1b22511edf03adb2601fb1d407a44bd8198bf138e15e76bf3785,4.2261789308284099,17.077945093258023,38995,3157,0.24746413621488966,1,ok,
edm_1k,/mnt/pixstor/data/xggh8/zw-lab/exp_004_standard_edm_n1000_40000kimg_20260415/network-snapshot-012000.pkl,e5a7debafcd19191d6557f645216bfcb2e7589922396fd08130e76e3f5388b0a,12000,20038,641d8634f6a4812792bc95109219db3f8dd8e80438711ffa30dbed9d160d2e94,2.110195801594819,27.540551000564456,41520,4827,0.076621408248207151,1,ok,
edm_1k,/mnt/pixstor/data/xggh8/zw-lab/exp_004_standard_edm_n1000_40000kimg_20260415/network-snapshot-012000.pkl,e5a7debafcd19191d6557f645216bfcb2e7589922396fd08130e76e3f5388b0a,12000,20039,deaeebb5800999e28fb42c85b7b17dea44b3564b8a4aef3aa7372c5863eb46b0,2.5349612627734226,17.224404928981702,17083,16683,0.14717264678956246,1,ok,
edm_1k,/mnt/pixstor/data/xggh8/zw-lab/exp_004_standard_edm_n1000_40000kimg_20260415/network-snapshot-012000.pkl,e5a7debafcd19191d6557f645216bfcb2e7589922396fd08130e76e3f5388b0a,12000,20040,8af73ba2a65f59e52ad4c717be59db4ccf6b83aebe6a51058b2f5618f96b9451,1.8311942182863268,27.570872132805412,45482,37719,0.066417711034518434,1,ok,
edm_1k,/mnt/pixstor/data/xggh8/zw-lab/exp_004_standard_edm_n1000_40000kimg_20260415/network-snapshot-012000.pkl,e5a7debafcd19191d6557f645216bfcb2e7589922396fd08130e76e3f5388b0a,12000,20041,fd841092e077bacc4c9d3a7410c6fb9135eed78c8324f2d44777327d39d5cf07,2.6244320453441983,18.365956046602861,21513,29779,0.14289656572654369,1,ok,
edm_1k,/mnt/pixstor/data/xggh8/zw-lab/exp_004_standard_edm_n1000_40000kimg_20260415/network-snapshot-012000.pkl,e5a7debafcd19191d6557f645216bfcb2e7589922396fd08130e76e3f5388b0a,12000,20042,78eff9135e33749c9b17a4ae62ca54cddc960288cf118bf23d12a8755b14f6a0,9.9724057853824348,15.802049361643618,34052,33571,0.63108306759175792,0,ok,
edm_1k,/mnt/pixstor/data/xggh8/zw-lab/exp_004_standard_edm_n1000_40000kimg_20260415/network-snapshot-012000.pkl,e5a7debafcd19191d6557f645216bfcb2e7589922396fd08130e76e3f5388b0a,12000,20043,b36b5c6de7f38313108de563d5bced36bf566294614ca2000a9bf64e426c28f9,2.2564700209134769,22.850623091946407,27642,14587,0.098748730475921198,1,ok,
edm_1k,/mnt/pixstor/data/xggh8/zw-lab/exp_004_standard_edm_n1000_40000kimg_20260415/network-snapshot-012000.pkl,e5a7debafcd19191d6557f645216bfcb2e7589922396fd08130e76e3f5388b0a,12000,20044,30b72208a6a663217c2c49ad660d66b0efe3a0b0cf60d1126e63b47f587fee53,1.6438310429432366,26.949204706908844,30351,46725,0.060997386038698767,1,ok,
edm_1k,/mnt/pixstor/data/xggh8/zw-lab/exp_004_standard_edm_n1000_40000kimg_20260415/network-snapshot-012000.pkl,e5a7debafcd19191d6557f645216bfcb2e7589922396fd08130e76e3f5388b0a,12000,20045,bc5ba6aa820816f5ba601f561f5548e721df423bc9e015153dba9b80fec760b4,2.5973890432027615,24.442554042859729,32712,29779,0.10626504246030388,1,ok,
edm_1k,/mnt/pixstor/data/xggh8/zw-lab/exp_004_standard_edm_n1000_40000kimg_20260415/network-snapshot-012000.pkl,e5a7debafcd19191d6557f645216bfcb2e7589922396fd08130e76e3f5388b0a,12000,20046,4522f4375e109c4d08339ef7e0157942bbdc24516f75e3c81d4354e197f769aa,2.3277628719851085,28.449279923329815,43079,34035,0.081821504033085482,1,ok,
edm_1k,/mnt/pixstor/data/xggh8/zw-lab/exp_004_standard_edm_n1000_40000kimg_20260415/network-snapshot-012000.pkl,e5a7debafcd19191d6557f645216bfcb2e7589922396fd08130e76e3f5388b0a,12000,20047,279c178d1504a9da4b3c3b726c7efe972d32301465ff821247996d4f607d6194,2.5613283011402417,29.666928266371862,39004,45102,0.086336147717846659,1,ok,
edm_1k,/mnt/pixstor/data/xggh8/zw-lab/exp_004_standard_edm_n1000_40000kimg_20260415/network-snapshot-012000.pkl,e5a7debafcd19191d6557f645216bfcb2e7589922396fd08130e76e3f5388b0a,12000,20048,02d1656679bdeaae8bbdc98f2c15db8dc628f26815b4c4328ff7c75ca13a28b8,5.3956770620991179,22.266000873178609,8001,29779,0.24232807197087169,1,ok,
edm_1k,/mnt/pixstor/data/xggh8/zw-lab/exp_004_standard_edm_n1000_40000kimg_20260415/network-snapshot-012000.pkl,e5a7debafcd19191d6557f645216bfcb2e7589922396fd08130e76e3f5388b0a,12000,20049,eb0969d46de3326a840f3c0b2cb08113dbfb861450ccd12384e7c614db088ba0,1.6762931640393415,26.387265056360359,11841,44302,0.06352659741200764,1,ok,
edm_1k,/mnt/pixstor/data/xggh8/zw-lab/exp_004_standard_edm_n1000_40000kimg_20260415/network-snapshot-012000.pkl,e5a7debafcd19191d6557f645216bfcb2e7589922396fd08130e76e3f5388b0a,12000,20050,c71b31d2d68d57d41061fb841fb42f07128466831b7e2323c63e558bc0b3a828,3.1211343437928849,22.049053682900492,28096,40908,0.14155411786281744,1,ok,
edm_1k,/mnt/pixstor/data/xggh8/zw-lab/exp_004_standard_edm_n1000_40000kimg_20260415/network-snapshot-012000.pkl,e5a7debafcd19191d6557f645216bfcb2e7589922396fd08130e76e3f5388b0a,12000,20051,751cad99fb6da4b694a886a5f3839c423d393174b5a95b4f145ef89519e82f04,2.111302385012447,22.221880437666993,28643,46960,0.095010068609392012,1,ok,
edm_1k,/mnt/pixstor/data/xggh8/zw-lab/exp_004_standard_edm_n1000_40000kimg_20260415/network-snapshot-012000.pkl,e5a7debafcd19191d6557f645216bfcb2e7589922396fd08130e76e3f5388b0a,12000,20052,900f4049cad6ac131920048d89cce11510b9fb2199a0c2b189e2109f64c85195,11.553645066912228,13.161793642204836,32024,10551,0.877816913179987,0,ok,
edm_1k,/mnt/pixstor/data/xggh8/zw-lab/exp_004_standard_edm_n1000_40000kimg_20260415/network-snapshot-012000.pkl,e5a7debafcd19191d6557f645216bfcb2e7589922396fd08130e76e3f5388b0a,12000,20053,b0ba54b73d9f37d5a1250f0f4c40cf637709f17a98070231bbc7864e5feceb71,2.0345178823347014,14.461540964338075,47671,24779,0.1406847228349862,1,ok,
edm_1k,/mnt/pixstor/data/xggh8/zw-lab/exp_004_standard_edm_n1000_40000kimg_20260415/network-snapshot-012000.pkl,e5a7debafcd19191d6557f645216bfcb2e7589922396fd08130e76e3f5388b0a,12000,20054,f27892d434ddfaa665a6f488846f32772b94052d9d684b8037abbc22087f38a5,2.7733975804357218,18.406740410465719,30085,17844,0.15067293385953448,1,ok,
edm_1k,/mnt/pixstor/data/xggh8/zw-lab/exp_004_standard_edm_n1000_40000kimg_20260415/network-snapshot-012000.pkl,e5a7debafcd19191d6557f645216bfcb2e7589922396fd08130e76e3f5388b0a,12000,20055,553839a5d221cb1643ced48a2c9b734752a794fc385dfb54c6efcd29460dc8f7,2.6857927339952572,20.892952694154214,36890,15904,0.12855017542574218,1,ok,
edm_1k,/mnt/pixstor/data/xggh8/zw-lab/exp_004_standard_edm_n1000_40000kimg_20260415/network-snapshot-012000.pkl,e5a7debafcd19191d6557f645216bfcb2e7589922396fd08130e76e3f5388b0a,12000,20056,702796df0fcf954afe93726bad84a392da96a83981e09c07a540bda38b91fb6e,3.3617025691648537,21.544666837125749,43220,11207,0.15603409393975734,1,ok,
edm_1k,/mnt/pixstor/data/xggh8/zw-lab/exp_004_standard_edm_n1000_40000kimg_20260415/network-snapshot-012000.pkl,e5a7debafcd19191d6557f645216bfcb2e7589922396fd08130e76e3f5388b0a,12000,20057,f8645bd59a5d8396ac8208b6a5a005e017a5983f9f80eb5f5c9585afd7408122,2.6292984833101212,22.68710134549239,41057,9529,0.11589398060464547,1,ok,
edm_1k,/mnt/pixstor/data/xggh8/zw-lab/exp_004_standard_edm_n1000_40000kimg_20260415/network-snapshot-012000.pkl,e5a7debafcd19191d6557f645216bfcb2e7589922396fd08130e76e3f5388b0a,12000,20058,48d54b5c2bb19a062d6d14dd5ab62ecb6ebee9e29a5c61c0d8f7b84a7bb6e01a,9.2650881838851333,14.921844757732947,4516,31001,0.62090769166350479,0,ok,
edm_1k,/mnt/pixstor/data/xggh8/zw-lab/exp_004_standard_edm_n1000_40000kimg_20260415/network-snapshot-012000.pkl,e5a7debafcd19191d6557f645216bfcb2e7589922396fd08130e76e3f5388b0a,12000,20059,be6003a6b05ad9636a5e241e84a9009555ad2fad7e72da6f5e7207e89494bbba,3.8143859733068499,23.467272508795737,46712,48119,0.16254066048268648,1,ok,
edm_1k,/mnt/pixstor/data/xggh8/zw-lab/exp_004_standard_edm_n1000_40000kimg_20260415/network-snapshot-012000.pkl,e5a7debafcd19191d6557f645216bfcb2e7589922396fd08130e76e3f5388b0a,12000,20060,ad07a75dc1d5a5a5992f07fd071dbb4c70562e622e8a29a78a4e33d595d0a19e,2.6630302595327047,23.49791736510824,17447,48613,0.11333048023596358,1,ok,
edm_1k,/mnt/pixstor/data/xggh8/zw-lab/exp_004_standard_edm_n1000_40000kimg_20260415/network-snapshot-012000.pkl,e5a7debafcd19191d6557f645216bfcb2e7589922396fd08130e76e3f5388b0a,12000,20061,edb403f1eacbbe4725f3607779aebca6cd82806bc91b4150fbc1cbd9cb5e80fd,3.4155272339579192,22.017751311344039,38324,1877,0.15512607012679641,1,ok,
edm_1k,/mnt/pixstor/data/xggh8/zw-lab/exp_004_standard_edm_n1000_40000kimg_20260415/network-snapshot-012000.pkl,e5a7debafcd19191d6557f645216bfcb2e7589922396fd08130e76e3f5388b0a,12000,20062,1037fbba467c0bc9bf13abf0a8286c98acf06bb52be885e9dd4651a0235bae61,1.8080868778531645,23.471869848541594,42944,49677,0.07703207667392159,1,ok,
edm_1k,/mnt/pixstor/data/xggh8/zw-lab/exp_004_standard_edm_n1000_40000kimg_20260415/network-snapshot-012000.pkl,e5a7debafcd19191d6557f645216bfcb2e7589922396fd08130e76e3f5388b0a,12000,20063,dbaa2fc462aa569ae8897067c1fe150a48b5a4c84b751cd661642d3d66420f16,2.0842147605078911,24.761321987544086,41185,43460,0.08417219248456656,1,ok,
edm_1k,/mnt/pixstor/data/xggh8/zw-lab/exp_004_standard_edm_n1000_40000kimg_20260415/network-snapshot-012000.pkl,e5a7debafcd19191d6557f645216bfcb2e7589922396fd08130e76e3f5388b0a,12000,20064,e04b2ceb7493dde90272bdddb424000d06388a06bfbb6cd564c82f91215403cb,2.1273340176170819,12.097983254809879,12300,20770,0.17584203687596467,1,ok,
edm_1k,/mnt/pixstor/data/xggh8/zw-lab/exp_004_standard_edm_n1000_40000kimg_20260415/network-snapshot-012000.pkl,e5a7debafcd19191d6557f645216bfcb2e7589922396fd08130e76e3f5388b0a,12000,20065,c75d1bad2df4ff58aba51c55d86e264bb6c01af8e9de1da38d9416e46097043c,17.011550545842347,18.664733502817594,46960,36170,0.91142745452402596,0,ok,
edm_1k,/mnt/pixstor/data/xggh8/zw-lab/exp_004_standard_edm_n1000_40000kimg_20260415/network-snapshot-012000.pkl,e5a7debafcd19191d6557f645216bfcb2e7589922396fd08130e76e3f5388b0a,12000,20066,9784ef961e953dbaca87a2ac3e4fd73e17b5679406adf2f8d35d3d78136f1286,3.9778138521402608,18.398692443374923,36890,6755,0.21620089929665673,1,ok,
edm_1k,/mnt/pixstor/data/xggh8/zw-lab/exp_004_standard_edm_n1000_40000kimg_20260415/network-snapshot-012000.pkl,e5a7debafcd19191d6557f645216bfcb2e7589922396fd08130e76e3f5388b0a,12000,20067,30aa5370dab6b629d6a77302a227df323de5ec45306e7a4163f7e827053c983c,5.4887287715283799,19.24100771820444,43460,45385,0.28526202223469538,1,ok,
edm_1k,/mnt/pixstor/data/xggh8/zw-lab/exp_004_standard_edm_n1000_40000kimg_20260415/network-snapshot-012000.pkl,e5a7debafcd19191d6557f645216bfcb2e7589922396fd08130e76e3f5388b0a,12000,20068,65e5e367480167d3780b41f94c1c903e0e0557eac05b46bfadf4a20395896139,3.3322949335986101,24.479354224434317,14959,35096,0.13612675003789299,1,ok,
edm_1k,/mnt/pixstor/data/xggh8/zw-lab/exp_004_standard_edm_n1000_40000kimg_20260415/network-snapshot-012000.pkl,e5a7debafcd19191d6557f645216bfcb2e7589922396fd08130e76e3f5388b0a,12000,20069,799ee0f73786bb26718b78cd29a5788eae9a7cdc08a13abc0a36ad5e3f5bbe1d,2.1721035199108938,20.547041323527967,26900,37261,0.10571368820014324,1,ok,
edm_1k,/mnt/pixstor/data/xggh8/zw-lab/exp_004_standard_edm_n1000_40000kimg_20260415/network-snapshot-012000.pkl,e5a7debafcd19191d6557f645216bfcb2e7589922396fd08130e76e3f5388b0a,12000,20070,95f85d24d7e26d3f64877aec7bb7d729731e1541f2899daf3016b2c44159f2c1,1.9876524597844991,26.521506020841954,27792,16275,0.074944931793183248,1,ok,
edm_1k,/mnt/pixstor/data/xggh8/zw-lab/exp_004_standard_edm_n1000_40000kimg_20260415/network-snapshot-012000.pkl,e5a7debafcd19191d6557f645216bfcb2e7589922396fd08130e76e3f5388b0a,12000,20071,4c9c8e54c4d0ec214f9ed1a59a40cbeeb4f1fa52c5df35103dd43443b3157351,1.6116451982691127,22.453152341034329,9841,16683,0.071778126019469674,1,ok,
edm_1k,/mnt/pixstor/data/xggh8/zw-lab/exp_004_standard_edm_n1000_40000kimg_20260415/network-snapshot-012000.pkl,e5a7debafcd19191d6557f645216bfcb2e7589922396fd08130e76e3f5388b0a,12000,20072,0feb77b32ce741970d8039e3dd826c85da9b72a7bd4df1ff165ed51fa175872d,4.1561946300031289,13.696945643723215,46250,32024,0.30343952134377883,1,ok,
edm_1k,/mnt/pixstor/data/xggh8/zw-lab/exp_004_standard_edm_n1000_40000kimg_20260415/network-snapshot-012000.pkl,e5a7debafcd19191d6557f645216bfcb2e7589922396fd08130e76e3f5388b0a,12000,20073,74360b4d496a4f8cebf242d7ed7707d9f9b8c3bc4224a149aa8b8ffed7c92d8f,20.658211950553962,21.62352061031461,11710,26001,0.95535839527906541,0,ok,
edm_1k,/mnt/pixstor/data/xggh8/zw-lab/exp_004_standard_edm_n1000_40000kimg_20260415/network-snapshot-012000.pkl,e5a7debafcd19191d6557f645216bfcb2e7589922396fd08130e76e3f5388b0a,12000,20074,6f88d1f8aaa6c575ff747adf588f27ae114f583f5c1b3f61b3ddc0672a23a51d,2.0191997572680878,29.034867296676747,49735,11710,0.069543963698404779,1,ok,
edm_1k,/mnt/pixstor/data/xggh8/zw-lab/exp_004_standard_edm_n1000_40000kimg_20260415/network-snapshot-012000.pkl,e5a7debafcd19191d6557f645216bfcb2e7589922396fd08130e76e3f5388b0a,12000,20075,2b7ef3ffdce9d7f5f0b5751c163f6ed408892edbe846cf7337ee91e48c36dfc9,1.7590930607776565,26.073867850540609,36811,38324,0.067465750415743708,1,ok,
edm_1k,/mnt/pixstor/data/xggh8/zw-lab/exp_004_standard_edm_n1000_40000kimg_20260415/network-snapshot-012000.pkl,e5a7debafcd19191d6557f645216bfcb2e7589922396fd08130e76e3f5388b0a,12000,20076,83801af900dbeb5cbdac92d0e229034af19710670d791a3700c6c3aaa2d0f021,1.4644181095598019,16.666155100990487,17330,43682,0.087867783582115472,1,ok,
edm_1k,/mnt/pixstor/data/xggh8/zw-lab/exp_004_standard_edm_n1000_40000kimg_20260415/network-snapshot-012000.pkl,e5a7debafcd19191d6557f645216bfcb2e7589922396fd08130e76e3f5388b0a,12000,20077,e6159800a76fad64fbb61596f2d0e6dfbfb6cbcc2187012a672e06f487cf5dd3,4.8837669789031244,23.397214264759508,21987,45494,0.20873283988594199,1,ok,
edm_1k,/mnt/pixstor/data/xggh8/zw-lab/exp_004_standard_edm_n1000_40000kimg_20260415/network-snapshot-012000.pkl,e5a7debafcd19191d6557f645216bfcb2e7589922396fd08130e76e3f5388b0a,12000,20078,644d660d519d4cd998fa5e73a45f59a774d499bce23225683449d82d4abba8fb,1.6236375112942094,26.504530886654557,8572,21934,0.061258866200561056,1,ok,
edm_1k,/mnt/pixstor/data/xggh8/zw-lab/exp_004_standard_edm_n1000_40000kimg_20260415/network-snapshot-012000.pkl,e5a7debafcd19191d6557f645216bfcb2e7589922396fd08130e76e3f5388b0a,12000,20079,8e605009525cbb07c25f1c8dd6549b55d92a385148312ddc80ee55f10c277343,1.8638106893980595,18.68503599492152,19923,7496,0.099748841260173748,1,ok,
edm_1k,/mnt/pixstor/data/xggh8/zw-lab/exp_004_standard_edm_n1000_40000kimg_20260415/network-snapshot-012000.pkl,e5a7debafcd19191d6557f645216bfcb2e7589922396fd08130e76e3f5388b0a,12000,20080,3a682fc3bd3eae0cc40007e296ca429ac713a7db8f4def113cf2410fdc2e64b9,6.0828993601433954,21.465438361878697,34696,21934,0.28338109185537308,1,ok,
edm_1k,/mnt/pixstor/data/xggh8/zw-lab/exp_004_standard_edm_n1000_40000kimg_20260415/network-snapshot-012000.pkl,e5a7debafcd19191d6557f645216bfcb2e7589922396fd08130e76e3f5388b0a,12000,20081,c3e095c83ad7ec0b9d58b1a4cc52f60bc10a1e492000c114d1b59b95d9fc1bc1,1.7089127092192491,24.2657429215901,41057,31755,0.070424907852244992,1,ok,
edm_1k,/mnt/pixstor/data/xggh8/zw-lab/exp_004_standard_edm_n1000_40000kimg_20260415/network-snapshot-012000.pkl,e5a7debafcd19191d6557f645216bfcb2e7589922396fd08130e76e3f5388b0a,12000,20082,b9bae3bb00e6865321d02ae30b1b9609664bbaba6604c73cd558876030dce02e,3.0366207910788559,25.286116383614822,22870,30085,0.12009043797040178,1,ok,
edm_1k,/mnt/pixstor/data/xggh8/zw-lab/exp_004_standard_edm_n1000_40000kimg_20260415/network-snapshot-012000.pkl,e5a7debafcd19191d6557f645216bfcb2e7589922396fd08130e76e3f5388b0a,12000,20083,301dae520ba1c915b86e98d67ceb71923abe87d8a0cf2e9063d9dc4eb287469b,1.9973353226507613,21.610188505208924,13638,13435,0.092425631649132686,1,ok,
edm_1k,/mnt/pixstor/data/xggh8/zw-lab/exp_004_standard_edm_n1000_40000kimg_20260415/network-snapshot-012000.pkl,e5a7debafcd19191d6557f645216bfcb2e7589922396fd08130e76e3f5388b0a,12000,20084,6859293ab59cf5006afcda0978a74b67770a879c4e183dec1547e413c70cf675,2.6330057156816724,23.026126151498481,6610,44722,0.11434861853696233,1,ok,
edm_1k,/mnt/pixstor/data/xggh8/zw-lab/exp_004_standard_edm_n1000_40000kimg_20260415/network-snapshot-012000.pkl,e5a7debafcd19191d6557f645216bfcb2e7589922396fd08130e76e3f5388b0a,12000,20085,ac30167d42b38190d97f637f6bb5423a259397868989a9f01108add26f075fa7,2.2543526680694796,34.218155240072768,10393,22413,0.06588177101462836,1,ok,
edm_1k,/mnt/pixstor/data/xggh8/zw-lab/exp_004_standard_edm_n1000_40000kimg_20260415/network-snapshot-012000.pkl,e5a7debafcd19191d6557f645216bfcb2e7589922396fd08130e76e3f5388b0a,12000,20086,6e55a7ab4e2d15f44aa3f850893ad553b64e0f5f2c26299a2eb1b42fbb406578,2.2440258476120754,30.074623702572602,33068,31271,0.074615259356349647,1,ok,
edm_1k,/mnt/pixstor/data/xggh8/zw-lab/exp_004_standard_edm_n1000_40000kimg_20260415/network-snapshot-012000.pkl,e5a7debafcd19191d6557f645216bfcb2e7589922396fd08130e76e3f5388b0a,12000,20087,8b0ace8a93499f88cf86f96f750cd8081997bd02bfb912c37ffb63e52534cf77,1.8660335029239103,24.300264547801447,7840,49576,0.076790666177860137,1,ok,
edm_1k,/mnt/pixstor/data/xggh8/zw-lab/exp_004_standard_edm_n1000_40000kimg_20260415/network-snapshot-012000.pkl,e5a7debafcd19191d6557f645216bfcb2e7589922396fd08130e76e3f5388b0a,12000,20088,81027811818fae68311002e7b104bf4daa1d28b5447e1d56411fdc4ebdf8f111,2.4649218204638337,19.688293045020078,26267,29779,0.12519733502683245,1,ok,
edm_1k,/mnt/pixstor/data/xggh8/zw-lab/exp_004_standard_edm_n1000_40000kimg_20260415/network-snapshot-012000.pkl,e5a7debafcd19191d6557f645216bfcb2e7589922396fd08130e76e3f5388b0a,12000,20089,e40ce1b613ab50f0fb26045974d525ff49eed1084c2c956c890ff8bc0c29a4a5,12.183858392263515,17.91427801702525,9527,34482,0.6801199791967224,0,ok,
edm_1k,/mnt/pixstor/data/xggh8/zw-lab/exp_004_standard_edm_n1000_40000kimg_20260415/network-snapshot-012000.pkl,e5a7debafcd19191d6557f645216bfcb2e7589922396fd08130e76e3f5388b0a,12000,20090,4c9986b11dd7d6be0c81bd40573c0a5ba5cad60a599e6bf5199843caa9c2f017,1.7905217486356273,20.215956967430106,37803,24752,0.088569724971236025,1,ok,
edm_1k,/mnt/pixstor/data/xggh8/zw-lab/exp_004_standard_edm_n1000_40000kimg_20260415/network-snapshot-012000.pkl,e5a7debafcd19191d6557f645216bfcb2e7589922396fd08130e76e3f5388b0a,12000,20091,29b2a6f778071ea8f9615ac622fb9e4a6eb70012d6fd4284b7ae70b75e8794da,1.7251303338818844,20.409798019308155,46742,4786,0.084524615689477667,1,ok,
edm_1k,/mnt/pixstor/data/xggh8/zw-lab/exp_004_standard_edm_n1000_40000kimg_20260415/network-snapshot-012000.pkl,e5a7debafcd19191d6557f645216bfcb2e7589922396fd08130e76e3f5388b0a,12000,20092,55abb36c8872377a831465054a010da9a0dfe11610929bee92dcb61d57d510d2,3.7336942027561202,24.56675016506404,43280,2595,0.15198160838000233,1,ok,
edm_1k,/mnt/pixstor/data/xggh8/zw-lab/exp_004_standard_edm_n1000_40000kimg_20260415/network-snapshot-012000.pkl,e5a7debafcd19191d6557f645216bfcb2e7589922396fd08130e76e3f5388b0a,12000,20093,180264fb14e0d16a415a75cb3b212f96c53166b6a68eed864ff8352dce5b6386,2.0423547231148738,23.882235520847715,25649,737,0.085517736450259202,1,ok,
edm_1k,/mnt/pixstor/data/xggh8/zw-lab/exp_004_standard_edm_n1000_40000kimg_20260415/network-snapshot-012000.pkl,e5a7debafcd19191d6557f645216bfcb2e7589922396fd08130e76e3f5388b0a,12000,20094,80ed2a7eb8c523a9b767aef5fa441755c06b838b23dae4ea044a37ed43426bee,8.7068912487869401,20.362595482597499,47529,7346,0.42759240865085779,0,ok,
edm_1k,/mnt/pixstor/data/xggh8/zw-lab/exp_004_standard_edm_n1000_40000kimg_20260415/network-snapshot-012000.pkl,e5a7debafcd19191d6557f645216bfcb2e7589922396fd08130e76e3f5388b0a,12000,20095,998738afc4c0b08bdeebbb9c7e2bc283052105a5a9f94a6613460431e0abb741,6.7300136110598539,16.489071536960143,38154,1787,0.40814994318961945,0,ok,
edm_1k,/mnt/pixstor/data/xggh8/zw-lab/exp_004_standard_edm_n1000_40000kimg_20260415/network-snapshot-012000.pkl,e5a7debafcd19191d6557f645216bfcb2e7589922396fd08130e76e3f5388b0a,12000,20096,c885f62a9fecfd81fa0cdc1cb17425b3bf0012dfcebeee513ffecf6a1f7199e2,4.5102060831627462,26.140235474301285,23687,22518,0.17253884677499454,1,ok,
edm_1k,/mnt/pixstor/data/xggh8/zw-lab/exp_004_standard_edm_n1000_40000kimg_20260415/network-snapshot-012000.pkl,e5a7debafcd19191d6557f645216bfcb2e7589922396fd08130e76e3f5388b0a,12000,20097,f923e26b527d69142755b5b53ebec8d4e4bef3a15d87cc5c4882e3327c61c307,24.260222465760489,24.571829446280834,42808,41818,0.9873185274543117,0,ok,
edm_1k,/mnt/pixstor/data/xggh8/zw-lab/exp_004_standard_edm_n1000_40000kimg_20260415/network-snapshot-012000.pkl,e5a7debafcd19191d6557f645216bfcb2e7589922396fd08130e76e3f5388b0a,12000,20098,5509736e7a471ec0a58359f3f737115d520c5c55c94600dabea2c812e56ca118,2.4442306640367288,17.592888977278385,737,12277,0.13893287607245791,1,ok,
edm_1k,/mnt/pixstor/data/xggh8/zw-lab/exp_004_standard_edm_n1000_40000kimg_20260415/network-snapshot-012000.pkl,e5a7debafcd19191d6557f645216bfcb2e7589922396fd08130e76e3f5388b0a,12000,20099,ed7a4d79622904e9522d4e5d5a94617807eacb4bc6c5e53d08d87d1fee943488,1.8837943593286335,27.959099204445391,29984,4891,0.067376790130245584,1,ok,
edm_1k,/mnt/pixstor/data/xggh8/zw-lab/exp_004_standard_edm_n1000_40000kimg_20260415/network-snapshot-012000.pkl,e5a7debafcd19191d6557f645216bfcb2e7589922396fd08130e76e3f5388b0a,12000,20100,f54ded1f1ebc39e7652366afb7103ec0768424c825a0b69445c9b8bf3b3b7830,4.3478514652221341,21.655183432113567,28,22857,0.20077647824374856,1,ok,
edm_1k,/mnt/pixstor/data/xggh8/zw-lab/exp_004_standard_edm_n1000_40000kimg_20260415/network-snapshot-012000.pkl,e5a7debafcd19191d6557f645216bfcb2e7589922396fd08130e76e3f5388b0a,12000,20101,ab388cf150cb18589e29b2098fe035d008eec7203d9ca8fc6e845815457cdfe2,1.8921323994333703,23.098722951944307,45519,17844,0.081915022028267684,1,ok,
edm_1k,/mnt/pixstor/data/xggh8/zw-lab/exp_004_standard_edm_n1000_40000kimg_20260415/network-snapshot-012000.pkl,e5a7debafcd19191d6557f645216bfcb2e7589922396fd08130e76e3f5388b0a,12000,20102,121af1682696cea03a4463a549c62b47eb607fca70806d7b026e70cce421450f,1.3266363849226577,25.471030505494696,19619,41731,0.052084126892175453,1,ok,
edm_1k,/mnt/pixstor/data/xggh8/zw-lab/exp_004_standard_edm_n1000_40000kimg_20260415/network-snapshot-012000.pkl,e5a7debafcd19191d6557f645216bfcb2e7589922396fd08130e76e3f5388b0a,12000,20103,a3193556b93a2cc7af46102ca1563f341e76b6107bed1814c80c52b414c721fd,2.2775350961159049,24.38922709197869,23165,26427,0.093382831999008181,1,ok,
edm_1k,/mnt/pixstor/data/xggh8/zw-lab/exp_004_standard_edm_n1000_40000kimg_20260415/network-snapshot-012000.pkl,e5a7debafcd19191d6557f645216bfcb2e7589922396fd08130e76e3f5388b0a,12000,20104,1908e97cec04d874150c9b75bcc4021d4fc5c14f0ed71ab1aa57ac3c0f247726,2.110870295878656,27.900653678398879,16924,43043,0.075656660958912395,1,ok,
edm_1k,/mnt/pixstor/data/xggh8/zw-lab/exp_004_standard_edm_n1000_40000kimg_20260415/network-snapshot-012000.pkl,e5a7debafcd19191d6557f645216bfcb2e7589922396fd08130e76e3f5388b0a,12000,20105,3bb3a4b62b15c093ead423119bd25300cea5bd7fb343cc383b30745e4070f2e8,12.236849485890291,20.947937664534699,48840,12277,0.58415533222669147,0,ok,
edm_1k,/mnt/pixstor/data/xggh8/zw-lab/exp_004_standard_edm_n1000_40000kimg_20260415/network-snapshot-012000.pkl,e5a7debafcd19191d6557f645216bfcb2e7589922396fd08130e76e3f5388b0a,12000,20106,46382d9e2198794b7eaee9ea1c814d09a59e5f831810bbec44c6632287b5352c,2.0107031523072219,25.019070648253411,27828,36685,0.080366820197919284,1,ok,
edm_1k,/mnt/pixstor/data/xggh8/zw-lab/exp_004_standard_edm_n1000_40000kimg_20260415/network-snapshot-012000.pkl,e5a7debafcd19191d6557f645216bfcb2e7589922396fd08130e76e3f5388b0a,12000,20107,8df8ec4b2d9a6659c8ef652c3c45cb0b10236cda7ecbcea1d6542011d45a31ba,2.7901216792064765,20.221514133312603,46008,47886,0.1379778814193777,1,ok,
edm_1k,/mnt/pixstor/data/xggh8/zw-lab/exp_004_standard_edm_n1000_40000kimg_20260415/network-snapshot-012000.pkl,e5a7debafcd19191d6557f645216bfcb2e7589922396fd08130e76e3f5388b0a,12000,20108,a4ce05902fffcc0e49064db5aabddeb7cb2bc1760f5954a0e6046c5f056391e1,2.5424648948327326,21.928060290112597,832,8275,0.11594572712749858,1,ok,
edm_1k,/mnt/pixstor/data/xggh8/zw-lab/exp_004_standard_edm_n1000_40000kimg_20260415/network-snapshot-012000.pkl,e5a7debafcd19191d6557f645216bfcb2e7589922396fd08130e76e3f5388b0a,12000,20109,6083ecfba0b4f4c11fffcb12d47eb618c8f1f6dc73e0b0dc14f9dcbe4524fec6,1.7255818629153319,18.493333110530191,13316,5111,0.093308321036664685,1,ok,
edm_1k,/mnt/pixstor/data/xggh8/zw-lab/exp_004_standard_edm_n1000_40000kimg_20260415/network-snapshot-012000.pkl,e5a7debafcd19191d6557f645216bfcb2e7589922396fd08130e76e3f5388b0a,12000,20110,30bce7f8e1ea517824ea62f49bd0009ca8f75fcccc6532bdb246231d99cdcb6c,2.6063757092970947,26.548913781957495,1604,22370,0.098172593074914202,1,ok,
edm_1k,/mnt/pixstor/data/xggh8/zw-lab/exp_004_standard_edm_n1000_40000kimg_20260415/network-snapshot-012000.pkl,e5a7debafcd19191d6557f645216bfcb2e7589922396fd08130e76e3f5388b0a,12000,20111,81ab4776faa90c3bb38e9a5ff0a9df3d83f5c17888ab784f96a35747973f8ea6,1.5785791780957064,29.502666777957899,28900,1678,0.053506321648017871,1,ok,
edm_1k,/mnt/pixstor/data/xggh8/zw-lab/exp_004_standard_edm_n1000_40000kimg_20260415/network-snapshot-012000.pkl,e5a7debafcd19191d6557f645216bfcb2e7589922396fd08130e76e3f5388b0a,12000,20112,9a53ae5678b4b3a531b00755de22179d61b63f04e25082b9d77ff08cbada359e,17.444831757112951,18.203884585188799,47780,19974,0.95830270047452204,0,ok,
edm_1k,/mnt/pixstor/data/xggh8/zw-lab/exp_004_standard_edm_n1000_40000kimg_20260415/network-snapshot-012000.pkl,e5a7debafcd19191d6557f645216bfcb2e7589922396fd08130e76e3f5388b0a,12000,20113,ed3ed4d2a7e02865920529623fd7f1b2aedde17d237ab33e07bb61d744b5d7e9,2.2359873698486017,21.338294283775443,35674,271,0.10478754019006725,1,ok,
edm_1k,/mnt/pixstor/data/xggh8/zw-lab/exp_004_standard_edm_n1000_40000kimg_20260415/network-snapshot-012000.pkl,e5a7debafcd19191d6557f645216bfcb2e7589922396fd08130e76e3f5388b0a,12000,20114,de247b7ac42a37db5d91798293220693d3f31019623d2ecaf431340d879aebb0,9.0434871011810571,15.169795129563299,28921,39006,0.59615090539732274,0,ok,
edm_1k,/mnt/pixstor/data/xggh8/zw-lab/exp_004_standard_edm_n1000_40000kimg_20260415/network-snapshot-012000.pkl,e5a7debafcd19191d6557f645216bfcb2e7589922396fd08130e76e3f5388b0a,12000,20115,9cc6a35a683fe6a939f0c5bb1092fd12c717c88f52a2eb11b2d5f03cf6c89e84,2.9714024261051137,25.013350889240208,25697,15768,0.11879265753967007,1,ok,
edm_1k,/mnt/pixstor/data/xggh8/zw-lab/exp_004_standard_edm_n1000_40000kimg_20260415/network-snapshot-012000.pkl,e5a7debafcd19191d6557f645216bfcb2e7589922396fd08130e76e3f5388b0a,12000,20116,333165fb7153a324890e97c3e7d9cdf53475800569acd435fb9393c1069f7e88,2.33646124402678,14.00279694554083,34019,12277,0.16685675391235483,1,ok,
edm_1k,/mnt/pixstor/data/xggh8/zw-lab/exp_004_standard_edm_n1000_40000kimg_20260415/network-snapshot-012000.pkl,e5a7debafcd19191d6557f645216bfcb2e7589922396fd08130e76e3f5388b0a,12000,20117,11895f5c66a1a21d4fa4f2a5bce52d9c35f7c3b646e390fa5bb0c48dfe0664b6,1.3982270704829118,27.515382016642249,17938,832,0.050816196905324303,1,ok,
edm_1k,/mnt/pixstor/data/xggh8/zw-lab/exp_004_standard_edm_n1000_40000kimg_20260415/network-snapshot-012000.pkl,e5a7debafcd19191d6557f645216bfcb2e7589922396fd08130e76e3f5388b0a,12000,20118,0c2df172a03441ba48efc49248b558bd7525745a907589d69dafcddc29100eb1,1.6833491350168743,16.608525662576167,38241,2567,0.10135451931232818,1,ok,
edm_1k,/mnt/pixstor/data/xggh8/zw-lab/exp_004_standard_edm_n1000_40000kimg_20260415/network-snapshot-012000.pkl,e5a7debafcd19191d6557f645216bfcb2e7589922396fd08130e76e3f5388b0a,12000,20119,955ea535e1aac684029ffd359e3c371cb06183751fb75d7b023141f96ce2cbce,5.1750414229433002,15.406213217597806,13435,14410,0.33590612760260186,0,ok,
edm_1k,/mnt/pixstor/data/xggh8/zw-lab/exp_004_standard_edm_n1000_40000kimg_20260415/network-snapshot-012000.pkl,e5a7debafcd19191d6557f645216bfcb2e7589922396fd08130e76e3f5388b0a,12000,20120,d82a16ffc1d14071e189c76f8a0deeea2cbc99fae9ec431f66ec15a557fca09b,2.1175815019427398,26.528948377349071,31179,40529,0.079821539543224851,1,ok,
edm_1k,/mnt/pixstor/data/xggh8/zw-lab/exp_004_standard_edm_n1000_40000kimg_20260415/network-snapshot-012000.pkl,e5a7debafcd19191d6557f645216bfcb2e7589922396fd08130e76e3f5388b0a,12000,20121,7a1d874358b94b17c91d3dc6e3e732640559dbdeed26561541e3ade44d75c1f9,2.5565504838782283,23.914294281875165,42460,338,0.10690470116928595,1,ok,
edm_1k,/mnt/pixstor/data/xggh8/zw-lab/exp_004_standard_edm_n1000_40000kimg_20260415/network-snapshot-012000.pkl,e5a7debafcd19191d6557f645216bfcb2e7589922396fd08130e76e3f5388b0a,12000,20122,4e6107b48b79b2cfe4fd54f3a4125ae3c51597a61c4cd27c5aa387981f843c9b,3.9545063000843479,20.293952202422393,27739,49665,0.19486131930537992,1,ok,
edm_1k,/mnt/pixstor/data/xggh8/zw-lab/exp_004_standard_edm_n1000_40000kimg_20260415/network-snapshot-012000.pkl,e5a7debafcd19191d6557f645216bfcb2e7589922396fd08130e76e3f5388b0a,12000,20123,90fefd69132cdd1a7911542bc72468eae54cc69e14bcc3aaa7c14dd81287a7a6,3.7539844543530636,20.479825880013255,7107,42837,0.18330158060653559,1,ok,
edm_1k,/mnt/pixstor/data/xggh8/zw-lab/exp_004_standard_edm_n1000_40000kimg_20260415/network-snapshot-012000.pkl,e5a7debafcd19191d6557f645216bfcb2e7589922396fd08130e76e3f5388b0a,12000,20124,64b596e1a9bed4a794ab67c6484f9fbb668e394133ad9446c12f4aeebe8a8a28,2.3532434845317236,26.349726878709678,40596,6610,0.089308078803394406,1,ok,
edm_1k,/mnt/pixstor/data/xggh8/zw-lab/exp_004_standard_edm_n1000_40000kimg_20260415/network-snapshot-012000.pkl,e5a7debafcd19191d6557f645216bfcb2e7589922396fd08130e76e3f5388b0a,12000,20125,37e71f159a572064639a707f8990b0f71d2f2797c6eb34d8848ef363d117b225,2.8772830140401884,26.69477085126486,18057,19619,0.10778451817666965,1,ok,
edm_1k,/mnt/pixstor/data/xggh8/zw-lab/exp_004_standard_edm_n1000_40000kimg_20260415/network-snapshot-012000.pkl,e5a7debafcd19191d6557f645216bfcb2e7589922396fd08130e76e3f5388b0a,12000,20126,34a462734075ab9fead269eb85cc0b6ae395ce0edb3ebf182799e80b331a28b7,5.7617854975023555,21.471595883946058,44278,29771,0.26834453892690591,1,ok,
edm_1k,/mnt/pixstor/data/xggh8/zw-lab/exp_004_standard_edm_n1000_40000kimg_20260415/network-snapshot-012000.pkl,e5a7debafcd19191d6557f645216bfcb2e7589922396fd08130e76e3f5388b0a,12000,20127,ce6b2c1802eb9378ebbb78f0e8cc4f65b47d90b54b3f0d5fa986b68482a7964a,17.930132105176639,18.328644430867492,20051,26427,0.97825740320327714,0,ok,
edm_5k,/mnt/pixstor/data/xggh8/zw-lab/e009_stage_b_edm5k_30000kimg/network-snapshot-013000.pkl,6d181c0102e93cfe1c43005675e7c76e01fae18afd402337a35ebc8b2128371c,13000,20000,881f03688572a8d3cc1609f10629236b0a4c06e7d215201784310c941084751f,11.80599095494941,13.865907118031918,22857,21934,0.85144021624061716,0,ok,
edm_5k,/mnt/pixstor/data/xggh8/zw-lab/e009_stage_b_edm5k_30000kimg/network-snapshot-013000.pkl,6d181c0102e93cfe1c43005675e7c76e01fae18afd402337a35ebc8b2128371c,13000,20001,a618e7356c3f2e9ab9ad8efc80ae8a1347e78081139c766cf4f852e0083c7ceb,11.33841679858536,11.961627791593072,44302,47671,0.9478991485217656,0,ok,
edm_5k,/mnt/pixstor/data/xggh8/zw-lab/e009_stage_b_edm5k_30000kimg/network-snapshot-013000.pkl,6d181c0102e93cfe1c43005675e7c76e01fae18afd402337a35ebc8b2128371c,13000,20002,ef38fdb385d86e7360560932a252c1610514bbf683a99f8f001ff69a835493dc,21.286899642228786,21.37172435118655,41973,13316,0.99603098432471338,0,ok,
edm_5k,/mnt/pixstor/data/xggh8/zw-lab/e009_stage_b_edm5k_30000kimg/network-snapshot-013000.pkl,6d181c0102e93cfe1c43005675e7c76e01fae18afd402337a35ebc8b2128371c,13000,20003,00fffbc388741b27267ecb3b8ffed54862983c6dead008c23529d2b4a2fce0db,18.496768980650522,21.350743357572011,33343,13435,0.86632903926928939,0,ok,
edm_5k,/mnt/pixstor/data/xggh8/zw-lab/e009_stage_b_edm5k_30000kimg/network-snapshot-013000.pkl,6d181c0102e93cfe1c43005675e7c76e01fae18afd402337a35ebc8b2128371c,13000,20004,ee152fd58d7d7606c420b536c44abaaf23c471b9c0e1437c43a3b9e45a9848bc,14.886737172471573,16.030162708706666,47886,29779,0.92867037240900563,0,ok,
edm_5k,/mnt/pixstor/data/xggh8/zw-lab/e009_stage_b_edm5k_30000kimg/network-snapshot-013000.pkl,6d181c0102e93cfe1c43005675e7c76e01fae18afd402337a35ebc8b2128371c,13000,20005,70ba7dc3bc755e4eff87c0367a4332cce8284b700da46d8146882313ee93e67e,16.15311354804059,20.671739126616252,7672,4706,0.78141047780747053,0,ok,
edm_5k,/mnt/pixstor/data/xggh8/zw-lab/e009_stage_b_edm5k_30000kimg/network-snapshot-013000.pkl,6d181c0102e93cfe1c43005675e7c76e01fae18afd402337a35ebc8b2128371c,13000,20006,b08b0f8df35b696f8945b68d15c1c80675682d04c0ee4e37675bc442e2ef9f58,12.629426082338895,16.565831790703555,21934,17844,0.76237802254072751,0,ok,
edm_5k,/mnt/pixstor/data/xggh8/zw-lab/e009_stage_b_edm5k_30000kimg/network-snapshot-013000.pkl,6d181c0102e93cfe1c43005675e7c76e01fae18afd402337a35ebc8b2128371c,13000,20007,093cccb6a2559ecad7c5ffb59bbca7d295cb84e75f5c11abb2d92e75708b5552,28.69932850634908,29.515103625059442,11476,46008,0.9723607570864925,0,ok,
edm_5k,/mnt/pixstor/data/xggh8/zw-lab/e009_stage_b_edm5k_30000kimg/network-snapshot-013000.pkl,6d181c0102e93cfe1c43005675e7c76e01fae18afd402337a35ebc8b2128371c,13000,20008,b99820803096707a4e42b640912151568e631853f27b079233a95f9a88d54052,26.233566412566788,29.98921953989958,38456,949,0.87476655995211783,0,ok,
edm_5k,/mnt/pixstor/data/xggh8/zw-lab/e009_stage_b_edm5k_30000kimg/network-snapshot-013000.pkl,6d181c0102e93cfe1c43005675e7c76e01fae18afd402337a35ebc8b2128371c,13000,20009,e4213f473a50078d33b9bef3a30562643262bad38a17d6f9ee349205923faaef,14.428692372063006,15.565212011613259,5924,22857,0.92698334987648789,0,ok,
edm_5k,/mnt/pixstor/data/xggh8/zw-lab/e009_stage_b_edm5k_30000kimg/network-snapshot-013000.pkl,6d181c0102e93cfe1c43005675e7c76e01fae18afd402337a35ebc8b2128371c,13000,20010,c997b0bad446e57100857a7245d43732720888dcc732f260ee4e3de6014e1f95,17.154245226074714,17.233262889843473,25149,9692,0.99541481701556767,0,ok,
edm_5k,/mnt/pixstor/data/xggh8/zw-lab/e009_stage_b_edm5k_30000kimg/network-snapshot-013000.pkl,6d181c0102e93cfe1c43005675e7c76e01fae18afd402337a35ebc8b2128371c,13000,20011,acd377f26d5c8fdd666dd99bbc89e9c0b6d1357379baffb6b43d6a041e84b5b8,17.664210345807881,23.475889144564491,30616,21936,0.75244052470309852,0,ok,
edm_5k,/mnt/pixstor/data/xggh8/zw-lab/e009_stage_b_edm5k_30000kimg/network-snapshot-013000.pkl,6d181c0102e93cfe1c43005675e7c76e01fae18afd402337a35ebc8b2128371c,13000,20012,66d4553629bb9d12b377ae1c38e4c6fc8917355dace47bb88324a3fb7e0429c7,18.050303259378591,18.162418689672133,1276,12300,0.99382706498461593,0,ok,
edm_5k,/mnt/pixstor/data/xggh8/zw-lab/e009_stage_b_edm5k_30000kimg/network-snapshot-013000.pkl,6d181c0102e93cfe1c43005675e7c76e01fae18afd402337a35ebc8b2128371c,13000,20013,d6a50967df9ad2edc4d7f91203c4692ba6350746a636cf0b7aa16ddca713b98a,17.067173032644401,19.354344047487729,33343,13435,0.88182647734113151,0,ok,
edm_5k,/mnt/pixstor/data/xggh8/zw-lab/e009_stage_b_edm5k_30000kimg/network-snapshot-013000.pkl,6d181c0102e93cfe1c43005675e7c76e01fae18afd402337a35ebc8b2128371c,13000,20014,7c06723e64c09e9cd8c20ccb742bfa0ef9c8a0263e69be7689c18772b5d87434,15.261430038159334,15.7315702245807,38676,48613,0.97011485950164289,0,ok,
edm_5k,/mnt/pixstor/data/xggh8/zw-lab/e009_stage_b_edm5k_30000kimg/network-snapshot-013000.pkl,6d181c0102e93cfe1c43005675e7c76e01fae18afd402337a35ebc8b2128371c,13000,20015,cd9825fb04f9619667d42cfb96570f446ef71643f04d54091b2a64b0dce31d19,20.179584992422665,20.747237707586748,12699,7701,0.97263960035718355,0,ok,
edm_5k,/mnt/pixstor/data/xggh8/zw-lab/e009_stage_b_edm5k_30000kimg/network-snapshot-013000.pkl,6d181c0102e93cfe1c43005675e7c76e01fae18afd402337a35ebc8b2128371c,13000,20016,89d3d06218068ad921f48c03c7dfb68bc11c21e5a50d598c0413a1209b0a454a,19.315204136823215,20.288438741690111,14062,48190,0.95203008879796036,0,ok,
edm_5k,/mnt/pixstor/data/xggh8/zw-lab/e009_stage_b_edm5k_30000kimg/network-snapshot-013000.pkl,6d181c0102e93cfe1c43005675e7c76e01fae18afd402337a35ebc8b2128371c,13000,20017,9aff9854fd1d13331509ed30bfe4df8b8f42640c43a3ef00264a0b7b45193968,21.13445792816082,22.216898181304344,22870,30085,0.95127851582565182,0,ok,
edm_5k,/mnt/pixstor/data/xggh8/zw-lab/e009_stage_b_edm5k_30000kimg/network-snapshot-013000.pkl,6d181c0102e93cfe1c43005675e7c76e01fae18afd402337a35ebc8b2128371c,13000,20018,36213d96e037d70cdf6774f5be991864f0523e4d7ed1d442d4015393dead607c,16.162445772198872,17.860538678491,13186,14410,0.90492487730299542,0,ok,
edm_5k,/mnt/pixstor/data/xggh8/zw-lab/e009_stage_b_edm5k_30000kimg/network-snapshot-013000.pkl,6d181c0102e93cfe1c43005675e7c76e01fae18afd402337a35ebc8b2128371c,13000,20019,7d0c76ce818f64bcd5d3311c2ab5c70f9b3ea0578322f797a5617b266820ef5c,16.835992251017714,17.39754001555092,35588,13535,0.96772257663834871,0,ok,
edm_5k,/mnt/pixstor/data/xggh8/zw-lab/e009_stage_b_edm5k_30000kimg/network-snapshot-013000.pkl,6d181c0102e93cfe1c43005675e7c76e01fae18afd402337a35ebc8b2128371c,13000,20020,eebd40a11a40bb18cc76d85a493427f4df849357e89cca9bbdff938a39a731f3,13.821883352703393,17.39600619177077,9692,45635,0.79454348316120249,0,ok,
edm_5k,/mnt/pixstor/data/xggh8/zw-lab/e009_stage_b_edm5k_30000kimg/network-snapshot-013000.pkl,6d181c0102e93cfe1c43005675e7c76e01fae18afd402337a35ebc8b2128371c,13000,20021,73235aaafafa7999ad5f99cfb29624716ac33fd2f3c05e41bd2e1307c0991a54,18.831897667234959,18.904177109491894,2782,19545,0.99617653591381961,0,ok,
edm_5k,/mnt/pixstor/data/xggh8/zw-lab/e009_stage_b_edm5k_30000kimg/network-snapshot-013000.pkl,6d181c0102e93cfe1c43005675e7c76e01fae18afd402337a35ebc8b2128371c,13000,20022,605e14f993284f737c5c294feb3f80e7a0d9d4b963661afc85fb51cb5de198e4,11.206430356172831,12.247466696263853,29779,48613,0.91499986357108487,0,ok,
edm_5k,/mnt/pixstor/data/xggh8/zw-lab/e009_stage_b_edm5k_30000kimg/network-snapshot-013000.pkl,6d181c0102e93cfe1c43005675e7c76e01fae18afd402337a35ebc8b2128371c,13000,20023,b6a88b1ca303af6af7a32a152bc50ce1da95355294741d73ad9dab5f2f0520f9,16.101192449968018,16.745993066967937,2567,45385,0.96149522966948964,0,ok,
edm_5k,/mnt/pixstor/data/xggh8/zw-lab/e009_stage_b_edm5k_30000kimg/network-snapshot-013000.pkl,6d181c0102e93cfe1c43005675e7c76e01fae18afd402337a35ebc8b2128371c,13000,20024,a374fd2f8ce15d448841aa348020cfa4d3c8902e685271707dec49f4a37a188a,15.52478232108531,16.808515864062752,40136,26140,0.92362600283335461,0,ok,
edm_5k,/mnt/pixstor/data/xggh8/zw-lab/e009_stage_b_edm5k_30000kimg/network-snapshot-013000.pkl,6d181c0102e93cfe1c43005675e7c76e01fae18afd402337a35ebc8b2128371c,13000,20025,334b831fb22b4f8707be25f3fb9866f3480c6545d70252f8fd27c52632de4b99,11.790851812383734,13.77037035816489,30786,45494,0.85624798067922436,0,ok,
edm_5k,/mnt/pixstor/data/xggh8/zw-lab/e009_stage_b_edm5k_30000kimg/network-snapshot-013000.pkl,6d181c0102e93cfe1c43005675e7c76e01fae18afd402337a35ebc8b2128371c,13000,20026,bcdbd9b91f1df239e8d04aae892853f267c5bf35b67ebda43b2d6b055ed8694a,14.654843627010228,17.163965392412003,11830,9692,0.85381456394039168,0,ok,
edm_5k,/mnt/pixstor/data/xggh8/zw-lab/e009_stage_b_edm5k_30000kimg/network-snapshot-013000.pkl,6d181c0102e93cfe1c43005675e7c76e01fae18afd402337a35ebc8b2128371c,13000,20027,0574d54f34ef7b0bfcb09a721c603d2981adde5831230e92673610275fec1d4f,14.284994752201857,15.022181158016007,48613,21934,0.95092680629664894,0,ok,
edm_5k,/mnt/pixstor/data/xggh8/zw-lab/e009_stage_b_edm5k_30000kimg/network-snapshot-013000.pkl,6d181c0102e93cfe1c43005675e7c76e01fae18afd402337a35ebc8b2128371c,13000,20028,e6cf08e4f8ceabc92003b6bcea631a046f2e06af0a37f08a54b606f772d1f4b0,17.822503847385896,18.030327612758438,2782,43826,0.9884736556186875,0,ok,
edm_5k,/mnt/pixstor/data/xggh8/zw-lab/e009_stage_b_edm5k_30000kimg/network-snapshot-013000.pkl,6d181c0102e93cfe1c43005675e7c76e01fae18afd402337a35ebc8b2128371c,13000,20029,a861af9bd522a189b83145e124c05c266be2ec0d6ff8a481c748241ff7f8421d,13.503772971878661,14.885462625310398,28795,12699,0.90717858838445575,0,ok,
edm_5k,/mnt/pixstor/data/xggh8/zw-lab/e009_stage_b_edm5k_30000kimg/network-snapshot-013000.pkl,6d181c0102e93cfe1c43005675e7c76e01fae18afd402337a35ebc8b2128371c,13000,20030,f25138c2a8c30124d19a7adf834d237a358deb2933d0ebaf947df334219472f2,15.565831981933377,18.214000199486605,34315,38291,0.85460809330462884,0,ok,
edm_5k,/mnt/pixstor/data/xggh8/zw-lab/e009_stage_b_edm5k_30000kimg/network-snapshot-013000.pkl,6d181c0102e93cfe1c43005675e7c76e01fae18afd402337a35ebc8b2128371c,13000,20031,57f85e087400e69f62eee625a12266b320debbfd22ed4bfa42b1b7625de22472,17.498833853022422,18.504145328055237,13435,19974,0.94567101278065502,0,ok,
edm_5k,/mnt/pixstor/data/xggh8/zw-lab/e009_stage_b_edm5k_30000kimg/network-snapshot-013000.pkl,6d181c0102e93cfe1c43005675e7c76e01fae18afd402337a35ebc8b2128371c,13000,20032,c6c7a1fc7030133b941845caa83fb1f43575999dcb0c2828e71a4a63e469dbfa,16.766452963699635,19.199796727258168,11207,29437,0.87326200385736963,0,ok,
edm_5k,/mnt/pixstor/data/xggh8/zw-lab/e009_stage_b_edm5k_30000kimg/network-snapshot-013000.pkl,6d181c0102e93cfe1c43005675e7c76e01fae18afd402337a35ebc8b2128371c,13000,20033,f51cd9cfc8aa016a9532cc7b5fa2b1e8fd32fb4c5590adbcb8a649194631df49,10.253698553308569,15.363440403812403,47356,30132,0.66740901020868582,0,ok,
edm_5k,/mnt/pixstor/data/xggh8/zw-lab/e009_stage_b_edm5k_30000kimg/network-snapshot-013000.pkl,6d181c0102e93cfe1c43005675e7c76e01fae18afd402337a35ebc8b2128371c,13000,20034,f858f25d24fc4449ffbd9e758e2423c1a9736eb8369d46388234ad0b54e36363,16.537634664339297,17.001451807794545,33571,37803,0.97271896843288375,0,ok,
edm_5k,/mnt/pixstor/data/xggh8/zw-lab/e009_stage_b_edm5k_30000kimg/network-snapshot-013000.pkl,6d181c0102e93cfe1c43005675e7c76e01fae18afd402337a35ebc8b2128371c,13000,20035,382fd02e4a5e1043cf3e65abd633b9ec816260d6159e68ae56c2dee76e22863f,12.581571845189815,12.775383000605881,20770,39913,0.98482932719849769,0,ok,
edm_5k,/mnt/pixstor/data/xggh8/zw-lab/e009_stage_b_edm5k_30000kimg/network-snapshot-013000.pkl,6d181c0102e93cfe1c43005675e7c76e01fae18afd402337a35ebc8b2128371c,13000,20036,385f3f78ae9b012a2354d2e064540537fb3e0faaee8227f446201ba42205fe0d,17.479221479376129,18.497457373033217,15768,34759,0.94495265629634384,0,ok,
edm_5k,/mnt/pixstor/data/xggh8/zw-lab/e009_stage_b_edm5k_30000kimg/network-snapshot-013000.pkl,6d181c0102e93cfe1c43005675e7c76e01fae18afd402337a35ebc8b2128371c,13000,20037,63a8572d5e132af79e5961d6cd99f1941157a46983cd22ef4bb2eaa553531de8,15.41176694784691,17.937959109380301,47550,38995,0.85917059203171176,0,ok,
edm_5k,/mnt/pixstor/data/xggh8/zw-lab/e009_stage_b_edm5k_30000kimg/network-snapshot-013000.pkl,6d181c0102e93cfe1c43005675e7c76e01fae18afd402337a35ebc8b2128371c,13000,20038,3d71ba5b85cef3c85468d30a4773d300a887840b45bf8ad806f8c49c90c59684,11.803933030905117,12.550875095507706,32024,10551,0.94048685379157826,0,ok,
edm_5k,/mnt/pixstor/data/xggh8/zw-lab/e009_stage_b_edm5k_30000kimg/network-snapshot-013000.pkl,6d181c0102e93cfe1c43005675e7c76e01fae18afd402337a35ebc8b2128371c,13000,20039,3aa1c9173df86a6db4b4c0848fdc4cb3dcdcddf7eceb71b003d19bb642e039ad,10.655122522422854,11.541094382214144,16683,29779,0.92323328876361566,0,ok,
edm_5k,/mnt/pixstor/data/xggh8/zw-lab/e009_stage_b_edm5k_30000kimg/network-snapshot-013000.pkl,6d181c0102e93cfe1c43005675e7c76e01fae18afd402337a35ebc8b2128371c,13000,20040,b085ea53682fa199fc75e33804e84129d68308cc5ac4108b47077ddb71968e2c,11.208525048880126,12.757002766552739,37719,26590,0.87861743498774436,0,ok,
edm_5k,/mnt/pixstor/data/xggh8/zw-lab/e009_stage_b_edm5k_30000kimg/network-snapshot-013000.pkl,6d181c0102e93cfe1c43005675e7c76e01fae18afd402337a35ebc8b2128371c,13000,20041,85ef957de8a8e42c2fdced5c2e8b9dc142553e98cf41a3ea7aa0bab723c32340,16.981943120356963,16.997526223854521,12699,29779,0.99908321344574902,0,ok,
edm_5k,/mnt/pixstor/data/xggh8/zw-lab/e009_stage_b_edm5k_30000kimg/network-snapshot-013000.pkl,6d181c0102e93cfe1c43005675e7c76e01fae18afd402337a35ebc8b2128371c,13000,20042,47cac21664a904aab0307d2e5b553f0ccb540f7686cbf63095482ad8cd65a94a,14.539934493617853,16.440649511986049,15768,29437,0.88438929879367112,0,ok,
edm_5k,/mnt/pixstor/data/xggh8/zw-lab/e009_stage_b_edm5k_30000kimg/network-snapshot-013000.pkl,6d181c0102e93cfe1c43005675e7c76e01fae18afd402337a35ebc8b2128371c,13000,20043,3f921571d94b6d242c2578643198dc3d2c8fbea3f4cca83068ed43e76cc1c8a3,17.77671760659663,18.026723832528791,27642,2567,0.98613135541129049,0,ok,
edm_5k,/mnt/pixstor/data/xggh8/zw-lab/e009_stage_b_edm5k_30000kimg/network-snapshot-013000.pkl,6d181c0102e93cfe1c43005675e7c76e01fae18afd402337a35ebc8b2128371c,13000,20044,da35b5f0aac88e4a10a6d6ceff0e3c6ec416ac2f7d0971c8032410e5c0d3e022,13.961371062434388,14.202521148858192,23630,16683,0.98302061416446529,0,ok,
edm_5k,/mnt/pixstor/data/xggh8/zw-lab/e009_stage_b_edm5k_30000kimg/network-snapshot-013000.pkl,6d181c0102e93cfe1c43005675e7c76e01fae18afd402337a35ebc8b2128371c,13000,20045,5767e77e2e8c4cfaa04efeee1bad5f3521ab6651d2e2d7af4a01f7a05041b419,11.791718350968274,16.991167815856759,46725,29779,0.69399104751139151,0,ok,
edm_5k,/mnt/pixstor/data/xggh8/zw-lab/e009_stage_b_edm5k_30000kimg/network-snapshot-013000.pkl,6d181c0102e93cfe1c43005675e7c76e01fae18afd402337a35ebc8b2128371c,13000,20046,721036f0c6f6f8fa5fe3c6638d4ba92aa335616d397a3918f200481f854150eb,17.7398325526501,18.341799171363711,16683,37603,0.96718061226766472,0,ok,
edm_5k,/mnt/pixstor/data/xggh8/zw-lab/e009_stage_b_edm5k_30000kimg/network-snapshot-013000.pkl,6d181c0102e93cfe1c43005675e7c76e01fae18afd402337a35ebc8b2128371c,13000,20047,a2da4e78d784bfdb0dfa9a574bfb527f4d1d83ce1ed86be03dde7a85673a3949,20.103874376319663,20.613481561198988,25406,12649,0.97527796634613317,0,ok,
edm_5k,/mnt/pixstor/data/xggh8/zw-lab/e009_stage_b_edm5k_30000kimg/network-snapshot-013000.pkl,6d181c0102e93cfe1c43005675e7c76e01fae18afd402337a35ebc8b2128371c,13000,20048,cd76bb8bdefaa53d83d5cced077b5b69ee64936b70302a1bf8fe6fc125ecdf7e,14.019158346111475,14.406198004168337,29779,9896,0.97313380963215457,0,ok,
edm_5k,/mnt/pixstor/data/xggh8/zw-lab/e009_stage_b_edm5k_30000kimg/network-snapshot-013000.pkl,6d181c0102e93cfe1c43005675e7c76e01fae18afd402337a35ebc8b2128371c,13000,20049,a91e00186ae13a208ee0606d6f772b864ee3662b73ebcf61a0b2338bcfde4ab9,12.855069443906137,14.022849367886776,29779,25149,0.91672306438269746,0,ok,
edm_5k,/mnt/pixstor/data/xggh8/zw-lab/e009_stage_b_edm5k_30000kimg/network-snapshot-013000.pkl,6d181c0102e93cfe1c43005675e7c76e01fae18afd402337a35ebc8b2128371c,13000,20050,1ac24bec3d27cf057f1c7c1fbc7adfa42d9c8f28f25b53efdd735fa0900a4f7f,17.041761822263073,19.165730492739804,4827,42114,0.88917883034610579,0,ok,
edm_5k,/mnt/pixstor/data/xggh8/zw-lab/e009_stage_b_edm5k_30000kimg/network-snapshot-013000.pkl,6d181c0102e93cfe1c43005675e7c76e01fae18afd402337a35ebc8b2128371c,13000,20051,9b4ef4906a22bcef7c77a9edb26343a9eb175ad9ebc2bed091e7728e34e642c4,15.064721428917569,15.663460744928582,39111,8398,0.96177477469627082,0,ok,
edm_5k,/mnt/pixstor/data/xggh8/zw-lab/e009_stage_b_edm5k_30000kimg/network-snapshot-013000.pkl,6d181c0102e93cfe1c43005675e7c76e01fae18afd402337a35ebc8b2128371c,13000,20052,8dd5a3f60bfc83f9b1d9caedad42c8559e70aa7f2bb9298abd5ae4ec39912a9b,14.650878923092518,15.132559854224446,32024,40908,0.96816923668090027,0,ok,
edm_5k,/mnt/pixstor/data/xggh8/zw-lab/e009_stage_b_edm5k_30000kimg/network-snapshot-013000.pkl,6d181c0102e93cfe1c43005675e7c76e01fae18afd402337a35ebc8b2128371c,13000,20053,7ce9916e1d03ab667dd6001b722de0724010b3a11d90a60c3ba3b36e6c3a188e,10.357361899729971,11.365148149187368,18082,44302,0.91132660690134026,0,ok,
edm_5k,/mnt/pixstor/data/xggh8/zw-lab/e009_stage_b_edm5k_30000kimg/network-snapshot-013000.pkl,6d181c0102e93cfe1c43005675e7c76e01fae18afd402337a35ebc8b2128371c,13000,20054,17662ed143c22d413cfccefa7211661e010347fb5885bc8b73d72c1902507787,17.326961929021532,18.254930565047911,17844,7346,0.94916613718580078,0,ok,
edm_5k,/mnt/pixstor/data/xggh8/zw-lab/e009_stage_b_edm5k_30000kimg/network-snapshot-013000.pkl,6d181c0102e93cfe1c43005675e7c76e01fae18afd402337a35ebc8b2128371c,13000,20055,d715609aee4a493092285298ba26b512150e4305832b721ead1275eb283667e7,14.045696504240775,15.043302564275642,32024,15904,0.93368437178123709,0,ok,
edm_5k,/mnt/pixstor/data/xggh8/zw-lab/e009_stage_b_edm5k_30000kimg/network-snapshot-013000.pkl,6d181c0102e93cfe1c43005675e7c76e01fae18afd402337a35ebc8b2128371c,13000,20056,3d24b9ed5789278a095102ce18d99f24a5fb0a6f1f7fc8e0f49738de97bb9dd7,17.714747196902287,18.667291950429586,31249,43951,0.94897252606019389,0,ok,
edm_5k,/mnt/pixstor/data/xggh8/zw-lab/e009_stage_b_edm5k_30000kimg/network-snapshot-013000.pkl,6d181c0102e93cfe1c43005675e7c76e01fae18afd402337a35ebc8b2128371c,13000,20057,90c0bf5833f36128a6ca9d0a2f40ac40471de6ffb30f9c3774947711d2c99a47,18.977738653668595,19.722388435342257,18459,30786,0.96224342786296313,0,ok,
edm_5k,/mnt/pixstor/data/xggh8/zw-lab/e009_stage_b_edm5k_30000kimg/network-snapshot-013000.pkl,6d181c0102e93cfe1c43005675e7c76e01fae18afd402337a35ebc8b2128371c,13000,20058,e08402a31527e0bdd29748b5e883394b0eba7df0917dc0a2581cf9df2406239a,17.469838541800836,17.474487354713922,25149,31001,0.99973396570561868,0,ok,
edm_5k,/mnt/pixstor/data/xggh8/zw-lab/e009_stage_b_edm5k_30000kimg/network-snapshot-013000.pkl,6d181c0102e93cfe1c43005675e7c76e01fae18afd402337a35ebc8b2128371c,13000,20059,2d41c457e6fe5783a5b8c031faa42d555057b369f66b8c3a2afad1d30b16b763,20.082574783885324,20.625239299806136,40349,220,0.97368929843515017,0,ok,
edm_5k,/mnt/pixstor/data/xggh8/zw-lab/e009_stage_b_edm5k_30000kimg/network-snapshot-013000.pkl,6d181c0102e93cfe1c43005675e7c76e01fae18afd402337a35ebc8b2128371c,13000,20060,701dadb99afdd0a07ac701e9e1ffc4e3bfa4a87882e4edbe1860f5f59a708341,16.016148965316091,18.058475875625419,5924,22857,0.88690480169115626,0,ok,
edm_5k,/mnt/pixstor/data/xggh8/zw-lab/e009_stage_b_edm5k_30000kimg/network-snapshot-013000.pkl,6d181c0102e93cfe1c43005675e7c76e01fae18afd402337a35ebc8b2128371c,13000,20061,f06eb8b80360b1ae51da30570a6466cee5bea49507db4c3b8952ae51dc24868f,20.716436426055832,20.952461955226138,6230,38324,0.98873518874895583,0,ok,
edm_5k,/mnt/pixstor/data/xggh8/zw-lab/e009_stage_b_edm5k_30000kimg/network-snapshot-013000.pkl,6d181c0102e93cfe1c43005675e7c76e01fae18afd402337a35ebc8b2128371c,13000,20062,c76f7599962cd5a4d1c910db83c316b553a1599f9826b55dafa8d9fa4ac89895,18.109086161797681,18.176526778111697,31189,37719,0.99628968630050774,0,ok,
edm_5k,/mnt/pixstor/data/xggh8/zw-lab/e009_stage_b_edm5k_30000kimg/network-snapshot-013000.pkl,6d181c0102e93cfe1c43005675e7c76e01fae18afd402337a35ebc8b2128371c,13000,20063,4d116e7e1d752ea64c83685854f7c7536ea039b240182f14c15a4be633cbcd88,15.906628920605622,16.163221236214891,40529,1276,0.98412492708852151,0,ok,
edm_5k,/mnt/pixstor/data/xggh8/zw-lab/e009_stage_b_edm5k_30000kimg/network-snapshot-013000.pkl,6d181c0102e93cfe1c43005675e7c76e01fae18afd402337a35ebc8b2128371c,13000,20064,c7fb7c8906f7d659b8fac5433d7df1964fa8d8be5414c0cca048bfd458ff9d25,9.3380916250615087,10.370143553187965,16683,20051,0.90047853023122471,0,ok,
edm_5k,/mnt/pixstor/data/xggh8/zw-lab/e009_stage_b_edm5k_30000kimg/network-snapshot-013000.pkl,6d181c0102e93cfe1c43005675e7c76e01fae18afd402337a35ebc8b2128371c,13000,20065,f340759bbde0d022f9f0301d65c3e5a5e23f84986b1ce518482a5bb4fd42befe,17.754829810318441,18.677137525719527,37603,46960,0.95061835818625773,0,ok,
edm_5k,/mnt/pixstor/data/xggh8/zw-lab/e009_stage_b_edm5k_30000kimg/network-snapshot-013000.pkl,6d181c0102e93cfe1c43005675e7c76e01fae18afd402337a35ebc8b2128371c,13000,20066,ebb92fd3f1be13f229dfc6dfa931c0979171375cf1283aa221e75faa9d1a34d3,19.973766268550673,21.506643085193311,32953,6230,0.92872542634522171,0,ok,
edm_5k,/mnt/pixstor/data/xggh8/zw-lab/e009_stage_b_edm5k_30000kimg/network-snapshot-013000.pkl,6d181c0102e93cfe1c43005675e7c76e01fae18afd402337a35ebc8b2128371c,13000,20067,c4b58cad2c32e800f4ec2fd99da125b136badb1e0a9d46fd5305673b32246fdb,20.602343309999959,21.099602292490268,1220,21934,0.97643277936725414,0,ok,
edm_5k,/mnt/pixstor/data/xggh8/zw-lab/e009_stage_b_edm5k_30000kimg/network-snapshot-013000.pkl,6d181c0102e93cfe1c43005675e7c76e01fae18afd402337a35ebc8b2128371c,13000,20068,811a3e134cb28659dfc4f80382464a5a4d3d88e330bd1a30f76dd66ed2785d16,16.941618197614517,18.465492259628743,2567,7813,0.9174744956382298,0,ok,
edm_5k,/mnt/pixstor/data/xggh8/zw-lab/e009_stage_b_edm5k_30000kimg/network-snapshot-013000.pkl,6d181c0102e93cfe1c43005675e7c76e01fae18afd402337a35ebc8b2128371c,13000,20069,530ec9f3035980471064745688de3db8c79a77bdbc90f74e86e5d04249b2d228,20.169533493473391,20.8504786558895,19545,47671,0.96734150934114094,0,ok,
edm_5k,/mnt/pixstor/data/xggh8/zw-lab/e009_stage_b_edm5k_30000kimg/network-snapshot-013000.pkl,6d181c0102e93cfe1c43005675e7c76e01fae18afd402337a35ebc8b2128371c,13000,20070,335c735c8357d60760b5b5f9714ae95b83eb4bdc2ca60d7ac84a35c61aa5ced4,16.44240244282112,27.149542460647815,27792,18459,0.60562355578012883,0,ok,
edm_5k,/mnt/pixstor/data/xggh8/zw-lab/e009_stage_b_edm5k_30000kimg/network-snapshot-013000.pkl,6d181c0102e93cfe1c43005675e7c76e01fae18afd402337a35ebc8b2128371c,13000,20071,cf701c7b2f6af2dc940fefa5e8f38ed885c07b367d05d570a3a02897e5a6f772,14.790410095410786,15.878628939207967,1721,46008,0.93146644789273214,0,ok,
edm_5k,/mnt/pixstor/data/xggh8/zw-lab/e009_stage_b_edm5k_30000kimg/network-snapshot-013000.pkl,6d181c0102e93cfe1c43005675e7c76e01fae18afd402337a35ebc8b2128371c,13000,20072,1303837441a4ecd4c7576f5dcc09efcce73132e20d93c1b4b3cc7dc3eaa97675,11.679901098135684,11.680038404931322,49421,5111,0.99998824431984912,0,ok,
edm_5k,/mnt/pixstor/data/xggh8/zw-lab/e009_stage_b_edm5k_30000kimg/network-snapshot-013000.pkl,6d181c0102e93cfe1c43005675e7c76e01fae18afd402337a35ebc8b2128371c,13000,20073,1107cdbdb439582b36265296a8756913b0a82f7c3a06b52853f620860e16b056,20.336407073775359,21.414419177635878,28921,786,0.94965952170272538,0,ok,
edm_5k,/mnt/pixstor/data/xggh8/zw-lab/e009_stage_b_edm5k_30000kimg/network-snapshot-013000.pkl,6d181c0102e93cfe1c43005675e7c76e01fae18afd402337a35ebc8b2128371c,13000,20074,dd98772455823a6c71ea7a9e1adf9a7d0a1fb6c62a3476d469eaa91b45ea9e27,16.630113670083873,20.992748210148388,41603,11710,0.79218373428803779,0,ok,
edm_5k,/mnt/pixstor/data/xggh8/zw-lab/e009_stage_b_edm5k_30000kimg/network-snapshot-013000.pkl,6d181c0102e93cfe1c43005675e7c76e01fae18afd402337a35ebc8b2128371c,13000,20075,2fa1ffcc07623969cc0182eb20aca709021fc4d2997936b417d18a79720d9996,17.154909838181773,17.424311496024856,49860,13435,0.98453874875316916,0,ok,
edm_5k,/mnt/pixstor/data/xggh8/zw-lab/e009_stage_b_edm5k_30000kimg/network-snapshot-013000.pkl,6d181c0102e93cfe1c43005675e7c76e01fae18afd402337a35ebc8b2128371c,13000,20076,ae0a94db6415737223b2b608f84d4dbf903900c349dcf4487ed8c57f47d1f7b4,19.692746132520501,19.996818131086254,21936,43951,0.98479398089373749,0,ok,
edm_5k,/mnt/pixstor/data/xggh8/zw-lab/e009_stage_b_edm5k_30000kimg/network-snapshot-013000.pkl,6d181c0102e93cfe1c43005675e7c76e01fae18afd402337a35ebc8b2128371c,13000,20077,6fde5657c47cfaf1f9f8201ba34ddf57e665b55df64b01f8c79f6376e27040b4,22.00879680572227,22.970617513044541,34360,44542,0.95812821719851138,0,ok,
edm_5k,/mnt/pixstor/data/xggh8/zw-lab/e009_stage_b_edm5k_30000kimg/network-snapshot-013000.pkl,6d181c0102e93cfe1c43005675e7c76e01fae18afd402337a35ebc8b2128371c,13000,20078,aa537a4bc8c49fd213e1c11903134f4a8638cce304332aee31e1c1a1da78b688,12.026091812394366,14.142737070546413,21934,19604,0.85033694343648936,0,ok,
edm_5k,/mnt/pixstor/data/xggh8/zw-lab/e009_stage_b_edm5k_30000kimg/network-snapshot-013000.pkl,6d181c0102e93cfe1c43005675e7c76e01fae18afd402337a35ebc8b2128371c,13000,20079,e973dfbb9c3e7969cd953c82ec2da2e663f49724bfc224a32cba610a4df6e213,17.716096654287586,17.817924781695709,19923,7496,0.99428507367408292,0,ok,
edm_5k,/mnt/pixstor/data/xggh8/zw-lab/e009_stage_b_edm5k_30000kimg/network-snapshot-013000.pkl,6d181c0102e93cfe1c43005675e7c76e01fae18afd402337a35ebc8b2128371c,13000,20080,e174c14421e081321c58f694a70f6d558b08391b2f8fdb3ec439e5703ec9faf5,16.689510562149003,18.240143052765173,34696,22857,0.91498792053710909,0,ok,
edm_5k,/mnt/pixstor/data/xggh8/zw-lab/e009_stage_b_edm5k_30000kimg/network-snapshot-013000.pkl,6d181c0102e93cfe1c43005675e7c76e01fae18afd402337a35ebc8b2128371c,13000,20081,eb00bf93a0c443aebec18c0826b54f4f59b9d94c7b4da45230bdddef3acda051,12.202438093648523,14.463202449232554,11710,30786,0.84368853554255596,0,ok,
edm_5k,/mnt/pixstor/data/xggh8/zw-lab/e009_stage_b_edm5k_30000kimg/network-snapshot-013000.pkl,6d181c0102e93cfe1c43005675e7c76e01fae18afd402337a35ebc8b2128371c,13000,20082,fa8b480e4731059764be6a091e8202d1feb8400a44a7fd64bbf3043ef8f4f6a9,21.811387304108095,26.302787658915793,43052,45102,0.82924242049738561,0,ok,
edm_5k,/mnt/pixstor/data/xggh8/zw-lab/e009_stage_b_edm5k_30000kimg/network-snapshot-013000.pkl,6d181c0102e93cfe1c43005675e7c76e01fae18afd402337a35ebc8b2128371c,13000,20083,1b55cba751865fe2017335a95897374ce73b12381522aed156118eb482fd0fcc,12.589171444957348,13.359305049342023,11207,29437,0.94235227045566972,0,ok,
edm_5k,/mnt/pixstor/data/xggh8/zw-lab/e009_stage_b_edm5k_30000kimg/network-snapshot-013000.pkl,6d181c0102e93cfe1c43005675e7c76e01fae18afd402337a35ebc8b2128371c,13000,20084,a60d9ae0e2c387bd6c47f92d9c9c20154e561a9f83b1cfdc737f200b7dc916f9,16.800268173358756,18.459217927576155,33343,34315,0.91012892524882649,0,ok,
edm_5k,/mnt/pixstor/data/xggh8/zw-lab/e009_stage_b_edm5k_30000kimg/network-snapshot-013000.pkl,6d181c0102e93cfe1c43005675e7c76e01fae18afd402337a35ebc8b2128371c,13000,20085,278f2652b7bb73616371f9143976dbf4cc224f705d651487ad203757c9040bc8,16.40449048619757,16.581257678104372,37558,37719,0.98933933750150793,0,ok,
edm_5k,/mnt/pixstor/data/xggh8/zw-lab/e009_stage_b_edm5k_30000kimg/network-snapshot-013000.pkl,6d181c0102e93cfe1c43005675e7c76e01fae18afd402337a35ebc8b2128371c,13000,20086,ed352a6fb1afe2d6076a224f2f01eca97d4adbeaea35210d708851cae70834d8,14.794320749429783,17.970021108009487,38154,31271,0.82327787265846619,0,ok,
edm_5k,/mnt/pixstor/data/xggh8/zw-lab/e009_stage_b_edm5k_30000kimg/network-snapshot-013000.pkl,6d181c0102e93cfe1c43005675e7c76e01fae18afd402337a35ebc8b2128371c,13000,20087,c48097f481f1d9fe2174b749051f32bef5b7741daa79cba936b5550bad4f2f73,9.9583396732874441,10.047137426403303,13533,32024,0.99116188528659876,0,ok,
edm_5k,/mnt/pixstor/data/xggh8/zw-lab/e009_stage_b_edm5k_30000kimg/network-snapshot-013000.pkl,6d181c0102e93cfe1c43005675e7c76e01fae18afd402337a35ebc8b2128371c,13000,20088,11e055eeae1fd2d1d7a291a3fb4670aa26b8b391e184ac714cad4267409454ae,10.57501312105614,14.780573783800437,7187,39915,0.71546702284632502,0,ok,
edm_5k,/mnt/pixstor/data/xggh8/zw-lab/e009_stage_b_edm5k_30000kimg/network-snapshot-013000.pkl,6d181c0102e93cfe1c43005675e7c76e01fae18afd402337a35ebc8b2128371c,13000,20089,d316b15f1a4f88d06421c7b26567002a2e3582f474bbf2b3d07b18fde2cbc4ed,17.903232136512919,18.337623966800951,34315,37719,0.97631144410669179,0,ok,
edm_5k,/mnt/pixstor/data/xggh8/zw-lab/e009_stage_b_edm5k_30000kimg/network-snapshot-013000.pkl,6d181c0102e93cfe1c43005675e7c76e01fae18afd402337a35ebc8b2128371c,13000,20090,58accca15612a345d084bcd6a09c6481b57835005d5d93f117ff09fca6c37e20,20.257389362419232,20.33231143878287,26590,37803,0.99631512252853216,0,ok,
edm_5k,/mnt/pixstor/data/xggh8/zw-lab/e009_stage_b_edm5k_30000kimg/network-snapshot-013000.pkl,6d181c0102e93cfe1c43005675e7c76e01fae18afd402337a35ebc8b2128371c,13000,20091,50255c818516c79245900503a2421253665adb33ad4b9046a8772670d92302fa,18.826526539822179,19.199481492420738,23630,16683,0.9805747382945843,0,ok,
edm_5k,/mnt/pixstor/data/xggh8/zw-lab/e009_stage_b_edm5k_30000kimg/network-snapshot-013000.pkl,6d181c0102e93cfe1c43005675e7c76e01fae18afd402337a35ebc8b2128371c,13000,20092,49f94718f7a96d3286129f9d94c5c1bf9d8288212d8e3c5ebf24c1564f8f27fd,13.477118636304095,14.802959199919776,29779,2595,0.91043408647489432,0,ok,
edm_5k,/mnt/pixstor/data/xggh8/zw-lab/e009_stage_b_edm5k_30000kimg/network-snapshot-013000.pkl,6d181c0102e93cfe1c43005675e7c76e01fae18afd402337a35ebc8b2128371c,13000,20093,37386c73aa929fa6f9c3978d26d554e6eb14d95ad70ad96ce89de23672ee0678,17.805672871599903,18.281563310952745,35674,7187,0.97396883235539655,0,ok,
edm_5k,/mnt/pixstor/data/xggh8/zw-lab/e009_stage_b_edm5k_30000kimg/network-snapshot-013000.pkl,6d181c0102e93cfe1c43005675e7c76e01fae18afd402337a35ebc8b2128371c,13000,20094,972870170bbee7239294df3ca2bd8bdfb625b8c78492db1934efe840782ecc5a,17.005982719368347,17.205567522597295,25149,29779,0.9883999872153697,0,ok,
edm_5k,/mnt/pixstor/data/xggh8/zw-lab/e009_stage_b_edm5k_30000kimg/network-snapshot-013000.pkl,6d181c0102e93cfe1c43005675e7c76e01fae18afd402337a35ebc8b2128371c,13000,20095,b0b10d9e00717d7e3d9f28658cd153472eebaf22bb12cee87566a2a0c74a0521,21.749597858931548,22.484255503532104,38154,42837,0.96732568510061867,0,ok,
edm_5k,/mnt/pixstor/data/xggh8/zw-lab/e009_stage_b_edm5k_30000kimg/network-snapshot-013000.pkl,6d181c0102e93cfe1c43005675e7c76e01fae18afd402337a35ebc8b2128371c,13000,20096,9df25ee17e68723b6fa634f3fc84fb844f96eb666823e42144d0f05678802cf1,22.548404501190973,24.441486759186454,22518,34110,0.92254635421128972,0,ok,
edm_5k,/mnt/pixstor/data/xggh8/zw-lab/e009_stage_b_edm5k_30000kimg/network-snapshot-013000.pkl,6d181c0102e93cfe1c43005675e7c76e01fae18afd402337a35ebc8b2128371c,13000,20097,f1c807978984a86c067b41494021b12f4e2085c5d5d300c0e1431992d26713a6,19.005103725530692,19.15191914845639,47886,47048,0.99233416652463624,0,ok,
edm_5k,/mnt/pixstor/data/xggh8/zw-lab/e009_stage_b_edm5k_30000kimg/network-snapshot-013000.pkl,6d181c0102e93cfe1c43005675e7c76e01fae18afd402337a35ebc8b2128371c,13000,20098,41d689b203d169c5f94d4d8a7f5a3b9e5700ffff0c4d16345414ff7d3914d283,18.281727648881301,19.022983274391269,12277,737,0.96103368147792856,0,ok,
edm_5k,/mnt/pixstor/data/xggh8/zw-lab/e009_stage_b_edm5k_30000kimg/network-snapshot-013000.pkl,6d181c0102e93cfe1c43005675e7c76e01fae18afd402337a35ebc8b2128371c,13000,20099,63538fc34efd28b926b3965d7e279429cca1f8fcc50b02575390499819a25c96,20.79208040782509,21.274632435277471,29984,12699,0.97731796171236229,0,ok,
edm_5k,/mnt/pixstor/data/xggh8/zw-lab/e009_stage_b_edm5k_30000kimg/network-snapshot-013000.pkl,6d181c0102e93cfe1c43005675e7c76e01fae18afd402337a35ebc8b2128371c,13000,20100,fd0d7629e512f92e38c9eb2a08677c1d2b1f0344b4c49f7716178bcf911a83be,13.925217671144409,16.199233011634004,1220,21934,0.85962203649663926,0,ok,
edm_5k,/mnt/pixstor/data/xggh8/zw-lab/e009_stage_b_edm5k_30000kimg/network-snapshot-013000.pkl,6d181c0102e93cfe1c43005675e7c76e01fae18afd402337a35ebc8b2128371c,13000,20101,ac11f337d85108a2d3fdb0a2c3f726399e6b45c800c087bd40af6db61c0955cd,17.38158401414039,18.299470527797077,21934,17844,0.94984081576226986,0,ok,
edm_5k,/mnt/pixstor/data/xggh8/zw-lab/e009_stage_b_edm5k_30000kimg/network-snapshot-013000.pkl,6d181c0102e93cfe1c43005675e7c76e01fae18afd402337a35ebc8b2128371c,13000,20102,a0118ae7ec1b11d09c2b189f7b490d48118165a138cb3058234260efb8b1f167,17.929386438484052,18.188696708303045,11710,9332,0.9857433287289562,0,ok,
edm_5k,/mnt/pixstor/data/xggh8/zw-lab/e009_stage_b_edm5k_30000kimg/network-snapshot-013000.pkl,6d181c0102e93cfe1c43005675e7c76e01fae18afd402337a35ebc8b2128371c,13000,20103,0d9f9d8e77e516a16643d03841fce3b4c4f1a4e0941f1513a503cb871f9d3218,13.151457450335243,15.314792417952981,7690,44302,0.85874212927093041,0,ok,
edm_5k,/mnt/pixstor/data/xggh8/zw-lab/e009_stage_b_edm5k_30000kimg/network-snapshot-013000.pkl,6d181c0102e93cfe1c43005675e7c76e01fae18afd402337a35ebc8b2128371c,13000,20104,0c38a31cec41d066b70190f1c8f61bfe12471b75c20ef9606da6e80a31cb7779,16.135215313161201,16.605813016986126,44173,2567,0.97166066465137546,0,ok,
edm_5k,/mnt/pixstor/data/xggh8/zw-lab/e009_stage_b_edm5k_30000kimg/network-snapshot-013000.pkl,6d181c0102e93cfe1c43005675e7c76e01fae18afd402337a35ebc8b2128371c,13000,20105,e13d8347a3e4a897649fd3c44c58f51549e7b5667b5ae931373a0c2ec0e4d347,12.28653810179209,15.702772510570069,12277,34019,0.78244387056627129,0,ok,
edm_5k,/mnt/pixstor/data/xggh8/zw-lab/e009_stage_b_edm5k_30000kimg/network-snapshot-013000.pkl,6d181c0102e93cfe1c43005675e7c76e01fae18afd402337a35ebc8b2128371c,13000,20106,be33f936bf615f76e84db8a2db84eb43dd712fdd038edf8a2ff0dc5985504049,17.395524415905303,17.583439758296681,33993,2567,0.98931293620733618,0,ok,
edm_5k,/mnt/pixstor/data/xggh8/zw-lab/e009_stage_b_edm5k_30000kimg/network-snapshot-013000.pkl,6d181c0102e93cfe1c43005675e7c76e01fae18afd402337a35ebc8b2128371c,13000,20107,431650310f20c085804f0ca878c54c76cd695f22dcedb44ffa075b7587a05e29,18.613465706766778,19.620535794721921,11830,43777,0.94867265101771314,0,ok,
edm_5k,/mnt/pixstor/data/xggh8/zw-lab/e009_stage_b_edm5k_30000kimg/network-snapshot-013000.pkl,6d181c0102e93cfe1c43005675e7c76e01fae18afd402337a35ebc8b2128371c,13000,20108,66941cbe0142fa3fdb4a90bef42f9cdb0b82f515835c54fedce5537d305ad4de,19.389560944194248,21.508569997420594,832,8275,0.90148070962037608,0,ok,
edm_5k,/mnt/pixstor/data/xggh8/zw-lab/e009_stage_b_edm5k_30000kimg/network-snapshot-013000.pkl,6d181c0102e93cfe1c43005675e7c76e01fae18afd402337a35ebc8b2128371c,13000,20109,3e641ffe78e02b9042415c3b8248117849baff7f9584c96d19dbe9722bc7cf17,13.369870799178099,13.986304784397683,10551,32953,0.95592588644948995,0,ok,
edm_5k,/mnt/pixstor/data/xggh8/zw-lab/e009_stage_b_edm5k_30000kimg/network-snapshot-013000.pkl,6d181c0102e93cfe1c43005675e7c76e01fae18afd402337a35ebc8b2128371c,13000,20110,6561383f07c9d18eb5607c47dd3ba76c95a5952fb04255789217eadb3dc4092d,13.024158192409649,13.533234258031097,44302,16683,0.96238326656325002,0,ok,
edm_5k,/mnt/pixstor/data/xggh8/zw-lab/e009_stage_b_edm5k_30000kimg/network-snapshot-013000.pkl,6d181c0102e93cfe1c43005675e7c76e01fae18afd402337a35ebc8b2128371c,13000,20111,f5768511e2755d7399e13bd737cbc3df77114841056505efc03fc38b3f7699ef,17.738163281408838,19.374553766674151,36219,19705,0.91553919099390868,0,ok,
edm_5k,/mnt/pixstor/data/xggh8/zw-lab/e009_stage_b_edm5k_30000kimg/network-snapshot-013000.pkl,6d181c0102e93cfe1c43005675e7c76e01fae18afd402337a35ebc8b2128371c,13000,20112,9dd478cbcddc563d3410d05c90ae050053858e5a38d2c13be783cb717f718444,18.787888203332916,18.98595546176492,2166,13919,0.98956769603558348,0,ok,
edm_5k,/mnt/pixstor/data/xggh8/zw-lab/e009_stage_b_edm5k_30000kimg/network-snapshot-013000.pkl,6d181c0102e93cfe1c43005675e7c76e01fae18afd402337a35ebc8b2128371c,13000,20113,6b16da22a02301a0edd45250280c44a8f684ac380055cb0e1aa2141babe43a76,20.861899242748748,23.036771360492263,47045,31001,0.90559127910287851,0,ok,
edm_5k,/mnt/pixstor/data/xggh8/zw-lab/e009_stage_b_edm5k_30000kimg/network-snapshot-013000.pkl,6d181c0102e93cfe1c43005675e7c76e01fae18afd402337a35ebc8b2128371c,13000,20114,b4a5be578736117b99bc8e8722c173f32b807ce4563b6e05a04ba51ce2cfa3db,15.05156585262324,16.357575516166868,31572,26376,0.92015872631901685,0,ok,
edm_5k,/mnt/pixstor/data/xggh8/zw-lab/e009_stage_b_edm5k_30000kimg/network-snapshot-013000.pkl,6d181c0102e93cfe1c43005675e7c76e01fae18afd402337a35ebc8b2128371c,13000,20115,0f36338b5c52219de8c2158f5ba308b51f40898c28ae9cbe1dbef11193b87333,13.998358075178837,16.214430712664974,21934,38676,0.86332713884581969,0,ok,
edm_5k,/mnt/pixstor/data/xggh8/zw-lab/e009_stage_b_edm5k_30000kimg/network-snapshot-013000.pkl,6d181c0102e93cfe1c43005675e7c76e01fae18afd402337a35ebc8b2128371c,13000,20116,6b82bad2d1582e1b9387f26968255e8574cc12921fd7d8c889194373e2c89438,16.457529370830301,16.746471673367825,737,12277,0.98274607880554121,0,ok,
edm_5k,/mnt/pixstor/data/xggh8/zw-lab/e009_stage_b_edm5k_30000kimg/network-snapshot-013000.pkl,6d181c0102e93cfe1c43005675e7c76e01fae18afd402337a35ebc8b2128371c,13000,20117,60701b7079dc49c185002f600f029d5d48c5770992f760a8b4a771d45ee9181a,18.72863057187892,25.783416641267152,17938,7107,0.72638280769598118,0,ok,
edm_5k,/mnt/pixstor/data/xggh8/zw-lab/e009_stage_b_edm5k_30000kimg/network-snapshot-013000.pkl,6d181c0102e93cfe1c43005675e7c76e01fae18afd402337a35ebc8b2128371c,13000,20118,1e5361a73f85960639b6bcde0e7da4a41401dc33ae8eb428c2d776ec5ec97745,16.91689819240322,16.948306241324552,39913,2567,0.99814683258172721,0,ok,
edm_5k,/mnt/pixstor/data/xggh8/zw-lab/e009_stage_b_edm5k_30000kimg/network-snapshot-013000.pkl,6d181c0102e93cfe1c43005675e7c76e01fae18afd402337a35ebc8b2128371c,13000,20119,b795a8fa4c4832f4f3257c287bffc458879e294aac6b862e1a0676deb5d9098e,18.836253250075988,19.892201773997197,14410,6525,0.94691645822226023,0,ok,
edm_5k,/mnt/pixstor/data/xggh8/zw-lab/e009_stage_b_edm5k_30000kimg/network-snapshot-013000.pkl,6d181c0102e93cfe1c43005675e7c76e01fae18afd402337a35ebc8b2128371c,13000,20120,ea69e586d65cc80fd69eb723322b8059854528fde40d6fbd4bb9d72d7a840631,17.407905220104112,17.423226008957375,36170,32953,0.99912066864968718,0,ok,
edm_5k,/mnt/pixstor/data/xggh8/zw-lab/e009_stage_b_edm5k_30000kimg/network-snapshot-013000.pkl,6d181c0102e93cfe1c43005675e7c76e01fae18afd402337a35ebc8b2128371c,13000,20121,302e0c9255d0c46406fee96d5f4b37f46dc59d7fec86c3a49f95062a8039ecc5,18.03802826128986,20.508423356893523,9841,46960,0.87954241763917529,0,ok,
edm_5k,/mnt/pixstor/data/xggh8/zw-lab/e009_stage_b_edm5k_30000kimg/network-snapshot-013000.pkl,6d181c0102e93cfe1c43005675e7c76e01fae18afd402337a35ebc8b2128371c,13000,20122,ac16e3c778fb9d6c451fa908e08afeb6b216540eb535431a368a26e2be868a3f,13.660538282147902,14.209129997210301,11207,31249,0.96139160418898939,0,ok,
edm_5k,/mnt/pixstor/data/xggh8/zw-lab/e009_stage_b_edm5k_30000kimg/network-snapshot-013000.pkl,6d181c0102e93cfe1c43005675e7c76e01fae18afd402337a35ebc8b2128371c,13000,20123,e61cdb0e781acd3e79760add8d53a0b4888fc1165a2e821de51bf2cae52ba6ea,18.655902965309473,21.003913214535196,18459,41027,0.88821081932480828,0,ok,
edm_5k,/mnt/pixstor/data/xggh8/zw-lab/e009_stage_b_edm5k_30000kimg/network-snapshot-013000.pkl,6d181c0102e93cfe1c43005675e7c76e01fae18afd402337a35ebc8b2128371c,13000,20124,b337da6a13bc873e0fb4be8a15422b330cb148df24eeeab21c785b60a16893e9,15.582217419474787,16.355640944947599,39915,7187,0.952712123720732,0,ok,
edm_5k,/mnt/pixstor/data/xggh8/zw-lab/e009_stage_b_edm5k_30000kimg/network-snapshot-013000.pkl,6d181c0102e93cfe1c43005675e7c76e01fae18afd402337a35ebc8b2128371c,13000,20125,55c20fc8eb411b33f780ec7c381e1e097fa5ab5dbdfa220033626fefb45746e2,12.552152710469541,13.007211180417395,39006,786,0.96501490875823148,0,ok,
edm_5k,/mnt/pixstor/data/xggh8/zw-lab/e009_stage_b_edm5k_30000kimg/network-snapshot-013000.pkl,6d181c0102e93cfe1c43005675e7c76e01fae18afd402337a35ebc8b2128371c,13000,20126,eb7a88a5f74c1a83986920dec9b110e7d5625e412ad751e4024b53fa5c76ef93,20.195683545995362,20.97788877291045,39199,44278,0.96271287185366428,0,ok,
edm_5k,/mnt/pixstor/data/xggh8/zw-lab/e009_stage_b_edm5k_30000kimg/network-snapshot-013000.pkl,6d181c0102e93cfe1c43005675e7c76e01fae18afd402337a35ebc8b2128371c,13000,20127,1ab22312f2290de10da8d898a34c2eba26d6c7d82db876e7c8da5de1549dc93b,14.903596471602981,15.69678188198867,40529,12300,0.94946827850772186,0,ok,
edm_5k,/mnt/pixstor/data/xggh8/zw-lab/e009_stage_b_edm5k_30000kimg/network-snapshot-014000.pkl,7a6c9f8916232554e62e7791caa513201610d38366c0d73e2e4e84f850eeca33,14000,20000,4faf17dfad0863d8393f33c7c4c89c0f20c666548fa88d362c3a4edf29435790,11.661571576302968,13.566612738439089,22857,21934,0.8595787173360927,0,ok,
edm_5k,/mnt/pixstor/data/xggh8/zw-lab/e009_stage_b_edm5k_30000kimg/network-snapshot-014000.pkl,7a6c9f8916232554e62e7791caa513201610d38366c0d73e2e4e84f850eeca33,14000,20001,bc448d02904108bff2a22fccd046709e9d4c9d7752478284e23ac85ed72af01e,11.07438304121864,12.199764688135314,44302,47671,0.90775382348061628,0,ok,
edm_5k,/mnt/pixstor/data/xggh8/zw-lab/e009_stage_b_edm5k_30000kimg/network-snapshot-014000.pkl,7a6c9f8916232554e62e7791caa513201610d38366c0d73e2e4e84f850eeca33,14000,20002,c403749c6c9b60633566cd5e73eac2c7d6131d4b171bca3081b41975bd2f2370,22.011434323926824,22.133535364075232,13316,41973,0.99448343709488951,0,ok,
edm_5k,/mnt/pixstor/data/xggh8/zw-lab/e009_stage_b_edm5k_30000kimg/network-snapshot-014000.pkl,7a6c9f8916232554e62e7791caa513201610d38366c0d73e2e4e84f850eeca33,14000,20003,7b6dfe5ce057c5ffaf55a523271bc56d2bb5e772ea5c845314fe335700860b36,18.134781006995048,20.541831182544762,33343,13435,0.88282202525376208,0,ok,
edm_5k,/mnt/pixstor/data/xggh8/zw-lab/e009_stage_b_edm5k_30000kimg/network-snapshot-014000.pkl,7a6c9f8916232554e62e7791caa513201610d38366c0d73e2e4e84f850eeca33,14000,20004,fb5d84629ccb30128032985d374694e9065e26c517b5c78e24eadcb61767eeb3,15.451822514453111,17.017935188032013,47886,29779,0.90797281478188485,0,ok,
edm_5k,/mnt/pixstor/data/xggh8/zw-lab/e009_stage_b_edm5k_30000kimg/network-snapshot-014000.pkl,7a6c9f8916232554e62e7791caa513201610d38366c0d73e2e4e84f850eeca33,14000,20005,7d7c88fcf16d298ce1cff05f4894d7c16eb1865dc9fde404f11dc1bec9976a61,17.553237496603472,20.040411384275284,7672,4706,0.8758920742703229,0,ok,
edm_5k,/mnt/pixstor/data/xggh8/zw-lab/e009_stage_b_edm5k_30000kimg/network-snapshot-014000.pkl,7a6c9f8916232554e62e7791caa513201610d38366c0d73e2e4e84f850eeca33,14000,20006,e3b180f03b9ae356068526f84ee857529c7bd9f41c14816b09603c1a04b3d546,11.686538749975806,15.259480048709545,21934,17844,0.76585432220962912,0,ok,
edm_5k,/mnt/pixstor/data/xggh8/zw-lab/e009_stage_b_edm5k_30000kimg/network-snapshot-014000.pkl,7a6c9f8916232554e62e7791caa513201610d38366c0d73e2e4e84f850eeca33,14000,20007,39d354da6448d4f640629b67effebe1e00a65231c46f3371d039ed367d77e6f3,28.87446266814479,29.595501779304378,11476,46008,0.97563686817894069,0,ok,
edm_5k,/mnt/pixstor/data/xggh8/zw-lab/e009_stage_b_edm5k_30000kimg/network-snapshot-014000.pkl,7a6c9f8916232554e62e7791caa513201610d38366c0d73e2e4e84f850eeca33,14000,20008,623139e78fa48ce0e23738daf861c01049eb574de8db4acf944fdabfc42bc2e5,28.182532671049611,31.106291990010057,38456,30085,0.90600746241630392,0,ok,
edm_5k,/mnt/pixstor/data/xggh8/zw-lab/e009_stage_b_edm5k_30000kimg/network-snapshot-014000.pkl,7a6c9f8916232554e62e7791caa513201610d38366c0d73e2e4e84f850eeca33,14000,20009,3593a20b93a0aa607586e706bb62ea0188def2ced9bff5d825de456f24cb8575,13.609953291292408,15.109875027381785,5924,22857,0.90073235328741952,0,ok,
edm_5k,/mnt/pixstor/data/xggh8/zw-lab/e009_stage_b_edm5k_30000kimg/network-snapshot-014000.pkl,7a6c9f8916232554e62e7791caa513201610d38366c0d73e2e4e84f850eeca33,14000,20010,f5931d3886f1f6b67d672fc202a99e91b47aebe06f6ae9e0c231e12b44c92ac6,15.928539714170332,16.616436279770721,9692,29779,0.95860143811715803,0,ok,
edm_5k,/mnt/pixstor/data/xggh8/zw-lab/e009_stage_b_edm5k_30000kimg/network-snapshot-014000.pkl,7a6c9f8916232554e62e7791caa513201610d38366c0d73e2e4e84f850eeca33,14000,20011,0da9a46bba8c50f75cbd2132c806fa926566e1952d584db8d024bc440be6b4ff,15.594927215736424,24.558976877504744,30616,21936,0.63499905934684486,0,ok,
edm_5k,/mnt/pixstor/data/xggh8/zw-lab/e009_stage_b_edm5k_30000kimg/network-snapshot-014000.pkl,7a6c9f8916232554e62e7791caa513201610d38366c0d73e2e4e84f850eeca33,14000,20012,08f4425267aec83efbf7c2a696117cf8a5cbcbc7b6e3050fc33e4f3ca6621ddc,17.502804682639962,18.260974706149483,1276,12300,0.95848140443159346,0,ok,
edm_5k,/mnt/pixstor/data/xggh8/zw-lab/e009_stage_b_edm5k_30000kimg/network-snapshot-014000.pkl,7a6c9f8916232554e62e7791caa513201610d38366c0d73e2e4e84f850eeca33,14000,20013,dc26308d4d1f2a2193eeee6c87850ee064c9f16a959d5e704b30f87a2a21cd7d,16.893757185678478,19.177661211218588,33343,13435,0.88090810446666623,0,ok,
edm_5k,/mnt/pixstor/data/xggh8/zw-lab/e009_stage_b_edm5k_30000kimg/network-snapshot-014000.pkl,7a6c9f8916232554e62e7791caa513201610d38366c0d73e2e4e84f850eeca33,14000,20014,99bc7db2571856b8aa5392f020aa5402d53a0a54a23c8b459a6bd8fa15580731,15.983056237022192,16.264957242943936,38676,48613,0.9826681987716851,0,ok,
edm_5k,/mnt/pixstor/data/xggh8/zw-lab/e009_stage_b_edm5k_30000kimg/network-snapshot-014000.pkl,7a6c9f8916232554e62e7791caa513201610d38366c0d73e2e4e84f850eeca33,14000,20015,b33bee123ac52058276a41c758fe66b00018417dcf465d8d895270013a691ead,19.248979362980442,20.394694524160382,12699,7701,0.94382288198420039,0,ok,
edm_5k,/mnt/pixstor/data/xggh8/zw-lab/e009_stage_b_edm5k_30000kimg/network-snapshot-014000.pkl,7a6c9f8916232554e62e7791caa513201610d38366c0d73e2e4e84f850eeca33,14000,20016,461b9a0304b4c3409ebddad80c838751445ee5956a4f39352af2637da23adb27,18.68738795846075,19.686949643133282,14062,6206,0.94922719350678209,0,ok,
edm_5k,/mnt/pixstor/data/xggh8/zw-lab/e009_stage_b_edm5k_30000kimg/network-snapshot-014000.pkl,7a6c9f8916232554e62e7791caa513201610d38366c0d73e2e4e84f850eeca33,14000,20017,157e8f2907aa1387dfd6086e450555fb892ad6d4e6fa30f019706a13e63fced5,20.338127489433472,22.388959220940226,22870,30085,0.9083998630187049,0,ok,
edm_5k,/mnt/pixstor/data/xggh8/zw-lab/e009_stage_b_edm5k_30000kimg/network-snapshot-014000.pkl,7a6c9f8916232554e62e7791caa513201610d38366c0d73e2e4e84f850eeca33,14000,20018,522d46b0c9b236021e6837dd9400befef139ee3936e36b9f9bd2f72c63ab305d,15.833943893183102,17.803661094000098,13186,14410,0.88936448574159854,0,ok,
edm_5k,/mnt/pixstor/data/xggh8/zw-lab/e009_stage_b_edm5k_30000kimg/network-snapshot-014000.pkl,7a6c9f8916232554e62e7791caa513201610d38366c0d73e2e4e84f850eeca33,14000,20019,18e3ff6e34f65096d2e226060cdd4b84238909606bb8d5cae3e1ea4756eefa08,16.276927900884143,17.181584212308948,35588,13535,0.94734732838100544,0,ok,
edm_5k,/mnt/pixstor/data/xggh8/zw-lab/e009_stage_b_edm5k_30000kimg/network-snapshot-014000.pkl,7a6c9f8916232554e62e7791caa513201610d38366c0d73e2e4e84f850eeca33,14000,20020,9827a6f36315761de5b69025bdbbb29e47dddee01b8994052de00b607c6b5091,14.020538918989132,16.835576023363878,9692,47886,0.83279234993396567,0,ok,
edm_5k,/mnt/pixstor/data/xggh8/zw-lab/e009_stage_b_edm5k_30000kimg/network-snapshot-014000.pkl,7a6c9f8916232554e62e7791caa513201610d38366c0d73e2e4e84f850eeca33,14000,20021,f7ee358b8c822cc174ef751b7fde942e9c4a36724e23709d61488aaf89b9d021,18.212158553143883,18.467923055298989,2782,20770,0.98615087893807751,0,ok,
edm_5k,/mnt/pixstor/data/xggh8/zw-lab/e009_stage_b_edm5k_30000kimg/network-snapshot-014000.pkl,7a6c9f8916232554e62e7791caa513201610d38366c0d73e2e4e84f850eeca33,14000,20022,45882fcddbcc8acf1a0d97f113e194dc0a793b1a088a3d5c0772de876db90707,10.919711935402351,11.769351767354474,29779,16683,0.92780912247785541,0,ok,
edm_5k,/mnt/pixstor/data/xggh8/zw-lab/e009_stage_b_edm5k_30000kimg/network-snapshot-014000.pkl,7a6c9f8916232554e62e7791caa513201610d38366c0d73e2e4e84f850eeca33,14000,20023,8a28a2ea9452b3196a149d04681153d55b3a2364fb79367319f4d3121b690dab,16.31692340897056,16.970078133407945,2567,45385,0.96151138967642347,0,ok,
edm_5k,/mnt/pixstor/data/xggh8/zw-lab/e009_stage_b_edm5k_30000kimg/network-snapshot-014000.pkl,7a6c9f8916232554e62e7791caa513201610d38366c0d73e2e4e84f850eeca33,14000,20024,aa6c59b12ab81078c7c005c3d2d622ee489a8b484e172860952f6981df760d52,14.432123090821198,15.841940235552155,40136,26140,0.91100729306079098,0,ok,
edm_5k,/mnt/pixstor/data/xggh8/zw-lab/e009_stage_b_edm5k_30000kimg/network-snapshot-014000.pkl,7a6c9f8916232554e62e7791caa513201610d38366c0d73e2e4e84f850eeca33,14000,20025,d617d955bda7c1bb120808d5acf9a96c1ff6c796c4bbd3263041edbc035b2ace,11.903616259104709,13.522063324678019,30786,45494,0.88031064293127415,0,ok,
edm_5k,/mnt/pixstor/data/xggh8/zw-lab/e009_stage_b_edm5k_30000kimg/network-snapshot-014000.pkl,7a6c9f8916232554e62e7791caa513201610d38366c0d73e2e4e84f850eeca33,14000,20026,24fb14aa1bbc0583d81ee02686494d0ce2670f831e37ff80a2d297b450a17da5,14.327572272455377,16.445322181538518,11830,9692,0.87122478442772489,0,ok,
edm_5k,/mnt/pixstor/data/xggh8/zw-lab/e009_stage_b_edm5k_30000kimg/network-snapshot-014000.pkl,7a6c9f8916232554e62e7791caa513201610d38366c0d73e2e4e84f850eeca33,14000,20027,442ce9a8400dfc4a84766a5722b3672ed21db090abf51afeee5c7a32ce86d344,13.378950626420314,14.57674112598662,48613,39913,0.91782864981865186,0,ok,
edm_5k,/mnt/pixstor/data/xggh8/zw-lab/e009_stage_b_edm5k_30000kimg/network-snapshot-014000.pkl,7a6c9f8916232554e62e7791caa513201610d38366c0d73e2e4e84f850eeca33,14000,20028,1ce876c186a27904f014ed908ed815a8514016839802256d4ebbab773131494e,17.567538364881894,17.634128162585146,2782,43826,0.99622381117516556,0,ok,
edm_5k,/mnt/pixstor/data/xggh8/zw-lab/e009_stage_b_edm5k_30000kimg/network-snapshot-014000.pkl,7a6c9f8916232554e62e7791caa513201610d38366c0d73e2e4e84f850eeca33,14000,20029,2cb8d1d66a43c1d11ec5c87644154ba3e3df9fc695a273431bcc525fd002c445,12.346412766659565,15.088133548054897,28795,12699,0.81828628619549937,0,ok,
edm_5k,/mnt/pixstor/data/xggh8/zw-lab/e009_stage_b_edm5k_30000kimg/network-snapshot-014000.pkl,7a6c9f8916232554e62e7791caa513201610d38366c0d73e2e4e84f850eeca33,14000,20030,429ac5527f774a517f54deec75187c13638ccc150250e12cdd4735bb5a2d6868,15.845049454956513,17.799367949812748,34315,38291,0.89020292740918394,0,ok,
edm_5k,/mnt/pixstor/data/xggh8/zw-lab/e009_stage_b_edm5k_30000kimg/network-snapshot-014000.pkl,7a6c9f8916232554e62e7791caa513201610d38366c0d73e2e4e84f850eeca33,14000,20031,57896f75c8b87ebe1eb6d33da6d13929a5be6290e0dd019cdc47cd56645be1c2,17.487773723481375,18.670466562810631,13435,37558,0.93665435004795006,0,ok,
edm_5k,/mnt/pixstor/data/xggh8/zw-lab/e009_stage_b_edm5k_30000kimg/network-snapshot-014000.pkl,7a6c9f8916232554e62e7791caa513201610d38366c0d73e2e4e84f850eeca33,14000,20032,8e8c255d0804affcdc798d4bdd29abfb5aaf40da9436979bc711703bb747049e,16.932003588682555,19.220341517985169,11207,29437,0.88094186946879516,0,ok,
edm_5k,/mnt/pixstor/data/xggh8/zw-lab/e009_stage_b_edm5k_30000kimg/network-snapshot-014000.pkl,7a6c9f8916232554e62e7791caa513201610d38366c0d73e2e4e84f850eeca33,14000,20033,bdb142e73775f03f2312ac06cfb964c5a129b50288739b58ad73c72cd032a00b,8.2978710067562922,16.3219662510399,47356,30132,0.5083867273789775,0,ok,
edm_5k,/mnt/pixstor/data/xggh8/zw-lab/e009_stage_b_edm5k_30000kimg/network-snapshot-014000.pkl,7a6c9f8916232554e62e7791caa513201610d38366c0d73e2e4e84f850eeca33,14000,20034,66f97820629ee2f04d2ed51e3148362c2451845733feee861e840d9091f9d91e,16.377031085095471,17.230082247783844,33571,37803,0.95049059253341095,0,ok,
edm_5k,/mnt/pixstor/data/xggh8/zw-lab/e009_stage_b_edm5k_30000kimg/network-snapshot-014000.pkl,7a6c9f8916232554e62e7791caa513201610d38366c0d73e2e4e84f850eeca33,14000,20035,884319cb4e38e93f2dd847b7dddae3159b04bf80763c800b8db6c6787c7b6bea,12.820954842098349,13.411557107026006,20770,43826,0.95596318457174112,0,ok,
edm_5k,/mnt/pixstor/data/xggh8/zw-lab/e009_stage_b_edm5k_30000kimg/network-snapshot-014000.pkl,7a6c9f8916232554e62e7791caa513201610d38366c0d73e2e4e84f850eeca33,14000,20036,f60195938f407e982b77afa321b63ed6fce0545fe7394f3a9ac450ca418aeb04,16.88404823170718,18.598543376509504,15768,34759,0.90781562243375569,0,ok,
edm_5k,/mnt/pixstor/data/xggh8/zw-lab/e009_stage_b_edm5k_30000kimg/network-snapshot-014000.pkl,7a6c9f8916232554e62e7791caa513201610d38366c0d73e2e4e84f850eeca33,14000,20037,8eafd81ac7f55c1eb4d0ee15299e225d69a788f1ab8faab4da2360df9b766338,15.612437019217259,18.129686924955546,47550,38995,0.86115315084270494,0,ok,
edm_5k,/mnt/pixstor/data/xggh8/zw-lab/e009_stage_b_edm5k_30000kimg/network-snapshot-014000.pkl,7a6c9f8916232554e62e7791caa513201610d38366c0d73e2e4e84f850eeca33,14000,20038,a4abfd943786d104729dd8598ce9e8e59e9ec3bd41f0aef9241a64982b56666c,11.532106484251313,12.530762209633149,32024,10551,0.92030367277944924,0,ok,
edm_5k,/mnt/pixstor/data/xggh8/zw-lab/e009_stage_b_edm5k_30000kimg/network-snapshot-014000.pkl,7a6c9f8916232554e62e7791caa513201610d38366c0d73e2e4e84f850eeca33,14000,20039,14b16c0846d148dc966d755cbc7324e90606256246c32cf89256b5d092bd44f5,9.9485615735311121,11.286446680626595,16683,20051,0.88146091104191471,0,ok,
edm_5k,/mnt/pixstor/data/xggh8/zw-lab/e009_stage_b_edm5k_30000kimg/network-snapshot-014000.pkl,7a6c9f8916232554e62e7791caa513201610d38366c0d73e2e4e84f850eeca33,14000,20040,f3adb2489265d870dcd8c7637d0f69973c4248c4a6bb359ffa52767859880495,12.283043621037724,13.61478637209491,37719,26590,0.90218408760443369,0,ok,
edm_5k,/mnt/pixstor/data/xggh8/zw-lab/e009_stage_b_edm5k_30000kimg/network-snapshot-014000.pkl,7a6c9f8916232554e62e7791caa513201610d38366c0d73e2e4e84f850eeca33,14000,20041,990167e9b76fe3317db3791e8833d379b9a4c9df013b7376bba6efc093030bbd,16.770267214977419,16.83261998129835,29779,3157,0.99629571829042618,0,ok,
edm_5k,/mnt/pixstor/data/xggh8/zw-lab/e009_stage_b_edm5k_30000kimg/network-snapshot-014000.pkl,7a6c9f8916232554e62e7791caa513201610d38366c0d73e2e4e84f850eeca33,14000,20042,830a3f9903e8c467477ce25481a14beec3899807bdaee728304f14dbf73b3c61,15.319238363302791,16.894244566035951,15768,29437,0.90677261735043546,0,ok,
edm_5k,/mnt/pixstor/data/xggh8/zw-lab/e009_stage_b_edm5k_30000kimg/network-snapshot-014000.pkl,7a6c9f8916232554e62e7791caa513201610d38366c0d73e2e4e84f850eeca33,14000,20043,14762c7f1bd3f215a4c51bce56d3504966bcf8afc246ee15eed10b3d4fe3e928,17.376991430650712,17.729952700814625,27642,2567,0.98009237384216508,0,ok,
edm_5k,/mnt/pixstor/data/xggh8/zw-lab/e009_stage_b_edm5k_30000kimg/network-snapshot-014000.pkl,7a6c9f8916232554e62e7791caa513201610d38366c0d73e2e4e84f850eeca33,14000,20044,a01c2570d9b1cef9d31ceff571791879fc0db8a6d7f6e6c8f9227aa04a1fc595,14.082399184535467,14.170781700172975,23630,16683,0.99376304585678366,0,ok,
edm_5k,/mnt/pixstor/data/xggh8/zw-lab/e009_stage_b_edm5k_30000kimg/network-snapshot-014000.pkl,7a6c9f8916232554e62e7791caa513201610d38366c0d73e2e4e84f850eeca33,14000,20045,a20910f01b3a0b8ae7d3bf0ac8887751cde4456cb839fc77e8d56c63492a13bc,11.678213696814328,16.379178082525979,46725,4516,0.71299143571026657,0,ok,
edm_5k,/mnt/pixstor/data/xggh8/zw-lab/e009_stage_b_edm5k_30000kimg/network-snapshot-014000.pkl,7a6c9f8916232554e62e7791caa513201610d38366c0d73e2e4e84f850eeca33,14000,20046,b3d21e879a047b6bb99e43a43f1064096e9e4c303b2b839220d8d1bd75a1fb04,18.503761714616129,19.233619246827516,16683,37603,0.96205303209733795,0,ok,
edm_5k,/mnt/pixstor/data/xggh8/zw-lab/e009_stage_b_edm5k_30000kimg/network-snapshot-014000.pkl,7a6c9f8916232554e62e7791caa513201610d38366c0d73e2e4e84f850eeca33,14000,20047,2265b57dfa88138ecfe83822bbc8530d9d6a39f1a8c3e2a36aadac8a7be5f3e2,19.803760556688058,20.393754441178157,25406,12649,0.97106987405424428,0,ok,
edm_5k,/mnt/pixstor/data/xggh8/zw-lab/e009_stage_b_edm5k_30000kimg/network-snapshot-014000.pkl,7a6c9f8916232554e62e7791caa513201610d38366c0d73e2e4e84f850eeca33,14000,20048,ed95f6d1347848fe9c6530df3af56bb553cedeb7b39b890a759f3a49c8fc8415,13.694904484413245,14.683810088584037,29779,46725,0.93265333736918732,0,ok,
edm_5k,/mnt/pixstor/data/xggh8/zw-lab/e009_stage_b_edm5k_30000kimg/network-snapshot-014000.pkl,7a6c9f8916232554e62e7791caa513201610d38366c0d73e2e4e84f850eeca33,14000,20049,bfcd5e62dcceea449ce0cfc12f3e62bd933b7a6958e94c5b9ea558d11e404347,12.439242618001723,13.768889811116169,29779,44302,0.90343105280420144,0,ok,
edm_5k,/mnt/pixstor/data/xggh8/zw-lab/e009_stage_b_edm5k_30000kimg/network-snapshot-014000.pkl,7a6c9f8916232554e62e7791caa513201610d38366c0d73e2e4e84f850eeca33,14000,20050,7d3b04ebf8339def6705b7b6eb448ad45a3718f93e2f1e2d97102564b65e958f,16.783929886044135,19.048229741373476,4827,40908,0.88112806879837258,0,ok,
edm_5k,/mnt/pixstor/data/xggh8/zw-lab/e009_stage_b_edm5k_30000kimg/network-snapshot-014000.pkl,7a6c9f8916232554e62e7791caa513201610d38366c0d73e2e4e84f850eeca33,14000,20051,76fda5378dbb57a358c6cf9a2b47c1175aec207b21db6faf645fe96c3ee723f5,15.533607523175352,15.55540977201732,39111,8398,0.99859841372477443,0,ok,
edm_5k,/mnt/pixstor/data/xggh8/zw-lab/e009_stage_b_edm5k_30000kimg/network-snapshot-014000.pkl,7a6c9f8916232554e62e7791caa513201610d38366c0d73e2e4e84f850eeca33,14000,20052,374454401172a459b38e99ecea7d2deecfde7669c292dea21cae7b6cc42e2a7b,15.655110741585624,16.180255584992047,32024,40908,0.96754409467465274,0,ok,
edm_5k,/mnt/pixstor/data/xggh8/zw-lab/e009_stage_b_edm5k_30000kimg/network-snapshot-014000.pkl,7a6c9f8916232554e62e7791caa513201610d38366c0d73e2e4e84f850eeca33,14000,20053,3bf6b991e388e6f953f430fc7a05da3a772b0d5ca7589b195509654d6e8fedbc,10.461384382827285,11.132048044254418,18082,44302,0.93975379384269886,0,ok,
edm_5k,/mnt/pixstor/data/xggh8/zw-lab/e009_stage_b_edm5k_30000kimg/network-snapshot-014000.pkl,7a6c9f8916232554e62e7791caa513201610d38366c0d73e2e4e84f850eeca33,14000,20054,cb82c159b76b179cf0af348fea772a03a46d258e815cf8be3ff9eb442bef1951,16.512883288879411,16.800023015695331,17844,26860,0.98290837300950951,0,ok,
edm_5k,/mnt/pixstor/data/xggh8/zw-lab/e009_stage_b_edm5k_30000kimg/network-snapshot-014000.pkl,7a6c9f8916232554e62e7791caa513201610d38366c0d73e2e4e84f850eeca33,14000,20055,056397e03450a024621adfb0056418653ea1bf76cdaef353db293294f10572a5,15.711444361649544,16.209651784694291,32024,15904,0.96926476708678155,0,ok,
edm_5k,/mnt/pixstor/data/xggh8/zw-lab/e009_stage_b_edm5k_30000kimg/network-snapshot-014000.pkl,7a6c9f8916232554e62e7791caa513201610d38366c0d73e2e4e84f850eeca33,14000,20056,9767e9828f58c1cdeb432c2b364f8b922316717b35cc450f471a5bfa5741c7cc,16.737548652073663,18.193533833784549,31249,43951,0.91997238167072359,0,ok,
edm_5k,/mnt/pixstor/data/xggh8/zw-lab/e009_stage_b_edm5k_30000kimg/network-snapshot-014000.pkl,7a6c9f8916232554e62e7791caa513201610d38366c0d73e2e4e84f850eeca33,14000,20057,5b35a9eb7aa2260a03263aef37d19a176b60c6a889ef5ea38c9f8762ee94e988,18.381842813101315,18.767161336981662,18459,30786,0.97946847064606102,0,ok,
edm_5k,/mnt/pixstor/data/xggh8/zw-lab/e009_stage_b_edm5k_30000kimg/network-snapshot-014000.pkl,7a6c9f8916232554e62e7791caa513201610d38366c0d73e2e4e84f850eeca33,14000,20058,3f1f639420d5ba7383cfd7103873a9109983dacc35712fcdba4a13eb487df16c,17.212357812299107,17.434898638467303,31001,25149,0.98723589790896782,0,ok,
edm_5k,/mnt/pixstor/data/xggh8/zw-lab/e009_stage_b_edm5k_30000kimg/network-snapshot-014000.pkl,7a6c9f8916232554e62e7791caa513201610d38366c0d73e2e4e84f850eeca33,14000,20059,11310fa9f92dda735f171cf69b90eb3177fd14854f9f9199cad5788fda229b40,18.982936150665083,19.645533509451198,46712,220,0.96627236626242052,0,ok,
edm_5k,/mnt/pixstor/data/xggh8/zw-lab/e009_stage_b_edm5k_30000kimg/network-snapshot-014000.pkl,7a6c9f8916232554e62e7791caa513201610d38366c0d73e2e4e84f850eeca33,14000,20060,763c219eeeb1c3be96f008ce71c4fd0e10adc4686003419768df6432724a2a54,15.286069846662583,16.872983484342729,5924,22857,0.90594943454115739,0,ok,
edm_5k,/mnt/pixstor/data/xggh8/zw-lab/e009_stage_b_edm5k_30000kimg/network-snapshot-014000.pkl,7a6c9f8916232554e62e7791caa513201610d38366c0d73e2e4e84f850eeca33,14000,20061,c48e8b7f457dc7f8666d00398e6f4d735fec18561368e7501b2735b406836cef,21.217783249824855,21.227298399397821,38324,6230,0.99955174938449842,0,ok,
edm_5k,/mnt/pixstor/data/xggh8/zw-lab/e009_stage_b_edm5k_30000kimg/network-snapshot-014000.pkl,7a6c9f8916232554e62e7791caa513201610d38366c0d73e2e4e84f850eeca33,14000,20062,2eb6576ce0e8aca5d76bf1e94e878615b0ad5d40d094cabc4052494d09252762,19.867530990285438,19.954676704672806,37719,39774,0.99563281752557975,0,ok,
edm_5k,/mnt/pixstor/data/xggh8/zw-lab/e009_stage_b_edm5k_30000kimg/network-snapshot-014000.pkl,7a6c9f8916232554e62e7791caa513201610d38366c0d73e2e4e84f850eeca33,14000,20063,f077c2fc69e8c664dd0e410644438a652049de59b99b804291b2f5c763b3b351,16.199322161063762,16.433889360460224,40529,1276,0.98572661685548224,0,ok,
edm_5k,/mnt/pixstor/data/xggh8/zw-lab/e009_stage_b_edm5k_30000kimg/network-snapshot-014000.pkl,7a6c9f8916232554e62e7791caa513201610d38366c0d73e2e4e84f850eeca33,14000,20064,33f740b497e5aaf74091c5b07947d2c821721e36337fbc098be964d3c6b1d70a,9.0861147101519695,10.077860198173715,16683,20051,0.90159166047952644,0,ok,
edm_5k,/mnt/pixstor/data/xggh8/zw-lab/e009_stage_b_edm5k_30000kimg/network-snapshot-014000.pkl,7a6c9f8916232554e62e7791caa513201610d38366c0d73e2e4e84f850eeca33,14000,20065,e11d3127da1d5af8613a01fe6abd3d896a3f78c5509e435cf682211f1c10ef8d,17.647767141080443,18.489614529334176,37603,46960,0.95446917582202029,0,ok,
edm_5k,/mnt/pixstor/data/xggh8/zw-lab/e009_stage_b_edm5k_30000kimg/network-snapshot-014000.pkl,7a6c9f8916232554e62e7791caa513201610d38366c0d73e2e4e84f850eeca33,14000,20066,69faccf03b976c4ded22aeace60676e1608cf2f24e5026fecc974da13f4251cb,21.241496304303336,22.490781086404429,32953,6230,0.94445347285620596,0,ok,
edm_5k,/mnt/pixstor/data/xggh8/zw-lab/e009_stage_b_edm5k_30000kimg/network-snapshot-014000.pkl,7a6c9f8916232554e62e7791caa513201610d38366c0d73e2e4e84f850eeca33,14000,20067,d2afdf7b0f3a2e94585a640a7de5f9713233da424d3b433c23bd3f74948914a3,19.323052900480096,19.504896538505403,1220,21934,0.99067702627048948,0,ok,
edm_5k,/mnt/pixstor/data/xggh8/zw-lab/e009_stage_b_edm5k_30000kimg/network-snapshot-014000.pkl,7a6c9f8916232554e62e7791caa513201610d38366c0d73e2e4e84f850eeca33,14000,20068,3f89e83ba6028e1152415a0326dac1ff40c45060af04fcb0edcf1b5c1bfd0e04,15.989263979177764,17.300517938001505,2567,7813,0.92420724260841336,0,ok,
edm_5k,/mnt/pixstor/data/xggh8/zw-lab/e009_stage_b_edm5k_30000kimg/network-snapshot-014000.pkl,7a6c9f8916232554e62e7791caa513201610d38366c0d73e2e4e84f850eeca33,14000,20069,4f1cfb2829703f482af7d0ecd4c3d2761ddb2ecefbf9621414a85e682d7b915f,20.289591701872681,20.39533537436542,33602,47671,0.99481530111901728,0,ok,
edm_5k,/mnt/pixstor/data/xggh8/zw-lab/e009_stage_b_edm5k_30000kimg/network-snapshot-014000.pkl,7a6c9f8916232554e62e7791caa513201610d38366c0d73e2e4e84f850eeca33,14000,20070,bf449d7f50a25898d7c41cff342d110d7cf555febf6b1025d1fc173e863a6134,16.915649140994748,27.841932906934439,27792,18459,0.60756015746240299,0,ok,
edm_5k,/mnt/pixstor/data/xggh8/zw-lab/e009_stage_b_edm5k_30000kimg/network-snapshot-014000.pkl,7a6c9f8916232554e62e7791caa513201610d38366c0d73e2e4e84f850eeca33,14000,20071,88c5dde44a1648d147d4476be1fe25d7ca73e42a43f455bc0a1c76693a61e3ce,14.593328040307901,15.346252297572549,1721,39913,0.95093758119800065,0,ok,
edm_5k,/mnt/pixstor/data/xggh8/zw-lab/e009_stage_b_edm5k_30000kimg/network-snapshot-014000.pkl,7a6c9f8916232554e62e7791caa513201610d38366c0d73e2e4e84f850eeca33,14000,20072,58a58557ba77b129951f2c5eda26b8e999c5ebfc6b82f66d566dd9effbafd366,11.58282872577086,11.608737220140327,32024,10551,0.99776819012454532,0,ok,
edm_5k,/mnt/pixstor/data/xggh8/zw-lab/e009_stage_b_edm5k_30000kimg/network-snapshot-014000.pkl,7a6c9f8916232554e62e7791caa513201610d38366c0d73e2e4e84f850eeca33,14000,20073,140c8f559f4b4068b29860524294cb68df2c43ccb65aa71f45f8cd9c3d995f57,19.989131887631469,20.830864155362278,28921,786,0.95959206197818103,0,ok,
edm_5k,/mnt/pixstor/data/xggh8/zw-lab/e009_stage_b_edm5k_30000kimg/network-snapshot-014000.pkl,7a6c9f8916232554e62e7791caa513201610d38366c0d73e2e4e84f850eeca33,14000,20074,d11b899da38d29cfacc97e9d8aaf52e96f67e020f81ed0efaadc5e20e86f0601,17.110558592997425,20.726264662273874,41603,11710,0.82554955616977199,0,ok,
edm_5k,/mnt/pixstor/data/xggh8/zw-lab/e009_stage_b_edm5k_30000kimg/network-snapshot-014000.pkl,7a6c9f8916232554e62e7791caa513201610d38366c0d73e2e4e84f850eeca33,14000,20075,560d3bd6ef20bfe202e3e6f78d18dcd92a05e3ac94370413f7ccdbf21c20d265,17.567786821888372,17.720119311276679,49860,13435,0.99140341626868356,0,ok,
edm_5k,/mnt/pixstor/data/xggh8/zw-lab/e009_stage_b_edm5k_30000kimg/network-snapshot-014000.pkl,7a6c9f8916232554e62e7791caa513201610d38366c0d73e2e4e84f850eeca33,14000,20076,9deeecf2cbf2e85c1879cb57f0509ae235eeeaab57ed1e0898196cfcd10aea3b,18.40351895742667,18.718908785953115,21936,43951,0.98315127061449659,0,ok,
edm_5k,/mnt/pixstor/data/xggh8/zw-lab/e009_stage_b_edm5k_30000kimg/network-snapshot-014000.pkl,7a6c9f8916232554e62e7791caa513201610d38366c0d73e2e4e84f850eeca33,14000,20077,e2e417cf7980bd1d1dbddf93cef678ef35c1010eac9dc17f75ba6605a9ee5c30,21.566100768335794,22.581487006536197,34360,44542,0.9550345715538352,0,ok,
edm_5k,/mnt/pixstor/data/xggh8/zw-lab/e009_stage_b_edm5k_30000kimg/network-snapshot-014000.pkl,7a6c9f8916232554e62e7791caa513201610d38366c0d73e2e4e84f850eeca33,14000,20078,8b808b007d166075aaa3f1929ae2126ce234d5f56cd4d310696ffe69eaa473cc,12.286530507815781,13.701749057741257,21934,19604,0.89671256246472408,0,ok,
edm_5k,/mnt/pixstor/data/xggh8/zw-lab/e009_stage_b_edm5k_30000kimg/network-snapshot-014000.pkl,7a6c9f8916232554e62e7791caa513201610d38366c0d73e2e4e84f850eeca33,14000,20079,b3d041613ebecee753730d18698b5c23f254a76953e64203a26dd03f1067defb,17.875791074584537,17.898219541406522,19923,7496,0.99874688838350101,0,ok,
edm_5k,/mnt/pixstor/data/xggh8/zw-lab/e009_stage_b_edm5k_30000kimg/network-snapshot-014000.pkl,7a6c9f8916232554e62e7791caa513201610d38366c0d73e2e4e84f850eeca33,14000,20080,ae82331ff28d8ec86ca4e9c7bb86cefc8abb52b65ca5c3ecc41f782bac2586a0,15.421400251941586,18.127074928783912,34696,22857,0.8507384844233199,0,ok,
edm_5k,/mnt/pixstor/data/xggh8/zw-lab/e009_stage_b_edm5k_30000kimg/network-snapshot-014000.pkl,7a6c9f8916232554e62e7791caa513201610d38366c0d73e2e4e84f850eeca33,14000,20081,65c9edd804122ef323aeef8c3895c4efb01cb4fac6ba3dcc72d31eb580a9d243,11.401684927358653,13.900549268733878,11710,30786,0.82023269058900783,0,ok,
edm_5k,/mnt/pixstor/data/xggh8/zw-lab/e009_stage_b_edm5k_30000kimg/network-snapshot-014000.pkl,7a6c9f8916232554e62e7791caa513201610d38366c0d73e2e4e84f850eeca33,14000,20082,09aa583835241b16c4a3f6c06f943acf1cd19f2df97b5167b9aec946a8353131,22.383945889266748,24.983379284852269,43052,45102,0.89595349108110489,0,ok,
edm_5k,/mnt/pixstor/data/xggh8/zw-lab/e009_stage_b_edm5k_30000kimg/network-snapshot-014000.pkl,7a6c9f8916232554e62e7791caa513201610d38366c0d73e2e4e84f850eeca33,14000,20083,4934860e8298374c9f028ae09b8c98ad2d84c7e800fbd4bc9616b2105b47e113,12.728523168459045,13.314130844233567,11207,29437,0.95601607926001775,0,ok,
edm_5k,/mnt/pixstor/data/xggh8/zw-lab/e009_stage_b_edm5k_30000kimg/network-snapshot-014000.pkl,7a6c9f8916232554e62e7791caa513201610d38366c0d73e2e4e84f850eeca33,14000,20084,91b560b4334a451692e9bbf58cafd8918ef0dcfa453e77c5ccdcbc9c599a1cf7,17.316046011518004,17.774807027168805,33343,34315,0.97419037996026714,0,ok,
edm_5k,/mnt/pixstor/data/xggh8/zw-lab/e009_stage_b_edm5k_30000kimg/network-snapshot-014000.pkl,7a6c9f8916232554e62e7791caa513201610d38366c0d73e2e4e84f850eeca33,14000,20085,06ee332963904602c46fe2ff9d4ea9aad543e128203e46d16a965e90598e79cc,15.979213104493832,16.218059235448838,37558,37719,0.98527282904276581,0,ok,
edm_5k,/mnt/pixstor/data/xggh8/zw-lab/e009_stage_b_edm5k_30000kimg/network-snapshot-014000.pkl,7a6c9f8916232554e62e7791caa513201610d38366c0d73e2e4e84f850eeca33,14000,20086,608a69cd7ab0c6e409c109b723fe14ff4befc0500d78a5477199077a1ee4e3cb,16.277284618095422,18.021483455917238,38154,43951,0.90321557922307893,0,ok,
edm_5k,/mnt/pixstor/data/xggh8/zw-lab/e009_stage_b_edm5k_30000kimg/network-snapshot-014000.pkl,7a6c9f8916232554e62e7791caa513201610d38366c0d73e2e4e84f850eeca33,14000,20087,63ebe0b5621fb6d018c18f2efaef400762a08f88b4365eefd8c27211900b065d,9.4183285420984877,9.5212314224710415,13533,32024,0.98919227190196291,0,ok,
edm_5k,/mnt/pixstor/data/xggh8/zw-lab/e009_stage_b_edm5k_30000kimg/network-snapshot-014000.pkl,7a6c9f8916232554e62e7791caa513201610d38366c0d73e2e4e84f850eeca33,14000,20088,f845847986b4b8b3029fb41219b13a2489db4dd3faff31c38bd850f9c8388afa,10.184531575458944,14.5034523236805,7187,39915,0.70221429685607739,0,ok,
edm_5k,/mnt/pixstor/data/xggh8/zw-lab/e009_stage_b_edm5k_30000kimg/network-snapshot-014000.pkl,7a6c9f8916232554e62e7791caa513201610d38366c0d73e2e4e84f850eeca33,14000,20089,8c33c00135bf654198e360894b68f861a7f47b6a0942f4c39264e4e205ea92a4,17.49467533823098,17.660022441615631,34315,37719,0.9906372087616937,0,ok,
edm_5k,/mnt/pixstor/data/xggh8/zw-lab/e009_stage_b_edm5k_30000kimg/network-snapshot-014000.pkl,7a6c9f8916232554e62e7791caa513201610d38366c0d73e2e4e84f850eeca33,14000,20090,6110bd38ba7e6a5751bc6b970c9d8399e8c71d2fe904eb9007ca36b5954e724c,19.779671143183773,19.870658957396337,26590,37803,0.99542099663591199,0,ok,
edm_5k,/mnt/pixstor/data/xggh8/zw-lab/e009_stage_b_edm5k_30000kimg/network-snapshot-014000.pkl,7a6c9f8916232554e62e7791caa513201610d38366c0d73e2e4e84f850eeca33,14000,20091,315ad291ec81faada0cf783e5d5b1a92a16608324377bee8bbc58d1c4af71602,18.404302313057702,18.551309712619837,23630,16683,0.99207563229553919,0,ok,
edm_5k,/mnt/pixstor/data/xggh8/zw-lab/e009_stage_b_edm5k_30000kimg/network-snapshot-014000.pkl,7a6c9f8916232554e62e7791caa513201610d38366c0d73e2e4e84f850eeca33,14000,20092,a5b67a5e612059b9ea5c8293c5b51639c7b75d661b9c2bc8ba1f90d81b95ee33,14.115312535574352,15.032203328748116,29779,271,0.93900489681241406,0,ok,
edm_5k,/mnt/pixstor/data/xggh8/zw-lab/e009_stage_b_edm5k_30000kimg/network-snapshot-014000.pkl,7a6c9f8916232554e62e7791caa513201610d38366c0d73e2e4e84f850eeca33,14000,20093,9cb789a6d2ba12744f89e986866e6272afa3db2b9b2419c85dc688e526ef9c1e,17.062750640106184,19.153101583410695,35674,7187,0.89086096921685776,0,ok,
edm_5k,/mnt/pixstor/data/xggh8/zw-lab/e009_stage_b_edm5k_30000kimg/network-snapshot-014000.pkl,7a6c9f8916232554e62e7791caa513201610d38366c0d73e2e4e84f850eeca33,14000,20094,eaa7de64ea7c74714cb38c8f51ed58d3eb6ee9f5d05a7554d99c8567f1652b5f,16.7222179509555,17.02203074200359,29779,25149,0.98238677889893178,0,ok,
edm_5k,/mnt/pixstor/data/xggh8/zw-lab/e009_stage_b_edm5k_30000kimg/network-snapshot-014000.pkl,7a6c9f8916232554e62e7791caa513201610d38366c0d73e2e4e84f850eeca33,14000,20095,991cad92e47fe4cb2fcfcb77d43dfd257ff4dd477f3bd85b0b7affe072b98f95,21.695124390179338,22.614681933142187,38154,42837,0.9593380289105361,0,ok,
edm_5k,/mnt/pixstor/data/xggh8/zw-lab/e009_stage_b_edm5k_30000kimg/network-snapshot-014000.pkl,7a6c9f8916232554e62e7791caa513201610d38366c0d73e2e4e84f850eeca33,14000,20096,e3cbb338a9a6245b1a97161c147ae7ac378b457bb1e7f7ab30db137d3862c155,22.764056596978286,24.255143138118793,22518,25486,0.9385249333450788,0,ok,
edm_5k,/mnt/pixstor/data/xggh8/zw-lab/e009_stage_b_edm5k_30000kimg/network-snapshot-014000.pkl,7a6c9f8916232554e62e7791caa513201610d38366c0d73e2e4e84f850eeca33,14000,20097,9bcfae32ee4b739883712d85ed0d656bb3e5ed3d985a00bf7946c2cd54024a9a,19.006080704492263,19.134106721601484,47886,47048,0.99330901520661607,0,ok,
edm_5k,/mnt/pixstor/data/xggh8/zw-lab/e009_stage_b_edm5k_30000kimg/network-snapshot-014000.pkl,7a6c9f8916232554e62e7791caa513201610d38366c0d73e2e4e84f850eeca33,14000,20098,5d6fe52fc14d3697ad6b9e2a5a4976d506da62611289ce04e376950405181515,18.542616886340362,18.801874765999177,12277,737,0.98621106230706046,0,ok,
edm_5k,/mnt/pixstor/data/xggh8/zw-lab/e009_stage_b_edm5k_30000kimg/network-snapshot-014000.pkl,7a6c9f8916232554e62e7791caa513201610d38366c0d73e2e4e84f850eeca33,14000,20099,7cc019782477032394983fb4cfa90b39e047e6e42d24e9ece2ab79aef43b38ef,20.283291376719166,21.687349702219027,25744,26351,0.93525910981385618,0,ok,
edm_5k,/mnt/pixstor/data/xggh8/zw-lab/e009_stage_b_edm5k_30000kimg/network-snapshot-014000.pkl,7a6c9f8916232554e62e7791caa513201610d38366c0d73e2e4e84f850eeca33,14000,20100,e527cafd39aecd9de852f40c1064f91ea55d8c93291f39ffe034ef552fae544d,14.413903211907991,17.340499256746568,1220,21934,0.83122769411036745,0,ok,
edm_5k,/mnt/pixstor/data/xggh8/zw-lab/e009_stage_b_edm5k_30000kimg/network-snapshot-014000.pkl,7a6c9f8916232554e62e7791caa513201610d38366c0d73e2e4e84f850eeca33,14000,20101,410de1bae94d24e276026f4bb83e1b428d9ecd08d33114f85811477deff6fc1a,17.626494205201766,18.493105487251285,21934,17844,0.95313868281090264,0,ok,
edm_5k,/mnt/pixstor/data/xggh8/zw-lab/e009_stage_b_edm5k_30000kimg/network-snapshot-014000.pkl,7a6c9f8916232554e62e7791caa513201610d38366c0d73e2e4e84f850eeca33,14000,20102,621e803af84fb676bc238f5575bce58aaa22ecd8775d777a10f86b4999e95c00,17.504305981594328,18.102056719758284,11710,9332,0.96697884956290547,0,ok,
edm_5k,/mnt/pixstor/data/xggh8/zw-lab/e009_stage_b_edm5k_30000kimg/network-snapshot-014000.pkl,7a6c9f8916232554e62e7791caa513201610d38366c0d73e2e4e84f850eeca33,14000,20103,03c2e6ddbf3af5b74d4edae7622e8ac96084cfdce0063a59a09a8e66201f32bf,13.221125770352883,15.634328002787768,7690,44302,0.84564720453577624,0,ok,
edm_5k,/mnt/pixstor/data/xggh8/zw-lab/e009_stage_b_edm5k_30000kimg/network-snapshot-014000.pkl,7a6c9f8916232554e62e7791caa513201610d38366c0d73e2e4e84f850eeca33,14000,20104,62eb213256814c6cc58ac6ce7d7be3d602b7960b5b5a61aa411c52a41a4159dd,15.886090310573513,16.247516821878627,44173,1276,0.97775496925053662,0,ok,
edm_5k,/mnt/pixstor/data/xggh8/zw-lab/e009_stage_b_edm5k_30000kimg/network-snapshot-014000.pkl,7a6c9f8916232554e62e7791caa513201610d38366c0d73e2e4e84f850eeca33,14000,20105,234100b9ba7c13b904519c30b7bbae8093ac85450b83f8fab5c79c1042221d21,12.087748903622654,15.330007226149524,12277,34019,0.78850249222346669,0,ok,
edm_5k,/mnt/pixstor/data/xggh8/zw-lab/e009_stage_b_edm5k_30000kimg/network-snapshot-014000.pkl,7a6c9f8916232554e62e7791caa513201610d38366c0d73e2e4e84f850eeca33,14000,20106,78601120e0a28a3ea4c0bfc62b43b631e56c3a5f06b5bc24753d910370a3ec8e,17.218267502619128,17.285783559815389,2567,42642,0.99609412804674835,0,ok,
edm_5k,/mnt/pixstor/data/xggh8/zw-lab/e009_stage_b_edm5k_30000kimg/network-snapshot-014000.pkl,7a6c9f8916232554e62e7791caa513201610d38366c0d73e2e4e84f850eeca33,14000,20107,15903bb921b590d2861d4d3bf5d4afcf91551c3d2aeabd6ece165b0f5ebc2361,18.008166104605213,18.189295424244076,46008,43777,0.99004198263790688,0,ok,
edm_5k,/mnt/pixstor/data/xggh8/zw-lab/e009_stage_b_edm5k_30000kimg/network-snapshot-014000.pkl,7a6c9f8916232554e62e7791caa513201610d38366c0d73e2e4e84f850eeca33,14000,20108,db08321aba16ade4fc7807eba5a84fcaa86e1150c12ed53ecb5e506dd4609695,18.860362479941273,20.954786044888753,832,8275,0.9000503483805149,0,ok,
edm_5k,/mnt/pixstor/data/xggh8/zw-lab/e009_stage_b_edm5k_30000kimg/network-snapshot-014000.pkl,7a6c9f8916232554e62e7791caa513201610d38366c0d73e2e4e84f850eeca33,14000,20109,fdcca8130cc6facd99e064e3d5fafc002edacfc95927eb80ab064213086d7960,13.053980152063426,14.625068761512944,10551,32953,0.89257564288627722,0,ok,
edm_5k,/mnt/pixstor/data/xggh8/zw-lab/e009_stage_b_edm5k_30000kimg/network-snapshot-014000.pkl,7a6c9f8916232554e62e7791caa513201610d38366c0d73e2e4e84f850eeca33,14000,20110,26bde42b3d991ce725a899bf34040147dfe5f13a822ebb35b7769c9367604f99,12.830257197985722,13.216080048998871,44302,16683,0.97080655916257297,0,ok,
edm_5k,/mnt/pixstor/data/xggh8/zw-lab/e009_stage_b_edm5k_30000kimg/network-snapshot-014000.pkl,7a6c9f8916232554e62e7791caa513201610d38366c0d73e2e4e84f850eeca33,14000,20111,b45a408c6e1bae4496c31f59cc85eb780da93d08894504cf9dc4490d895ffb13,18.039196395075731,19.266668519313026,36219,49576,0.93629038030073186,0,ok,
edm_5k,/mnt/pixstor/data/xggh8/zw-lab/e009_stage_b_edm5k_30000kimg/network-snapshot-014000.pkl,7a6c9f8916232554e62e7791caa513201610d38366c0d73e2e4e84f850eeca33,14000,20112,a4447dce5b7beaee04f46ccf38e46644e972ef591ff41b74b09dd1dc4e47c1e3,17.985079859054743,18.90208267072672,13919,2166,0.95148667860329905,0,ok,
edm_5k,/mnt/pixstor/data/xggh8/zw-lab/e009_stage_b_edm5k_30000kimg/network-snapshot-014000.pkl,7a6c9f8916232554e62e7791caa513201610d38366c0d73e2e4e84f850eeca33,14000,20113,d83a3932fe325deedfcf051708975556e4864c79eece09cb1990f3b22031b1ff,19.206575632553854,21.457616053603701,47045,47886,0.89509363876087267,0,ok,
edm_5k,/mnt/pixstor/data/xggh8/zw-lab/e009_stage_b_edm5k_30000kimg/network-snapshot-014000.pkl,7a6c9f8916232554e62e7791caa513201610d38366c0d73e2e4e84f850eeca33,14000,20114,b7f981bd72f4d1e65287afd284749b9e77be8455db8cde98cf97fa6aa02eb71a,15.695133760505151,16.477169889315167,31572,26376,0.95253820079156082,0,ok,
edm_5k,/mnt/pixstor/data/xggh8/zw-lab/e009_stage_b_edm5k_30000kimg/network-snapshot-014000.pkl,7a6c9f8916232554e62e7791caa513201610d38366c0d73e2e4e84f850eeca33,14000,20115,350d2dc33b101ad5489f0042e6f22ea5d750b510acf9c5a89decf7901c9d610e,14.631582834832836,16.864467374019231,21934,38676,0.86759827691763958,0,ok,
edm_5k,/mnt/pixstor/data/xggh8/zw-lab/e009_stage_b_edm5k_30000kimg/network-snapshot-014000.pkl,7a6c9f8916232554e62e7791caa513201610d38366c0d73e2e4e84f850eeca33,14000,20116,4462c13b5d06759cf122fca89d923b9b8bc293f0e8787e5de51c0294e2531cf5,16.10318040808361,16.344890162992336,737,12277,0.98521190705484218,0,ok,
edm_5k,/mnt/pixstor/data/xggh8/zw-lab/e009_stage_b_edm5k_30000kimg/network-snapshot-014000.pkl,7a6c9f8916232554e62e7791caa513201610d38366c0d73e2e4e84f850eeca33,14000,20117,960bbb3db021a9ebb9f0d0316400b2c7230c8a6c87831426aa8725b6da816ee1,18.518371832841389,24.870284980649767,17938,42837,0.74459829661178145,0,ok,
edm_5k,/mnt/pixstor/data/xggh8/zw-lab/e009_stage_b_edm5k_30000kimg/network-snapshot-014000.pkl,7a6c9f8916232554e62e7791caa513201610d38366c0d73e2e4e84f850eeca33,14000,20118,df21b83d233f74af457b4d2fb2a02be26614303b7b7b783714cf25601931ea9c,16.29275027535623,16.446766044400306,2567,39913,0.99063549827192232,0,ok,
edm_5k,/mnt/pixstor/data/xggh8/zw-lab/e009_stage_b_edm5k_30000kimg/network-snapshot-014000.pkl,7a6c9f8916232554e62e7791caa513201610d38366c0d73e2e4e84f850eeca33,14000,20119,797187eac861e847191e0370c3d49802c82051e3e74de546b15846c661e8a778,19.616869974092268,19.722364881557425,6525,14410,0.99465100113000104,0,ok,
edm_5k,/mnt/pixstor/data/xggh8/zw-lab/e009_stage_b_edm5k_30000kimg/network-snapshot-014000.pkl,7a6c9f8916232554e62e7791caa513201610d38366c0d73e2e4e84f850eeca33,14000,20120,6e0874a05eb5fc434bfd128c8c45c63952888cd192b376b8ed6e2f4eb8dbe059,16.71853949883301,17.04253725782069,32953,36170,0.98098887776589716,0,ok,
edm_5k,/mnt/pixstor/data/xggh8/zw-lab/e009_stage_b_edm5k_30000kimg/network-snapshot-014000.pkl,7a6c9f8916232554e62e7791caa513201610d38366c0d73e2e4e84f850eeca33,14000,20121,85bab23d8f0fcab7445c2485f9de22890bada8c2ed136b0c5969d01707585472,20.378504880179118,22.470838268196392,9841,34035,0.90688672300318174,0,ok,
edm_5k,/mnt/pixstor/data/xggh8/zw-lab/e009_stage_b_edm5k_30000kimg/network-snapshot-014000.pkl,7a6c9f8916232554e62e7791caa513201610d38366c0d73e2e4e84f850eeca33,14000,20122,9658dde13444049c6aa8f9215745f08d7eec8dff5538b84a6d3874e97d213d4f,14.038522622287898,14.221477291578109,11207,31249,0.98713532599046117,0,ok,
edm_5k,/mnt/pixstor/data/xggh8/zw-lab/e009_stage_b_edm5k_30000kimg/network-snapshot-014000.pkl,7a6c9f8916232554e62e7791caa513201610d38366c0d73e2e4e84f850eeca33,14000,20123,00f9b65cba79d032a02991bee6603f6842f1a659cb3b98ef78b2343a06f43716,18.033423766957188,20.264071861925295,18459,11207,0.88992103313849125,0,ok,
edm_5k,/mnt/pixstor/data/xggh8/zw-lab/e009_stage_b_edm5k_30000kimg/network-snapshot-014000.pkl,7a6c9f8916232554e62e7791caa513201610d38366c0d73e2e4e84f850eeca33,14000,20124,5fdf4d6be6d730a6dfa5a2658e77fdc1779928eb9e201486e73d4ffed313933b,16.48630722535589,16.975831911409127,39915,7187,0.97116343466359156,0,ok,
edm_5k,/mnt/pixstor/data/xggh8/zw-lab/e009_stage_b_edm5k_30000kimg/network-snapshot-014000.pkl,7a6c9f8916232554e62e7791caa513201610d38366c0d73e2e4e84f850eeca33,14000,20125,0bae3da77e298f1748c287e9515d6c9611e85a900ca715458bc1b8ba6764369f,11.009831489824592,12.150346976094166,39006,786,0.90613309327597469,0,ok,
edm_5k,/mnt/pixstor/data/xggh8/zw-lab/e009_stage_b_edm5k_30000kimg/network-snapshot-014000.pkl,7a6c9f8916232554e62e7791caa513201610d38366c0d73e2e4e84f850eeca33,14000,20126,30f14e806af06b0bd3663345a1d818666919553d2a6fe6e98d50ddce8bcc2cd3,18.343824573318035,20.281755520838576,39199,44278,0.904449546020343,0,ok,
edm_5k,/mnt/pixstor/data/xggh8/zw-lab/e009_stage_b_edm5k_30000kimg/network-snapshot-014000.pkl,7a6c9f8916232554e62e7791caa513201610d38366c0d73e2e4e84f850eeca33,14000,20127,d028804bce79327b9ce537553ba74356f335b8cdf087617f8049011e7f8bc0ca,14.64828322907516,15.254986258785209,40529,16683,0.96022919854413802,0,ok,
edm_5k,/mnt/pixstor/data/xggh8/zw-lab/e009_stage_b_edm5k_30000kimg/network-snapshot-015000.pkl,d7e4482459106c2fe4d46103847225cd63b9c749206a2a7f1ee803a9ac85b858,15000,20000,2b78385581f543677f6af2ca145140d97b7d2d984fb64fe8611f7685f8de8a39,13.354733577965165,13.462680816191199,22857,29779,0.99198174273758255,0,ok,
edm_5k,/mnt/pixstor/data/xggh8/zw-lab/e009_stage_b_edm5k_30000kimg/network-snapshot-015000.pkl,d7e4482459106c2fe4d46103847225cd63b9c749206a2a7f1ee803a9ac85b858,15000,20001,6e48625bad4d845b6be79797ab1a16f59f61f231faf98499543cd1c45e3659c4,11.238602716971315,12.267476005787083,44302,24779,0.91612999378760507,0,ok,
edm_5k,/mnt/pixstor/data/xggh8/zw-lab/e009_stage_b_edm5k_30000kimg/network-snapshot-015000.pkl,d7e4482459106c2fe4d46103847225cd63b9c749206a2a7f1ee803a9ac85b858,15000,20002,6cffc1b6d767f47b1329ee2142d37dace4683ae0d2948f933056857c26731ebc,21.128927964909533,21.139128933372056,13316,41973,0.99951743666947324,0,ok,
edm_5k,/mnt/pixstor/data/xggh8/zw-lab/e009_stage_b_edm5k_30000kimg/network-snapshot-015000.pkl,d7e4482459106c2fe4d46103847225cd63b9c749206a2a7f1ee803a9ac85b858,15000,20003,c27130f41e84f76263a436d9940042dce726c4fbb8c73e795473f2bb3eeedd22,18.662360168162007,20.76994056373886,33343,29771,0.89852737473614308,0,ok,
edm_5k,/mnt/pixstor/data/xggh8/zw-lab/e009_stage_b_edm5k_30000kimg/network-snapshot-015000.pkl,d7e4482459106c2fe4d46103847225cd63b9c749206a2a7f1ee803a9ac85b858,15000,20004,c4bbfc81b32ade7c8fc41e91c23fdc8f04e03b1a72ed30516b96361ed4e6bd4e,14.909607713517557,16.038987802238744,47886,29779,0.92958532654014825,0,ok,
edm_5k,/mnt/pixstor/data/xggh8/zw-lab/e009_stage_b_edm5k_30000kimg/network-snapshot-015000.pkl,d7e4482459106c2fe4d46103847225cd63b9c749206a2a7f1ee803a9ac85b858,15000,20005,9ee16364ee8d32d4655e83ab8a2713c66cb27a513ead0d7fe20c856a56f4f9af,16.15487684470645,19.23518555884306,7672,4706,0.83986072269937173,0,ok,
edm_5k,/mnt/pixstor/data/xggh8/zw-lab/e009_stage_b_edm5k_30000kimg/network-snapshot-015000.pkl,d7e4482459106c2fe4d46103847225cd63b9c749206a2a7f1ee803a9ac85b858,15000,20006,bc6ceb259f1186e252a89b7d6b26add21a1607d82d460a5391c1b4a1a7647ca7,12.736355943053335,15.6630325571178,21934,12699,0.81314751128864338,0,ok,
edm_5k,/mnt/pixstor/data/xggh8/zw-lab/e009_stage_b_edm5k_30000kimg/network-snapshot-015000.pkl,d7e4482459106c2fe4d46103847225cd63b9c749206a2a7f1ee803a9ac85b858,15000,20007,aeeeb21d2475d05b2d623596b38ffae6d8edffa8c432b0a246a25e005bd5ad0d,27.098162129624438,27.649857683157325,11476,34035,0.98004707438805561,0,ok,
edm_5k,/mnt/pixstor/data/xggh8/zw-lab/e009_stage_b_edm5k_30000kimg/network-snapshot-015000.pkl,d7e4482459106c2fe4d46103847225cd63b9c749206a2a7f1ee803a9ac85b858,15000,20008,c392572ffab9000ce66eb29bcb4d23a90daa317ebfffe6e90ffaa5f4f48cc4a8,27.813388231918193,31.17052152512062,38456,949,0.89229781444314682,0,ok,
edm_5k,/mnt/pixstor/data/xggh8/zw-lab/e009_stage_b_edm5k_30000kimg/network-snapshot-015000.pkl,d7e4482459106c2fe4d46103847225cd63b9c749206a2a7f1ee803a9ac85b858,15000,20009,781e3498e98074e10d716420dfe64f4f031462d1d79e46b3d5d598feda57a5a4,12.698324946368109,14.530130297921508,5924,22857,0.87393056263126334,0,ok,
edm_5k,/mnt/pixstor/data/xggh8/zw-lab/e009_stage_b_edm5k_30000kimg/network-snapshot-015000.pkl,d7e4482459106c2fe4d46103847225cd63b9c749206a2a7f1ee803a9ac85b858,15000,20010,d77ba14cc890389839aace2cd6ea7c97e720c277d74d1b8b4fdad951abf45a62,15.278120338128772,15.922666136659807,9692,29779,0.95952023404880327,0,ok,
edm_5k,/mnt/pixstor/data/xggh8/zw-lab/e009_stage_b_edm5k_30000kimg/network-snapshot-015000.pkl,d7e4482459106c2fe4d46103847225cd63b9c749206a2a7f1ee803a9ac85b858,15000,20011,05c288cf5b71cbfdc0146f1289b13a35b27e48b1dc0503d4b61a253318f429b1,16.786778952043605,23.741392580806963,30616,41057,0.70706799927205566,0,ok,
edm_5k,/mnt/pixstor/data/xggh8/zw-lab/e009_stage_b_edm5k_30000kimg/network-snapshot-015000.pkl,d7e4482459106c2fe4d46103847225cd63b9c749206a2a7f1ee803a9ac85b858,15000,20012,5c6dd2911e6d5e805da96dba0cb65605b473dd02b44f79c944823717be2a2e2e,16.412290924969035,17.131840383195005,1276,12300,0.95799929008609075,0,ok,
edm_5k,/mnt/pixstor/data/xggh8/zw-lab/e009_stage_b_edm5k_30000kimg/network-snapshot-015000.pkl,d7e4482459106c2fe4d46103847225cd63b9c749206a2a7f1ee803a9ac85b858,15000,20013,4e007914afcd026d9b11571e190a11b019f8f0f253599c5c3ad4f3817e7c57a9,16.911205311262755,18.908480478716502,33343,26140,0.89437146101179876,0,ok,
edm_5k,/mnt/pixstor/data/xggh8/zw-lab/e009_stage_b_edm5k_30000kimg/network-snapshot-015000.pkl,d7e4482459106c2fe4d46103847225cd63b9c749206a2a7f1ee803a9ac85b858,15000,20014,56c69f49abcc50857be90e4e647ee491d4b29b1288ce3f6f18f51e67b3a001ad,15.759945811349906,15.82333931873452,38676,48613,0.99599367073487721,0,ok,
edm_5k,/mnt/pixstor/data/xggh8/zw-lab/e009_stage_b_edm5k_30000kimg/network-snapshot-015000.pkl,d7e4482459106c2fe4d46103847225cd63b9c749206a2a7f1ee803a9ac85b858,15000,20015,b706bee636abf3b80997e46179f87e6391314a956156b464dda23ff32e0c3f7b,19.877002847636085,20.871497281732236,12699,49260,0.9523515529014499,0,ok,
edm_5k,/mnt/pixstor/data/xggh8/zw-lab/e009_stage_b_edm5k_30000kimg/network-snapshot-015000.pkl,d7e4482459106c2fe4d46103847225cd63b9c749206a2a7f1ee803a9ac85b858,15000,20016,4aa1382939ecfc184df562daeedc1a27a03879fd1192b5b9cf0f55affbeeb3e7,16.592071737003746,16.950813495063631,14062,20051,0.97883631023582696,0,ok,
edm_5k,/mnt/pixstor/data/xggh8/zw-lab/e009_stage_b_edm5k_30000kimg/network-snapshot-015000.pkl,d7e4482459106c2fe4d46103847225cd63b9c749206a2a7f1ee803a9ac85b858,15000,20017,bc428acb998c3d7661a176477055885ece8e616707ea976d6d32f757088ac3c2,19.939934777491544,21.436058369201607,22870,30085,0.93020528466839647,0,ok,
edm_5k,/mnt/pixstor/data/xggh8/zw-lab/e009_stage_b_edm5k_30000kimg/network-snapshot-015000.pkl,d7e4482459106c2fe4d46103847225cd63b9c749206a2a7f1ee803a9ac85b858,15000,20018,c0072bc787387e906895bdbaaa728f88de17698de747f48d46612005ab987678,15.133747740514531,15.449127538297759,14410,13435,0.97958591532101635,0,ok,
edm_5k,/mnt/pixstor/data/xggh8/zw-lab/e009_stage_b_edm5k_30000kimg/network-snapshot-015000.pkl,d7e4482459106c2fe4d46103847225cd63b9c749206a2a7f1ee803a9ac85b858,15000,20019,365d7c3e63ad5c14ccca1793e81fc173d53bd1d84ba2e2aa09520dd404579ec1,17.476731761237392,17.8341555823676,13535,35588,0.97995846680380039,0,ok,
edm_5k,/mnt/pixstor/data/xggh8/zw-lab/e009_stage_b_edm5k_30000kimg/network-snapshot-015000.pkl,d7e4482459106c2fe4d46103847225cd63b9c749206a2a7f1ee803a9ac85b858,15000,20020,dbde8edca6c26203652c2ff16a46d2e04f9d6a77bd6c36978b9d5ce14ef9fd7d,13.443721633707503,16.655824887783631,9692,47886,0.80714835346089198,0,ok,
edm_5k,/mnt/pixstor/data/xggh8/zw-lab/e009_stage_b_edm5k_30000kimg/network-snapshot-015000.pkl,d7e4482459106c2fe4d46103847225cd63b9c749206a2a7f1ee803a9ac85b858,15000,20021,a4690b5e8f68df3ce83eb748eca514d9548004dc6b3c65f7a6bfdf7e31dc2711,18.280921112635205,18.558781500326614,2782,19545,0.98502809100443811,0,ok,
edm_5k,/mnt/pixstor/data/xggh8/zw-lab/e009_stage_b_edm5k_30000kimg/network-snapshot-015000.pkl,d7e4482459106c2fe4d46103847225cd63b9c749206a2a7f1ee803a9ac85b858,15000,20022,c56ef4e0a0bc3e26d1e292ab8ebc1307349868225d81a88e8279637b51b1a2fc,10.807444077300897,11.680282593274947,29779,16683,0.92527248300682408,0,ok,
edm_5k,/mnt/pixstor/data/xggh8/zw-lab/e009_stage_b_edm5k_30000kimg/network-snapshot-015000.pkl,d7e4482459106c2fe4d46103847225cd63b9c749206a2a7f1ee803a9ac85b858,15000,20023,3c4788dedd25e5b21c0427aba8e6619f6d2f6b5ed4d6f9951336ec1142a3a4e0,15.912711175788512,16.753910486313725,2567,45385,0.94979086755821052,0,ok,
edm_5k,/mnt/pixstor/data/xggh8/zw-lab/e009_stage_b_edm5k_30000kimg/network-snapshot-015000.pkl,d7e4482459106c2fe4d46103847225cd63b9c749206a2a7f1ee803a9ac85b858,15000,20024,c1fa9d947824917a1c1581139f7d553688fa559208ad4caf411e120fa43f5073,14.450489203023183,15.552233773962014,40136,29437,0.92915843556933908,0,ok,
edm_5k,/mnt/pixstor/data/xggh8/zw-lab/e009_stage_b_edm5k_30000kimg/network-snapshot-015000.pkl,d7e4482459106c2fe4d46103847225cd63b9c749206a2a7f1ee803a9ac85b858,15000,20025,c23807e4721b61f0cd09b0f8baed2221760dfec7556f399ab6a56696c319165e,11.755279754306136,13.33159255700089,30786,45494,0.88176110273734876,0,ok,
edm_5k,/mnt/pixstor/data/xggh8/zw-lab/e009_stage_b_edm5k_30000kimg/network-snapshot-015000.pkl,d7e4482459106c2fe4d46103847225cd63b9c749206a2a7f1ee803a9ac85b858,15000,20026,daee15668c324a23fae4449a7f5a060a9209b8b9dacd22f5a42169bc6dd6c42d,14.830028072042953,16.117372576073802,11830,9692,0.92012690046379475,0,ok,
edm_5k,/mnt/pixstor/data/xggh8/zw-lab/e009_stage_b_edm5k_30000kimg/network-snapshot-015000.pkl,d7e4482459106c2fe4d46103847225cd63b9c749206a2a7f1ee803a9ac85b858,15000,20027,428fd3b09bd07b254a8f0597474af3deba53ae9420489a798931e33279404faf,14.440394012778153,14.772853972754678,48613,39913,0.97749521110885718,0,ok,
edm_5k,/mnt/pixstor/data/xggh8/zw-lab/e009_stage_b_edm5k_30000kimg/network-snapshot-015000.pkl,d7e4482459106c2fe4d46103847225cd63b9c749206a2a7f1ee803a9ac85b858,15000,20028,2217865b1d5f771a0f4cba15b5abcb28ca4bc48c40e8caeec087d3a5df4cc996,16.917486380724501,17.062166907373562,43826,2782,0.99152038967649903,0,ok,
edm_5k,/mnt/pixstor/data/xggh8/zw-lab/e009_stage_b_edm5k_30000kimg/network-snapshot-015000.pkl,d7e4482459106c2fe4d46103847225cd63b9c749206a2a7f1ee803a9ac85b858,15000,20029,0435568205d447ac112ac76004a9ef998acde1105b78397b3002eb1b8a7b57f6,12.832784014334807,15.140780904414274,28795,12699,0.84756421054830966,0,ok,
edm_5k,/mnt/pixstor/data/xggh8/zw-lab/e009_stage_b_edm5k_30000kimg/network-snapshot-015000.pkl,d7e4482459106c2fe4d46103847225cd63b9c749206a2a7f1ee803a9ac85b858,15000,20030,87efedee8a0020d486e1fbf059ec3032d4577e6a8f43a891168852986b63ca3b,15.244471939948527,17.863835814796033,34315,38291,0.85337058054026826,0,ok,
edm_5k,/mnt/pixstor/data/xggh8/zw-lab/e009_stage_b_edm5k_30000kimg/network-snapshot-015000.pkl,d7e4482459106c2fe4d46103847225cd63b9c749206a2a7f1ee803a9ac85b858,15000,20031,8f25cbe3ae1b61eae94830a6af4439a2f745718357b689e70d13116a2466bd62,17.913133594998175,18.7971515104249,13435,37558,0.95297064478432025,0,ok,
edm_5k,/mnt/pixstor/data/xggh8/zw-lab/e009_stage_b_edm5k_30000kimg/network-snapshot-015000.pkl,d7e4482459106c2fe4d46103847225cd63b9c749206a2a7f1ee803a9ac85b858,15000,20032,5919ed68497c921561eae8e7137d50c0115151b934407d92b3a4cc0c38850697,16.366314432894157,18.416317288677778,11207,37887,0.88868551602095014,0,ok,
edm_5k,/mnt/pixstor/data/xggh8/zw-lab/e009_stage_b_edm5k_30000kimg/network-snapshot-015000.pkl,d7e4482459106c2fe4d46103847225cd63b9c749206a2a7f1ee803a9ac85b858,15000,20033,8c4e20e6f86fe57f2f8a9611e2c948092faf291891437381679b8a4c8788c0aa,9.5292510280086109,15.441958296970499,47356,30132,0.61710120211101205,0,ok,
edm_5k,/mnt/pixstor/data/xggh8/zw-lab/e009_stage_b_edm5k_30000kimg/network-snapshot-015000.pkl,d7e4482459106c2fe4d46103847225cd63b9c749206a2a7f1ee803a9ac85b858,15000,20034,9fffc8bec28d29e85210cd60fab49b9e5cad2423be3c022ae318551bd60ffc8c,16.444376657471523,17.207783462456074,33571,39774,0.95563595935233892,0,ok,
edm_5k,/mnt/pixstor/data/xggh8/zw-lab/e009_stage_b_edm5k_30000kimg/network-snapshot-015000.pkl,d7e4482459106c2fe4d46103847225cd63b9c749206a2a7f1ee803a9ac85b858,15000,20035,094bff1f193bba3581f2f3c6c2ebd3be9715b72e7907761105c256891580eeef,12.682124724284765,13.286492306847061,20770,43826,0.95451263067748582,0,ok,
edm_5k,/mnt/pixstor/data/xggh8/zw-lab/e009_stage_b_edm5k_30000kimg/network-snapshot-015000.pkl,d7e4482459106c2fe4d46103847225cd63b9c749206a2a7f1ee803a9ac85b858,15000,20036,c342dafc9a999382662f38fc461f367b95b8626e3a3748770f23f145e8e1ac87,16.556283781884726,18.587055501749688,15768,34759,0.89074268812110691,0,ok,
edm_5k,/mnt/pixstor/data/xggh8/zw-lab/e009_stage_b_edm5k_30000kimg/network-snapshot-015000.pkl,d7e4482459106c2fe4d46103847225cd63b9c749206a2a7f1ee803a9ac85b858,15000,20037,4bb1852892b108df82602221f10f986c929e27657b333f2f4d969b51b2585d19,16.140231026149113,18.402098027487416,47550,38995,0.87708646057858586,0,ok,
edm_5k,/mnt/pixstor/data/xggh8/zw-lab/e009_stage_b_edm5k_30000kimg/network-snapshot-015000.pkl,d7e4482459106c2fe4d46103847225cd63b9c749206a2a7f1ee803a9ac85b858,15000,20038,9842d995f558b0bf4752b7208f685245b6bf4d4db07197ddb7cfb2e877e72b99,11.697848475442555,12.217343834237171,32024,10551,0.95747886235805091,0,ok,
edm_5k,/mnt/pixstor/data/xggh8/zw-lab/e009_stage_b_edm5k_30000kimg/network-snapshot-015000.pkl,d7e4482459106c2fe4d46103847225cd63b9c749206a2a7f1ee803a9ac85b858,15000,20039,d3aeb77c2a69955abc97853459e9c669387b9071df37b62c9363fd6f686ddeab,10.004681062222211,10.849096280542993,16683,20051,0.92216722974104537,0,ok,
edm_5k,/mnt/pixstor/data/xggh8/zw-lab/e009_stage_b_edm5k_30000kimg/network-snapshot-015000.pkl,d7e4482459106c2fe4d46103847225cd63b9c749206a2a7f1ee803a9ac85b858,15000,20040,a717498056f5d2cd33a3ac8272b01d8fca0dfa060325cfc3aabbe2845a5650cc,12.335892519722313,12.636995409948138,37719,26590,0.97617290499379383,0,ok,
edm_5k,/mnt/pixstor/data/xggh8/zw-lab/e009_stage_b_edm5k_30000kimg/network-snapshot-015000.pkl,d7e4482459106c2fe4d46103847225cd63b9c749206a2a7f1ee803a9ac85b858,15000,20041,ea994e1af69e4cbefe24eb20feb66548493a631f9e5fab2c8b1069661cd3eb81,16.459800786304353,16.502612119199522,29779,12699,0.99740578445485228,0,ok,
edm_5k,/mnt/pixstor/data/xggh8/zw-lab/e009_stage_b_edm5k_30000kimg/network-snapshot-015000.pkl,d7e4482459106c2fe4d46103847225cd63b9c749206a2a7f1ee803a9ac85b858,15000,20042,95ac584c64b7ccb8e9e439996c30571f6f2d00c8e040c0d72b3e19515137bb37,13.108183197980333,16.073583052365198,15768,29437,0.81551096325417549,0,ok,
edm_5k,/mnt/pixstor/data/xggh8/zw-lab/e009_stage_b_edm5k_30000kimg/network-snapshot-015000.pkl,d7e4482459106c2fe4d46103847225cd63b9c749206a2a7f1ee803a9ac85b858,15000,20043,076e8bd49ec0c85089917c1422a6445aad2b26fbbf7ef04f15898914f282e6b8,17.240557409051259,17.323348745503033,2567,27642,0.99522082377558407,0,ok,
edm_5k,/mnt/pixstor/data/xggh8/zw-lab/e009_stage_b_edm5k_30000kimg/network-snapshot-015000.pkl,d7e4482459106c2fe4d46103847225cd63b9c749206a2a7f1ee803a9ac85b858,15000,20044,19aac4cca4fec3a5b1c4ec52b9d0a4fedfe4876202cb7fae3d35fe505f7f6295,15.394404429996037,15.477354515304016,16683,23630,0.99464055144398489,0,ok,
edm_5k,/mnt/pixstor/data/xggh8/zw-lab/e009_stage_b_edm5k_30000kimg/network-snapshot-015000.pkl,d7e4482459106c2fe4d46103847225cd63b9c749206a2a7f1ee803a9ac85b858,15000,20045,6b9bf9e16b65ba4ce8c84074dd8d45e8fc816d95583066928a7263945bb30c93,11.641584723628911,16.428503432509206,46725,29779,0.70862113347416666,0,ok,
edm_5k,/mnt/pixstor/data/xggh8/zw-lab/e009_stage_b_edm5k_30000kimg/network-snapshot-015000.pkl,d7e4482459106c2fe4d46103847225cd63b9c749206a2a7f1ee803a9ac85b858,15000,20046,bb42b6e20b830835e35e31ffbd338db8f1d466400615a48858603b8e6c4e1b21,22.164515274516148,22.49601204990196,16683,37603,0.98526419817652722,0,ok,
edm_5k,/mnt/pixstor/data/xggh8/zw-lab/e009_stage_b_edm5k_30000kimg/network-snapshot-015000.pkl,d7e4482459106c2fe4d46103847225cd63b9c749206a2a7f1ee803a9ac85b858,15000,20047,8d966f3bacca5eacfa0e277c81af902be70c3b57dd11d7c85678c861d4d9f4ed,20.566223931797389,20.99258093323089,25406,12649,0.97969011038759002,0,ok,
edm_5k,/mnt/pixstor/data/xggh8/zw-lab/e009_stage_b_edm5k_30000kimg/network-snapshot-015000.pkl,d7e4482459106c2fe4d46103847225cd63b9c749206a2a7f1ee803a9ac85b858,15000,20048,3fb105c4f18fba802cc026bec550ffa99ef7c938d51af8f17d0f7a76928d2aaa,13.635000537445956,14.319051741625694,29779,9896,0.95222789773213878,0,ok,
edm_5k,/mnt/pixstor/data/xggh8/zw-lab/e009_stage_b_edm5k_30000kimg/network-snapshot-015000.pkl,d7e4482459106c2fe4d46103847225cd63b9c749206a2a7f1ee803a9ac85b858,15000,20049,1eda52c3a427886275b6e44aefc25998c4492e63dcfbcf5c0a068e4ac37fa891,11.408845022529857,12.594302577237031,29779,44302,0.9058735053062984,0,ok,
edm_5k,/mnt/pixstor/data/xggh8/zw-lab/e009_stage_b_edm5k_30000kimg/network-snapshot-015000.pkl,d7e4482459106c2fe4d46103847225cd63b9c749206a2a7f1ee803a9ac85b858,15000,20050,e70b8a02ed59926eebc6a917c5d92ab69bac3988489995c63804cc5c26011c39,16.661700644002234,18.185721706555761,4827,40908,0.91619683358488146,0,ok,
edm_5k,/mnt/pixstor/data/xggh8/zw-lab/e009_stage_b_edm5k_30000kimg/network-snapshot-015000.pkl,d7e4482459106c2fe4d46103847225cd63b9c749206a2a7f1ee803a9ac85b858,15000,20051,bc1e179e15befd48195bc52d608fdb1000b18290302095142d1d894a5415caa9,15.566286175188779,16.879584443640475,8398,39111,0.92219605448009168,0,ok,
edm_5k,/mnt/pixstor/data/xggh8/zw-lab/e009_stage_b_edm5k_30000kimg/network-snapshot-015000.pkl,d7e4482459106c2fe4d46103847225cd63b9c749206a2a7f1ee803a9ac85b858,15000,20052,09b652c01b86f5b77c555201245325a8c584b3dce2b4338d449b1d140921f2fd,14.731531502004314,14.824521126016739,32024,40908,0.99372731009508086,0,ok,
edm_5k,/mnt/pixstor/data/xggh8/zw-lab/e009_stage_b_edm5k_30000kimg/network-snapshot-015000.pkl,d7e4482459106c2fe4d46103847225cd63b9c749206a2a7f1ee803a9ac85b858,15000,20053,bf7e3143e52081f808f4411a0425fdc7ccc7c033fcf0bcf687912484d96055e4,10.018007654377604,10.552809651605838,44302,24779,0.94932136417841551,0,ok,
edm_5k,/mnt/pixstor/data/xggh8/zw-lab/e009_stage_b_edm5k_30000kimg/network-snapshot-015000.pkl,d7e4482459106c2fe4d46103847225cd63b9c749206a2a7f1ee803a9ac85b858,15000,20054,800aead841b15ee07bd074306efe32653108f73c28ce5e8d6bf8aa26c0abad62,15.821013527053218,18.049088460828923,7346,17844,0.87655471141320018,0,ok,
edm_5k,/mnt/pixstor/data/xggh8/zw-lab/e009_stage_b_edm5k_30000kimg/network-snapshot-015000.pkl,d7e4482459106c2fe4d46103847225cd63b9c749206a2a7f1ee803a9ac85b858,15000,20055,3f2c4bbf32edd95fb94e3430979b9a7744680549f17443237c6b004c7a0e471c,14.433348208863512,16.35591097278833,32024,15904,0.88245455926463368,0,ok,
edm_5k,/mnt/pixstor/data/xggh8/zw-lab/e009_stage_b_edm5k_30000kimg/network-snapshot-015000.pkl,d7e4482459106c2fe4d46103847225cd63b9c749206a2a7f1ee803a9ac85b858,15000,20056,b1da4352388cd19c320408b500f58cac01c15a7cbfc9db344a3a9152e7220ae6,16.568146624597894,17.883984475937176,31249,43220,0.9264236751541729,0,ok,
edm_5k,/mnt/pixstor/data/xggh8/zw-lab/e009_stage_b_edm5k_30000kimg/network-snapshot-015000.pkl,d7e4482459106c2fe4d46103847225cd63b9c749206a2a7f1ee803a9ac85b858,15000,20057,8cf7b2ab656cede40da37a491fca77394ccef13d58ef6566a576d16da58c1fec,18.351265062020502,18.775085414268496,18459,30786,0.97742644878057905,0,ok,
edm_5k,/mnt/pixstor/data/xggh8/zw-lab/e009_stage_b_edm5k_30000kimg/network-snapshot-015000.pkl,d7e4482459106c2fe4d46103847225cd63b9c749206a2a7f1ee803a9ac85b858,15000,20058,490da79167cc00962d6708f1531942d00ced01e89d862ad709fba455d7f3b3ea,15.60637606015567,15.994945112718206,20051,25149,0.97570675924023209,0,ok,
edm_5k,/mnt/pixstor/data/xggh8/zw-lab/e009_stage_b_edm5k_30000kimg/network-snapshot-015000.pkl,d7e4482459106c2fe4d46103847225cd63b9c749206a2a7f1ee803a9ac85b858,15000,20059,a8de26a6f9da4a7f16f9d0e3dd3f2bd5ba9a8e8d5ec3f7804f83bc7a231debe3,18.592633356456368,19.591762236181403,46712,40349,0.94900260284499183,0,ok,
edm_5k,/mnt/pixstor/data/xggh8/zw-lab/e009_stage_b_edm5k_30000kimg/network-snapshot-015000.pkl,d7e4482459106c2fe4d46103847225cd63b9c749206a2a7f1ee803a9ac85b858,15000,20060,648f3b8bcbc72487cb6026a517ed41924e32d21da161e1d1389123c4b5ae70ad,15.326320103033936,16.149899572452085,5924,9896,0.94900405010425071,0,ok,
edm_5k,/mnt/pixstor/data/xggh8/zw-lab/e009_stage_b_edm5k_30000kimg/network-snapshot-015000.pkl,d7e4482459106c2fe4d46103847225cd63b9c749206a2a7f1ee803a9ac85b858,15000,20061,1525edb8f562b633b543fdb6d364f20ba774c2c83301da19872ca08c118199b5,20.525147231302668,20.820555192099011,38324,6230,0.985811715486413,0,ok,
edm_5k,/mnt/pixstor/data/xggh8/zw-lab/e009_stage_b_edm5k_30000kimg/network-snapshot-015000.pkl,d7e4482459106c2fe4d46103847225cd63b9c749206a2a7f1ee803a9ac85b858,15000,20062,80a8b3889e6df5c3c485ffc6311a2e409991b7356cd4bb96375fe525776adc1c,18.874567813122507,19.132191884232089,37719,26590,0.9865345239756923,0,ok,
edm_5k,/mnt/pixstor/data/xggh8/zw-lab/e009_stage_b_edm5k_30000kimg/network-snapshot-015000.pkl,d7e4482459106c2fe4d46103847225cd63b9c749206a2a7f1ee803a9ac85b858,15000,20063,60ca12b08bbdf3092c32aa06eda96bc2dcd6af904c4b025a9d38bd445608c710,15.986230325491066,16.398167754625923,40529,32953,0.97487905750819936,0,ok,
edm_5k,/mnt/pixstor/data/xggh8/zw-lab/e009_stage_b_edm5k_30000kimg/network-snapshot-015000.pkl,d7e4482459106c2fe4d46103847225cd63b9c749206a2a7f1ee803a9ac85b858,15000,20064,9a53bdbf8d128db8a3a09dfce3d0f15ef55c99b3c456b9a86a6c667499f61270,9.2620551208903983,10.167693778965253,16683,20051,0.91092978626594512,0,ok,
edm_5k,/mnt/pixstor/data/xggh8/zw-lab/e009_stage_b_edm5k_30000kimg/network-snapshot-015000.pkl,d7e4482459106c2fe4d46103847225cd63b9c749206a2a7f1ee803a9ac85b858,15000,20065,410e4704a85caa735b63f779668de43c00fbe677440c467ba081d9c0d0df3fbe,17.164454804780963,18.191975636230922,37603,46960,0.94351790855504658,0,ok,
edm_5k,/mnt/pixstor/data/xggh8/zw-lab/e009_stage_b_edm5k_30000kimg/network-snapshot-015000.pkl,d7e4482459106c2fe4d46103847225cd63b9c749206a2a7f1ee803a9ac85b858,15000,20066,13270f1a13d738e5a2a4af79ebfe89e76314e4ccf8f9ce20045cfa4b7d82bf29,21.049403731952285,21.880460698633389,32953,6230,0.9620183058242,0,ok,
edm_5k,/mnt/pixstor/data/xggh8/zw-lab/e009_stage_b_edm5k_30000kimg/network-snapshot-015000.pkl,d7e4482459106c2fe4d46103847225cd63b9c749206a2a7f1ee803a9ac85b858,15000,20067,3be9e0e69288b38b3f862e5e1e3d153595b1c1e955d5c00008a9542678c03f4a,20.665273725325545,21.008570571341547,1220,21934,0.98365920018926445,0,ok,
edm_5k,/mnt/pixstor/data/xggh8/zw-lab/e009_stage_b_edm5k_30000kimg/network-snapshot-015000.pkl,d7e4482459106c2fe4d46103847225cd63b9c749206a2a7f1ee803a9ac85b858,15000,20068,b68e3c23bb4bc005456b596c9a50166a2312c6ea55324c4a9549afa88d8b5d79,15.57937694527341,16.629027151596528,2567,7813,0.93687843571640672,0,ok,
edm_5k,/mnt/pixstor/data/xggh8/zw-lab/e009_stage_b_edm5k_30000kimg/network-snapshot-015000.pkl,d7e4482459106c2fe4d46103847225cd63b9c749206a2a7f1ee803a9ac85b858,15000,20069,d820fa71f981857734474a58cfe162b82f9bc3459b927f2ef41fbf410413704e,19.299080256738044,19.456536609068028,33602,47671,0.9919072774618789,0,ok,
edm_5k,/mnt/pixstor/data/xggh8/zw-lab/e009_stage_b_edm5k_30000kimg/network-snapshot-015000.pkl,d7e4482459106c2fe4d46103847225cd63b9c749206a2a7f1ee803a9ac85b858,15000,20070,e45b98ac2b90564409690b0da09b25ff8ad43ff31c0b54856815810289506c93,15.86678083383943,27.389967545425424,27792,18459,0.57929169895965948,0,ok,
edm_5k,/mnt/pixstor/data/xggh8/zw-lab/e009_stage_b_edm5k_30000kimg/network-snapshot-015000.pkl,d7e4482459106c2fe4d46103847225cd63b9c749206a2a7f1ee803a9ac85b858,15000,20071,a7476238ec2e12cabe70b18915ab0258e4dc4dfdb44246b5fce64699397e3cf5,14.245599569840241,14.992395401497783,1721,39913,0.95018835805364799,0,ok,
edm_5k,/mnt/pixstor/data/xggh8/zw-lab/e009_stage_b_edm5k_30000kimg/network-snapshot-015000.pkl,d7e4482459106c2fe4d46103847225cd63b9c749206a2a7f1ee803a9ac85b858,15000,20072,c60855f45eb1c8bdedce0e1d0d900125de564c6f2ec93002d38e1995e0d88740,11.623830346934518,11.65882585399736,7690,10551,0.99699836780297713,0,ok,
edm_5k,/mnt/pixstor/data/xggh8/zw-lab/e009_stage_b_edm5k_30000kimg/network-snapshot-015000.pkl,d7e4482459106c2fe4d46103847225cd63b9c749206a2a7f1ee803a9ac85b858,15000,20073,97fe8711b4dc7c91d08951a02cc910ee633931ba4110a2a68d0fd55f3a5caef1,19.943596716173062,20.345923027814017,28921,22326,0.98022570364141492,0,ok,
edm_5k,/mnt/pixstor/data/xggh8/zw-lab/e009_stage_b_edm5k_30000kimg/network-snapshot-015000.pkl,d7e4482459106c2fe4d46103847225cd63b9c749206a2a7f1ee803a9ac85b858,15000,20074,4939f3ee9c00687388920804986d1ce90eca584dfe6d6dd9b8ae5e23fb59ad68,17.665256650779739,19.312335333425001,41603,49529,0.91471364523198984,0,ok,
edm_5k,/mnt/pixstor/data/xggh8/zw-lab/e009_stage_b_edm5k_30000kimg/network-snapshot-015000.pkl,d7e4482459106c2fe4d46103847225cd63b9c749206a2a7f1ee803a9ac85b858,15000,20075,af8a2c6fb725401c664ba203c3ca91dc60078dd7656aa3cb2ff3887c2a7a7431,17.301721798888977,17.713621141956526,36811,49860,0.97674674535677386,0,ok,
edm_5k,/mnt/pixstor/data/xggh8/zw-lab/e009_stage_b_edm5k_30000kimg/network-snapshot-015000.pkl,d7e4482459106c2fe4d46103847225cd63b9c749206a2a7f1ee803a9ac85b858,15000,20076,1e8f71988e913ef60901c6c8f516d65498c6e1502a085b2052c087aa11176c96,18.568442060335499,18.704511389730314,1787,11710,0.99272532029521376,0,ok,
edm_5k,/mnt/pixstor/data/xggh8/zw-lab/e009_stage_b_edm5k_30000kimg/network-snapshot-015000.pkl,d7e4482459106c2fe4d46103847225cd63b9c749206a2a7f1ee803a9ac85b858,15000,20077,45b0c82ec24816549f27d5a0bcf285be9ba3c18ed31d68b20385090ca2672b0c,20.620830675292623,21.510115553014479,34360,44542,0.95865736399555368,0,ok,
edm_5k,/mnt/pixstor/data/xggh8/zw-lab/e009_stage_b_edm5k_30000kimg/network-snapshot-015000.pkl,d7e4482459106c2fe4d46103847225cd63b9c749206a2a7f1ee803a9ac85b858,15000,20078,54b9e62e4029e1eb9a2c2928136b818665f698234133baedde6fc3d71bb33361,12.381680166925262,13.361694811876335,21934,19604,0.92665491475826844,0,ok,
edm_5k,/mnt/pixstor/data/xggh8/zw-lab/e009_stage_b_edm5k_30000kimg/network-snapshot-015000.pkl,d7e4482459106c2fe4d46103847225cd63b9c749206a2a7f1ee803a9ac85b858,15000,20079,c1c068e7e6cd723428a396ab55d21d831fc7a899dd3541314586709a4c5d99a5,17.877845911077145,18.015282565097351,19923,7496,0.99237110750144575,0,ok,
edm_5k,/mnt/pixstor/data/xggh8/zw-lab/e009_stage_b_edm5k_30000kimg/network-snapshot-015000.pkl,d7e4482459106c2fe4d46103847225cd63b9c749206a2a7f1ee803a9ac85b858,15000,20080,1257ede971b7b22c9a353922b06bfccfa43c46dd15c1cdd16c42c7320896387d,15.87148984777504,17.040375568986079,34696,22857,0.93140493198175511,0,ok,
edm_5k,/mnt/pixstor/data/xggh8/zw-lab/e009_stage_b_edm5k_30000kimg/network-snapshot-015000.pkl,d7e4482459106c2fe4d46103847225cd63b9c749206a2a7f1ee803a9ac85b858,15000,20081,eb9b4524ad4c9541d0583c33d682359ec4143620c5e0766fbd2744373df195b3,12.191371695019342,13.703178282263275,11710,30786,0.88967474872594032,0,ok,
edm_5k,/mnt/pixstor/data/xggh8/zw-lab/e009_stage_b_edm5k_30000kimg/network-snapshot-015000.pkl,d7e4482459106c2fe4d46103847225cd63b9c749206a2a7f1ee803a9ac85b858,15000,20082,aed68d05a8c30965b3f6f3515ab25f2a6001a5d8c0e241ec93fb07a18f95bf0f,21.589784215941602,24.658328080384113,43052,45102,0.87555750517880571,0,ok,
edm_5k,/mnt/pixstor/data/xggh8/zw-lab/e009_stage_b_edm5k_30000kimg/network-snapshot-015000.pkl,d7e4482459106c2fe4d46103847225cd63b9c749206a2a7f1ee803a9ac85b858,15000,20083,03c62dd3ef884ae0834363b0ef4cf272895c7f52a7922aaa6fe6015e15d33ed3,12.925819008189748,12.98511605083025,11207,29437,0.99543346070929339,0,ok,
edm_5k,/mnt/pixstor/data/xggh8/zw-lab/e009_stage_b_edm5k_30000kimg/network-snapshot-015000.pkl,d7e4482459106c2fe4d46103847225cd63b9c749206a2a7f1ee803a9ac85b858,15000,20084,d940fe3bd4d414416a857d611ac42816049e8ffb7937c5c6415d49a68e720efd,17.3396691859638,17.349171213110083,33343,34315,0.99945230656671935,0,ok,
edm_5k,/mnt/pixstor/data/xggh8/zw-lab/e009_stage_b_edm5k_30000kimg/network-snapshot-015000.pkl,d7e4482459106c2fe4d46103847225cd63b9c749206a2a7f1ee803a9ac85b858,15000,20085,86db39845a142590cd140e15eb78effe03394eae69b0d3cdb77a46f84102665a,16.376034127841272,16.696485130010188,37558,26590,0.98080727771901288,0,ok,
edm_5k,/mnt/pixstor/data/xggh8/zw-lab/e009_stage_b_edm5k_30000kimg/network-snapshot-015000.pkl,d7e4482459106c2fe4d46103847225cd63b9c749206a2a7f1ee803a9ac85b858,15000,20086,de2c655b5d48b6102fa6435745f6c80346fcd9de2df591b8088f1dee194d84ac,15.309463551785337,17.984846016426687,38154,43951,0.85124240362148473,0,ok,
edm_5k,/mnt/pixstor/data/xggh8/zw-lab/e009_stage_b_edm5k_30000kimg/network-snapshot-015000.pkl,d7e4482459106c2fe4d46103847225cd63b9c749206a2a7f1ee803a9ac85b858,15000,20087,ec40d4ddd1649a86b45624cbd338493bb6b0a097ad368fde1b665741f347a456,8.8505075388020646,9.1811952326261146,13533,32024,0.96398206492233984,0,ok,
edm_5k,/mnt/pixstor/data/xggh8/zw-lab/e009_stage_b_edm5k_30000kimg/network-snapshot-015000.pkl,d7e4482459106c2fe4d46103847225cd63b9c749206a2a7f1ee803a9ac85b858,15000,20088,7b53e2781721b83b89be9d451a9dacedb647fe715d988ed943b171b8f86805ca,10.207396079290605,14.42838063035709,7187,39915,0.7074526477222538,0,ok,
edm_5k,/mnt/pixstor/data/xggh8/zw-lab/e009_stage_b_edm5k_30000kimg/network-snapshot-015000.pkl,d7e4482459106c2fe4d46103847225cd63b9c749206a2a7f1ee803a9ac85b858,15000,20089,d73835daf97885a40ce249df2a3f019c7acd84c411f1ba6bd8bbd2bbaca99258,17.507818310707883,17.927297346814026,34315,37719,0.97660110009941392,0,ok,
edm_5k,/mnt/pixstor/data/xggh8/zw-lab/e009_stage_b_edm5k_30000kimg/network-snapshot-015000.pkl,d7e4482459106c2fe4d46103847225cd63b9c749206a2a7f1ee803a9ac85b858,15000,20090,a52a0772d4322ae409c5ce58d1d2ec80fc708f711d3d66a823fb56ff4fa03cad,19.368002492104655,19.396609273258058,26590,37803,0.99852516588077878,0,ok,
edm_5k,/mnt/pixstor/data/xggh8/zw-lab/e009_stage_b_edm5k_30000kimg/network-snapshot-015000.pkl,d7e4482459106c2fe4d46103847225cd63b9c749206a2a7f1ee803a9ac85b858,15000,20091,08123fd3b769f6247fa69320597bd0d2adb459980cd435b117268a94f118d76e,18.532711980287246,18.665382359379347,23630,16683,0.99289216922869872,0,ok,
edm_5k,/mnt/pixstor/data/xggh8/zw-lab/e009_stage_b_edm5k_30000kimg/network-snapshot-015000.pkl,d7e4482459106c2fe4d46103847225cd63b9c749206a2a7f1ee803a9ac85b858,15000,20092,c088d087c18ecdefab2066d810ffbceca13a6126a5a6c85c3b4133e8b6daabca,13.989927043884739,14.771486725203527,29779,271,0.94708997842544385,0,ok,
edm_5k,/mnt/pixstor/data/xggh8/zw-lab/e009_stage_b_edm5k_30000kimg/network-snapshot-015000.pkl,d7e4482459106c2fe4d46103847225cd63b9c749206a2a7f1ee803a9ac85b858,15000,20093,20bd8fded49938f5602724cdaa4b8ced5a7527e2bb1274e8cd49a29638b5b812,17.804045051695304,18.402667275031185,35674,7187,0.96747089895234406,0,ok,
edm_5k,/mnt/pixstor/data/xggh8/zw-lab/e009_stage_b_edm5k_30000kimg/network-snapshot-015000.pkl,d7e4482459106c2fe4d46103847225cd63b9c749206a2a7f1ee803a9ac85b858,15000,20094,be488ffdec16dd334ed559f37a6a029f88e320b32f9bfd64de0ca9b66b220f96,17.098758845624833,17.273632772856772,29779,25149,0.98987625072667229,0,ok,
edm_5k,/mnt/pixstor/data/xggh8/zw-lab/e009_stage_b_edm5k_30000kimg/network-snapshot-015000.pkl,d7e4482459106c2fe4d46103847225cd63b9c749206a2a7f1ee803a9ac85b858,15000,20095,2302c41b55c4cca6f045c90974e6153ec671053833d81c7e467fc762eb0a008d,20.137957616773061,21.494376178338133,38154,42837,0.93689425781372249,0,ok,
edm_5k,/mnt/pixstor/data/xggh8/zw-lab/e009_stage_b_edm5k_30000kimg/network-snapshot-015000.pkl,d7e4482459106c2fe4d46103847225cd63b9c749206a2a7f1ee803a9ac85b858,15000,20096,f94c588b5bc1cf147673fa9aa222f7dc97ec0166b84937b9f32a803b5125a2bc,23.370813488834386,23.425670514084544,22518,25486,0.99765825165101785,0,ok,
edm_5k,/mnt/pixstor/data/xggh8/zw-lab/e009_stage_b_edm5k_30000kimg/network-snapshot-015000.pkl,d7e4482459106c2fe4d46103847225cd63b9c749206a2a7f1ee803a9ac85b858,15000,20097,0d5d565b5fd3d1b1db9562fe4f067de043167fb07a1f2a064f991e45d95d796b,19.043421034782938,19.169858954863052,47886,47048,0.99340433748741597,0,ok,
edm_5k,/mnt/pixstor/data/xggh8/zw-lab/e009_stage_b_edm5k_30000kimg/network-snapshot-015000.pkl,d7e4482459106c2fe4d46103847225cd63b9c749206a2a7f1ee803a9ac85b858,15000,20098,3f4541fea7bc0d52436754ca75b8673aff7c33aca36fb42c9cbbf55b8d6d61a9,18.639190808566713,18.918366025435891,737,12277,0.98524316442055171,0,ok,
edm_5k,/mnt/pixstor/data/xggh8/zw-lab/e009_stage_b_edm5k_30000kimg/network-snapshot-015000.pkl,d7e4482459106c2fe4d46103847225cd63b9c749206a2a7f1ee803a9ac85b858,15000,20099,89575f51495d75cf794cb548f151445f44420ef925b84e89ca99efb971e09406,20.479710378786841,21.131601221845926,25744,22887,0.96915090171277896,0,ok,
edm_5k,/mnt/pixstor/data/xggh8/zw-lab/e009_stage_b_edm5k_30000kimg/network-snapshot-015000.pkl,d7e4482459106c2fe4d46103847225cd63b9c749206a2a7f1ee803a9ac85b858,15000,20100,1adef22a0e7f73c30e55bb97ff766aac5518abd3d04d5d60ccc1111d5adf9ea8,13.846356770148418,16.959201689274341,1220,21934,0.81645097592685589,0,ok,
edm_5k,/mnt/pixstor/data/xggh8/zw-lab/e009_stage_b_edm5k_30000kimg/network-snapshot-015000.pkl,d7e4482459106c2fe4d46103847225cd63b9c749206a2a7f1ee803a9ac85b858,15000,20101,838bdad7d1ed2a60a4ce63d651439660ec8845121819e25d3359fa11697e2620,16.784193548543282,17.946379225673528,21934,17844,0.93524121704351038,0,ok,
edm_5k,/mnt/pixstor/data/xggh8/zw-lab/e009_stage_b_edm5k_30000kimg/network-snapshot-015000.pkl,d7e4482459106c2fe4d46103847225cd63b9c749206a2a7f1ee803a9ac85b858,15000,20102,f2ec031f9b5d86ef9b4376cfbcfb922fb1a30cc5a8208801dd1298ae7d3d61da,16.925025700324138,17.251718158547,11710,9332,0.98106319293994437,0,ok,
edm_5k,/mnt/pixstor/data/xggh8/zw-lab/e009_stage_b_edm5k_30000kimg/network-snapshot-015000.pkl,d7e4482459106c2fe4d46103847225cd63b9c749206a2a7f1ee803a9ac85b858,15000,20103,b693af1d0324eb283f71df141fcab6cba27133160d76309a1e4fcc0a6bceb402,14.15278867148962,16.220584337665716,7690,4130,0.87252027281320066,0,ok,
edm_5k,/mnt/pixstor/data/xggh8/zw-lab/e009_stage_b_edm5k_30000kimg/network-snapshot-015000.pkl,d7e4482459106c2fe4d46103847225cd63b9c749206a2a7f1ee803a9ac85b858,15000,20104,f3f12f97cdf0e473065ba3e7fd2c549149dedde927fdf605f89e5627b275f536,14.732282153865199,15.392714317285998,2567,1276,0.95709449614879594,0,ok,
edm_5k,/mnt/pixstor/data/xggh8/zw-lab/e009_stage_b_edm5k_30000kimg/network-snapshot-015000.pkl,d7e4482459106c2fe4d46103847225cd63b9c749206a2a7f1ee803a9ac85b858,15000,20105,aa2a7fe2a604c675ef40ea7c7df6f29d332338a56dcd51d88b6f7ac92cf55d42,11.624199000836551,14.71131566514666,12277,34019,0.79015359777616923,0,ok,
edm_5k,/mnt/pixstor/data/xggh8/zw-lab/e009_stage_b_edm5k_30000kimg/network-snapshot-015000.pkl,d7e4482459106c2fe4d46103847225cd63b9c749206a2a7f1ee803a9ac85b858,15000,20106,a9d0d7a389c6e48ec1d645322ba7329e85f0fcae898953a931cfe3d187a95af6,17.109318203900997,17.142000845374032,2567,42642,0.99809341734562718,0,ok,
edm_5k,/mnt/pixstor/data/xggh8/zw-lab/e009_stage_b_edm5k_30000kimg/network-snapshot-015000.pkl,d7e4482459106c2fe4d46103847225cd63b9c749206a2a7f1ee803a9ac85b858,15000,20107,7f88fbe935247ce73f4d750b5facc1aff219acb195a65b7666ddbdc54a608921,18.449220034857778,18.944502035046305,46008,43777,0.97385616157805133,0,ok,
edm_5k,/mnt/pixstor/data/xggh8/zw-lab/e009_stage_b_edm5k_30000kimg/network-snapshot-015000.pkl,d7e4482459106c2fe4d46103847225cd63b9c749206a2a7f1ee803a9ac85b858,15000,20108,2434d8410eae3a64b0b2f8265620048333fb8455051bac4ec7264df5ad1160ec,17.358166590043027,17.623394351833021,832,8275,0.98495024531058017,0,ok,
edm_5k,/mnt/pixstor/data/xggh8/zw-lab/e009_stage_b_edm5k_30000kimg/network-snapshot-015000.pkl,d7e4482459106c2fe4d46103847225cd63b9c749206a2a7f1ee803a9ac85b858,15000,20109,0f1e1a9f37944d79f6c65fec3c6946bc13269b2101459e74cca315d65c746730,13.479229622726493,14.635673963826742,10551,32953,0.92098455158549619,0,ok,
edm_5k,/mnt/pixstor/data/xggh8/zw-lab/e009_stage_b_edm5k_30000kimg/network-snapshot-015000.pkl,d7e4482459106c2fe4d46103847225cd63b9c749206a2a7f1ee803a9ac85b858,15000,20110,19ed4904a967a5e889b458487b09f98e71e56ec4dd685d041914512da1bee707,12.951581997424817,13.149218891883924,44302,16683,0.98496968556960485,0,ok,
edm_5k,/mnt/pixstor/data/xggh8/zw-lab/e009_stage_b_edm5k_30000kimg/network-snapshot-015000.pkl,d7e4482459106c2fe4d46103847225cd63b9c749206a2a7f1ee803a9ac85b858,15000,20111,09fb72b2506676c81a3ca33937c84f449dd4d7dc87549506e186507e25a2ce58,17.216516901776515,18.037786056309969,36219,37875,0.95446951460840967,0,ok,
edm_5k,/mnt/pixstor/data/xggh8/zw-lab/e009_stage_b_edm5k_30000kimg/network-snapshot-015000.pkl,d7e4482459106c2fe4d46103847225cd63b9c749206a2a7f1ee803a9ac85b858,15000,20112,5defaae4047442acbf98b46d3a4b1ba7ded31fe5aacaf7353a2c25994a22bfb5,17.791914644008699,18.58735623075577,13919,2166,0.95720523258542356,0,ok,
edm_5k,/mnt/pixstor/data/xggh8/zw-lab/e009_stage_b_edm5k_30000kimg/network-snapshot-015000.pkl,d7e4482459106c2fe4d46103847225cd63b9c749206a2a7f1ee803a9ac85b858,15000,20113,048d91110b7f716180dfae72fc55b64db18255c2f245ab077a8bfa7159aa975c,19.059106825719397,21.029963422886997,47045,42808,0.90628340346884728,0,ok,
edm_5k,/mnt/pixstor/data/xggh8/zw-lab/e009_stage_b_edm5k_30000kimg/network-snapshot-015000.pkl,d7e4482459106c2fe4d46103847225cd63b9c749206a2a7f1ee803a9ac85b858,15000,20114,dadb48d365b0fbd1cf626ff2bc35eada4f167f05a919079e8acc0fe4d4591a18,14.96697035261047,16.176025731089855,31572,39006,0.9252563393148161,0,ok,
edm_5k,/mnt/pixstor/data/xggh8/zw-lab/e009_stage_b_edm5k_30000kimg/network-snapshot-015000.pkl,d7e4482459106c2fe4d46103847225cd63b9c749206a2a7f1ee803a9ac85b858,15000,20115,855b1ff6dcaabb84084dde5d926d75acf575fa26c41e318143ad27594b7daba6,13.928528890133261,16.303844102530388,21934,38676,0.8543094991917598,0,ok,
edm_5k,/mnt/pixstor/data/xggh8/zw-lab/e009_stage_b_edm5k_30000kimg/network-snapshot-015000.pkl,d7e4482459106c2fe4d46103847225cd63b9c749206a2a7f1ee803a9ac85b858,15000,20116,98c3aa7bb3b667765a091a3d10d1b14048c9743735dc965d5ea3c49ccfbb595d,16.469271230091859,16.480843003347942,12277,737,0.99929786520909569,0,ok,
edm_5k,/mnt/pixstor/data/xggh8/zw-lab/e009_stage_b_edm5k_30000kimg/network-snapshot-015000.pkl,d7e4482459106c2fe4d46103847225cd63b9c749206a2a7f1ee803a9ac85b858,15000,20117,7abf8a741ade2052d0e056a6d9fd44b785985d5018201d4466fd1c291c8a8e27,20.562787762544087,26.076301527090138,17938,42837,0.78856227909398213,0,ok,
edm_5k,/mnt/pixstor/data/xggh8/zw-lab/e009_stage_b_edm5k_30000kimg/network-snapshot-015000.pkl,d7e4482459106c2fe4d46103847225cd63b9c749206a2a7f1ee803a9ac85b858,15000,20118,f7fcfccb1384cd696776b089f204246d7a0596ead3cc5b43854de29df8b0c96c,16.649086953886194,16.883562287721425,39913,2567,0.98611221199416232,0,ok,
edm_5k,/mnt/pixstor/data/xggh8/zw-lab/e009_stage_b_edm5k_30000kimg/network-snapshot-015000.pkl,d7e4482459106c2fe4d46103847225cd63b9c749206a2a7f1ee803a9ac85b858,15000,20119,2dd666ba87bf3d81e0ec3ce97761e7160a92653c843fdc0d041f09f060ef68eb,19.134655622690385,19.422617749324854,14410,6525,0.9851738766446928,0,ok,
edm_5k,/mnt/pixstor/data/xggh8/zw-lab/e009_stage_b_edm5k_30000kimg/network-snapshot-015000.pkl,d7e4482459106c2fe4d46103847225cd63b9c749206a2a7f1ee803a9ac85b858,15000,20120,91b51f18669db9ecfafb2d0f2bceb842bce52aa10a3ad209dd17c12b1c9df9c9,16.234317111447798,16.355742304252008,32953,36170,0.99257599009904651,0,ok,
edm_5k,/mnt/pixstor/data/xggh8/zw-lab/e009_stage_b_edm5k_30000kimg/network-snapshot-015000.pkl,d7e4482459106c2fe4d46103847225cd63b9c749206a2a7f1ee803a9ac85b858,15000,20121,41e32dfd1b6e7b7daac41d361955ddaee714382ccff0afc156989bc976b6dd0b,17.480325552629427,20.326037598731464,9841,46960,0.85999671444671366,0,ok,
edm_5k,/mnt/pixstor/data/xggh8/zw-lab/e009_stage_b_edm5k_30000kimg/network-snapshot-015000.pkl,d7e4482459106c2fe4d46103847225cd63b9c749206a2a7f1ee803a9ac85b858,15000,20122,ff5ce00c14996f9cba019cc2c902860b605bc201462c34ea2997e35b5afc6983,13.858877310082155,14.362767572111908,11207,40136,0.9649169103726114,0,ok,
edm_5k,/mnt/pixstor/data/xggh8/zw-lab/e009_stage_b_edm5k_30000kimg/network-snapshot-015000.pkl,d7e4482459106c2fe4d46103847225cd63b9c749206a2a7f1ee803a9ac85b858,15000,20123,ea66e0fa0397a692585623233d9ff8852f4d09e535968b3e832e1014ffec828f,16.99508870978654,18.519301530879346,18459,49665,0.91769598769417338,0,ok,
edm_5k,/mnt/pixstor/data/xggh8/zw-lab/e009_stage_b_edm5k_30000kimg/network-snapshot-015000.pkl,d7e4482459106c2fe4d46103847225cd63b9c749206a2a7f1ee803a9ac85b858,15000,20124,24b2294c1f24c11aab5016fc6eea1cb3ac04b1766c5027c3ca3bbb07c8ca78c9,16.252238731146836,16.851774611267725,39915,7187,0.9644229825077284,0,ok,
edm_5k,/mnt/pixstor/data/xggh8/zw-lab/e009_stage_b_edm5k_30000kimg/network-snapshot-015000.pkl,d7e4482459106c2fe4d46103847225cd63b9c749206a2a7f1ee803a9ac85b858,15000,20125,bb0e46ec385cd791dc9c03374fca31d79544e0f6bfa249d4688839ef6a99d5d2,11.981332747375928,12.691985523481305,39006,786,0.94400775396484604,0,ok,
edm_5k,/mnt/pixstor/data/xggh8/zw-lab/e009_stage_b_edm5k_30000kimg/network-snapshot-015000.pkl,d7e4482459106c2fe4d46103847225cd63b9c749206a2a7f1ee803a9ac85b858,15000,20126,840c5c5f75a09abb51d351d527cf130f977151872d968fc52575dff851f2e9fb,18.708216651894315,19.827159906879427,39199,44278,0.94356512681390781,0,ok,
edm_5k,/mnt/pixstor/data/xggh8/zw-lab/e009_stage_b_edm5k_30000kimg/network-snapshot-015000.pkl,d7e4482459106c2fe4d46103847225cd63b9c749206a2a7f1ee803a9ac85b858,15000,20127,0501fd716cf73ba898b04b4c9ff68415b692b0dcf29cf2cce070fd28ec117de6,14.587296944029831,14.928114799788357,40529,16683,0.97716939745376563,0,ok,
edm_5k,/mnt/pixstor/data/xggh8/zw-lab/e009_stage_b_edm5k_30000kimg/network-snapshot-016000.pkl,5942ebb047a02967a91c491008b5ec9fc079f89445b8d8b248cebda437c3e0d5,16000,20000,c175ad7ffd3ef36abd3f2d75d7861a9609253a80d6bc4b527f64cb0002b046a2,12.721588541787483,13.201965736799105,22857,29779,0.96361320695806529,0,ok,
edm_5k,/mnt/pixstor/data/xggh8/zw-lab/e009_stage_b_edm5k_30000kimg/network-snapshot-016000.pkl,5942ebb047a02967a91c491008b5ec9fc079f89445b8d8b248cebda437c3e0d5,16000,20001,53db612b7f0ddfacffaccea01b704c354d20063a520c2344213e30a376cc97fa,10.9409744279547,11.898212313818005,44302,24779,0.91954775552696977,0,ok,
edm_5k,/mnt/pixstor/data/xggh8/zw-lab/e009_stage_b_edm5k_30000kimg/network-snapshot-016000.pkl,5942ebb047a02967a91c491008b5ec9fc079f89445b8d8b248cebda437c3e0d5,16000,20002,db791bfa4430b2c107bcea8859f7e16d83dc11eae2fadf7d286dfc3e4b73a6c6,19.351575806810256,20.153937662637631,13316,10551,0.96018833295714545,0,ok,
edm_5k,/mnt/pixstor/data/xggh8/zw-lab/e009_stage_b_edm5k_30000kimg/network-snapshot-016000.pkl,5942ebb047a02967a91c491008b5ec9fc079f89445b8d8b248cebda437c3e0d5,16000,20003,da9ff1f3da2f0e43375c2d3eb8e96a25a2e4c9a1557a8d78285f528e9065da6c,17.89994847629259,20.733761013093197,33343,13435,0.86332375804799344,0,ok,
edm_5k,/mnt/pixstor/data/xggh8/zw-lab/e009_stage_b_edm5k_30000kimg/network-snapshot-016000.pkl,5942ebb047a02967a91c491008b5ec9fc079f89445b8d8b248cebda437c3e0d5,16000,20004,3054bbbcf11e21a4d4c97fa1747b9f686e3448d0f589fc51c8434dc8f9d0ffb7,15.970491019876048,16.819709302925723,47886,29779,0.94951052555337823,0,ok,
edm_5k,/mnt/pixstor/data/xggh8/zw-lab/e009_stage_b_edm5k_30000kimg/network-snapshot-016000.pkl,5942ebb047a02967a91c491008b5ec9fc079f89445b8d8b248cebda437c3e0d5,16000,20005,8ad2754f37988b1f8c998b16a645ad28927957da5a623be6c39520f8e9ee580e,16.793971883096635,20.126043381913558,7672,4706,0.83443981335092832,0,ok,
edm_5k,/mnt/pixstor/data/xggh8/zw-lab/e009_stage_b_edm5k_30000kimg/network-snapshot-016000.pkl,5942ebb047a02967a91c491008b5ec9fc079f89445b8d8b248cebda437c3e0d5,16000,20006,9e12c9a90d054a176f574653719bb256e5dc9c3fd248d37c5407053a727a1ee0,12.460909438431987,15.752705364329747,21934,17844,0.79103297816058527,0,ok,
edm_5k,/mnt/pixstor/data/xggh8/zw-lab/e009_stage_b_edm5k_30000kimg/network-snapshot-016000.pkl,5942ebb047a02967a91c491008b5ec9fc079f89445b8d8b248cebda437c3e0d5,16000,20007,725fd441bf639b81136df96f257745dcf9522212afcdb1839bc6048cea3d9697,26.530588443611475,26.813955137917123,11476,46008,0.98943211872891723,0,ok,
edm_5k,/mnt/pixstor/data/xggh8/zw-lab/e009_stage_b_edm5k_30000kimg/network-snapshot-016000.pkl,5942ebb047a02967a91c491008b5ec9fc079f89445b8d8b248cebda437c3e0d5,16000,20008,62c1911b0d8d3e23b388cb6c528bb69f31a716b88396a121b0b4829d888543d2,26.551656182407907,29.936476141321226,38456,949,0.88693325350202923,0,ok,
edm_5k,/mnt/pixstor/data/xggh8/zw-lab/e009_stage_b_edm5k_30000kimg/network-snapshot-016000.pkl,5942ebb047a02967a91c491008b5ec9fc079f89445b8d8b248cebda437c3e0d5,16000,20009,f872e2a9dbb1cba9bcbbf431aadd497f757030cb08cc42ddf1d5bcdd45483cc8,12.897415435401431,15.041966078819041,5924,22857,0.85742883395825475,0,ok,
edm_5k,/mnt/pixstor/data/xggh8/zw-lab/e009_stage_b_edm5k_30000kimg/network-snapshot-016000.pkl,5942ebb047a02967a91c491008b5ec9fc079f89445b8d8b248cebda437c3e0d5,16000,20010,d6077a4b6a6c092e228cb177f8cd934355b32b3583204a4f1ce2557871b82cca,16.289726212767306,16.91499470357272,9692,25149,0.96303466233581814,0,ok,
edm_5k,/mnt/pixstor/data/xggh8/zw-lab/e009_stage_b_edm5k_30000kimg/network-snapshot-016000.pkl,5942ebb047a02967a91c491008b5ec9fc079f89445b8d8b248cebda437c3e0d5,16000,20011,43d8446437487e78bf3118edbedbd97004d4ce603dcfe2612ea5d730ec0c3c9c,18.710571703276312,22.736654618856043,30616,21936,0.82292544866117612,0,ok,
edm_5k,/mnt/pixstor/data/xggh8/zw-lab/e009_stage_b_edm5k_30000kimg/network-snapshot-016000.pkl,5942ebb047a02967a91c491008b5ec9fc079f89445b8d8b248cebda437c3e0d5,16000,20012,ee866d8b497090f15037e70292fb5a103ea9f23d78061ecf78efa0d08f152a37,17.461132126503305,17.795137039636501,1276,24323,0.98123055122367187,0,ok,
edm_5k,/mnt/pixstor/data/xggh8/zw-lab/e009_stage_b_edm5k_30000kimg/network-snapshot-016000.pkl,5942ebb047a02967a91c491008b5ec9fc079f89445b8d8b248cebda437c3e0d5,16000,20013,98888235eb0d95cf5b8be87e75303c6777cf0967d8417b7c6981452f753dfd28,17.278157489017147,18.719928519104386,33343,26140,0.92298202268155793,0,ok,
edm_5k,/mnt/pixstor/data/xggh8/zw-lab/e009_stage_b_edm5k_30000kimg/network-snapshot-016000.pkl,5942ebb047a02967a91c491008b5ec9fc079f89445b8d8b248cebda437c3e0d5,16000,20014,46fbf1e9509389d67d26feed0523155859580e329d69b360f6fc77a2297ae15f,13.661077295255961,14.57188415497119,48613,38676,0.93749560111589902,0,ok,
edm_5k,/mnt/pixstor/data/xggh8/zw-lab/e009_stage_b_edm5k_30000kimg/network-snapshot-016000.pkl,5942ebb047a02967a91c491008b5ec9fc079f89445b8d8b248cebda437c3e0d5,16000,20015,ddd9c16964831824584d452635687b189cfc79fcf7b1fe6bab72a3df55c92c39,19.541079755707912,20.812583372252611,12699,7701,0.93890697786994237,0,ok,
edm_5k,/mnt/pixstor/data/xggh8/zw-lab/e009_stage_b_edm5k_30000kimg/network-snapshot-016000.pkl,5942ebb047a02967a91c491008b5ec9fc079f89445b8d8b248cebda437c3e0d5,16000,20016,f90a3475d65e809f7d52135c5558e004728deb3f4e62a05c5daa54e80ba439f2,15.582941989105059,15.721681381760046,20051,14062,0.99117528276486067,0,ok,
edm_5k,/mnt/pixstor/data/xggh8/zw-lab/e009_stage_b_edm5k_30000kimg/network-snapshot-016000.pkl,5942ebb047a02967a91c491008b5ec9fc079f89445b8d8b248cebda437c3e0d5,16000,20017,e33027a80243329743718186b49f99c7003bd4dbdd8e0dbce805db3750dbde04,18.534045055613223,22.645918284296066,22870,30085,0.81842762227335941,0,ok,
edm_5k,/mnt/pixstor/data/xggh8/zw-lab/e009_stage_b_edm5k_30000kimg/network-snapshot-016000.pkl,5942ebb047a02967a91c491008b5ec9fc079f89445b8d8b248cebda437c3e0d5,16000,20018,3780042f345620ba9178e9d210c51f7bc2830902013f9a4115fadf49d4d9f2b3,15.57057774564422,16.499867579360217,14410,13435,0.94367895201301788,0,ok,
edm_5k,/mnt/pixstor/data/xggh8/zw-lab/e009_stage_b_edm5k_30000kimg/network-snapshot-016000.pkl,5942ebb047a02967a91c491008b5ec9fc079f89445b8d8b248cebda437c3e0d5,16000,20019,442c105fd46f191c55eeef3fcedd932ef1ae272b72f359d8c88c2a4c745911bb,16.37474577790443,17.877608522212537,13535,35588,0.9159360301216557,0,ok,
edm_5k,/mnt/pixstor/data/xggh8/zw-lab/e009_stage_b_edm5k_30000kimg/network-snapshot-016000.pkl,5942ebb047a02967a91c491008b5ec9fc079f89445b8d8b248cebda437c3e0d5,16000,20020,f3f4987c2a5f1542596b355a5a9cbc62da77c085c92fadbfc8c26e73ab0e2068,13.630987355657711,16.565582336379112,9692,47886,0.82284987505227403,0,ok,
edm_5k,/mnt/pixstor/data/xggh8/zw-lab/e009_stage_b_edm5k_30000kimg/network-snapshot-016000.pkl,5942ebb047a02967a91c491008b5ec9fc079f89445b8d8b248cebda437c3e0d5,16000,20021,7f9202c967fccbdc04ded4e977fff18aeefccf6462659c5154ca1d9b731b81f5,18.1768928671822,18.198791265281358,2782,20770,0.99879671139802928,0,ok,
edm_5k,/mnt/pixstor/data/xggh8/zw-lab/e009_stage_b_edm5k_30000kimg/network-snapshot-016000.pkl,5942ebb047a02967a91c491008b5ec9fc079f89445b8d8b248cebda437c3e0d5,16000,20022,19e2f33002e41389da335b630d609c170a752e1e621c20c5ecef919eb4d595ca,11.181060833415419,12.144140024722725,29779,16683,0.92069597440850526,0,ok,
edm_5k,/mnt/pixstor/data/xggh8/zw-lab/e009_stage_b_edm5k_30000kimg/network-snapshot-016000.pkl,5942ebb047a02967a91c491008b5ec9fc079f89445b8d8b248cebda437c3e0d5,16000,20023,2f9b22c9368c3392fd4bede410cf8899e668e8fcb59eeb4e95caf1e8357a5791,16.691455692996602,17.498934536517712,2567,45385,0.95385554235682057,0,ok,
edm_5k,/mnt/pixstor/data/xggh8/zw-lab/e009_stage_b_edm5k_30000kimg/network-snapshot-016000.pkl,5942ebb047a02967a91c491008b5ec9fc079f89445b8d8b248cebda437c3e0d5,16000,20024,c51266d3cd93ad9595e80739f099a6ca9faa3074a71f24643c1687df65879879,13.373400603227017,14.696045816514124,40136,29437,0.90999992584394129,0,ok,
edm_5k,/mnt/pixstor/data/xggh8/zw-lab/e009_stage_b_edm5k_30000kimg/network-snapshot-016000.pkl,5942ebb047a02967a91c491008b5ec9fc079f89445b8d8b248cebda437c3e0d5,16000,20025,4792cc192aedbebdca550402c3ab2b78a27f17ba6f5f987622d766884143282b,12.036674646257584,13.406481122390517,30786,45494,0.89782505464128215,0,ok,
edm_5k,/mnt/pixstor/data/xggh8/zw-lab/e009_stage_b_edm5k_30000kimg/network-snapshot-016000.pkl,5942ebb047a02967a91c491008b5ec9fc079f89445b8d8b248cebda437c3e0d5,16000,20026,2ad18b8de77aee7da3ac676b5732a6c655871901afe02d612dd2b4b0a466b47a,14.000826129635547,16.054516868614797,11830,9692,0.87208019052918129,0,ok,
edm_5k,/mnt/pixstor/data/xggh8/zw-lab/e009_stage_b_edm5k_30000kimg/network-snapshot-016000.pkl,5942ebb047a02967a91c491008b5ec9fc079f89445b8d8b248cebda437c3e0d5,16000,20027,858270864a637a106764d209f3173b035f8ce68d2e5d1ad75922dc47bc2b1705,13.926942554596476,14.36486359029529,48613,39913,0.96951443131039072,0,ok,
edm_5k,/mnt/pixstor/data/xggh8/zw-lab/e009_stage_b_edm5k_30000kimg/network-snapshot-016000.pkl,5942ebb047a02967a91c491008b5ec9fc079f89445b8d8b248cebda437c3e0d5,16000,20028,3be2510264b0d3199b08d96ef6153d0ff98d507159a960fd90e2343d91ae4650,18.061033480363744,18.300836144384743,2782,43826,0.98689662799398492,0,ok,
edm_5k,/mnt/pixstor/data/xggh8/zw-lab/e009_stage_b_edm5k_30000kimg/network-snapshot-016000.pkl,5942ebb047a02967a91c491008b5ec9fc079f89445b8d8b248cebda437c3e0d5,16000,20029,6f57daf298c28fdb0834b2f74e6684cbb17eb4838f45c4f3762b8e9e1ff471c6,13.113371283017415,14.879398351981781,28795,12699,0.88131058614146518,0,ok,
edm_5k,/mnt/pixstor/data/xggh8/zw-lab/e009_stage_b_edm5k_30000kimg/network-snapshot-016000.pkl,5942ebb047a02967a91c491008b5ec9fc079f89445b8d8b248cebda437c3e0d5,16000,20030,df186cda81654367810d9a8f9793b5d408eac0cce3b7306e82653c5a829a2cec,15.231583898345349,18.130785779708908,34315,38291,0.84009507825037544,0,ok,
edm_5k,/mnt/pixstor/data/xggh8/zw-lab/e009_stage_b_edm5k_30000kimg/network-snapshot-016000.pkl,5942ebb047a02967a91c491008b5ec9fc079f89445b8d8b248cebda437c3e0d5,16000,20031,17db6e8551d505291baa39fcbe0f1d4a2414b4d8d1212e76290f0f65f4b03da7,18.010354605310244,18.905262780899793,13435,37558,0.95266354210671511,0,ok,
edm_5k,/mnt/pixstor/data/xggh8/zw-lab/e009_stage_b_edm5k_30000kimg/network-snapshot-016000.pkl,5942ebb047a02967a91c491008b5ec9fc079f89445b8d8b248cebda437c3e0d5,16000,20032,d703c4a6c0c1504522752e67edd79b2a7982baae71ebab159d243e0d662cf93a,14.976438184712256,17.37414393471288,11207,29437,0.86199574730067141,0,ok,
edm_5k,/mnt/pixstor/data/xggh8/zw-lab/e009_stage_b_edm5k_30000kimg/network-snapshot-016000.pkl,5942ebb047a02967a91c491008b5ec9fc079f89445b8d8b248cebda437c3e0d5,16000,20033,ce096bbfb1a466b6fbe1ef787dbcc9835413ffb88c5a71325eacdfac73a171f9,10.928431772157163,14.805988829782104,47356,30132,0.73810887592828167,0,ok,
edm_5k,/mnt/pixstor/data/xggh8/zw-lab/e009_stage_b_edm5k_30000kimg/network-snapshot-016000.pkl,5942ebb047a02967a91c491008b5ec9fc079f89445b8d8b248cebda437c3e0d5,16000,20034,410f0ff3f6d83fdc26a15545bf5569d2e9ec956f5113699f7b68b8b8e17b526c,16.304067792420621,16.80365065825379,33571,39774,0.97026938514769834,0,ok,
edm_5k,/mnt/pixstor/data/xggh8/zw-lab/e009_stage_b_edm5k_30000kimg/network-snapshot-016000.pkl,5942ebb047a02967a91c491008b5ec9fc079f89445b8d8b248cebda437c3e0d5,16000,20035,e686c5a157ca08e88b0075a799a83e224dcc63e7bc7cc4a804909df0678cf26b,12.680681347020947,12.733986091761585,20770,39913,0.99581397809322847,0,ok,
edm_5k,/mnt/pixstor/data/xggh8/zw-lab/e009_stage_b_edm5k_30000kimg/network-snapshot-016000.pkl,5942ebb047a02967a91c491008b5ec9fc079f89445b8d8b248cebda437c3e0d5,16000,20036,2ed13f6c681589d5a9700fc3c9e03a56a99fb619fe2c600875684c10da10454c,17.629624806509032,18.222782679071472,15768,34759,0.9674496544787492,0,ok,
edm_5k,/mnt/pixstor/data/xggh8/zw-lab/e009_stage_b_edm5k_30000kimg/network-snapshot-016000.pkl,5942ebb047a02967a91c491008b5ec9fc079f89445b8d8b248cebda437c3e0d5,16000,20037,7e65f3f4e3d173ebc0536db6cf02ab8dd4ab9cfb03a58b55d260b00d7d3e6169,16.095199112232805,18.165762806793222,47550,38995,0.88601834579794725,0,ok,
edm_5k,/mnt/pixstor/data/xggh8/zw-lab/e009_stage_b_edm5k_30000kimg/network-snapshot-016000.pkl,5942ebb047a02967a91c491008b5ec9fc079f89445b8d8b248cebda437c3e0d5,16000,20038,7cdea334f7907f52a9c06a02241464e771f09a1d4418782243b31a330c9d3d70,12.923126269449435,12.961598008889027,32024,10551,0.99703186756654483,0,ok,
edm_5k,/mnt/pixstor/data/xggh8/zw-lab/e009_stage_b_edm5k_30000kimg/network-snapshot-016000.pkl,5942ebb047a02967a91c491008b5ec9fc079f89445b8d8b248cebda437c3e0d5,16000,20039,cf806412a336aceb2b10924e5a980330d88a63cfe9a24ae14e1e6c9752e50aea,10.060908349811861,11.211722446087514,16683,20051,0.89735617325442751,0,ok,
edm_5k,/mnt/pixstor/data/xggh8/zw-lab/e009_stage_b_edm5k_30000kimg/network-snapshot-016000.pkl,5942ebb047a02967a91c491008b5ec9fc079f89445b8d8b248cebda437c3e0d5,16000,20040,b30d9e43e38879811168349349a449fd8d87c6f04444a261aa6fc7666ba141d7,11.767538760436199,12.59014350148537,37719,26590,0.9346627986446604,0,ok,
edm_5k,/mnt/pixstor/data/xggh8/zw-lab/e009_stage_b_edm5k_30000kimg/network-snapshot-016000.pkl,5942ebb047a02967a91c491008b5ec9fc079f89445b8d8b248cebda437c3e0d5,16000,20041,a452e327846a26697245b5cd698d2c9441f35ab589cec8b17eb5f6c910a8b744,16.111159503866624,16.192634931171131,3157,29779,0.99496836508382802,0,ok,
edm_5k,/mnt/pixstor/data/xggh8/zw-lab/e009_stage_b_edm5k_30000kimg/network-snapshot-016000.pkl,5942ebb047a02967a91c491008b5ec9fc079f89445b8d8b248cebda437c3e0d5,16000,20042,e2548bb43174aa6f87e49b43c1f734e8780640b4e39b09558701a3d23b9a2060,13.308562868505792,16.179287652401481,15768,29437,0.82256791240932114,0,ok,
edm_5k,/mnt/pixstor/data/xggh8/zw-lab/e009_stage_b_edm5k_30000kimg/network-snapshot-016000.pkl,5942ebb047a02967a91c491008b5ec9fc079f89445b8d8b248cebda437c3e0d5,16000,20043,50a77fdb8a22eb671763ba1d4a229d3d846995a676f565c8f97b8828671260c7,16.829207274806755,17.121075796692327,27642,2567,0.98295267625986682,0,ok,
edm_5k,/mnt/pixstor/data/xggh8/zw-lab/e009_stage_b_edm5k_30000kimg/network-snapshot-016000.pkl,5942ebb047a02967a91c491008b5ec9fc079f89445b8d8b248cebda437c3e0d5,16000,20044,c4e69b38a12f67316c5cc4b22028063f12e1c52a127e9771fca58e00f9752113,17.472443223915988,17.475926573826364,32953,16683,0.99980067724045074,0,ok,
edm_5k,/mnt/pixstor/data/xggh8/zw-lab/e009_stage_b_edm5k_30000kimg/network-snapshot-016000.pkl,5942ebb047a02967a91c491008b5ec9fc079f89445b8d8b248cebda437c3e0d5,16000,20045,4f7da903d47053d0a16f68c511da257fd35765d9ab065c25a9eeea4ff28f2e1d,12.838914620330977,17.272575004433573,46725,29779,0.74331213597482992,0,ok,
edm_5k,/mnt/pixstor/data/xggh8/zw-lab/e009_stage_b_edm5k_30000kimg/network-snapshot-016000.pkl,5942ebb047a02967a91c491008b5ec9fc079f89445b8d8b248cebda437c3e0d5,16000,20046,6ba50ea92519dead14909f18cf82f88f8bca4cb8b4b9901b4e9e15098e9b854f,21.328695283232378,22.10580838961684,16683,8398,0.96484575037077247,0,ok,
edm_5k,/mnt/pixstor/data/xggh8/zw-lab/e009_stage_b_edm5k_30000kimg/network-snapshot-016000.pkl,5942ebb047a02967a91c491008b5ec9fc079f89445b8d8b248cebda437c3e0d5,16000,20047,6128e840466ed2b25d71509554ac55e8b8b99d165c8a2b70603f8d19cbbf491d,20.603266324330257,21.021052506738659,25406,12649,0.98012534423409703,0,ok,
edm_5k,/mnt/pixstor/data/xggh8/zw-lab/e009_stage_b_edm5k_30000kimg/network-snapshot-016000.pkl,5942ebb047a02967a91c491008b5ec9fc079f89445b8d8b248cebda437c3e0d5,16000,20048,82ba8748757914cd6e4708fda3520febd1dd1f2b8b2a5a56696412edd90e1612,13.427292079908463,14.083003095864594,29779,9896,0.95343954613283599,0,ok,
edm_5k,/mnt/pixstor/data/xggh8/zw-lab/e009_stage_b_edm5k_30000kimg/network-snapshot-016000.pkl,5942ebb047a02967a91c491008b5ec9fc079f89445b8d8b248cebda437c3e0d5,16000,20049,61ec1e17bbdb1581beec774352968161f4399399415d31a5b1effb06a7566de3,11.303055993147876,12.837130390236377,29779,12699,0.88049709316224734,0,ok,
edm_5k,/mnt/pixstor/data/xggh8/zw-lab/e009_stage_b_edm5k_30000kimg/network-snapshot-016000.pkl,5942ebb047a02967a91c491008b5ec9fc079f89445b8d8b248cebda437c3e0d5,16000,20050,7dd842d3277a4aa5dec4713f04412ff5a998da4a266a2d0da6d16977a78a247a,16.484533461187269,18.09407956227238,4827,40908,0.91104570445013711,0,ok,
edm_5k,/mnt/pixstor/data/xggh8/zw-lab/e009_stage_b_edm5k_30000kimg/network-snapshot-016000.pkl,5942ebb047a02967a91c491008b5ec9fc079f89445b8d8b248cebda437c3e0d5,16000,20051,151ea8a77885311315cdbbc383cec19d4e090fdcf41a8d376028010e133c279a,14.934086095507919,16.211798157067953,8398,39111,0.92118628364473054,0,ok,
edm_5k,/mnt/pixstor/data/xggh8/zw-lab/e009_stage_b_edm5k_30000kimg/network-snapshot-016000.pkl,5942ebb047a02967a91c491008b5ec9fc079f89445b8d8b248cebda437c3e0d5,16000,20052,39f94cd3aecd1d3ab319b86fccf5de311de0f7ea860b0c3ca5d36493c081d80f,14.459405745914188,14.712438391671943,32024,40908,0.98280144738611197,0,ok,
edm_5k,/mnt/pixstor/data/xggh8/zw-lab/e009_stage_b_edm5k_30000kimg/network-snapshot-016000.pkl,5942ebb047a02967a91c491008b5ec9fc079f89445b8d8b248cebda437c3e0d5,16000,20053,351ca75bd4a895a960e94dd59b34e5dbe1acf3f5e264f02b1352199acf4aa7a5,10.588737814723457,10.756477495290046,18082,44302,0.98440570524690474,0,ok,
edm_5k,/mnt/pixstor/data/xggh8/zw-lab/e009_stage_b_edm5k_30000kimg/network-snapshot-016000.pkl,5942ebb047a02967a91c491008b5ec9fc079f89445b8d8b248cebda437c3e0d5,16000,20054,ac0cbebeb3755bde58cf4ffca5c849beb8162dd09163fec3a3e019680f17c608,15.741060728674398,17.704069730160686,7346,17844,0.88912103084738181,0,ok,
edm_5k,/mnt/pixstor/data/xggh8/zw-lab/e009_stage_b_edm5k_30000kimg/network-snapshot-016000.pkl,5942ebb047a02967a91c491008b5ec9fc079f89445b8d8b248cebda437c3e0d5,16000,20055,f134567ae1c8c389896162ac1e44696165ed4e7bffdd66a93ba593780a642240,13.823641121622568,15.898606226056467,32024,15904,0.86948760948408121,0,ok,
edm_5k,/mnt/pixstor/data/xggh8/zw-lab/e009_stage_b_edm5k_30000kimg/network-snapshot-016000.pkl,5942ebb047a02967a91c491008b5ec9fc079f89445b8d8b248cebda437c3e0d5,16000,20056,03cfac7f5a59d816dfc60ca10ba16a5f894e5d08b903516cd4dea0b8e7e1ef13,16.892434296500237,17.611961183153657,31249,11207,0.95914555572938309,0,ok,
edm_5k,/mnt/pixstor/data/xggh8/zw-lab/e009_stage_b_edm5k_30000kimg/network-snapshot-016000.pkl,5942ebb047a02967a91c491008b5ec9fc079f89445b8d8b248cebda437c3e0d5,16000,20057,2037383289828c893fa0504f0edb7482b9ed6f6f59a1a48143c6f9c96193d2c5,17.619364827398897,17.968233725671332,18459,30786,0.98058412954780283,0,ok,
edm_5k,/mnt/pixstor/data/xggh8/zw-lab/e009_stage_b_edm5k_30000kimg/network-snapshot-016000.pkl,5942ebb047a02967a91c491008b5ec9fc079f89445b8d8b248cebda437c3e0d5,16000,20058,3e021f7fa921c35af33b57ef089f109370d227ab484077a4a51b22645c6fd93f,15.574750639590059,15.865890522157706,25149,20051,0.98164995011398493,0,ok,
edm_5k,/mnt/pixstor/data/xggh8/zw-lab/e009_stage_b_edm5k_30000kimg/network-snapshot-016000.pkl,5942ebb047a02967a91c491008b5ec9fc079f89445b8d8b248cebda437c3e0d5,16000,20059,cf7c9fd5b38c3382776a9346e83d9a6bc50194d90c1128c58743e7848103357a,18.80665647559951,19.412942533166142,46712,40349,0.96876897685496066,0,ok,
edm_5k,/mnt/pixstor/data/xggh8/zw-lab/e009_stage_b_edm5k_30000kimg/network-snapshot-016000.pkl,5942ebb047a02967a91c491008b5ec9fc079f89445b8d8b248cebda437c3e0d5,16000,20060,af9af6db3e84793c8f0aebc269d1abd169a706c365ded30129dfa82c801b74ea,15.369849862207028,15.74360013840553,5924,9896,0.97626017728392622,0,ok,
edm_5k,/mnt/pixstor/data/xggh8/zw-lab/e009_stage_b_edm5k_30000kimg/network-snapshot-016000.pkl,5942ebb047a02967a91c491008b5ec9fc079f89445b8d8b248cebda437c3e0d5,16000,20061,55d5b51d9ea9911fa5b6316a02e96dbf7a1c0d505b4a675731bd34aaf4e4a3df,19.965708122040525,20.342280337520094,6230,20770,0.98148820047548924,0,ok,
edm_5k,/mnt/pixstor/data/xggh8/zw-lab/e009_stage_b_edm5k_30000kimg/network-snapshot-016000.pkl,5942ebb047a02967a91c491008b5ec9fc079f89445b8d8b248cebda437c3e0d5,16000,20062,abf64d46a0db9619d67cb689f226076c4b60fd17ccee22bb5cc563cbde3f277d,17.991960237508714,18.130589247939881,37719,31189,0.99235386073031695,0,ok,
edm_5k,/mnt/pixstor/data/xggh8/zw-lab/e009_stage_b_edm5k_30000kimg/network-snapshot-016000.pkl,5942ebb047a02967a91c491008b5ec9fc079f89445b8d8b248cebda437c3e0d5,16000,20063,f2b980d2c4e6eec604e2d3abfbc3949c1275671f77c4b7d17a761bb5875492ff,15.384696178852952,15.712910766844782,40529,32953,0.97911178947923616,0,ok,
edm_5k,/mnt/pixstor/data/xggh8/zw-lab/e009_stage_b_edm5k_30000kimg/network-snapshot-016000.pkl,5942ebb047a02967a91c491008b5ec9fc079f89445b8d8b248cebda437c3e0d5,16000,20064,f0b6823cc00387fb8d48b69860056acf80c522a2ddbc74db404e4f42d94066ca,9.3519566531466829,10.493208965778916,16683,20051,0.89123896070742958,0,ok,
edm_5k,/mnt/pixstor/data/xggh8/zw-lab/e009_stage_b_edm5k_30000kimg/network-snapshot-016000.pkl,5942ebb047a02967a91c491008b5ec9fc079f89445b8d8b248cebda437c3e0d5,16000,20065,b659e018f7931177cc6f47fe5e2de565de0bfcc1b45072154b08672b2879b7b9,17.113232271875194,17.171588436421363,37603,36170,0.9966015861163785,0,ok,
edm_5k,/mnt/pixstor/data/xggh8/zw-lab/e009_stage_b_edm5k_30000kimg/network-snapshot-016000.pkl,5942ebb047a02967a91c491008b5ec9fc079f89445b8d8b248cebda437c3e0d5,16000,20066,f55fe0f2807e1083bd225e69353c4b88acf16121393b693c22a880b35c08fc3c,21.139512247950595,21.850256189308407,32953,6230,0.96747205455167218,0,ok,
edm_5k,/mnt/pixstor/data/xggh8/zw-lab/e009_stage_b_edm5k_30000kimg/network-snapshot-016000.pkl,5942ebb047a02967a91c491008b5ec9fc079f89445b8d8b248cebda437c3e0d5,16000,20067,3c383347d5e711fbce042190f6463a88072981456f9434934966ae7abe262624,21.063187442899206,21.468486318148511,1220,21934,0.9811212178985026,0,ok,
edm_5k,/mnt/pixstor/data/xggh8/zw-lab/e009_stage_b_edm5k_30000kimg/network-snapshot-016000.pkl,5942ebb047a02967a91c491008b5ec9fc079f89445b8d8b248cebda437c3e0d5,16000,20068,fe1616e7b37f96fe665394c4dab85d19e7aed06a6abf2c7134c7155a95fd3f3a,16.35065235564608,18.035162809851801,2567,7813,0.90659854463384448,0,ok,
edm_5k,/mnt/pixstor/data/xggh8/zw-lab/e009_stage_b_edm5k_30000kimg/network-snapshot-016000.pkl,5942ebb047a02967a91c491008b5ec9fc079f89445b8d8b248cebda437c3e0d5,16000,20069,1aeae383a1dfc3470adb6407eb4f450f2f572a9233f4b3865146ea02bfcf73af,18.623068897529748,18.736655713022831,19545,47671,0.99393772201225139,0,ok,
edm_5k,/mnt/pixstor/data/xggh8/zw-lab/e009_stage_b_edm5k_30000kimg/network-snapshot-016000.pkl,5942ebb047a02967a91c491008b5ec9fc079f89445b8d8b248cebda437c3e0d5,16000,20070,1277fea77a432feb870bdf2ed54b4e133b511348bb1d8a1c269c32832ba8fd3d,15.990625826432412,27.232156659215143,27792,18459,0.58719645405026388,0,ok,
edm_5k,/mnt/pixstor/data/xggh8/zw-lab/e009_stage_b_edm5k_30000kimg/network-snapshot-016000.pkl,5942ebb047a02967a91c491008b5ec9fc079f89445b8d8b248cebda437c3e0d5,16000,20071,bc10a0113d88c089c78097383939ae1edcba0207dc07f4c0ee1c62096ee5d785,14.411257937566996,15.14150859246234,1721,39913,0.9517716051583609,0,ok,
edm_5k,/mnt/pixstor/data/xggh8/zw-lab/e009_stage_b_edm5k_30000kimg/network-snapshot-016000.pkl,5942ebb047a02967a91c491008b5ec9fc079f89445b8d8b248cebda437c3e0d5,16000,20072,b6d4f74f841e4345adedc7e06c4a32e1cc251de3ef5b1d3931a24973a8ae2f17,11.556121553864156,11.665710532527829,7690,10551,0.99060588908338643,0,ok,
edm_5k,/mnt/pixstor/data/xggh8/zw-lab/e009_stage_b_edm5k_30000kimg/network-snapshot-016000.pkl,5942ebb047a02967a91c491008b5ec9fc079f89445b8d8b248cebda437c3e0d5,16000,20073,e02bcad66710ab315f8412a70c89369c1fbc8e6412f1b89c16fc15f816507bd3,20.909871507981354,21.073470878056625,28921,786,0.99223671453924456,0,ok,
edm_5k,/mnt/pixstor/data/xggh8/zw-lab/e009_stage_b_edm5k_30000kimg/network-snapshot-016000.pkl,5942ebb047a02967a91c491008b5ec9fc079f89445b8d8b248cebda437c3e0d5,16000,20074,774800c9c9054dc450b8f02faf27ebfcfbc056f312a8c56ae2770573d01da8be,15.614483331201788,19.321718145796385,41603,11710,0.80813120310415354,0,ok,
edm_5k,/mnt/pixstor/data/xggh8/zw-lab/e009_stage_b_edm5k_30000kimg/network-snapshot-016000.pkl,5942ebb047a02967a91c491008b5ec9fc079f89445b8d8b248cebda437c3e0d5,16000,20075,79145b23045a7ab486fec259cb6260d4f5fe5db5cf4c311b4b69799dda641b2a,17.482227771385453,17.622987621206907,49860,13435,0.99201271357348808,0,ok,
edm_5k,/mnt/pixstor/data/xggh8/zw-lab/e009_stage_b_edm5k_30000kimg/network-snapshot-016000.pkl,5942ebb047a02967a91c491008b5ec9fc079f89445b8d8b248cebda437c3e0d5,16000,20076,0906d8da2d94b4b9053630b6b6e06d2c0e487451e82f8f3a2c25b5487e8f4600,18.224849402358878,18.357039527636328,43951,21936,0.99279894096875265,0,ok,
edm_5k,/mnt/pixstor/data/xggh8/zw-lab/e009_stage_b_edm5k_30000kimg/network-snapshot-016000.pkl,5942ebb047a02967a91c491008b5ec9fc079f89445b8d8b248cebda437c3e0d5,16000,20077,5c1a0b28da62be8585cd9ecb3a87e418493c9147b30681993c2002568781c0ab,20.70552634216271,22.222972592176408,34360,44542,0.93171722442982652,0,ok,
edm_5k,/mnt/pixstor/data/xggh8/zw-lab/e009_stage_b_edm5k_30000kimg/network-snapshot-016000.pkl,5942ebb047a02967a91c491008b5ec9fc079f89445b8d8b248cebda437c3e0d5,16000,20078,51df7344d6b6e16b5b34a11d6d3dca5487eae5a9c87024293cad1b13816b1d05,12.292843078739681,13.991702903605171,21934,19604,0.87858091066043476,0,ok,
edm_5k,/mnt/pixstor/data/xggh8/zw-lab/e009_stage_b_edm5k_30000kimg/network-snapshot-016000.pkl,5942ebb047a02967a91c491008b5ec9fc079f89445b8d8b248cebda437c3e0d5,16000,20079,839713644a51f3aed1311375505f4a4c97ecdeecbf58452859f7f3337cff134f,17.039202448729238,17.224506895348046,19923,7496,0.98924181413467027,0,ok,
edm_5k,/mnt/pixstor/data/xggh8/zw-lab/e009_stage_b_edm5k_30000kimg/network-snapshot-016000.pkl,5942ebb047a02967a91c491008b5ec9fc079f89445b8d8b248cebda437c3e0d5,16000,20080,f9f5a3c5ed7ae9f012ca1b3dd352d9a75558af79de99bc83f551e14002c02d18,16.238324627747271,17.215904328176482,34696,22857,0.94321647693933508,0,ok,
edm_5k,/mnt/pixstor/data/xggh8/zw-lab/e009_stage_b_edm5k_30000kimg/network-snapshot-016000.pkl,5942ebb047a02967a91c491008b5ec9fc079f89445b8d8b248cebda437c3e0d5,16000,20081,a05a929deda822c8e6d79cb78d3abb0b1217e84fb7a85314b67d9901ef56cc76,12.103243795954137,14.063771613644567,11710,30786,0.86059729412924058,0,ok,
edm_5k,/mnt/pixstor/data/xggh8/zw-lab/e009_stage_b_edm5k_30000kimg/network-snapshot-016000.pkl,5942ebb047a02967a91c491008b5ec9fc079f89445b8d8b248cebda437c3e0d5,16000,20082,67faf4c771b78d5545fdd9bc1487a8b64580a249d37898998b799e8f1e863e26,20.467568167263732,25.604081676386574,43052,45102,0.79938692689533153,0,ok,
edm_5k,/mnt/pixstor/data/xggh8/zw-lab/e009_stage_b_edm5k_30000kimg/network-snapshot-016000.pkl,5942ebb047a02967a91c491008b5ec9fc079f89445b8d8b248cebda437c3e0d5,16000,20083,7a5eee9c09f1bcdc85dec905961c59f05e8bfe46f8ad0af981036f87871778d1,12.475501656576034,12.667273731416397,11207,29437,0.98486082491730287,0,ok,
edm_5k,/mnt/pixstor/data/xggh8/zw-lab/e009_stage_b_edm5k_30000kimg/network-snapshot-016000.pkl,5942ebb047a02967a91c491008b5ec9fc079f89445b8d8b248cebda437c3e0d5,16000,20084,898dd9e636fe4d9a636dd3a30e5563b0b4e8a25b0db9f53f37b1cf0cf9cb785a,16.660155549427898,17.059001995834851,33571,7496,0.97661959084685401,0,ok,
edm_5k,/mnt/pixstor/data/xggh8/zw-lab/e009_stage_b_edm5k_30000kimg/network-snapshot-016000.pkl,5942ebb047a02967a91c491008b5ec9fc079f89445b8d8b248cebda437c3e0d5,16000,20085,2ec4d971843349f06acdb283cff9997dc9f4aa396e7f5f4fc5e163be6656779f,14.250149158343442,14.801346561655514,37558,37719,0.96276032041976445,0,ok,
edm_5k,/mnt/pixstor/data/xggh8/zw-lab/e009_stage_b_edm5k_30000kimg/network-snapshot-016000.pkl,5942ebb047a02967a91c491008b5ec9fc079f89445b8d8b248cebda437c3e0d5,16000,20086,a51e5bd236c848d02bca8602e9d2032765b20907c2b03e08f660c46258412a4b,15.605833935685688,18.096154204675749,38154,43951,0.8623840048651551,0,ok,
edm_5k,/mnt/pixstor/data/xggh8/zw-lab/e009_stage_b_edm5k_30000kimg/network-snapshot-016000.pkl,5942ebb047a02967a91c491008b5ec9fc079f89445b8d8b248cebda437c3e0d5,16000,20087,30c6151b26911053003b02dc8206f7fdc4c31bf455b30bd380e87f7349037982,9.1699019017181023,9.1725533977291391,32024,13533,0.99971093152625379,0,ok,
edm_5k,/mnt/pixstor/data/xggh8/zw-lab/e009_stage_b_edm5k_30000kimg/network-snapshot-016000.pkl,5942ebb047a02967a91c491008b5ec9fc079f89445b8d8b248cebda437c3e0d5,16000,20088,7f44a04ddc2181dbf87f3378bb16a865ac2ce7da0aa5816a019e943c268935d4,10.734407296457553,14.539926884933028,7187,39915,0.73827106431883527,0,ok,
edm_5k,/mnt/pixstor/data/xggh8/zw-lab/e009_stage_b_edm5k_30000kimg/network-snapshot-016000.pkl,5942ebb047a02967a91c491008b5ec9fc079f89445b8d8b248cebda437c3e0d5,16000,20089,d3366748c8952119abcee0953dc4c7736aeec120166fbf2b75f171108acafa0a,16.56447807211304,17.705676241190691,34315,33343,0.93554619696350516,0,ok,
edm_5k,/mnt/pixstor/data/xggh8/zw-lab/e009_stage_b_edm5k_30000kimg/network-snapshot-016000.pkl,5942ebb047a02967a91c491008b5ec9fc079f89445b8d8b248cebda437c3e0d5,16000,20090,0f380ad9ad7634463cf92b198282c165c600a521ecd811191a658c06305c6dab,19.596847522538081,19.59837693414077,37803,26590,0.99992196233352237,0,ok,
edm_5k,/mnt/pixstor/data/xggh8/zw-lab/e009_stage_b_edm5k_30000kimg/network-snapshot-016000.pkl,5942ebb047a02967a91c491008b5ec9fc079f89445b8d8b248cebda437c3e0d5,16000,20091,848b373d018dd012b398a1551cb012eb2113eb1c293dd406213c25457357c8bf,17.460329281278163,17.466456883478919,44302,16683,0.99964917886657645,0,ok,
edm_5k,/mnt/pixstor/data/xggh8/zw-lab/e009_stage_b_edm5k_30000kimg/network-snapshot-016000.pkl,5942ebb047a02967a91c491008b5ec9fc079f89445b8d8b248cebda437c3e0d5,16000,20092,8fba09fa99b55b496b9ab59090fcac943272a102983bd20450cf41b7acf21e8c,12.647279326741893,14.160690335853552,29779,2595,0.893125901829811,0,ok,
edm_5k,/mnt/pixstor/data/xggh8/zw-lab/e009_stage_b_edm5k_30000kimg/network-snapshot-016000.pkl,5942ebb047a02967a91c491008b5ec9fc079f89445b8d8b248cebda437c3e0d5,16000,20093,a7b798926f8b14bf77df6e86e31647a8884c915d9934df4cf7c163edb3e4a42d,17.958417620159477,18.84174401631002,7187,35674,0.95311864998346718,0,ok,
edm_5k,/mnt/pixstor/data/xggh8/zw-lab/e009_stage_b_edm5k_30000kimg/network-snapshot-016000.pkl,5942ebb047a02967a91c491008b5ec9fc079f89445b8d8b248cebda437c3e0d5,16000,20094,792769b4874cab019b549394be0642b9e031cb9949a562d6979d53903c08162b,17.473384106968258,17.526995681700559,25149,29779,0.99694119998053776,0,ok,
edm_5k,/mnt/pixstor/data/xggh8/zw-lab/e009_stage_b_edm5k_30000kimg/network-snapshot-016000.pkl,5942ebb047a02967a91c491008b5ec9fc079f89445b8d8b248cebda437c3e0d5,16000,20095,4ba5261e239a37e32f20e3e04117963a288f2fcc960348b93aea5f7937636b1b,19.070056375725947,21.137822992522398,38154,42837,0.90217693574556224,0,ok,
edm_5k,/mnt/pixstor/data/xggh8/zw-lab/e009_stage_b_edm5k_30000kimg/network-snapshot-016000.pkl,5942ebb047a02967a91c491008b5ec9fc079f89445b8d8b248cebda437c3e0d5,16000,20096,2001002c7192e8aa04883453d17ecbedbd62276536cba87697df6fdea1fb6933,23.438086826120394,23.458478822755254,22518,13805,0.99913071956673172,0,ok,
edm_5k,/mnt/pixstor/data/xggh8/zw-lab/e009_stage_b_edm5k_30000kimg/network-snapshot-016000.pkl,5942ebb047a02967a91c491008b5ec9fc079f89445b8d8b248cebda437c3e0d5,16000,20097,f1f93416c979a3ff07312c3f52b966b0eabfe1de5196536e7cff68524802321f,19.211785558744356,19.244834372282021,47886,47048,0.99828271769461085,0,ok,
edm_5k,/mnt/pixstor/data/xggh8/zw-lab/e009_stage_b_edm5k_30000kimg/network-snapshot-016000.pkl,5942ebb047a02967a91c491008b5ec9fc079f89445b8d8b248cebda437c3e0d5,16000,20098,ba9c1bf86a843bbddc11874a238c9ff1fe877f177ef99ec7ca9a68c02ce084c5,19.536400353329842,20.084421054726452,737,12277,0.97271413998425194,0,ok,
edm_5k,/mnt/pixstor/data/xggh8/zw-lab/e009_stage_b_edm5k_30000kimg/network-snapshot-016000.pkl,5942ebb047a02967a91c491008b5ec9fc079f89445b8d8b248cebda437c3e0d5,16000,20099,0bf0493ee42f83572d6b8f8e62d9119c9c9221def11b860521ad7c3bac866e66,21.395607263379272,21.452511459810498,26351,25744,0.99734743428349493,0,ok,
edm_5k,/mnt/pixstor/data/xggh8/zw-lab/e009_stage_b_edm5k_30000kimg/network-snapshot-016000.pkl,5942ebb047a02967a91c491008b5ec9fc079f89445b8d8b248cebda437c3e0d5,16000,20100,1090a172c403a6d85dd9f26a3c26273d50d66f362ea0c210acbdbe99e1a1e7f3,13.504219493038375,16.657912232318857,1220,21934,0.81067899174292424,0,ok,
edm_5k,/mnt/pixstor/data/xggh8/zw-lab/e009_stage_b_edm5k_30000kimg/network-snapshot-016000.pkl,5942ebb047a02967a91c491008b5ec9fc079f89445b8d8b248cebda437c3e0d5,16000,20101,cd5bb6ccecc373c4663c71d5a0b6761f85443197659d51aaa4be7d5ea05cb12d,17.186875742716996,17.959170053583485,21934,17844,0.95699721598702781,0,ok,
edm_5k,/mnt/pixstor/data/xggh8/zw-lab/e009_stage_b_edm5k_30000kimg/network-snapshot-016000.pkl,5942ebb047a02967a91c491008b5ec9fc079f89445b8d8b248cebda437c3e0d5,16000,20102,5650ece0f0556ada5bfb54cb82ee9a19ac763a7b36b6a25548ec7d602f9fc64f,16.705810586517597,16.924124702136808,11710,9332,0.98710041910813573,0,ok,
edm_5k,/mnt/pixstor/data/xggh8/zw-lab/e009_stage_b_edm5k_30000kimg/network-snapshot-016000.pkl,5942ebb047a02967a91c491008b5ec9fc079f89445b8d8b248cebda437c3e0d5,16000,20103,831cc26784ed045a19e5b524c3fca76ce1d9c3023d4e3734b1eed352cad7f65e,13.932739394393517,15.65777435425537,7690,10006,0.88982885301364467,0,ok,
edm_5k,/mnt/pixstor/data/xggh8/zw-lab/e009_stage_b_edm5k_30000kimg/network-snapshot-016000.pkl,5942ebb047a02967a91c491008b5ec9fc079f89445b8d8b248cebda437c3e0d5,16000,20104,38be2abdc9e0fced240920c34c9b39abe89bd20cd2f235d1cf3cbc6b2c8859be,14.749024816197293,15.947340937359581,2567,44173,0.92485793550979956,0,ok,
edm_5k,/mnt/pixstor/data/xggh8/zw-lab/e009_stage_b_edm5k_30000kimg/network-snapshot-016000.pkl,5942ebb047a02967a91c491008b5ec9fc079f89445b8d8b248cebda437c3e0d5,16000,20105,17f0d57d2bc01b4912b8fe71e5eef6e76217f4744623f46c9f18d878f7c5f1ef,12.542349738547372,16.044963641593224,12277,34019,0.78170010345389285,0,ok,
edm_5k,/mnt/pixstor/data/xggh8/zw-lab/e009_stage_b_edm5k_30000kimg/network-snapshot-016000.pkl,5942ebb047a02967a91c491008b5ec9fc079f89445b8d8b248cebda437c3e0d5,16000,20106,a57f0f139d815415fc07f4447cd301d7553f7290adeda80b6e37165e1e4c3a22,16.230487137157336,16.434631197658504,42642,2567,0.98757842156322606,0,ok,
edm_5k,/mnt/pixstor/data/xggh8/zw-lab/e009_stage_b_edm5k_30000kimg/network-snapshot-016000.pkl,5942ebb047a02967a91c491008b5ec9fc079f89445b8d8b248cebda437c3e0d5,16000,20107,1e7c93eb50e3345efe9ac9748c42025c07261801c6ea63426fcca3dd73a49f62,18.484410044266756,18.967842272244315,11830,46008,0.97451306157870332,0,ok,
edm_5k,/mnt/pixstor/data/xggh8/zw-lab/e009_stage_b_edm5k_30000kimg/network-snapshot-016000.pkl,5942ebb047a02967a91c491008b5ec9fc079f89445b8d8b248cebda437c3e0d5,16000,20108,6117411d7b7e84d8dc11e733d4f6556e55e320da51c6e5e912ff3ec48b345562,17.265783923728172,17.667342467009057,8275,832,0.97727114057868458,0,ok,
edm_5k,/mnt/pixstor/data/xggh8/zw-lab/e009_stage_b_edm5k_30000kimg/network-snapshot-016000.pkl,5942ebb047a02967a91c491008b5ec9fc079f89445b8d8b248cebda437c3e0d5,16000,20109,5d64195ab806d60165bd6ffdb10133c98546b01226598c2a1111231663852e75,13.608811498858602,14.246567520244566,10551,32953,0.95523440853526964,0,ok,
edm_5k,/mnt/pixstor/data/xggh8/zw-lab/e009_stage_b_edm5k_30000kimg/network-snapshot-016000.pkl,5942ebb047a02967a91c491008b5ec9fc079f89445b8d8b248cebda437c3e0d5,16000,20110,2c502b24ace0b2a7c0c7c7faaac41dd87be3e4d68e5143999a7221eea35c6f04,12.978873059434784,13.229738552638928,44302,16683,0.98103775881843835,0,ok,
edm_5k,/mnt/pixstor/data/xggh8/zw-lab/e009_stage_b_edm5k_30000kimg/network-snapshot-016000.pkl,5942ebb047a02967a91c491008b5ec9fc079f89445b8d8b248cebda437c3e0d5,16000,20111,c67c69e8fe6a1ffc9b6be3f02bae9863f8199385e239ad9a63c8dad3d1e68190,16.527333860686017,17.858015269501994,36219,32942,0.92548548151996934,0,ok,
edm_5k,/mnt/pixstor/data/xggh8/zw-lab/e009_stage_b_edm5k_30000kimg/network-snapshot-016000.pkl,5942ebb047a02967a91c491008b5ec9fc079f89445b8d8b248cebda437c3e0d5,16000,20112,30aaff156966f11d96f165e3a7e3660a75a7e744ee9c429ba85340b1321ed582,18.669476396903743,19.746377455966083,13919,2166,0.94546336099044992,0,ok,
edm_5k,/mnt/pixstor/data/xggh8/zw-lab/e009_stage_b_edm5k_30000kimg/network-snapshot-016000.pkl,5942ebb047a02967a91c491008b5ec9fc079f89445b8d8b248cebda437c3e0d5,16000,20113,ccb229ae6d13269fd734858d2c1bf1da3d46a74a8371f388dd5fb3acf900e0db,18.375914386333772,20.761410233764199,47045,42808,0.88509952741307985,0,ok,
edm_5k,/mnt/pixstor/data/xggh8/zw-lab/e009_stage_b_edm5k_30000kimg/network-snapshot-016000.pkl,5942ebb047a02967a91c491008b5ec9fc079f89445b8d8b248cebda437c3e0d5,16000,20114,d3bfdfaecb9c00f16790100c5f9adb65b1bc6feea586dd3386fd85dc143a1c79,14.774040197300579,15.939514296684553,31572,26376,0.9268814546233447,0,ok,
edm_5k,/mnt/pixstor/data/xggh8/zw-lab/e009_stage_b_edm5k_30000kimg/network-snapshot-016000.pkl,5942ebb047a02967a91c491008b5ec9fc079f89445b8d8b248cebda437c3e0d5,16000,20115,51ba185a90a317b29c935692e2363661ea45e5d9ddf87c9be7b4d0c0f1d3fe80,13.766845032409401,15.951597107038063,21934,38676,0.86303866252585337,0,ok,
edm_5k,/mnt/pixstor/data/xggh8/zw-lab/e009_stage_b_edm5k_30000kimg/network-snapshot-016000.pkl,5942ebb047a02967a91c491008b5ec9fc079f89445b8d8b248cebda437c3e0d5,16000,20116,997475df5af4031c1791d23bc52a6b51dddb27e98ba627479987702830f04eac,16.140954364472908,16.326732624226572,737,12277,0.98862122238236472,0,ok,
edm_5k,/mnt/pixstor/data/xggh8/zw-lab/e009_stage_b_edm5k_30000kimg/network-snapshot-016000.pkl,5942ebb047a02967a91c491008b5ec9fc079f89445b8d8b248cebda437c3e0d5,16000,20117,3eb8bdcec1f78866e6b09e6f61554f6cdb65a4902c1680ee2067b431e55509ad,19.815087520991824,25.556363615390296,17938,42837,0.77534847364039616,0,ok,
edm_5k,/mnt/pixstor/data/xggh8/zw-lab/e009_stage_b_edm5k_30000kimg/network-snapshot-016000.pkl,5942ebb047a02967a91c491008b5ec9fc079f89445b8d8b248cebda437c3e0d5,16000,20118,45d79a096d244b478b46cd3efb3558b22677f36d87b4b269d7d24798a411d2b9,16.512527545680676,16.991044616821938,2567,39913,0.97183710113576494,0,ok,
edm_5k,/mnt/pixstor/data/xggh8/zw-lab/e009_stage_b_edm5k_30000kimg/network-snapshot-016000.pkl,5942ebb047a02967a91c491008b5ec9fc079f89445b8d8b248cebda437c3e0d5,16000,20119,671631adc7c046852cd7acdc259ff1969abc59226b47f157c79a75586c48c6db,17.584747731671925,18.409900493703351,14410,13435,0.95517885811964875,0,ok,
edm_5k,/mnt/pixstor/data/xggh8/zw-lab/e009_stage_b_edm5k_30000kimg/network-snapshot-016000.pkl,5942ebb047a02967a91c491008b5ec9fc079f89445b8d8b248cebda437c3e0d5,16000,20120,8bfb0dbc17fd6afac1af8a4fb42708e656b10f88581fd317be07275e8813e93f,16.108086958627652,16.198944518426433,36170,32953,0.99439114321952082,0,ok,
edm_5k,/mnt/pixstor/data/xggh8/zw-lab/e009_stage_b_edm5k_30000kimg/network-snapshot-016000.pkl,5942ebb047a02967a91c491008b5ec9fc079f89445b8d8b248cebda437c3e0d5,16000,20121,a3110321706e4d33cf0e3c0367f99a0b1b806bb62506694792d7e15764d48894,16.626421841009215,20.19627408483392,9841,46008,0.82324203816854369,0,ok,
edm_5k,/mnt/pixstor/data/xggh8/zw-lab/e009_stage_b_edm5k_30000kimg/network-snapshot-016000.pkl,5942ebb047a02967a91c491008b5ec9fc079f89445b8d8b248cebda437c3e0d5,16000,20122,27da3a450a67127c8d9e7525143e671ca185b51d109022ba533ae66e86441b2e,14.68387105996257,14.773208395052832,11207,31249,0.99395274657330501,0,ok,
edm_5k,/mnt/pixstor/data/xggh8/zw-lab/e009_stage_b_edm5k_30000kimg/network-snapshot-016000.pkl,5942ebb047a02967a91c491008b5ec9fc079f89445b8d8b248cebda437c3e0d5,16000,20123,271074feb629c4e5f6f03e4e346056b8aea27af88b45ca74d6fdc83832b67728,16.468529190094333,17.684386011472242,18459,49665,0.93124687390395366,0,ok,
edm_5k,/mnt/pixstor/data/xggh8/zw-lab/e009_stage_b_edm5k_30000kimg/network-snapshot-016000.pkl,5942ebb047a02967a91c491008b5ec9fc079f89445b8d8b248cebda437c3e0d5,16000,20124,1ca8b34bbcda93f453dd3ef84acbf38158acc2e0fe6e3fe44cd93c23e59c48b2,15.167993807698712,15.507576260217091,39915,7187,0.97810215814385271,0,ok,
edm_5k,/mnt/pixstor/data/xggh8/zw-lab/e009_stage_b_edm5k_30000kimg/network-snapshot-016000.pkl,5942ebb047a02967a91c491008b5ec9fc079f89445b8d8b248cebda437c3e0d5,16000,20125,6a4d5d62a5d96f336ed91f89fe3dc865fd091902c05ce43cc3310f9f60bb60e8,12.221343790762743,12.776493974782282,39006,11207,0.95654909828038337,0,ok,
edm_5k,/mnt/pixstor/data/xggh8/zw-lab/e009_stage_b_edm5k_30000kimg/network-snapshot-016000.pkl,5942ebb047a02967a91c491008b5ec9fc079f89445b8d8b248cebda437c3e0d5,16000,20126,68bf0c2e57b25bfc962a38fef82a44c8038931dab5a30c48385a9786bd02d1b9,18.655167517988655,19.259366834654326,39199,44278,0.96862828763516229,0,ok,
edm_5k,/mnt/pixstor/data/xggh8/zw-lab/e009_stage_b_edm5k_30000kimg/network-snapshot-016000.pkl,5942ebb047a02967a91c491008b5ec9fc079f89445b8d8b248cebda437c3e0d5,16000,20127,cd26665ef1aaac2092d028e492fd30ef798fdb1e39e70987ec630708464eb762,14.097579323414646,14.392677083812252,40529,12300,0.97949667329578949,0,ok,
edm_5k,/mnt/pixstor/data/xggh8/zw-lab/e009_stage_b_edm5k_30000kimg/network-snapshot-017000.pkl,4f131812d9ef6ab06b0364930cb5fda95629364e1332cd142c8e840083581e70,17000,20000,0f48017f752d0bdef7c2cb0bfa04374259f6e638eaf447dbdee5f258a99a9efd,12.472636131842028,13.146355840215598,22857,29779,0.94875236023106757,0,ok,
edm_5k,/mnt/pixstor/data/xggh8/zw-lab/e009_stage_b_edm5k_30000kimg/network-snapshot-017000.pkl,4f131812d9ef6ab06b0364930cb5fda95629364e1332cd142c8e840083581e70,17000,20001,f34df214a7e0b707a5fa5037e61a35536eea5e23345a4bd1841b2edd3a9cefaa,10.622296399987276,11.961217675941985,44302,24779,0.88806145726720387,0,ok,
edm_5k,/mnt/pixstor/data/xggh8/zw-lab/e009_stage_b_edm5k_30000kimg/network-snapshot-017000.pkl,4f131812d9ef6ab06b0364930cb5fda95629364e1332cd142c8e840083581e70,17000,20002,e9a2f7653a293aceea5cd49e2d73c7a4a57b0b21955c2bf00c022f69ef8638dc,19.711913880019218,19.733496358554152,13316,10551,0.99890630235297462,0,ok,
edm_5k,/mnt/pixstor/data/xggh8/zw-lab/e009_stage_b_edm5k_30000kimg/network-snapshot-017000.pkl,4f131812d9ef6ab06b0364930cb5fda95629364e1332cd142c8e840083581e70,17000,20003,69d9dbadff584f0f53cc3aff5d52174bcf39006ab0a10498ce375f99fc79479e,17.862637928597866,21.14050273137725,33343,13435,0.84494858781601745,0,ok,
edm_5k,/mnt/pixstor/data/xggh8/zw-lab/e009_stage_b_edm5k_30000kimg/network-snapshot-017000.pkl,4f131812d9ef6ab06b0364930cb5fda95629364e1332cd142c8e840083581e70,17000,20004,dd94a1addde185a87c80f9bdfb0cf1b8cf9bd2f56599ef7bff534ab50f1acdea,15.745576350157673,16.774833983344156,47886,29779,0.93864275293523391,0,ok,
edm_5k,/mnt/pixstor/data/xggh8/zw-lab/e009_stage_b_edm5k_30000kimg/network-snapshot-017000.pkl,4f131812d9ef6ab06b0364930cb5fda95629364e1332cd142c8e840083581e70,17000,20005,80145e629a34e1e5ab93f1da4962d05a5982e897535cc79c6d0f91df9d1bcbfa,12.616555532536157,19.371691611934448,7672,4706,0.65128827080663365,0,ok,
edm_5k,/mnt/pixstor/data/xggh8/zw-lab/e009_stage_b_edm5k_30000kimg/network-snapshot-017000.pkl,4f131812d9ef6ab06b0364930cb5fda95629364e1332cd142c8e840083581e70,17000,20006,ff7faa4e083449c0af5ddf82e16b6d19d46076bbd52514a37a527327e98caea8,14.48396170616374,17.660425482873734,21934,12699,0.82013662242790342,0,ok,
edm_5k,/mnt/pixstor/data/xggh8/zw-lab/e009_stage_b_edm5k_30000kimg/network-snapshot-017000.pkl,4f131812d9ef6ab06b0364930cb5fda95629364e1332cd142c8e840083581e70,17000,20007,5c025365d8e4b6965c206584c38fe651af9b5d82d958ff89541e85e8e34a0b1a,27.246366420502898,27.956161770983304,11476,34035,0.97461041482392885,0,ok,
edm_5k,/mnt/pixstor/data/xggh8/zw-lab/e009_stage_b_edm5k_30000kimg/network-snapshot-017000.pkl,4f131812d9ef6ab06b0364930cb5fda95629364e1332cd142c8e840083581e70,17000,20008,352348ee4f7001210cadddb3b964c6ebd2d6ee196b15eb0f52860715990da28d,27.204126750938862,29.066926287810329,38456,6384,0.93591343238611846,0,ok,
edm_5k,/mnt/pixstor/data/xggh8/zw-lab/e009_stage_b_edm5k_30000kimg/network-snapshot-017000.pkl,4f131812d9ef6ab06b0364930cb5fda95629364e1332cd142c8e840083581e70,17000,20009,30ad3189e7c0e62827727d576e0cdd351813cc1ab4f3d738dd8d6129f6e6bfcc,13.217774898136859,15.178944292319278,5924,22857,0.87079671969184358,0,ok,
edm_5k,/mnt/pixstor/data/xggh8/zw-lab/e009_stage_b_edm5k_30000kimg/network-snapshot-017000.pkl,4f131812d9ef6ab06b0364930cb5fda95629364e1332cd142c8e840083581e70,17000,20010,0db4aa1a17252e1f6fc1bd8e2fa7bb38cb569213bbca51c6c54b8c47616aabc8,14.954368213667772,15.870233875665109,9692,29779,0.94229034876406614,0,ok,
edm_5k,/mnt/pixstor/data/xggh8/zw-lab/e009_stage_b_edm5k_30000kimg/network-snapshot-017000.pkl,4f131812d9ef6ab06b0364930cb5fda95629364e1332cd142c8e840083581e70,17000,20011,091b9ee9ea5692e099335405263f1b218ebb70f4ff1ec7962379f18bffc16cd9,14.513857178189104,24.393796761081607,30616,41057,0.59498147501764986,0,ok,
edm_5k,/mnt/pixstor/data/xggh8/zw-lab/e009_stage_b_edm5k_30000kimg/network-snapshot-017000.pkl,4f131812d9ef6ab06b0364930cb5fda95629364e1332cd142c8e840083581e70,17000,20012,64cec7344ba1b60557f0f492645ee8ee227f5dda73dcbf2d7a992747bf86af39,17.665026570450461,17.889352931444893,1276,24323,0.98746034236933611,0,ok,
edm_5k,/mnt/pixstor/data/xggh8/zw-lab/e009_stage_b_edm5k_30000kimg/network-snapshot-017000.pkl,4f131812d9ef6ab06b0364930cb5fda95629364e1332cd142c8e840083581e70,17000,20013,9fb71c41e348ee73086841e8b25abd1c42950509f1799cb4ceabaa8c4a0b049b,17.71405718260915,18.400987774164719,33343,13435,0.96266881974020813,0,ok,
edm_5k,/mnt/pixstor/data/xggh8/zw-lab/e009_stage_b_edm5k_30000kimg/network-snapshot-017000.pkl,4f131812d9ef6ab06b0364930cb5fda95629364e1332cd142c8e840083581e70,17000,20014,1d335afec3d689f57f018935da68c2833f14ed8804452ee3a4b470751ffac4da,13.720230012532477,14.590234653196017,48613,38676,0.94037075747284404,0,ok,
edm_5k,/mnt/pixstor/data/xggh8/zw-lab/e009_stage_b_edm5k_30000kimg/network-snapshot-017000.pkl,4f131812d9ef6ab06b0364930cb5fda95629364e1332cd142c8e840083581e70,17000,20015,b10feaeb16741927a7581d13294f8740d7a06a2967fe069ce0d70b065146411a,18.427362581990295,19.592556517378775,12699,7701,0.9405287444568583,0,ok,
edm_5k,/mnt/pixstor/data/xggh8/zw-lab/e009_stage_b_edm5k_30000kimg/network-snapshot-017000.pkl,4f131812d9ef6ab06b0364930cb5fda95629364e1332cd142c8e840083581e70,17000,20016,f2e347c391131ab8fc578b8f31b4babb719d425713784e7d4774f57301d12d12,16.14310586812735,16.32655244003163,20051,14062,0.9887639124929718,0,ok,
edm_5k,/mnt/pixstor/data/xggh8/zw-lab/e009_stage_b_edm5k_30000kimg/network-snapshot-017000.pkl,4f131812d9ef6ab06b0364930cb5fda95629364e1332cd142c8e840083581e70,17000,20017,d1dbb88ab9ba4589da24afad3c4407b302d8455c692eeb9b389b864bf705d875,18.266330318463407,22.134202893587236,22870,30085,0.82525358632885593,0,ok,
edm_5k,/mnt/pixstor/data/xggh8/zw-lab/e009_stage_b_edm5k_30000kimg/network-snapshot-017000.pkl,4f131812d9ef6ab06b0364930cb5fda95629364e1332cd142c8e840083581e70,17000,20018,87149cb49eb0e8b5e5d738e3f891fd4ef6c59b72995c2c737e6c9f11ed6d9bec,15.414007471242055,16.2527765093078,14410,13435,0.94839226161847545,0,ok,
edm_5k,/mnt/pixstor/data/xggh8/zw-lab/e009_stage_b_edm5k_30000kimg/network-snapshot-017000.pkl,4f131812d9ef6ab06b0364930cb5fda95629364e1332cd142c8e840083581e70,17000,20019,397bfca8b407f05b1af1fb6f5764b226675f03f5fb2c5c670e51d4450bdfd971,15.883227358044419,17.205115477107796,13535,35588,0.92316889004190583,0,ok,
edm_5k,/mnt/pixstor/data/xggh8/zw-lab/e009_stage_b_edm5k_30000kimg/network-snapshot-017000.pkl,4f131812d9ef6ab06b0364930cb5fda95629364e1332cd142c8e840083581e70,17000,20020,5bbaf632e9a9cdc20ebfa63bfe00bec965102623ff97bdced10db6e14a8b7799,13.547517915092705,16.184674775969253,9692,47886,0.83705839645340563,0,ok,
edm_5k,/mnt/pixstor/data/xggh8/zw-lab/e009_stage_b_edm5k_30000kimg/network-snapshot-017000.pkl,4f131812d9ef6ab06b0364930cb5fda95629364e1332cd142c8e840083581e70,17000,20021,dc9eb5645360f6d4d9ef743b5851be835e1e921f2e24d84f898244cb4e827799,18.050077875782645,18.255448541192063,2782,20770,0.98875017149285516,0,ok,
edm_5k,/mnt/pixstor/data/xggh8/zw-lab/e009_stage_b_edm5k_30000kimg/network-snapshot-017000.pkl,4f131812d9ef6ab06b0364930cb5fda95629364e1332cd142c8e840083581e70,17000,20022,d83674b43703262a9db5c889d860e4e4e26f1c8641a3f6157e095b44c86f10ab,11.177287558019867,11.707129127516511,29779,16683,0.95474197271376282,0,ok,
edm_5k,/mnt/pixstor/data/xggh8/zw-lab/e009_stage_b_edm5k_30000kimg/network-snapshot-017000.pkl,4f131812d9ef6ab06b0364930cb5fda95629364e1332cd142c8e840083581e70,17000,20023,52d7b1894a4408ec7c773b7a86fc9e59173de0b6eecf449f5e30fbb6c1044f1a,16.444597909807804,17.18771840065051,2567,45385,0.95676444810646999,0,ok,
edm_5k,/mnt/pixstor/data/xggh8/zw-lab/e009_stage_b_edm5k_30000kimg/network-snapshot-017000.pkl,4f131812d9ef6ab06b0364930cb5fda95629364e1332cd142c8e840083581e70,17000,20024,a4d6a29c09916b238db1982db88d84e37c47f7faf9b2abdef4cf3b6df2c89667,16.522541308549719,17.686694576302799,40136,29437,0.93417915016676722,0,ok,
edm_5k,/mnt/pixstor/data/xggh8/zw-lab/e009_stage_b_edm5k_30000kimg/network-snapshot-017000.pkl,4f131812d9ef6ab06b0364930cb5fda95629364e1332cd142c8e840083581e70,17000,20025,c5e0f6743e11a4ad3f4bb1ed06c2d6027fb787d0d802c43882b6564f6ea3a90d,12.042132266236043,13.215195525152852,30786,45494,0.91123375687600805,0,ok,
edm_5k,/mnt/pixstor/data/xggh8/zw-lab/e009_stage_b_edm5k_30000kimg/network-snapshot-017000.pkl,4f131812d9ef6ab06b0364930cb5fda95629364e1332cd142c8e840083581e70,17000,20026,76947b4983f5553f956c94feabea0cd9f381798b748e400e80cfc5ff85ba67db,14.844852053944097,16.724571009601018,11830,9692,0.88760734403424535,0,ok,
edm_5k,/mnt/pixstor/data/xggh8/zw-lab/e009_stage_b_edm5k_30000kimg/network-snapshot-017000.pkl,4f131812d9ef6ab06b0364930cb5fda95629364e1332cd142c8e840083581e70,17000,20027,c526779bf76a6b8f3145d87894203d5a2b947f4660b70a67231cd255effdf38b,13.846312999502011,14.062794453140192,48613,39913,0.98460608562831964,0,ok,
edm_5k,/mnt/pixstor/data/xggh8/zw-lab/e009_stage_b_edm5k_30000kimg/network-snapshot-017000.pkl,4f131812d9ef6ab06b0364930cb5fda95629364e1332cd142c8e840083581e70,17000,20028,a53202b7d8f34ba6ef579ebb3473807ccb88e502c43489f438919e8859cec592,18.837009331091497,19.500695740903062,2782,43826,0.96596601379614011,0,ok,
edm_5k,/mnt/pixstor/data/xggh8/zw-lab/e009_stage_b_edm5k_30000kimg/network-snapshot-017000.pkl,4f131812d9ef6ab06b0364930cb5fda95629364e1332cd142c8e840083581e70,17000,20029,73a957703e624dd017c78489960a0dd61ec9fe71bd6ba251cde2fce4185e9059,13.899436393196078,14.190513484381512,28795,12699,0.97948790989798917,0,ok,
edm_5k,/mnt/pixstor/data/xggh8/zw-lab/e009_stage_b_edm5k_30000kimg/network-snapshot-017000.pkl,4f131812d9ef6ab06b0364930cb5fda95629364e1332cd142c8e840083581e70,17000,20030,ef4df255405a9e7aa369f8c1b48effbc54376ea6826912062065c2d8db22f48b,15.341330873398325,18.317878963523512,34315,37719,0.83750585446860948,0,ok,
edm_5k,/mnt/pixstor/data/xggh8/zw-lab/e009_stage_b_edm5k_30000kimg/network-snapshot-017000.pkl,4f131812d9ef6ab06b0364930cb5fda95629364e1332cd142c8e840083581e70,17000,20031,1d8b46ce41d24a952a0bfec206ddfd3d48e5e3a3c6a91b1e8d5a1de88faac4e3,17.371030795261188,18.31786510215527,13435,37558,0.94831088111994677,0,ok,
edm_5k,/mnt/pixstor/data/xggh8/zw-lab/e009_stage_b_edm5k_30000kimg/network-snapshot-017000.pkl,4f131812d9ef6ab06b0364930cb5fda95629364e1332cd142c8e840083581e70,17000,20032,94631f0923c2b40f15d36a5879a39a73dc007f5cff59bfa9a5cb5b9d0e34b6bd,15.361816178076182,17.807488339075363,11207,29437,0.86266046539350594,0,ok,
edm_5k,/mnt/pixstor/data/xggh8/zw-lab/e009_stage_b_edm5k_30000kimg/network-snapshot-017000.pkl,4f131812d9ef6ab06b0364930cb5fda95629364e1332cd142c8e840083581e70,17000,20033,580b124366ca825c95c3cd5a37722d6d23622e1dd360524cc2cef383d13eceff,13.696498167652635,14.704834430774234,30132,13435,0.93142824777330668,0,ok,
edm_5k,/mnt/pixstor/data/xggh8/zw-lab/e009_stage_b_edm5k_30000kimg/network-snapshot-017000.pkl,4f131812d9ef6ab06b0364930cb5fda95629364e1332cd142c8e840083581e70,17000,20034,cd5705b9d393526727f00080c8dfa4eb67b5a17a9d085efb78448f0806d247df,16.335376238200723,16.768508573110047,33571,39774,0.9741698951328388,0,ok,
edm_5k,/mnt/pixstor/data/xggh8/zw-lab/e009_stage_b_edm5k_30000kimg/network-snapshot-017000.pkl,4f131812d9ef6ab06b0364930cb5fda95629364e1332cd142c8e840083581e70,17000,20035,e3b31db3a96a8be007adcd326f2546bec58ed8b10b852c8f8c44e5f085f5a9d4,12.42199286571617,13.103266832234292,20770,43826,0.94800731945394145,0,ok,
edm_5k,/mnt/pixstor/data/xggh8/zw-lab/e009_stage_b_edm5k_30000kimg/network-snapshot-017000.pkl,4f131812d9ef6ab06b0364930cb5fda95629364e1332cd142c8e840083581e70,17000,20036,3447384ba0316596c742279b113c9760b462a82864f250991939d884a2a1c848,16.808128202664911,17.183231549713717,34759,47886,0.9781703839604573,0,ok,
edm_5k,/mnt/pixstor/data/xggh8/zw-lab/e009_stage_b_edm5k_30000kimg/network-snapshot-017000.pkl,4f131812d9ef6ab06b0364930cb5fda95629364e1332cd142c8e840083581e70,17000,20037,fc7207c259c14364cee6064a05e4e844c8767c4d3f64c66a514be3a0d70a89af,15.565073793311296,18.043893943209994,47550,38995,0.86262277102157925,0,ok,
edm_5k,/mnt/pixstor/data/xggh8/zw-lab/e009_stage_b_edm5k_30000kimg/network-snapshot-017000.pkl,4f131812d9ef6ab06b0364930cb5fda95629364e1332cd142c8e840083581e70,17000,20038,5bb32496eeb3715c26082fcfea7f0ee9c6811c297e7d1cb6ff4ca40da9db96c9,11.680515549800285,11.951544461464573,32024,10551,0.97732268724446714,0,ok,
edm_5k,/mnt/pixstor/data/xggh8/zw-lab/e009_stage_b_edm5k_30000kimg/network-snapshot-017000.pkl,4f131812d9ef6ab06b0364930cb5fda95629364e1332cd142c8e840083581e70,17000,20039,6b38ee3049c87e51e360dc7e390e11427ab37bc2ecfaac1482f2847648c0927d,9.649688077297478,10.442305283561307,16683,20051,0.92409557231470729,0,ok,
edm_5k,/mnt/pixstor/data/xggh8/zw-lab/e009_stage_b_edm5k_30000kimg/network-snapshot-017000.pkl,4f131812d9ef6ab06b0364930cb5fda95629364e1332cd142c8e840083581e70,17000,20040,00ac12a6be5debc2ae08383f5b182646e1d5a228fb1ef0d4c87f1b601ea32972,10.946224834944095,11.846682668927512,37719,26590,0.92399071882416384,0,ok,
edm_5k,/mnt/pixstor/data/xggh8/zw-lab/e009_stage_b_edm5k_30000kimg/network-snapshot-017000.pkl,4f131812d9ef6ab06b0364930cb5fda95629364e1332cd142c8e840083581e70,17000,20041,deec23a9e358a7afd380933afaeaf8d11f042033f74fc2562f7a96297b144fc0,15.97742912514822,16.203017746680711,3157,29779,0.9860773699653137,0,ok,
edm_5k,/mnt/pixstor/data/xggh8/zw-lab/e009_stage_b_edm5k_30000kimg/network-snapshot-017000.pkl,4f131812d9ef6ab06b0364930cb5fda95629364e1332cd142c8e840083581e70,17000,20042,053221de36fb3e4df99bf1a1207c8dd3a30b676b141df4b00b7eccdab7874b49,13.831421790954741,16.994599531210106,15768,29437,0.81387159288771249,0,ok,
edm_5k,/mnt/pixstor/data/xggh8/zw-lab/e009_stage_b_edm5k_30000kimg/network-snapshot-017000.pkl,4f131812d9ef6ab06b0364930cb5fda95629364e1332cd142c8e840083581e70,17000,20043,e9811f0b806da22d5e311293e64e6b166c9372ae45e7b878f77f41f25bde0f27,16.847353229474407,17.190176307521696,27642,2567,0.98005703537215705,0,ok,
edm_5k,/mnt/pixstor/data/xggh8/zw-lab/e009_stage_b_edm5k_30000kimg/network-snapshot-017000.pkl,4f131812d9ef6ab06b0364930cb5fda95629364e1332cd142c8e840083581e70,17000,20044,1fbba95c860bc4009ea0fec715d298f6ee3af6f23504350c98d031891be3478a,18.185373038921174,18.351263048689329,32953,30169,0.99096029470407465,0,ok,
edm_5k,/mnt/pixstor/data/xggh8/zw-lab/e009_stage_b_edm5k_30000kimg/network-snapshot-017000.pkl,4f131812d9ef6ab06b0364930cb5fda95629364e1332cd142c8e840083581e70,17000,20045,aa17564524982ea05f05f2521e4b483d8d2d9137a7425ab6e8a484ffecced7ce,12.907130122292539,16.8764447677069,46725,29779,0.76480149106939577,0,ok,
edm_5k,/mnt/pixstor/data/xggh8/zw-lab/e009_stage_b_edm5k_30000kimg/network-snapshot-017000.pkl,4f131812d9ef6ab06b0364930cb5fda95629364e1332cd142c8e840083581e70,17000,20046,3fa45c4c769df70bc43f1402bbf574ea52ed974cb3b590b767537dd65e55a5d3,20.20116557273932,20.837813416403542,16683,37603,0.96944747364120976,0,ok,
edm_5k,/mnt/pixstor/data/xggh8/zw-lab/e009_stage_b_edm5k_30000kimg/network-snapshot-017000.pkl,4f131812d9ef6ab06b0364930cb5fda95629364e1332cd142c8e840083581e70,17000,20047,338a0d3fc73d14e938fdcc334cd30781077f2ca25ca8c5f20ba880d71dbdc34a,20.331504011031857,20.803235642630689,25406,12649,0.97732412208838593,0,ok,
edm_5k,/mnt/pixstor/data/xggh8/zw-lab/e009_stage_b_edm5k_30000kimg/network-snapshot-017000.pkl,4f131812d9ef6ab06b0364930cb5fda95629364e1332cd142c8e840083581e70,17000,20048,a56442ff10a5821b766a267ff243e65b8923ecf83cb73bf7a70651e1092b4519,13.071011928796706,14.385085969227955,29779,46725,0.90865024767719371,0,ok,
edm_5k,/mnt/pixstor/data/xggh8/zw-lab/e009_stage_b_edm5k_30000kimg/network-snapshot-017000.pkl,4f131812d9ef6ab06b0364930cb5fda95629364e1332cd142c8e840083581e70,17000,20049,3e39a20aca9947f1d09448323b2bf490393bdf8d53184317ce3d7d09a16c5dbf,10.396657364574116,11.937152634871552,29779,44302,0.87094952059193365,0,ok,
edm_5k,/mnt/pixstor/data/xggh8/zw-lab/e009_stage_b_edm5k_30000kimg/network-snapshot-017000.pkl,4f131812d9ef6ab06b0364930cb5fda95629364e1332cd142c8e840083581e70,17000,20050,46d689d7a181519caa4cb65e30164a90d6d168cd15339866bff0eaa518464ed5,16.760691994294223,17.934082978891301,4827,40908,0.93457201095934617,0,ok,
edm_5k,/mnt/pixstor/data/xggh8/zw-lab/e009_stage_b_edm5k_30000kimg/network-snapshot-017000.pkl,4f131812d9ef6ab06b0364930cb5fda95629364e1332cd142c8e840083581e70,17000,20051,f4b0f5fa26bfd56fea6c56c2de5312a309a94dcd4fd82fae47b02daeeda72a3c,14.926832664118802,15.131293044856539,39111,8398,0.98648758039834283,0,ok,
edm_5k,/mnt/pixstor/data/xggh8/zw-lab/e009_stage_b_edm5k_30000kimg/network-snapshot-017000.pkl,4f131812d9ef6ab06b0364930cb5fda95629364e1332cd142c8e840083581e70,17000,20052,36ed2b77c6ffb2f4e3edbf409aa75b79c718e5d87278d2d296d703f8a2bc823f,14.422800575053051,14.703522177140446,32024,40908,0.98090786692430521,0,ok,
edm_5k,/mnt/pixstor/data/xggh8/zw-lab/e009_stage_b_edm5k_30000kimg/network-snapshot-017000.pkl,4f131812d9ef6ab06b0364930cb5fda95629364e1332cd142c8e840083581e70,17000,20053,ee68c0cccdf0289e7cd72c00f04dce0b0a18d232e5472ad847d374efe63f9ff0,10.204858796638112,11.359628643343191,44302,18082,0.89834440165596596,0,ok,
edm_5k,/mnt/pixstor/data/xggh8/zw-lab/e009_stage_b_edm5k_30000kimg/network-snapshot-017000.pkl,4f131812d9ef6ab06b0364930cb5fda95629364e1332cd142c8e840083581e70,17000,20054,df05d9b652758e57841e7daae948262b5a71ed58b6e6454140e60b2182dbee2e,15.671559723123835,17.893831456997201,7346,17844,0.87580794313314214,0,ok,
edm_5k,/mnt/pixstor/data/xggh8/zw-lab/e009_stage_b_edm5k_30000kimg/network-snapshot-017000.pkl,4f131812d9ef6ab06b0364930cb5fda95629364e1332cd142c8e840083581e70,17000,20055,d87b3bf35f83de9f7c30fd572f7f561dfb4a828abfa6c5e69569ea6aac3b9176,14.461749806456456,15.635628902844839,32024,15904,0.92492280907390934,0,ok,
edm_5k,/mnt/pixstor/data/xggh8/zw-lab/e009_stage_b_edm5k_30000kimg/network-snapshot-017000.pkl,4f131812d9ef6ab06b0364930cb5fda95629364e1332cd142c8e840083581e70,17000,20056,0073ea85e401b201735bc572d73ce122dd38bd57b8e69660f26d9d926e762e22,14.864128459356298,15.856630845310043,31249,11207,0.93740773840066405,0,ok,
edm_5k,/mnt/pixstor/data/xggh8/zw-lab/e009_stage_b_edm5k_30000kimg/network-snapshot-017000.pkl,4f131812d9ef6ab06b0364930cb5fda95629364e1332cd142c8e840083581e70,17000,20057,1ffec541734f8daf00f781268aff36be20d2414c9f497cc62d65b92a3eb7db73,16.90617851683724,16.966104721631016,30786,35096,0.99646788666125752,0,ok,
edm_5k,/mnt/pixstor/data/xggh8/zw-lab/e009_stage_b_edm5k_30000kimg/network-snapshot-017000.pkl,4f131812d9ef6ab06b0364930cb5fda95629364e1332cd142c8e840083581e70,17000,20058,9e30d38ced22a5d4ebb87c6e8b9f182dd1f5c464fbfaa78eee5b0e4ce4edbba6,15.908262395647446,16.373344964758868,31001,25149,0.97159514014317527,0,ok,
edm_5k,/mnt/pixstor/data/xggh8/zw-lab/e009_stage_b_edm5k_30000kimg/network-snapshot-017000.pkl,4f131812d9ef6ab06b0364930cb5fda95629364e1332cd142c8e840083581e70,17000,20059,6da930150b95a663a00fd0119c6cfa9aafbdbe38be397eaf93b087fd63db2932,16.256741878873708,19.363780336408038,46712,40349,0.83954380789517458,0,ok,
edm_5k,/mnt/pixstor/data/xggh8/zw-lab/e009_stage_b_edm5k_30000kimg/network-snapshot-017000.pkl,4f131812d9ef6ab06b0364930cb5fda95629364e1332cd142c8e840083581e70,17000,20060,8e14da2dc75d25cef0260512e667f7ee7902d14341d4af66b3d1663a6a99c74d,14.711428530102987,16.723287768960397,5924,22857,0.87969714647908159,0,ok,
edm_5k,/mnt/pixstor/data/xggh8/zw-lab/e009_stage_b_edm5k_30000kimg/network-snapshot-017000.pkl,4f131812d9ef6ab06b0364930cb5fda95629364e1332cd142c8e840083581e70,17000,20061,3b491041de0f51b149b2a77866e6a94139da8f46f8bca04d5f67a8a856575449,19.720513087989051,20.107641387434779,27441,6230,0.98074720490650669,0,ok,
edm_5k,/mnt/pixstor/data/xggh8/zw-lab/e009_stage_b_edm5k_30000kimg/network-snapshot-017000.pkl,4f131812d9ef6ab06b0364930cb5fda95629364e1332cd142c8e840083581e70,17000,20062,6484cd95a98e5378e95918d0d4bde97d1d94f6cd2048777ee808df7fe40f36e2,17.082663425378993,17.185672877577701,37719,31189,0.99400608559626979,0,ok,
edm_5k,/mnt/pixstor/data/xggh8/zw-lab/e009_stage_b_edm5k_30000kimg/network-snapshot-017000.pkl,4f131812d9ef6ab06b0364930cb5fda95629364e1332cd142c8e840083581e70,17000,20063,09bf341c076af84cef1665a0872a5dad99d19cc85bd4418f738ac9dc551c05d8,14.813467970655939,15.394774752540519,40529,1276,0.96223999433387941,0,ok,
edm_5k,/mnt/pixstor/data/xggh8/zw-lab/e009_stage_b_edm5k_30000kimg/network-snapshot-017000.pkl,4f131812d9ef6ab06b0364930cb5fda95629364e1332cd142c8e840083581e70,17000,20064,d89a2c05cf866d2b8a132a4c95b6b9944e69437f49ad6815c36e469a17b3dde9,9.1444793233277437,10.286039642707367,16683,20051,0.8890184795088778,0,ok,
edm_5k,/mnt/pixstor/data/xggh8/zw-lab/e009_stage_b_edm5k_30000kimg/network-snapshot-017000.pkl,4f131812d9ef6ab06b0364930cb5fda95629364e1332cd142c8e840083581e70,17000,20065,bfbafcc02d00fecc49f7f1fed1d3247ed79ca2d4b862f7e8120aadc51913d3ee,16.137946210337038,17.092061853349168,36170,40529,0.94417784985810982,0,ok,
edm_5k,/mnt/pixstor/data/xggh8/zw-lab/e009_stage_b_edm5k_30000kimg/network-snapshot-017000.pkl,4f131812d9ef6ab06b0364930cb5fda95629364e1332cd142c8e840083581e70,17000,20066,ace46229be8f4fc6f29475150cfe919cff934bc470c6881da26a2ca6507c60ca,20.144383661102268,20.632805778182995,32953,39111,0.97632788665140335,0,ok,
edm_5k,/mnt/pixstor/data/xggh8/zw-lab/e009_stage_b_edm5k_30000kimg/network-snapshot-017000.pkl,4f131812d9ef6ab06b0364930cb5fda95629364e1332cd142c8e840083581e70,17000,20067,4fb903edeef877c690ad5fa457f0fb797e78395fa6263ed637f0d86f10e27bf1,20.787946336557084,21.054496328894839,1220,21934,0.98733999673162709,0,ok,
edm_5k,/mnt/pixstor/data/xggh8/zw-lab/e009_stage_b_edm5k_30000kimg/network-snapshot-017000.pkl,4f131812d9ef6ab06b0364930cb5fda95629364e1332cd142c8e840083581e70,17000,20068,51f7e1b8ac6e756a7cbb9241ac2784744ab4cd042d083b217f4d75fe8945da16,16.05177529775122,17.656279666543117,2567,7813,0.90912556897066643,0,ok,
edm_5k,/mnt/pixstor/data/xggh8/zw-lab/e009_stage_b_edm5k_30000kimg/network-snapshot-017000.pkl,4f131812d9ef6ab06b0364930cb5fda95629364e1332cd142c8e840083581e70,17000,20069,fe3f5e629ea58d84e5f1bbb268467a25f9b4fc53e45d15b372a18e9460117c59,17.231114219848195,17.534159580353172,19545,47671,0.98271685853455237,0,ok,
edm_5k,/mnt/pixstor/data/xggh8/zw-lab/e009_stage_b_edm5k_30000kimg/network-snapshot-017000.pkl,4f131812d9ef6ab06b0364930cb5fda95629364e1332cd142c8e840083581e70,17000,20070,ee77e47d55b1ecec1c5fbf1aed57621fb8e41767f0f009ef8e39d7d41cb0be5b,15.111398133535433,25.934929059382839,27792,18459,0.58266587500336242,0,ok,
edm_5k,/mnt/pixstor/data/xggh8/zw-lab/e009_stage_b_edm5k_30000kimg/network-snapshot-017000.pkl,4f131812d9ef6ab06b0364930cb5fda95629364e1332cd142c8e840083581e70,17000,20071,be7a279a29129ead51d5b8c4e722abcf2772fd9a7edbe7d86b1416f6418abbfd,14.557264936806106,15.453406161115497,1721,39913,0.94201011641276222,0,ok,
edm_5k,/mnt/pixstor/data/xggh8/zw-lab/e009_stage_b_edm5k_30000kimg/network-snapshot-017000.pkl,4f131812d9ef6ab06b0364930cb5fda95629364e1332cd142c8e840083581e70,17000,20072,38a77ae0e69481f07274e1adbc287982c58e5e411cd5a4f3cb0b22dca4ce6c5e,11.182462345528855,11.351918558109769,7690,10551,0.98507246050846131,0,ok,
edm_5k,/mnt/pixstor/data/xggh8/zw-lab/e009_stage_b_edm5k_30000kimg/network-snapshot-017000.pkl,4f131812d9ef6ab06b0364930cb5fda95629364e1332cd142c8e840083581e70,17000,20073,df16164dd6c7014feb6f40753b042a8c46d4723356fd995d012c62a9fe0478c9,21.733351137557442,22.012667754116542,28921,786,0.98731109651592019,0,ok,
edm_5k,/mnt/pixstor/data/xggh8/zw-lab/e009_stage_b_edm5k_30000kimg/network-snapshot-017000.pkl,4f131812d9ef6ab06b0364930cb5fda95629364e1332cd142c8e840083581e70,17000,20074,b98a3ee94e82076556b07192982cc5c355510eb0939c4bb3a6e0644b99ffff44,15.288100019916879,19.389625276113968,41603,11710,0.78846804939290149,0,ok,
edm_5k,/mnt/pixstor/data/xggh8/zw-lab/e009_stage_b_edm5k_30000kimg/network-snapshot-017000.pkl,4f131812d9ef6ab06b0364930cb5fda95629364e1332cd142c8e840083581e70,17000,20075,2d221f9ebd9ef44b845cd3816a80a81654bc301fc723054cb56d2a322eed8ddb,16.667729253578965,18.115075603030053,36811,49860,0.92010266028318455,0,ok,
edm_5k,/mnt/pixstor/data/xggh8/zw-lab/e009_stage_b_edm5k_30000kimg/network-snapshot-017000.pkl,4f131812d9ef6ab06b0364930cb5fda95629364e1332cd142c8e840083581e70,17000,20076,119ebcd359b972a697a68ac7f9bfb9aac0a2359eb90a80cbd357305ec4ca5749,18.159732039924997,19.149963144771569,43951,1787,0.94829070440707708,0,ok,
edm_5k,/mnt/pixstor/data/xggh8/zw-lab/e009_stage_b_edm5k_30000kimg/network-snapshot-017000.pkl,4f131812d9ef6ab06b0364930cb5fda95629364e1332cd142c8e840083581e70,17000,20077,802bed8a38dbf4efdad74441071eade3def357a5853ff3e6051b1f0add25a016,20.157698659999678,21.500935161611995,34360,44542,0.9375266009819635,0,ok,
edm_5k,/mnt/pixstor/data/xggh8/zw-lab/e009_stage_b_edm5k_30000kimg/network-snapshot-017000.pkl,4f131812d9ef6ab06b0364930cb5fda95629364e1332cd142c8e840083581e70,17000,20078,59e37de11c4fdd6cb890a2a64bb70fc26109daf186b14a05afba055495a21c10,12.307642308078405,14.350585206182821,21934,17844,0.85764044680043905,0,ok,
edm_5k,/mnt/pixstor/data/xggh8/zw-lab/e009_stage_b_edm5k_30000kimg/network-snapshot-017000.pkl,4f131812d9ef6ab06b0364930cb5fda95629364e1332cd142c8e840083581e70,17000,20079,2c1cde2a96a56dc4377996fb971342b551a31e74987043b0a523e4740f33afb3,17.905173121641631,18.431546688748838,19923,7496,0.97144170394400375,0,ok,
edm_5k,/mnt/pixstor/data/xggh8/zw-lab/e009_stage_b_edm5k_30000kimg/network-snapshot-017000.pkl,4f131812d9ef6ab06b0364930cb5fda95629364e1332cd142c8e840083581e70,17000,20080,31a05c75735114f7e145c87b11e8cc03fe7a942d5b39904d4ae36d336f7f2a98,16.216740686869972,17.173554665359298,34696,22857,0.94428561837466818,0,ok,
edm_5k,/mnt/pixstor/data/xggh8/zw-lab/e009_stage_b_edm5k_30000kimg/network-snapshot-017000.pkl,4f131812d9ef6ab06b0364930cb5fda95629364e1332cd142c8e840083581e70,17000,20081,53f6fb52c33e82a7a74c1921bf91633f85d4f99d5ddbc5e16e674de3da4c01ed,11.655473840307598,13.37675883372799,11710,30786,0.87132271615151158,0,ok,
edm_5k,/mnt/pixstor/data/xggh8/zw-lab/e009_stage_b_edm5k_30000kimg/network-snapshot-017000.pkl,4f131812d9ef6ab06b0364930cb5fda95629364e1332cd142c8e840083581e70,17000,20082,90adf2fe267cf94f92b55768648f99d75972a65579c711411ae82df2df05a08f,22.660003215778115,24.815684692094248,43052,45102,0.91313229906556281,0,ok,
edm_5k,/mnt/pixstor/data/xggh8/zw-lab/e009_stage_b_edm5k_30000kimg/network-snapshot-017000.pkl,4f131812d9ef6ab06b0364930cb5fda95629364e1332cd142c8e840083581e70,17000,20083,95e2024b4bdb4f7f6cef090a723cd582bf7e055eb637d74286afac94a978e2e4,12.395942985769235,12.527003123317412,11207,29437,0.98953778998392483,0,ok,
edm_5k,/mnt/pixstor/data/xggh8/zw-lab/e009_stage_b_edm5k_30000kimg/network-snapshot-017000.pkl,4f131812d9ef6ab06b0364930cb5fda95629364e1332cd142c8e840083581e70,17000,20084,d4578f336243709fcfb0dbf1b1815231d6a0334ff595a07619910c0ff4cd4032,15.964114467089047,16.682948720726774,34315,33343,0.95691203841293038,0,ok,
edm_5k,/mnt/pixstor/data/xggh8/zw-lab/e009_stage_b_edm5k_30000kimg/network-snapshot-017000.pkl,4f131812d9ef6ab06b0364930cb5fda95629364e1332cd142c8e840083581e70,17000,20085,283e0f56d9cf27822a500eeaa0b9cc8f9149e11863f86e99f54fd55cd4ce3c63,15.108552495766645,15.56853181632648,37558,3157,0.97045454728894465,0,ok,
edm_5k,/mnt/pixstor/data/xggh8/zw-lab/e009_stage_b_edm5k_30000kimg/network-snapshot-017000.pkl,4f131812d9ef6ab06b0364930cb5fda95629364e1332cd142c8e840083581e70,17000,20086,7452606eae0f7148fa954c75f81a7a42190ff09b25158b44d6b1f68ec42369dd,14.20059890928146,17.324132314134491,38154,31271,0.81970044166052758,0,ok,
edm_5k,/mnt/pixstor/data/xggh8/zw-lab/e009_stage_b_edm5k_30000kimg/network-snapshot-017000.pkl,4f131812d9ef6ab06b0364930cb5fda95629364e1332cd142c8e840083581e70,17000,20087,f780708b518efd58889c69e3f9a20cdab697fcdcff1b1f16572f965361e81e3b,9.3258283760124669,9.32737333867545,13533,32024,0.99983436251483826,0,ok,
edm_5k,/mnt/pixstor/data/xggh8/zw-lab/e009_stage_b_edm5k_30000kimg/network-snapshot-017000.pkl,4f131812d9ef6ab06b0364930cb5fda95629364e1332cd142c8e840083581e70,17000,20088,88e7af9df7e7a918a221c5f5e5f2d75a47d4086bfcfd6a1953b279a89be81e3b,10.756252620343096,14.523149427953834,7187,39915,0.74062810368388143,0,ok,
edm_5k,/mnt/pixstor/data/xggh8/zw-lab/e009_stage_b_edm5k_30000kimg/network-snapshot-017000.pkl,4f131812d9ef6ab06b0364930cb5fda95629364e1332cd142c8e840083581e70,17000,20089,8d71e75ec2e3d13d270c13839cdb98ea0aff9eb028e47bccc78ab950a90e9a7c,16.621142412715948,17.98906400101249,34315,33343,0.92395815656559166,0,ok,
edm_5k,/mnt/pixstor/data/xggh8/zw-lab/e009_stage_b_edm5k_30000kimg/network-snapshot-017000.pkl,4f131812d9ef6ab06b0364930cb5fda95629364e1332cd142c8e840083581e70,17000,20090,786048aebe5cb4d763da99c048de3fa6b13d228713b81c9b2d035f93ee959b4c,19.546601616363333,19.971831685158353,37803,26590,0.97870850928955999,0,ok,
edm_5k,/mnt/pixstor/data/xggh8/zw-lab/e009_stage_b_edm5k_30000kimg/network-snapshot-017000.pkl,4f131812d9ef6ab06b0364930cb5fda95629364e1332cd142c8e840083581e70,17000,20091,64dd051275d09cf5d79d75706c035e280aa94c4fa44b3b3ca60bbefaaf576411,17.746320335826443,17.754417907436533,9692,16683,0.99954391230102235,0,ok,
edm_5k,/mnt/pixstor/data/xggh8/zw-lab/e009_stage_b_edm5k_30000kimg/network-snapshot-017000.pkl,4f131812d9ef6ab06b0364930cb5fda95629364e1332cd142c8e840083581e70,17000,20092,d4a1a09d3ab86036f2dee66ae0d62efaa7381b81bc39252fd5a7c5605b639bb9,12.180465237188342,12.949440487287971,29779,2595,0.94061710613253857,0,ok,
edm_5k,/mnt/pixstor/data/xggh8/zw-lab/e009_stage_b_edm5k_30000kimg/network-snapshot-017000.pkl,4f131812d9ef6ab06b0364930cb5fda95629364e1332cd142c8e840083581e70,17000,20093,571866bb86e596a7c39545fd08c0eef2948e2e1f3e42629ab50525b1418f7fc0,18.948633225831976,18.997815821241897,7187,35674,0.99741114474039017,0,ok,
edm_5k,/mnt/pixstor/data/xggh8/zw-lab/e009_stage_b_edm5k_30000kimg/network-snapshot-017000.pkl,4f131812d9ef6ab06b0364930cb5fda95629364e1332cd142c8e840083581e70,17000,20094,f86d122fbac9f748e0f1b03a3b705a7a535cdaddc3042d246b261736351eb0e2,17.266543915885403,17.541674929236933,29779,25149,0.9843155790731839,0,ok,
edm_5k,/mnt/pixstor/data/xggh8/zw-lab/e009_stage_b_edm5k_30000kimg/network-snapshot-017000.pkl,4f131812d9ef6ab06b0364930cb5fda95629364e1332cd142c8e840083581e70,17000,20095,afbd944eb667853688d995374679c4d3b732ca80cce48c269c07ebc1e3286dfd,20.919780408149059,21.732281766927649,38154,42837,0.96261315919366275,0,ok,
edm_5k,/mnt/pixstor/data/xggh8/zw-lab/e009_stage_b_edm5k_30000kimg/network-snapshot-017000.pkl,4f131812d9ef6ab06b0364930cb5fda95629364e1332cd142c8e840083581e70,17000,20096,c177d983e4960f1bee9f0584287feab6cab38b062a8e6111a1031ad0d4d6f0b4,23.787882794130244,24.11364304190019,22518,13805,0.98649062494605644,0,ok,
edm_5k,/mnt/pixstor/data/xggh8/zw-lab/e009_stage_b_edm5k_30000kimg/network-snapshot-017000.pkl,4f131812d9ef6ab06b0364930cb5fda95629364e1332cd142c8e840083581e70,17000,20097,d7a0648ff50eb4092d2160f6c27a4c693fe50590349cac03d4305a2af8a88093,19.407606624357687,19.428162133517958,47886,47048,0.99894197356296466,0,ok,
edm_5k,/mnt/pixstor/data/xggh8/zw-lab/e009_stage_b_edm5k_30000kimg/network-snapshot-017000.pkl,4f131812d9ef6ab06b0364930cb5fda95629364e1332cd142c8e840083581e70,17000,20098,fd08a8944325acfca785dbcdac328869af6d1bd45148785295c11b46fc11387a,19.696727471405058,21.009054797392455,737,12277,0.93753515621510608,0,ok,
edm_5k,/mnt/pixstor/data/xggh8/zw-lab/e009_stage_b_edm5k_30000kimg/network-snapshot-017000.pkl,4f131812d9ef6ab06b0364930cb5fda95629364e1332cd142c8e840083581e70,17000,20099,0f06268ec26e723008171430ff0d19a8e855155877f1b446299893f7aa89b600,20.861681824430811,21.047273526724226,26351,25744,0.99118214993225773,0,ok,
edm_5k,/mnt/pixstor/data/xggh8/zw-lab/e009_stage_b_edm5k_30000kimg/network-snapshot-017000.pkl,4f131812d9ef6ab06b0364930cb5fda95629364e1332cd142c8e840083581e70,17000,20100,a576e2f07bbaac217421035802bb42e3d04d13bb57550872c94639952e725984,13.394979179352138,16.524603129988837,1220,21934,0.81060822302249069,0,ok,
edm_5k,/mnt/pixstor/data/xggh8/zw-lab/e009_stage_b_edm5k_30000kimg/network-snapshot-017000.pkl,4f131812d9ef6ab06b0364930cb5fda95629364e1332cd142c8e840083581e70,17000,20101,d6a4e0adafbf71ea8e3f8944447a97c6d435bcb023a5fbd97549817f48b06b91,16.133815341507301,17.344470181921029,21934,17844,0.93019937607113234,0,ok,
edm_5k,/mnt/pixstor/data/xggh8/zw-lab/e009_stage_b_edm5k_30000kimg/network-snapshot-017000.pkl,4f131812d9ef6ab06b0364930cb5fda95629364e1332cd142c8e840083581e70,17000,20102,905a35d46236546a3a7d5afec246c24f0d94d31aeaa429773779c0d6c3e5db78,16.87015887981919,17.255039437344106,11710,9332,0.97769459995020702,0,ok,
edm_5k,/mnt/pixstor/data/xggh8/zw-lab/e009_stage_b_edm5k_30000kimg/network-snapshot-017000.pkl,4f131812d9ef6ab06b0364930cb5fda95629364e1332cd142c8e840083581e70,17000,20103,2b54ef279ff55be4eaa3468c02e467afb1b9a7c2174dc3042d0dfefa862f7534,12.752692388356097,14.596355107593256,7690,10006,0.87369019829628181,0,ok,
edm_5k,/mnt/pixstor/data/xggh8/zw-lab/e009_stage_b_edm5k_30000kimg/network-snapshot-017000.pkl,4f131812d9ef6ab06b0364930cb5fda95629364e1332cd142c8e840083581e70,17000,20104,3b5cb3e369eb140b804c72f0ea1c80083c0be86e7cb965162e162efbc63ceef1,15.481707656012176,15.911678997967361,2567,44173,0.97297762593060666,0,ok,
edm_5k,/mnt/pixstor/data/xggh8/zw-lab/e009_stage_b_edm5k_30000kimg/network-snapshot-017000.pkl,4f131812d9ef6ab06b0364930cb5fda95629364e1332cd142c8e840083581e70,17000,20105,64fdba06ecee0528c2c693df7e5241c4de0dc2bf31991ad52901a8f507cc33fe,14.432547562883018,17.614009254875793,12277,34019,0.81937890198893226,0,ok,
edm_5k,/mnt/pixstor/data/xggh8/zw-lab/e009_stage_b_edm5k_30000kimg/network-snapshot-017000.pkl,4f131812d9ef6ab06b0364930cb5fda95629364e1332cd142c8e840083581e70,17000,20106,a5e745bdced6c90cff94e897052298c17b19addf91cdaeccfdf5b8ba09f51203,16.432444517580691,16.488970155122047,7813,42642,0.99657191219284269,0,ok,
edm_5k,/mnt/pixstor/data/xggh8/zw-lab/e009_stage_b_edm5k_30000kimg/network-snapshot-017000.pkl,4f131812d9ef6ab06b0364930cb5fda95629364e1332cd142c8e840083581e70,17000,20107,2a2d3b1b343d748cbbc9331d4e06ac5f439a333da84e9c615616686ade02209d,17.795727606827523,18.335786586192039,11830,43777,0.97054617881671823,0,ok,
edm_5k,/mnt/pixstor/data/xggh8/zw-lab/e009_stage_b_edm5k_30000kimg/network-snapshot-017000.pkl,4f131812d9ef6ab06b0364930cb5fda95629364e1332cd142c8e840083581e70,17000,20108,8268bb0d33e199d7a393240e57ae1f29cae7bfee2d10c0411127ca2f010a7b3d,17.196190031465328,18.476010502061438,832,8275,0.93073069153899235,0,ok,
edm_5k,/mnt/pixstor/data/xggh8/zw-lab/e009_stage_b_edm5k_30000kimg/network-snapshot-017000.pkl,4f131812d9ef6ab06b0364930cb5fda95629364e1332cd142c8e840083581e70,17000,20109,f5c3374e81fb4003f667e0087a372bfe8986362fd69c478998c81e270e74b8ad,13.178255116813574,13.958380100764256,10551,32953,0.94411063616844992,0,ok,
edm_5k,/mnt/pixstor/data/xggh8/zw-lab/e009_stage_b_edm5k_30000kimg/network-snapshot-017000.pkl,4f131812d9ef6ab06b0364930cb5fda95629364e1332cd142c8e840083581e70,17000,20110,e38cf77111fb85eced28665012ab48a2298a8e08ad236e59c0a66a48845e38f9,12.718695353431816,13.004457465932925,44302,16683,0.97802583358439177,0,ok,
edm_5k,/mnt/pixstor/data/xggh8/zw-lab/e009_stage_b_edm5k_30000kimg/network-snapshot-017000.pkl,4f131812d9ef6ab06b0364930cb5fda95629364e1332cd142c8e840083581e70,17000,20111,4e5304cd677af05f2c852d9b42030c01ba9dd177fe766e4bd09d1ada15c04ec4,16.088021082279294,17.454727384898636,36219,37875,0.92169993420797969,0,ok,
edm_5k,/mnt/pixstor/data/xggh8/zw-lab/e009_stage_b_edm5k_30000kimg/network-snapshot-017000.pkl,4f131812d9ef6ab06b0364930cb5fda95629364e1332cd142c8e840083581e70,17000,20112,d615c445e6331612d04d206215541c07b949a784de94d7debd7dc4f1e9b7d30b,20.385916331486648,20.812660234165104,25969,13919,0.97949594631934978,0,ok,
edm_5k,/mnt/pixstor/data/xggh8/zw-lab/e009_stage_b_edm5k_30000kimg/network-snapshot-017000.pkl,4f131812d9ef6ab06b0364930cb5fda95629364e1332cd142c8e840083581e70,17000,20113,cc6ca3405955e20aa2556e14d09a730f8a3ce7dcdec17d9178d1554bce971298,19.168731926473995,21.441000422488681,47045,42808,0.89402227269062562,0,ok,
edm_5k,/mnt/pixstor/data/xggh8/zw-lab/e009_stage_b_edm5k_30000kimg/network-snapshot-017000.pkl,4f131812d9ef6ab06b0364930cb5fda95629364e1332cd142c8e840083581e70,17000,20114,cf8e583ab618edc1b9d8e0ad31e03be96c3ac1c3bf6a912610b0ee15c8fa4550,14.75654501388361,15.867645227508017,31572,26376,0.92997699421094859,0,ok,
edm_5k,/mnt/pixstor/data/xggh8/zw-lab/e009_stage_b_edm5k_30000kimg/network-snapshot-017000.pkl,4f131812d9ef6ab06b0364930cb5fda95629364e1332cd142c8e840083581e70,17000,20115,123e11fd8d57d6f1bb49e282ae3414a2ed452ea5d9037215e5dc3d09b2701add,14.585043320097478,16.804677355869316,21934,38676,0.86791570056555756,0,ok,
edm_5k,/mnt/pixstor/data/xggh8/zw-lab/e009_stage_b_edm5k_30000kimg/network-snapshot-017000.pkl,4f131812d9ef6ab06b0364930cb5fda95629364e1332cd142c8e840083581e70,17000,20116,2f4d37bdadfb69cc056b3380c7025ecba46c6f970121ac9ce5582de44419ec70,15.097178248915883,15.865208143512612,737,12277,0.95159030454253557,0,ok,
edm_5k,/mnt/pixstor/data/xggh8/zw-lab/e009_stage_b_edm5k_30000kimg/network-snapshot-017000.pkl,4f131812d9ef6ab06b0364930cb5fda95629364e1332cd142c8e840083581e70,17000,20117,85b16c28ceec9df2c350d3107bb819880c0cac09ccf95fc44a7269e29e2822fe,18.899055028960465,24.798547275221178,17938,7107,0.76210331271479304,0,ok,
edm_5k,/mnt/pixstor/data/xggh8/zw-lab/e009_stage_b_edm5k_30000kimg/network-snapshot-017000.pkl,4f131812d9ef6ab06b0364930cb5fda95629364e1332cd142c8e840083581e70,17000,20118,ed8dae96665f984f01ba664f040a4d2ab28e021e250ea7041c14795b6f1102a0,16.634212250642513,16.794798072735723,2567,39913,0.99043835946120118,0,ok,
edm_5k,/mnt/pixstor/data/xggh8/zw-lab/e009_stage_b_edm5k_30000kimg/network-snapshot-017000.pkl,4f131812d9ef6ab06b0364930cb5fda95629364e1332cd142c8e840083581e70,17000,20119,ed863b499ca3cdac3732cab78c29a3fbfb4c795590b85afce5c30b41d29d41cc,19.674247139324663,19.938778788448182,14410,13435,0.98673280585886336,0,ok,
edm_5k,/mnt/pixstor/data/xggh8/zw-lab/e009_stage_b_edm5k_30000kimg/network-snapshot-017000.pkl,4f131812d9ef6ab06b0364930cb5fda95629364e1332cd142c8e840083581e70,17000,20120,d23214643124bcf4695e190ed41aec529f02304c76539e7d37151fbb793bef30,16.371878109170552,16.482267544818107,36170,32953,0.99330253344405517,0,ok,
edm_5k,/mnt/pixstor/data/xggh8/zw-lab/e009_stage_b_edm5k_30000kimg/network-snapshot-017000.pkl,4f131812d9ef6ab06b0364930cb5fda95629364e1332cd142c8e840083581e70,17000,20121,2c1c7d1a7a8e44eeb4aa0324f2760ac1ff5fa7531cf031a8971d79de11816dc6,16.481023576208479,18.752886462425312,9841,46960,0.87885262939287201,0,ok,
edm_5k,/mnt/pixstor/data/xggh8/zw-lab/e009_stage_b_edm5k_30000kimg/network-snapshot-017000.pkl,4f131812d9ef6ab06b0364930cb5fda95629364e1332cd142c8e840083581e70,17000,20122,5a95d7be44ac0ed738cd0437c9d6eee34e3e70c3aa695fc8508109131589cd2c,14.454699971340341,14.597155032670457,11207,31249,0.99024090235314466,0,ok,
edm_5k,/mnt/pixstor/data/xggh8/zw-lab/e009_stage_b_edm5k_30000kimg/network-snapshot-017000.pkl,4f131812d9ef6ab06b0364930cb5fda95629364e1332cd142c8e840083581e70,17000,20123,4d3e584ed6fcc037e3124472308212078f2ab05990acb5c8729511ce7e0458ce,16.207033030649086,17.410057120909599,18459,49665,0.93090062359326364,0,ok,
edm_5k,/mnt/pixstor/data/xggh8/zw-lab/e009_stage_b_edm5k_30000kimg/network-snapshot-017000.pkl,4f131812d9ef6ab06b0364930cb5fda95629364e1332cd142c8e840083581e70,17000,20124,332ee46d9166f1f3e49059f30d0db108aca210ff4f156dce832a8315c4f844cd,16.72418886723883,16.98122932708176,39915,7187,0.98486325960906729,0,ok,
edm_5k,/mnt/pixstor/data/xggh8/zw-lab/e009_stage_b_edm5k_30000kimg/network-snapshot-017000.pkl,4f131812d9ef6ab06b0364930cb5fda95629364e1332cd142c8e840083581e70,17000,20125,f3377111772242cace9951bf5d4b2383f4c502a29fe075208c7e727fb4fb14c9,12.637633325906586,13.59462257420431,39006,786,0.9296053095204273,0,ok,
edm_5k,/mnt/pixstor/data/xggh8/zw-lab/e009_stage_b_edm5k_30000kimg/network-snapshot-017000.pkl,4f131812d9ef6ab06b0364930cb5fda95629364e1332cd142c8e840083581e70,17000,20126,f21394cc72563f84c792c49975934ff7f5956a4f50566059304a39cc84d4f282,18.377399642311225,19.06356367594017,39199,44278,0.96400651812573002,0,ok,
edm_5k,/mnt/pixstor/data/xggh8/zw-lab/e009_stage_b_edm5k_30000kimg/network-snapshot-017000.pkl,4f131812d9ef6ab06b0364930cb5fda95629364e1332cd142c8e840083581e70,17000,20127,ea40773e4a5c3d1d1ef7e04b306527ce5cc5357c0a4228ae55ddc4808ecc27c1,14.006087183640442,14.05679231207491,40529,12300,0.99639283790293243,0,ok,
edm_5k,/mnt/pixstor/data/xggh8/zw-lab/e009_stage_b_edm5k_30000kimg/network-snapshot-018000.pkl,66ef3e1dbb797aceb11fe61053b73c63e12d691682a830ba4f0f61ea8db4288f,18000,20000,25c56a86eae9b036ea9e6606305540f1b29a29ce88f86d3f53c8fe6a93d54a0b,11.570755128413644,12.931015412098168,22857,29779,0.89480638292242132,0,ok,
edm_5k,/mnt/pixstor/data/xggh8/zw-lab/e009_stage_b_edm5k_30000kimg/network-snapshot-018000.pkl,66ef3e1dbb797aceb11fe61053b73c63e12d691682a830ba4f0f61ea8db4288f,18000,20001,1cdfcd0e8eccabbab38b387fa45c18123cb0b14a39ffa91cc6eeb78559c8fd9c,10.898983044306732,11.72707938913118,44302,47671,0.92938596923016148,0,ok,
edm_5k,/mnt/pixstor/data/xggh8/zw-lab/e009_stage_b_edm5k_30000kimg/network-snapshot-018000.pkl,66ef3e1dbb797aceb11fe61053b73c63e12d691682a830ba4f0f61ea8db4288f,18000,20002,b8e8412ac466d0bdf8fca24f0e6df9dfb0080bbd51d68c120ef9dd8aa3955df7,18.481878504076835,19.066944819050526,10551,13316,0.96931515140332669,0,ok,
edm_5k,/mnt/pixstor/data/xggh8/zw-lab/e009_stage_b_edm5k_30000kimg/network-snapshot-018000.pkl,66ef3e1dbb797aceb11fe61053b73c63e12d691682a830ba4f0f61ea8db4288f,18000,20003,f56500d61d1950ce2233022d33f9e162de9099b8b77580a717f4d6993ed315e2,17.309556832727246,20.217534545379593,33343,13435,0.8561655623179375,0,ok,
edm_5k,/mnt/pixstor/data/xggh8/zw-lab/e009_stage_b_edm5k_30000kimg/network-snapshot-018000.pkl,66ef3e1dbb797aceb11fe61053b73c63e12d691682a830ba4f0f61ea8db4288f,18000,20004,69dc5432486b00ad95d21cc2438f854ebbf0ec0386140b748b3630144fdb01a7,15.747149837607186,16.72770159259106,47886,29779,0.94138156102580317,0,ok,
edm_5k,/mnt/pixstor/data/xggh8/zw-lab/e009_stage_b_edm5k_30000kimg/network-snapshot-018000.pkl,66ef3e1dbb797aceb11fe61053b73c63e12d691682a830ba4f0f61ea8db4288f,18000,20005,fb22f5cc0622af3e17cefe8de36b0937731260ab57b00ac178cb4dbed4ee3aa8,13.212824728531361,19.096324365222042,7672,4706,0.69190407933132791,0,ok,
edm_5k,/mnt/pixstor/data/xggh8/zw-lab/e009_stage_b_edm5k_30000kimg/network-snapshot-018000.pkl,66ef3e1dbb797aceb11fe61053b73c63e12d691682a830ba4f0f61ea8db4288f,18000,20006,c439408b20992ec410045aaebc60d9d9bd3ad1e223213ce7b4b583ac4aaaadd5,12.431183251032152,15.809239925391593,21934,17844,0.78632390359679061,0,ok,
edm_5k,/mnt/pixstor/data/xggh8/zw-lab/e009_stage_b_edm5k_30000kimg/network-snapshot-018000.pkl,66ef3e1dbb797aceb11fe61053b73c63e12d691682a830ba4f0f61ea8db4288f,18000,20007,98a1f3e836077d184804f1b119a90b528e271906c0604fc70016c846fbf45327,25.840269877789364,26.510074083787529,11476,46008,0.97473397456826461,0,ok,
edm_5k,/mnt/pixstor/data/xggh8/zw-lab/e009_stage_b_edm5k_30000kimg/network-snapshot-018000.pkl,66ef3e1dbb797aceb11fe61053b73c63e12d691682a830ba4f0f61ea8db4288f,18000,20008,8e18b18d984961630ac4168bc6dcac2b56cc34eb444f2c955fefdfe26a94d623,28.007630865665302,29.875081164243515,38456,949,0.93749137321798137,0,ok,
edm_5k,/mnt/pixstor/data/xggh8/zw-lab/e009_stage_b_edm5k_30000kimg/network-snapshot-018000.pkl,66ef3e1dbb797aceb11fe61053b73c63e12d691682a830ba4f0f61ea8db4288f,18000,20009,40376b472912b8c1e88c0fff5150c5036a73c245c37870c16e2d159b712ca561,12.968267030893108,14.753419976966628,5924,22857,0.87900073685555347,0,ok,
edm_5k,/mnt/pixstor/data/xggh8/zw-lab/e009_stage_b_edm5k_30000kimg/network-snapshot-018000.pkl,66ef3e1dbb797aceb11fe61053b73c63e12d691682a830ba4f0f61ea8db4288f,18000,20010,402b2dd02b2af99f3e2956028ab7216863deaed94f0ca22d4e669514fc5aca6d,14.497410578180901,15.249910861085821,9692,29779,0.95065543072614778,0,ok,
edm_5k,/mnt/pixstor/data/xggh8/zw-lab/e009_stage_b_edm5k_30000kimg/network-snapshot-018000.pkl,66ef3e1dbb797aceb11fe61053b73c63e12d691682a830ba4f0f61ea8db4288f,18000,20011,caca4c2707bb47ba4e0700d16770ac60f53ac3e5d4314183234dc1069370b5ee,14.811213976650087,23.538137643589373,30616,41057,0.62924323924513759,0,ok,
edm_5k,/mnt/pixstor/data/xggh8/zw-lab/e009_stage_b_edm5k_30000kimg/network-snapshot-018000.pkl,66ef3e1dbb797aceb11fe61053b73c63e12d691682a830ba4f0f61ea8db4288f,18000,20012,7468b5e8803282f82c6396b25cdbf427e51eda69d35ca371ddf4d1cde189b34d,17.795554214967932,18.215663663575889,24323,1276,0.97693691229883606,0,ok,
edm_5k,/mnt/pixstor/data/xggh8/zw-lab/e009_stage_b_edm5k_30000kimg/network-snapshot-018000.pkl,66ef3e1dbb797aceb11fe61053b73c63e12d691682a830ba4f0f61ea8db4288f,18000,20013,4a6d4b6ab1b7aafb24e1fbd24422f848ff861c8d69d92340f28c1a906acb86d2,17.339964061086356,18.921135243008806,33343,13435,0.91643359863903096,0,ok,
edm_5k,/mnt/pixstor/data/xggh8/zw-lab/e009_stage_b_edm5k_30000kimg/network-snapshot-018000.pkl,66ef3e1dbb797aceb11fe61053b73c63e12d691682a830ba4f0f61ea8db4288f,18000,20014,2a9b0d21740157fba683207a93677db9d54be841d23dfa75aa0bb1c9e5afa2b2,14.282744171282889,14.995370894145452,38676,48613,0.95247688584076373,0,ok,
edm_5k,/mnt/pixstor/data/xggh8/zw-lab/e009_stage_b_edm5k_30000kimg/network-snapshot-018000.pkl,66ef3e1dbb797aceb11fe61053b73c63e12d691682a830ba4f0f61ea8db4288f,18000,20015,d5aa9c4ffed89375b4baf0e417b524c5bd74ed9866ee4be8e3ddc68120a6b9f0,18.801316335760422,20.027896581160633,12699,48613,0.93875641206605787,0,ok,
edm_5k,/mnt/pixstor/data/xggh8/zw-lab/e009_stage_b_edm5k_30000kimg/network-snapshot-018000.pkl,66ef3e1dbb797aceb11fe61053b73c63e12d691682a830ba4f0f61ea8db4288f,18000,20016,70da8f0c8c60262755162dd5912ce8b1701db32598a1aa5f3b6a3f36956971f6,17.053564890449731,17.236668971139906,14062,20051,0.98937706113653667,0,ok,
edm_5k,/mnt/pixstor/data/xggh8/zw-lab/e009_stage_b_edm5k_30000kimg/network-snapshot-018000.pkl,66ef3e1dbb797aceb11fe61053b73c63e12d691682a830ba4f0f61ea8db4288f,18000,20017,7281ba25488b03283b96fe80d1984723e3a71e6a1ddf5aa18c1e6713070e00dd,20.580231229133982,22.297516587788088,22870,30085,0.92298311106113806,0,ok,
edm_5k,/mnt/pixstor/data/xggh8/zw-lab/e009_stage_b_edm5k_30000kimg/network-snapshot-018000.pkl,66ef3e1dbb797aceb11fe61053b73c63e12d691682a830ba4f0f61ea8db4288f,18000,20018,e3b5425b1b5d959aa8e3842abd817d66918b4656ad5d4fd9c435350b82d56838,16.144247900316582,16.901875199276816,13186,14410,0.95517495603134905,0,ok,
edm_5k,/mnt/pixstor/data/xggh8/zw-lab/e009_stage_b_edm5k_30000kimg/network-snapshot-018000.pkl,66ef3e1dbb797aceb11fe61053b73c63e12d691682a830ba4f0f61ea8db4288f,18000,20019,7353f22052da8618a60b4576c5fd7c71df79b457e3563c894c195d0d935bf0d5,17.58727508646481,18.582200617198225,13535,39774,0.9464581428631984,0,ok,
edm_5k,/mnt/pixstor/data/xggh8/zw-lab/e009_stage_b_edm5k_30000kimg/network-snapshot-018000.pkl,66ef3e1dbb797aceb11fe61053b73c63e12d691682a830ba4f0f61ea8db4288f,18000,20020,05c77a06882dcf80dc2c2f470a153573b2c3cfea78b43fe023af70448358684c,13.986637334855336,17.331059071196549,9692,47886,0.80702727267836194,0,ok,
edm_5k,/mnt/pixstor/data/xggh8/zw-lab/e009_stage_b_edm5k_30000kimg/network-snapshot-018000.pkl,66ef3e1dbb797aceb11fe61053b73c63e12d691682a830ba4f0f61ea8db4288f,18000,20021,5f42dc845a9cf7c833601fc76ddd3d6bde1b43f0e8e2fd97f741b0bff73f5a45,17.927573585046257,18.112823723299726,20770,19545,0.98977243189226372,0,ok,
edm_5k,/mnt/pixstor/data/xggh8/zw-lab/e009_stage_b_edm5k_30000kimg/network-snapshot-018000.pkl,66ef3e1dbb797aceb11fe61053b73c63e12d691682a830ba4f0f61ea8db4288f,18000,20022,8f9db35f0a477900066b0325a09d4e245ee471793d26f30021a13ede76a38867,11.312677754946625,11.541745761247576,29779,16683,0.98015308853275329,0,ok,
edm_5k,/mnt/pixstor/data/xggh8/zw-lab/e009_stage_b_edm5k_30000kimg/network-snapshot-018000.pkl,66ef3e1dbb797aceb11fe61053b73c63e12d691682a830ba4f0f61ea8db4288f,18000,20023,6a7b3e71aaa04ef64a63e54864a16468b9a1a3c54fbcddda4da6a883d58a9ed0,15.91741886858938,17.120956747433954,2567,45385,0.92970381874103158,0,ok,
edm_5k,/mnt/pixstor/data/xggh8/zw-lab/e009_stage_b_edm5k_30000kimg/network-snapshot-018000.pkl,66ef3e1dbb797aceb11fe61053b73c63e12d691682a830ba4f0f61ea8db4288f,18000,20024,4a747ff68180bcc1b4f631f281bde7a5a60e27218d8d4737a782aa722511cb7f,16.769137289155488,17.65710617662096,40136,29437,0.94971039543041347,0,ok,
edm_5k,/mnt/pixstor/data/xggh8/zw-lab/e009_stage_b_edm5k_30000kimg/network-snapshot-018000.pkl,66ef3e1dbb797aceb11fe61053b73c63e12d691682a830ba4f0f61ea8db4288f,18000,20025,55aea23315a4a77e124cafee827745847bdaa2deafd8cd0efb4fa8aebf763c40,12.227477921672445,12.932390111567496,30786,45494,0.94549250495741421,0,ok,
edm_5k,/mnt/pixstor/data/xggh8/zw-lab/e009_stage_b_edm5k_30000kimg/network-snapshot-018000.pkl,66ef3e1dbb797aceb11fe61053b73c63e12d691682a830ba4f0f61ea8db4288f,18000,20026,bb5e9ccaf2868a3993283279371c70913e3bccc486a7cc854ec291d29693eed6,14.501399811997501,16.048318881146979,11830,9692,0.90360865330469309,0,ok,
edm_5k,/mnt/pixstor/data/xggh8/zw-lab/e009_stage_b_edm5k_30000kimg/network-snapshot-018000.pkl,66ef3e1dbb797aceb11fe61053b73c63e12d691682a830ba4f0f61ea8db4288f,18000,20027,7269ca5673cffb7e424e0ddd8c47e37bd5c6f0ea2bc8db0e32bbdb5bfbeb1582,13.714885749698135,14.057022598394775,48613,39913,0.97566078831404102,0,ok,
edm_5k,/mnt/pixstor/data/xggh8/zw-lab/e009_stage_b_edm5k_30000kimg/network-snapshot-018000.pkl,66ef3e1dbb797aceb11fe61053b73c63e12d691682a830ba4f0f61ea8db4288f,18000,20028,7c2f6edf2fb6e160cab589379922bca85b2dd7607d91fd05b749e586689e7e37,17.721232091850236,17.997143067130526,2782,43826,0.98466917919965835,0,ok,
edm_5k,/mnt/pixstor/data/xggh8/zw-lab/e009_stage_b_edm5k_30000kimg/network-snapshot-018000.pkl,66ef3e1dbb797aceb11fe61053b73c63e12d691682a830ba4f0f61ea8db4288f,18000,20029,3800c1486a71278463f2dae706e08fa8ad0a7ad6aeffb0191b313bdcbbb88399,13.243831093389963,13.652331960078001,28795,12699,0.97007830838844433,0,ok,
edm_5k,/mnt/pixstor/data/xggh8/zw-lab/e009_stage_b_edm5k_30000kimg/network-snapshot-018000.pkl,66ef3e1dbb797aceb11fe61053b73c63e12d691682a830ba4f0f61ea8db4288f,18000,20030,3566277e646de55a26e4277dae5863da2152aaa97433c5c5ba60139737b4cc4a,15.108222975180828,17.258055826877033,34315,38291,0.87543018325690325,0,ok,
edm_5k,/mnt/pixstor/data/xggh8/zw-lab/e009_stage_b_edm5k_30000kimg/network-snapshot-018000.pkl,66ef3e1dbb797aceb11fe61053b73c63e12d691682a830ba4f0f61ea8db4288f,18000,20031,4efa2b896e86aeee4fec8ffa3bb24f9b064ec458fdd69b4d5a7616ebb1496b82,16.115221378592807,16.952477972809255,13435,19974,0.95061155097447358,0,ok,
edm_5k,/mnt/pixstor/data/xggh8/zw-lab/e009_stage_b_edm5k_30000kimg/network-snapshot-018000.pkl,66ef3e1dbb797aceb11fe61053b73c63e12d691682a830ba4f0f61ea8db4288f,18000,20032,698fd7c9fe0bf297525876c4722d615572ddf165a720703b5b489d9bc1bcd411,14.504543738179331,16.620760594935319,11207,29437,0.87267629272027158,0,ok,
edm_5k,/mnt/pixstor/data/xggh8/zw-lab/e009_stage_b_edm5k_30000kimg/network-snapshot-018000.pkl,66ef3e1dbb797aceb11fe61053b73c63e12d691682a830ba4f0f61ea8db4288f,18000,20033,c7bcf9d2238ba4d7fd789fc4c325b99c304be1b35d714c4eb83282e35c9a9201,13.547756292530694,14.459007787169302,30132,13435,0.93697689993311728,0,ok,
edm_5k,/mnt/pixstor/data/xggh8/zw-lab/e009_stage_b_edm5k_30000kimg/network-snapshot-018000.pkl,66ef3e1dbb797aceb11fe61053b73c63e12d691682a830ba4f0f61ea8db4288f,18000,20034,2f427890ee9a7b83e3a61263eddb926ea4dbe8dbddc9375c10e3275d69f9b372,16.707936730872305,16.765238370653091,37719,33571,0.99658211601207591,0,ok,
edm_5k,/mnt/pixstor/data/xggh8/zw-lab/e009_stage_b_edm5k_30000kimg/network-snapshot-018000.pkl,66ef3e1dbb797aceb11fe61053b73c63e12d691682a830ba4f0f61ea8db4288f,18000,20035,c550943e73bd95d90fd37bc2a80e448670c703013a7703c682b9902cfba6ce0b,12.338912263002392,12.952050130363613,20770,43826,0.95266094084025843,0,ok,
edm_5k,/mnt/pixstor/data/xggh8/zw-lab/e009_stage_b_edm5k_30000kimg/network-snapshot-018000.pkl,66ef3e1dbb797aceb11fe61053b73c63e12d691682a830ba4f0f61ea8db4288f,18000,20036,6c376de485c9d9587539460bdf862cb4ed699433c260b764a80c04a5deff2d62,19.151661672319591,19.167802133792954,15768,34759,0.99915793885179427,0,ok,
edm_5k,/mnt/pixstor/data/xggh8/zw-lab/e009_stage_b_edm5k_30000kimg/network-snapshot-018000.pkl,66ef3e1dbb797aceb11fe61053b73c63e12d691682a830ba4f0f61ea8db4288f,18000,20037,243499d0f76adcf21da1fed23aaa89224ca0291b406ff4ad9502f024b057b8dd,16.126650930513566,18.199051989435411,47550,22857,0.88612587841801438,0,ok,
edm_5k,/mnt/pixstor/data/xggh8/zw-lab/e009_stage_b_edm5k_30000kimg/network-snapshot-018000.pkl,66ef3e1dbb797aceb11fe61053b73c63e12d691682a830ba4f0f61ea8db4288f,18000,20038,6751f90e27f99322731653235364c48a448206178bdf6634afcde34ba0cc358f,11.790850245052862,12.015556106925064,32024,10551,0.98129875472491079,0,ok,
edm_5k,/mnt/pixstor/data/xggh8/zw-lab/e009_stage_b_edm5k_30000kimg/network-snapshot-018000.pkl,66ef3e1dbb797aceb11fe61053b73c63e12d691682a830ba4f0f61ea8db4288f,18000,20039,f3e0f5d982790c583d221eda79389b385883162553a980714c6115a3af9bd324,9.6646519770189521,10.478201837331659,16683,20051,0.92235787466756014,0,ok,
edm_5k,/mnt/pixstor/data/xggh8/zw-lab/e009_stage_b_edm5k_30000kimg/network-snapshot-018000.pkl,66ef3e1dbb797aceb11fe61053b73c63e12d691682a830ba4f0f61ea8db4288f,18000,20040,4a8a8a37f8eb6d2c9129d0dc1a0d50556d2f7d268940c0efc8383cb2323bb377,10.481744503338298,11.345217484908963,37719,26590,0.92389101551211084,0,ok,
edm_5k,/mnt/pixstor/data/xggh8/zw-lab/e009_stage_b_edm5k_30000kimg/network-snapshot-018000.pkl,66ef3e1dbb797aceb11fe61053b73c63e12d691682a830ba4f0f61ea8db4288f,18000,20041,fe3a0cca06257abf103333be1a541294b3eff477664c96d85056ac0b56952ca6,15.656288382508002,15.858031446312772,3157,29779,0.98727817733949075,0,ok,
edm_5k,/mnt/pixstor/data/xggh8/zw-lab/e009_stage_b_edm5k_30000kimg/network-snapshot-018000.pkl,66ef3e1dbb797aceb11fe61053b73c63e12d691682a830ba4f0f61ea8db4288f,18000,20042,309de337798e86ec45260150276bfb93557682069a7eb64cca532027d1cbbaaf,13.647535187137805,17.140220919495288,15768,29437,0.79622866305154205,0,ok,
edm_5k,/mnt/pixstor/data/xggh8/zw-lab/e009_stage_b_edm5k_30000kimg/network-snapshot-018000.pkl,66ef3e1dbb797aceb11fe61053b73c63e12d691682a830ba4f0f61ea8db4288f,18000,20043,4b74deab330f1d96aaffa64b54f7f01d0ebfb52e03ef5fd76b3563e3d723be51,16.739056613793771,17.059727409414236,27642,2567,0.98120305278479969,0,ok,
edm_5k,/mnt/pixstor/data/xggh8/zw-lab/e009_stage_b_edm5k_30000kimg/network-snapshot-018000.pkl,66ef3e1dbb797aceb11fe61053b73c63e12d691682a830ba4f0f61ea8db4288f,18000,20044,fc1dfc08d681a736dc7f272d5069a9bb5031079cc0a3b81a41ccf6804ecfcbd0,18.059685860895161,18.122577276144465,32953,16683,0.9965296649427402,0,ok,
edm_5k,/mnt/pixstor/data/xggh8/zw-lab/e009_stage_b_edm5k_30000kimg/network-snapshot-018000.pkl,66ef3e1dbb797aceb11fe61053b73c63e12d691682a830ba4f0f61ea8db4288f,18000,20045,065101a4a66b83817dd7cf63c479e5f93fbb1342b422e2a9448b3bd2fcae2ae4,13.090872306112015,17.266794896426067,46725,29779,0.75815299739395192,0,ok,
edm_5k,/mnt/pixstor/data/xggh8/zw-lab/e009_stage_b_edm5k_30000kimg/network-snapshot-018000.pkl,66ef3e1dbb797aceb11fe61053b73c63e12d691682a830ba4f0f61ea8db4288f,18000,20046,83e2b9a23b6d8b2ad7f454f4e2b368c0c8ac37d0216a2f13d69fcff49485da80,19.202401692582118,19.247801998215447,16683,37603,0.99764127324057372,0,ok,
edm_5k,/mnt/pixstor/data/xggh8/zw-lab/e009_stage_b_edm5k_30000kimg/network-snapshot-018000.pkl,66ef3e1dbb797aceb11fe61053b73c63e12d691682a830ba4f0f61ea8db4288f,18000,20047,861c2459d39fcc8106bf3c9a9570ed297cdfe68bfe38e9aad0498c902814add2,19.653077839615978,20.191416141847739,25406,12649,0.97333825926572692,0,ok,
edm_5k,/mnt/pixstor/data/xggh8/zw-lab/e009_stage_b_edm5k_30000kimg/network-snapshot-018000.pkl,66ef3e1dbb797aceb11fe61053b73c63e12d691682a830ba4f0f61ea8db4288f,18000,20048,43f8654ae09f513529a06f6caa7a82e513fbbb4e4cd9f57624f63fe31c5d2b7f,13.20978679119246,14.375081562318424,29779,46725,0.91893647586803506,0,ok,
edm_5k,/mnt/pixstor/data/xggh8/zw-lab/e009_stage_b_edm5k_30000kimg/network-snapshot-018000.pkl,66ef3e1dbb797aceb11fe61053b73c63e12d691682a830ba4f0f61ea8db4288f,18000,20049,3720cb9363db8eaccd1d8430359ab394b77be10be8bb8d0006aee5fd656d6d62,10.701716674370795,11.832753649397342,29779,44302,0.90441472808958956,0,ok,
edm_5k,/mnt/pixstor/data/xggh8/zw-lab/e009_stage_b_edm5k_30000kimg/network-snapshot-018000.pkl,66ef3e1dbb797aceb11fe61053b73c63e12d691682a830ba4f0f61ea8db4288f,18000,20050,8c6122f88874ec177cb0100d62fd43b27d2aa3be6e0b707fd2e7c858e5c40bfe,16.662520080167845,18.250111806467881,4827,40908,0.91300920547032538,0,ok,
edm_5k,/mnt/pixstor/data/xggh8/zw-lab/e009_stage_b_edm5k_30000kimg/network-snapshot-018000.pkl,66ef3e1dbb797aceb11fe61053b73c63e12d691682a830ba4f0f61ea8db4288f,18000,20051,3e3a00bfaa54ea8b7c160cb64d9b8170c594085816879c0c05be2b18b0e491e7,14.790115333611826,15.13735567462564,39111,32024,0.97706070013299062,0,ok,
edm_5k,/mnt/pixstor/data/xggh8/zw-lab/e009_stage_b_edm5k_30000kimg/network-snapshot-018000.pkl,66ef3e1dbb797aceb11fe61053b73c63e12d691682a830ba4f0f61ea8db4288f,18000,20052,b30d36dc92edfabf41923b673b1ad5e5a5f76ee875d010e95114b45848b1485a,14.403952341246596,14.418918686486954,20051,40908,0.99896203414654217,0,ok,
edm_5k,/mnt/pixstor/data/xggh8/zw-lab/e009_stage_b_edm5k_30000kimg/network-snapshot-018000.pkl,66ef3e1dbb797aceb11fe61053b73c63e12d691682a830ba4f0f61ea8db4288f,18000,20053,0157fe6c968a638cdc64e7e5d73575fbf281062a0cc06b5087b28fa9b0357443,10.43500708846989,11.346924588504317,44302,18082,0.91963306947872903,0,ok,
edm_5k,/mnt/pixstor/data/xggh8/zw-lab/e009_stage_b_edm5k_30000kimg/network-snapshot-018000.pkl,66ef3e1dbb797aceb11fe61053b73c63e12d691682a830ba4f0f61ea8db4288f,18000,20054,ed251b25bcbd3038a7017cc206ff2299b58d021e9be3545a4e33a373acfc8560,16.063958527616489,18.568982590410929,7346,30085,0.86509632121212487,0,ok,
edm_5k,/mnt/pixstor/data/xggh8/zw-lab/e009_stage_b_edm5k_30000kimg/network-snapshot-018000.pkl,66ef3e1dbb797aceb11fe61053b73c63e12d691682a830ba4f0f61ea8db4288f,18000,20055,e25e9114d3529b73dacf6cfbba94b55286adaf0f905d429d26862740167d84da,13.711450623762291,15.657994252983919,32024,15904,0.87568371799276412,0,ok,
edm_5k,/mnt/pixstor/data/xggh8/zw-lab/e009_stage_b_edm5k_30000kimg/network-snapshot-018000.pkl,66ef3e1dbb797aceb11fe61053b73c63e12d691682a830ba4f0f61ea8db4288f,18000,20056,d9956ac09de3e397d5d4d1d722a49bdf6e79cd8023444fcd1d65e176c29bf926,15.67540100790985,15.889640020217696,31249,11207,0.98651706319115773,0,ok,
edm_5k,/mnt/pixstor/data/xggh8/zw-lab/e009_stage_b_edm5k_30000kimg/network-snapshot-018000.pkl,66ef3e1dbb797aceb11fe61053b73c63e12d691682a830ba4f0f61ea8db4288f,18000,20057,81a5b64579dd68f11501f26c48ea8d43bb5e0278c07bfca648c0febd8fd6581e,17.623600223273424,18.328975160803996,35096,30786,0.96151585501414194,0,ok,
edm_5k,/mnt/pixstor/data/xggh8/zw-lab/e009_stage_b_edm5k_30000kimg/network-snapshot-018000.pkl,66ef3e1dbb797aceb11fe61053b73c63e12d691682a830ba4f0f61ea8db4288f,18000,20058,6cb9b13dbd039d657acb9b488d37d4ae3f3f2617bcf6a3ad474fdeb5b1d20ec0,15.205803283560442,15.455986455953898,31001,20051,0.98381318635944581,0,ok,
edm_5k,/mnt/pixstor/data/xggh8/zw-lab/e009_stage_b_edm5k_30000kimg/network-snapshot-018000.pkl,66ef3e1dbb797aceb11fe61053b73c63e12d691682a830ba4f0f61ea8db4288f,18000,20059,8c35afb500f9e331f83cc17335b2a5cbd271bce9a2ec7403e3844ee94d9041a9,15.43715639761932,19.281482687608978,46712,40349,0.80062081571869115,0,ok,
edm_5k,/mnt/pixstor/data/xggh8/zw-lab/e009_stage_b_edm5k_30000kimg/network-snapshot-018000.pkl,66ef3e1dbb797aceb11fe61053b73c63e12d691682a830ba4f0f61ea8db4288f,18000,20060,5549e1bdb516cb5153c9a9ad6328bff24239bb1c54e8ac53ad0b9d7de8a0a573,14.297440188648897,16.012078108053252,5924,9896,0.89291596582070254,0,ok,
edm_5k,/mnt/pixstor/data/xggh8/zw-lab/e009_stage_b_edm5k_30000kimg/network-snapshot-018000.pkl,66ef3e1dbb797aceb11fe61053b73c63e12d691682a830ba4f0f61ea8db4288f,18000,20061,5676021ea931dc09f68f0d80ad92d857b34dc0670525fec55e3a085ab6e094ab,19.914295539010695,20.610524201219178,27441,6230,0.966219749900039,0,ok,
edm_5k,/mnt/pixstor/data/xggh8/zw-lab/e009_stage_b_edm5k_30000kimg/network-snapshot-018000.pkl,66ef3e1dbb797aceb11fe61053b73c63e12d691682a830ba4f0f61ea8db4288f,18000,20062,7481b167c526a27232dec139d1d8c6fb312069153d9c8b299ac376be94a48f98,18.221798133500052,18.34660156177522,37719,31189,0.99319746341822812,0,ok,
edm_5k,/mnt/pixstor/data/xggh8/zw-lab/e009_stage_b_edm5k_30000kimg/network-snapshot-018000.pkl,66ef3e1dbb797aceb11fe61053b73c63e12d691682a830ba4f0f61ea8db4288f,18000,20063,01c20d5feb24bd7b75763f39cc6a94bd3563187b5ab7e6678c3a61827c6f75e1,14.893114435778763,14.975401713071168,40529,32953,0.99450517062119403,0,ok,
edm_5k,/mnt/pixstor/data/xggh8/zw-lab/e009_stage_b_edm5k_30000kimg/network-snapshot-018000.pkl,66ef3e1dbb797aceb11fe61053b73c63e12d691682a830ba4f0f61ea8db4288f,18000,20064,cc6b9298fed82a849c10235bd3c701d73adf297e552a95b5d48a7e4f1c88487b,9.4226718498003326,10.410644103673793,16683,20051,0.90509979555205267,0,ok,
edm_5k,/mnt/pixstor/data/xggh8/zw-lab/e009_stage_b_edm5k_30000kimg/network-snapshot-018000.pkl,66ef3e1dbb797aceb11fe61053b73c63e12d691682a830ba4f0f61ea8db4288f,18000,20065,b90fb0106811a86dcb6f42d7e19c271c16b52e52a7010320055b2b2d61fc6d43,15.52531617511748,16.227912157699599,36170,40529,0.95670447462653041,0,ok,
edm_5k,/mnt/pixstor/data/xggh8/zw-lab/e009_stage_b_edm5k_30000kimg/network-snapshot-018000.pkl,66ef3e1dbb797aceb11fe61053b73c63e12d691682a830ba4f0f61ea8db4288f,18000,20066,b9c938db6685f8f0267c1c95c60c81bd34ebf98095090768e23c96ad5cd0e25b,20.69717784115813,21.601295945259661,32953,39111,0.9581451915481054,0,ok,
edm_5k,/mnt/pixstor/data/xggh8/zw-lab/e009_stage_b_edm5k_30000kimg/network-snapshot-018000.pkl,66ef3e1dbb797aceb11fe61053b73c63e12d691682a830ba4f0f61ea8db4288f,18000,20067,c98d3079d82a984a8f5b66de828d41e7dfbde9491d7afa8bbc25ddd0492e7085,20.080364205308989,20.453696372600703,1220,21934,0.98174744747889087,0,ok,
edm_5k,/mnt/pixstor/data/xggh8/zw-lab/e009_stage_b_edm5k_30000kimg/network-snapshot-018000.pkl,66ef3e1dbb797aceb11fe61053b73c63e12d691682a830ba4f0f61ea8db4288f,18000,20068,a580e65474bbe2d014e09372044fc4f4834cb5f00187970ef2aef8292428683d,15.843906661332571,17.16191198990817,2567,7813,0.92320171963644648,0,ok,
edm_5k,/mnt/pixstor/data/xggh8/zw-lab/e009_stage_b_edm5k_30000kimg/network-snapshot-018000.pkl,66ef3e1dbb797aceb11fe61053b73c63e12d691682a830ba4f0f61ea8db4288f,18000,20069,03bafb0f7adf06b8bf1a70cd46674bc913e10d20a098fd9f87d3d2fb6c9d595a,16.450862465048463,16.861795590931685,19545,47671,0.97562933771393701,0,ok,
edm_5k,/mnt/pixstor/data/xggh8/zw-lab/e009_stage_b_edm5k_30000kimg/network-snapshot-018000.pkl,66ef3e1dbb797aceb11fe61053b73c63e12d691682a830ba4f0f61ea8db4288f,18000,20070,a23cdd2de3d06a203b75375367a9c901e0aa3299f9c48425afc31b9a849a2e07,15.66133428494015,26.197244012848511,27792,18459,0.59782373585782556,0,ok,
edm_5k,/mnt/pixstor/data/xggh8/zw-lab/e009_stage_b_edm5k_30000kimg/network-snapshot-018000.pkl,66ef3e1dbb797aceb11fe61053b73c63e12d691682a830ba4f0f61ea8db4288f,18000,20071,dd892954290ddb64a1cf6a6f69edd46e2ce7673ea59225056f7a49cf7a1486fe,14.889874144359657,15.687537218780113,1721,39913,0.94915307206630595,0,ok,
edm_5k,/mnt/pixstor/data/xggh8/zw-lab/e009_stage_b_edm5k_30000kimg/network-snapshot-018000.pkl,66ef3e1dbb797aceb11fe61053b73c63e12d691682a830ba4f0f61ea8db4288f,18000,20072,3e3bab8bae0bcb6d3b0ec4261f63e1cad8154145455ce2e0195f28957feaf2f3,12.161346877406778,12.478115677645091,7690,10551,0.97461405163875714,0,ok,
edm_5k,/mnt/pixstor/data/xggh8/zw-lab/e009_stage_b_edm5k_30000kimg/network-snapshot-018000.pkl,66ef3e1dbb797aceb11fe61053b73c63e12d691682a830ba4f0f61ea8db4288f,18000,20073,7e377b9af9acda0cfe3901f4669ec37a0329c75346296b7ef9dfb656176038b3,22.073696013543213,22.14798097610409,28921,22326,0.99664597135779442,0,ok,
edm_5k,/mnt/pixstor/data/xggh8/zw-lab/e009_stage_b_edm5k_30000kimg/network-snapshot-018000.pkl,66ef3e1dbb797aceb11fe61053b73c63e12d691682a830ba4f0f61ea8db4288f,18000,20074,82ac4ee759012b0f9d17201be082035304a5cd7f8cd7c5a4145a319e4769c2c6,17.720397274524522,20.692881533975179,41603,42837,0.85635232799403982,0,ok,
edm_5k,/mnt/pixstor/data/xggh8/zw-lab/e009_stage_b_edm5k_30000kimg/network-snapshot-018000.pkl,66ef3e1dbb797aceb11fe61053b73c63e12d691682a830ba4f0f61ea8db4288f,18000,20075,119b17768de51e3ec94c198364726e99a2c820228ac22a28a5649b2d7c632cca,15.97772249040483,18.410177088753468,36811,49860,0.86787445951106079,0,ok,
edm_5k,/mnt/pixstor/data/xggh8/zw-lab/e009_stage_b_edm5k_30000kimg/network-snapshot-018000.pkl,66ef3e1dbb797aceb11fe61053b73c63e12d691682a830ba4f0f61ea8db4288f,18000,20076,d3ace7608f9a673fd67f10b4970658f8d379f46639469c06300a8d8b0699baef,18.247386630206645,18.625710645892546,26750,43951,0.9796880761825143,0,ok,
edm_5k,/mnt/pixstor/data/xggh8/zw-lab/e009_stage_b_edm5k_30000kimg/network-snapshot-018000.pkl,66ef3e1dbb797aceb11fe61053b73c63e12d691682a830ba4f0f61ea8db4288f,18000,20077,2bbcfb36a3a99a884083a1457492abf61e88bda48e7814031a245b4306fa8a47,20.513882661424791,21.724868000125635,34360,44542,0.94425810372270891,0,ok,
edm_5k,/mnt/pixstor/data/xggh8/zw-lab/e009_stage_b_edm5k_30000kimg/network-snapshot-018000.pkl,66ef3e1dbb797aceb11fe61053b73c63e12d691682a830ba4f0f61ea8db4288f,18000,20078,48410e9cb2767cc806bf0febb8da884906209077ca8052629a620e218783e308,12.715810329116314,13.710823112831514,21934,19604,0.92742866161084081,0,ok,
edm_5k,/mnt/pixstor/data/xggh8/zw-lab/e009_stage_b_edm5k_30000kimg/network-snapshot-018000.pkl,66ef3e1dbb797aceb11fe61053b73c63e12d691682a830ba4f0f61ea8db4288f,18000,20079,13d602f4a505782d4917ee6fdddfda48a8df3ba4edf4ab2ae7b148c511307512,18.113577827131273,18.478517100032889,19923,7496,0.98025061908777489,0,ok,
edm_5k,/mnt/pixstor/data/xggh8/zw-lab/e009_stage_b_edm5k_30000kimg/network-snapshot-018000.pkl,66ef3e1dbb797aceb11fe61053b73c63e12d691682a830ba4f0f61ea8db4288f,18000,20080,8a0e6fd7d5cda7f80a738349c4a16e9f5328c977f3cc4d67cc5294598f9c647b,16.164584274576939,16.240890242226051,34696,22857,0.99530161422735819,0,ok,
edm_5k,/mnt/pixstor/data/xggh8/zw-lab/e009_stage_b_edm5k_30000kimg/network-snapshot-018000.pkl,66ef3e1dbb797aceb11fe61053b73c63e12d691682a830ba4f0f61ea8db4288f,18000,20081,2452f84493d0bc7d3887df8018b374dd363a2f30f3f52792a3b69dda33cdce41,12.525217559265654,13.131397100904275,11710,30786,0.95383739163619707,0,ok,
edm_5k,/mnt/pixstor/data/xggh8/zw-lab/e009_stage_b_edm5k_30000kimg/network-snapshot-018000.pkl,66ef3e1dbb797aceb11fe61053b73c63e12d691682a830ba4f0f61ea8db4288f,18000,20082,8d43097e7ec18f68c9c4876ff1c00992e59329230fe7187ddcef559f142c50e5,23.096019134514929,25.195668419827939,43052,45102,0.91666625983771588,0,ok,
edm_5k,/mnt/pixstor/data/xggh8/zw-lab/e009_stage_b_edm5k_30000kimg/network-snapshot-018000.pkl,66ef3e1dbb797aceb11fe61053b73c63e12d691682a830ba4f0f61ea8db4288f,18000,20083,5f15b9c32d9339ab5a123a398d428099ca87f792081c1bbbe00bba6617d22d74,12.571048561174575,12.625233562961071,29437,11207,0.99570819806886901,0,ok,
edm_5k,/mnt/pixstor/data/xggh8/zw-lab/e009_stage_b_edm5k_30000kimg/network-snapshot-018000.pkl,66ef3e1dbb797aceb11fe61053b73c63e12d691682a830ba4f0f61ea8db4288f,18000,20084,004f73cb0398553750fe7177c8b04c96fa3dc9f692e1f1b51ab21c62181efcd6,15.790484401589271,16.528999831330701,34315,33571,0.95532001710462999,0,ok,
edm_5k,/mnt/pixstor/data/xggh8/zw-lab/e009_stage_b_edm5k_30000kimg/network-snapshot-018000.pkl,66ef3e1dbb797aceb11fe61053b73c63e12d691682a830ba4f0f61ea8db4288f,18000,20085,3c7c39a4c6a847109a80dff9a1f79253d5ed3677337ed9520754aa407650a36b,14.948931852307057,15.317933503212801,37558,3157,0.97591048095173216,0,ok,
edm_5k,/mnt/pixstor/data/xggh8/zw-lab/e009_stage_b_edm5k_30000kimg/network-snapshot-018000.pkl,66ef3e1dbb797aceb11fe61053b73c63e12d691682a830ba4f0f61ea8db4288f,18000,20086,8a44fadd3bcbbad0278388ad277c3603278b3b612328a9fadab5d290f0a98c00,14.40336181550996,16.812821252889993,38154,31271,0.85668916589677857,0,ok,
edm_5k,/mnt/pixstor/data/xggh8/zw-lab/e009_stage_b_edm5k_30000kimg/network-snapshot-018000.pkl,66ef3e1dbb797aceb11fe61053b73c63e12d691682a830ba4f0f61ea8db4288f,18000,20087,4bff0abbbd022c9ee209097c2f29fafed21d4ce6d7c99320a2f495c282e7d8bc,9.4755579868317277,9.7526376438453042,32024,13533,0.97158925952832509,0,ok,
edm_5k,/mnt/pixstor/data/xggh8/zw-lab/e009_stage_b_edm5k_30000kimg/network-snapshot-018000.pkl,66ef3e1dbb797aceb11fe61053b73c63e12d691682a830ba4f0f61ea8db4288f,18000,20088,6f48bbe8d82e25249b7d2e7e0a8f2d12aac6c8398cdbc52f1e7e652045d755d9,10.914159636958875,14.450100974384736,7187,39915,0.75529988726764474,0,ok,
edm_5k,/mnt/pixstor/data/xggh8/zw-lab/e009_stage_b_edm5k_30000kimg/network-snapshot-018000.pkl,66ef3e1dbb797aceb11fe61053b73c63e12d691682a830ba4f0f61ea8db4288f,18000,20089,267dc8968f7c86d093e8cdf4a8c4afb885203aec8aec471dc313fa26128b27e9,16.816419389364547,16.941824303409778,37719,34315,0.99259790965840733,0,ok,
edm_5k,/mnt/pixstor/data/xggh8/zw-lab/e009_stage_b_edm5k_30000kimg/network-snapshot-018000.pkl,66ef3e1dbb797aceb11fe61053b73c63e12d691682a830ba4f0f61ea8db4288f,18000,20090,7b37322caaf6b13303c2fd52314c4a3f51417984d14d691849684c55ffc6704d,19.322204801152505,19.68598324871623,26590,47550,0.98152094091680953,0,ok,
edm_5k,/mnt/pixstor/data/xggh8/zw-lab/e009_stage_b_edm5k_30000kimg/network-snapshot-018000.pkl,66ef3e1dbb797aceb11fe61053b73c63e12d691682a830ba4f0f61ea8db4288f,18000,20091,84191269de0d9be86b5016c876bef87168ff55e0bcc0e0783d689ce970ffa200,19.60816229493723,20.040618999828247,9692,16683,0.97842099064431476,0,ok,
edm_5k,/mnt/pixstor/data/xggh8/zw-lab/e009_stage_b_edm5k_30000kimg/network-snapshot-018000.pkl,66ef3e1dbb797aceb11fe61053b73c63e12d691682a830ba4f0f61ea8db4288f,18000,20092,05922de3dae944038464628869067c4ee6fcaca06b165d63ac67c5e921f04dd1,11.743869902205059,12.831886807818071,29779,2595,0.91520990467667496,0,ok,
edm_5k,/mnt/pixstor/data/xggh8/zw-lab/e009_stage_b_edm5k_30000kimg/network-snapshot-018000.pkl,66ef3e1dbb797aceb11fe61053b73c63e12d691682a830ba4f0f61ea8db4288f,18000,20093,7b150cc47a79d88b550b1bd0e86cbc10f3fa20706e3ffa9bc5ac75f2f6e81def,18.094041931590699,19.494029777852724,35674,7187,0.92818376383868262,0,ok,
edm_5k,/mnt/pixstor/data/xggh8/zw-lab/e009_stage_b_edm5k_30000kimg/network-snapshot-018000.pkl,66ef3e1dbb797aceb11fe61053b73c63e12d691682a830ba4f0f61ea8db4288f,18000,20094,b3df31985e8ee2bd9ed7586f7ed1808c75192a4d757abd2520158cae026668a0,17.324383642786167,17.418742969183924,29779,25149,0.99458288542607853,0,ok,
edm_5k,/mnt/pixstor/data/xggh8/zw-lab/e009_stage_b_edm5k_30000kimg/network-snapshot-018000.pkl,66ef3e1dbb797aceb11fe61053b73c63e12d691682a830ba4f0f61ea8db4288f,18000,20095,16cacd2f1e782822da8e12bb63c0ce6af290e8a60a31f799b33ffc4f8b1f4f04,25.086534378310727,25.604806082993033,42837,24507,0.97975881156832711,0,ok,
edm_5k,/mnt/pixstor/data/xggh8/zw-lab/e009_stage_b_edm5k_30000kimg/network-snapshot-018000.pkl,66ef3e1dbb797aceb11fe61053b73c63e12d691682a830ba4f0f61ea8db4288f,18000,20096,fdd490213b1748b3b46a7cca693fb62d9beee4c000f03829bf67d5263cc9b683,22.215420459997283,23.512934575493279,22518,25486,0.94481700651485878,0,ok,
edm_5k,/mnt/pixstor/data/xggh8/zw-lab/e009_stage_b_edm5k_30000kimg/network-snapshot-018000.pkl,66ef3e1dbb797aceb11fe61053b73c63e12d691682a830ba4f0f61ea8db4288f,18000,20097,865e051f2be17398ce47e89230ab8a25714998bcb961e82395ba9cee6c7dc315,19.284967590491394,19.285078795026788,47886,34675,0.99999423364889639,0,ok,
edm_5k,/mnt/pixstor/data/xggh8/zw-lab/e009_stage_b_edm5k_30000kimg/network-snapshot-018000.pkl,66ef3e1dbb797aceb11fe61053b73c63e12d691682a830ba4f0f61ea8db4288f,18000,20098,ab8a75ff8d8be20b97884460c38b0e09dc46aebdcb19a9851492e1c6c5c2841a,18.210985434818301,19.339409796930919,737,12277,0.94165156155428831,0,ok,
edm_5k,/mnt/pixstor/data/xggh8/zw-lab/e009_stage_b_edm5k_30000kimg/network-snapshot-018000.pkl,66ef3e1dbb797aceb11fe61053b73c63e12d691682a830ba4f0f61ea8db4288f,18000,20099,0c9d20c3ac9641e16cfb549aa0f5c5bbe9334f7cb54e0eaff1e7c33a53004fff,20.076045035628191,20.612229609508478,25744,26351,0.97398706573533689,0,ok,
edm_5k,/mnt/pixstor/data/xggh8/zw-lab/e009_stage_b_edm5k_30000kimg/network-snapshot-018000.pkl,66ef3e1dbb797aceb11fe61053b73c63e12d691682a830ba4f0f61ea8db4288f,18000,20100,5e322083eb344daed9d66d317e3a34c37646173a6f007a08804133a11dd8f848,13.673884072746505,15.505422727109037,1220,21934,0.88187754138683716,0,ok,
edm_5k,/mnt/pixstor/data/xggh8/zw-lab/e009_stage_b_edm5k_30000kimg/network-snapshot-018000.pkl,66ef3e1dbb797aceb11fe61053b73c63e12d691682a830ba4f0f61ea8db4288f,18000,20101,e343eb333270072bda792b46442939794e10f9ffd662bc90aaa4e06c105f6398,15.905683902995012,17.471779317267295,21934,1220,0.91036428598176511,0,ok,
edm_5k,/mnt/pixstor/data/xggh8/zw-lab/e009_stage_b_edm5k_30000kimg/network-snapshot-018000.pkl,66ef3e1dbb797aceb11fe61053b73c63e12d691682a830ba4f0f61ea8db4288f,18000,20102,9fcc42ca40430943cc7ff95e46c59675ceb1f2d2d246d2dfc61d9e98ee2ab772,17.027983396860833,17.123839895685471,9332,11710,0.99440216099843415,0,ok,
edm_5k,/mnt/pixstor/data/xggh8/zw-lab/e009_stage_b_edm5k_30000kimg/network-snapshot-018000.pkl,66ef3e1dbb797aceb11fe61053b73c63e12d691682a830ba4f0f61ea8db4288f,18000,20103,fb8e1f4e79d1fc420cff9f46e6e9b2b018bc4ed167e441cab3566accd1a2c7c7,13.029758558196388,14.680419341897517,7690,44302,0.88756037921953712,0,ok,
edm_5k,/mnt/pixstor/data/xggh8/zw-lab/e009_stage_b_edm5k_30000kimg/network-snapshot-018000.pkl,66ef3e1dbb797aceb11fe61053b73c63e12d691682a830ba4f0f61ea8db4288f,18000,20104,a7edcbd5c7d92bc4265e9fd978293eb884f40143334a2b8792c86f939d878397,14.781554688868667,15.837270740540434,2567,44173,0.9333397736916037,0,ok,
edm_5k,/mnt/pixstor/data/xggh8/zw-lab/e009_stage_b_edm5k_30000kimg/network-snapshot-018000.pkl,66ef3e1dbb797aceb11fe61053b73c63e12d691682a830ba4f0f61ea8db4288f,18000,20105,f27ee1d8d856dea39915fa000661b2299f6b57794082597e8d1985a5d36ff159,13.786375164808433,17.117594070239203,12277,34019,0.80539210757296453,0,ok,
edm_5k,/mnt/pixstor/data/xggh8/zw-lab/e009_stage_b_edm5k_30000kimg/network-snapshot-018000.pkl,66ef3e1dbb797aceb11fe61053b73c63e12d691682a830ba4f0f61ea8db4288f,18000,20106,b6d0eda3424ca4fc99ab77a51b9915d22c05657d15afc516e1027040339099b9,16.507604769863526,16.590338643705145,7813,2567,0.99501312929058194,0,ok,
edm_5k,/mnt/pixstor/data/xggh8/zw-lab/e009_stage_b_edm5k_30000kimg/network-snapshot-018000.pkl,66ef3e1dbb797aceb11fe61053b73c63e12d691682a830ba4f0f61ea8db4288f,18000,20107,a708f697c3d2a5ef86975c5eb796063f9644a20b9efdd41a6b475c6a84b41e92,17.810410394880847,18.164376892044352,11830,43777,0.98051314948664514,0,ok,
edm_5k,/mnt/pixstor/data/xggh8/zw-lab/e009_stage_b_edm5k_30000kimg/network-snapshot-018000.pkl,66ef3e1dbb797aceb11fe61053b73c63e12d691682a830ba4f0f61ea8db4288f,18000,20108,b709e33484e36dba6ee8004fa5de53198d6508520892080e7e00ae4bf19ad3e8,19.086354469891926,19.324951339337289,832,17447,0.98765342974190662,0,ok,
edm_5k,/mnt/pixstor/data/xggh8/zw-lab/e009_stage_b_edm5k_30000kimg/network-snapshot-018000.pkl,66ef3e1dbb797aceb11fe61053b73c63e12d691682a830ba4f0f61ea8db4288f,18000,20109,04887b497f24b6430b71f95f169ad1580d1c61f296327dc995cba4f04133e817,12.692684795060062,13.230233779438855,10551,32953,0.959369653375725,0,ok,
edm_5k,/mnt/pixstor/data/xggh8/zw-lab/e009_stage_b_edm5k_30000kimg/network-snapshot-018000.pkl,66ef3e1dbb797aceb11fe61053b73c63e12d691682a830ba4f0f61ea8db4288f,18000,20110,edf956edf0dcedabb9782fcb18079e6badbfb0047e9f907f7e5817e8230ce24c,12.8024016882329,13.189362280740131,44302,16683,0.97066115978387424,0,ok,
edm_5k,/mnt/pixstor/data/xggh8/zw-lab/e009_stage_b_edm5k_30000kimg/network-snapshot-018000.pkl,66ef3e1dbb797aceb11fe61053b73c63e12d691682a830ba4f0f61ea8db4288f,18000,20111,3cd4eb117ef1ea56d1cc28fb18d093cd31cb8701cb3798c98941c292f88d5297,16.843449832014759,17.87237859497208,36219,37875,0.94242910883463593,0,ok,
edm_5k,/mnt/pixstor/data/xggh8/zw-lab/e009_stage_b_edm5k_30000kimg/network-snapshot-018000.pkl,66ef3e1dbb797aceb11fe61053b73c63e12d691682a830ba4f0f61ea8db4288f,18000,20112,d46eaef65d0d1043b8fc91bf5d86860486a82354d8a0f62a179269c58553c07f,20.691929522507653,21.368816143732058,25969,13919,0.96832362557328888,0,ok,
edm_5k,/mnt/pixstor/data/xggh8/zw-lab/e009_stage_b_edm5k_30000kimg/network-snapshot-018000.pkl,66ef3e1dbb797aceb11fe61053b73c63e12d691682a830ba4f0f61ea8db4288f,18000,20113,3694538aab68679ace8610637eec9d2365c45b3c1c583049ecdc56cb19341d7f,19.325425834863754,21.599491577807402,47045,20051,0.89471670040232998,0,ok,
edm_5k,/mnt/pixstor/data/xggh8/zw-lab/e009_stage_b_edm5k_30000kimg/network-snapshot-018000.pkl,66ef3e1dbb797aceb11fe61053b73c63e12d691682a830ba4f0f61ea8db4288f,18000,20114,44f1246fa6477b106760ff07f4812cf50a4415677c1504fee175f292218f31f0,14.240411050874725,15.931165360739607,31572,26376,0.89387127234072039,0,ok,
edm_5k,/mnt/pixstor/data/xggh8/zw-lab/e009_stage_b_edm5k_30000kimg/network-snapshot-018000.pkl,66ef3e1dbb797aceb11fe61053b73c63e12d691682a830ba4f0f61ea8db4288f,18000,20115,15a6420e114416dae3cbfb8acb9669c04b3bd320cdaf524319ecec41dfa3895b,14.036568046870686,15.912202927059909,21934,38676,0.88212600802120467,0,ok,
edm_5k,/mnt/pixstor/data/xggh8/zw-lab/e009_stage_b_edm5k_30000kimg/network-snapshot-018000.pkl,66ef3e1dbb797aceb11fe61053b73c63e12d691682a830ba4f0f61ea8db4288f,18000,20116,0cd94e1b3d5763da780079196ebd789d78f3a70968813ed404bdd322e09ed152,14.954131746769239,15.308135887654645,737,12277,0.97687477146248125,0,ok,
edm_5k,/mnt/pixstor/data/xggh8/zw-lab/e009_stage_b_edm5k_30000kimg/network-snapshot-018000.pkl,66ef3e1dbb797aceb11fe61053b73c63e12d691682a830ba4f0f61ea8db4288f,18000,20117,bdf6f178353122c94b600c04517d5a8ef414748c03fc7d448af0c7e502257b8f,19.864224458768664,26.239116881389545,17938,7107,0.75704622791088061,0,ok,
edm_5k,/mnt/pixstor/data/xggh8/zw-lab/e009_stage_b_edm5k_30000kimg/network-snapshot-018000.pkl,66ef3e1dbb797aceb11fe61053b73c63e12d691682a830ba4f0f61ea8db4288f,18000,20118,3398218b7d60bf93b106915f09340d1eb673db515dee379f43c8c3d508bb9083,15.944059668403913,16.141644860878429,39913,2567,0.98775929007375252,0,ok,
edm_5k,/mnt/pixstor/data/xggh8/zw-lab/e009_stage_b_edm5k_30000kimg/network-snapshot-018000.pkl,66ef3e1dbb797aceb11fe61053b73c63e12d691682a830ba4f0f61ea8db4288f,18000,20119,3d08c12ca68ebcb60888f8a09437a03444c56e0af0a1b6091a79bc1698ff1714,17.276867781382997,18.490190391945905,14410,13435,0.93438019918435145,0,ok,
edm_5k,/mnt/pixstor/data/xggh8/zw-lab/e009_stage_b_edm5k_30000kimg/network-snapshot-018000.pkl,66ef3e1dbb797aceb11fe61053b73c63e12d691682a830ba4f0f61ea8db4288f,18000,20120,ecfedbe66ea7af9ba45c9cf965a2b729829b3757827aa8b8fe341c8420739297,16.11180505305347,16.218973952935418,32953,36170,0.99339237486952425,0,ok,
edm_5k,/mnt/pixstor/data/xggh8/zw-lab/e009_stage_b_edm5k_30000kimg/network-snapshot-018000.pkl,66ef3e1dbb797aceb11fe61053b73c63e12d691682a830ba4f0f61ea8db4288f,18000,20121,c9dbfd2dc373b9e59eda4730592709cd7461debe894c933c04a3cc63555bb31f,16.858451021511087,18.431408874889136,9841,46960,0.91465883785362501,0,ok,
edm_5k,/mnt/pixstor/data/xggh8/zw-lab/e009_stage_b_edm5k_30000kimg/network-snapshot-018000.pkl,66ef3e1dbb797aceb11fe61053b73c63e12d691682a830ba4f0f61ea8db4288f,18000,20122,59810b1845d2cac7bdc32d6e4b60daf12962a9d29692c82053f46ee9dc37d984,13.509171684493188,14.260397955686663,11207,40136,0.94732080594609869,0,ok,
edm_5k,/mnt/pixstor/data/xggh8/zw-lab/e009_stage_b_edm5k_30000kimg/network-snapshot-018000.pkl,66ef3e1dbb797aceb11fe61053b73c63e12d691682a830ba4f0f61ea8db4288f,18000,20123,ae313579ffd46b52af243006ba115ae78d86cbb181798a7c9008a1a5fadeff3f,17.23736408527451,17.735673138357296,18459,1220,0.97190357257965687,0,ok,
edm_5k,/mnt/pixstor/data/xggh8/zw-lab/e009_stage_b_edm5k_30000kimg/network-snapshot-018000.pkl,66ef3e1dbb797aceb11fe61053b73c63e12d691682a830ba4f0f61ea8db4288f,18000,20124,f5c575c665bd7a634a981795ce779e4a1149fa9877175d57a08f8c4a050f3419,16.297219006718922,16.312380613845946,7187,39915,0.99907054601741241,0,ok,
edm_5k,/mnt/pixstor/data/xggh8/zw-lab/e009_stage_b_edm5k_30000kimg/network-snapshot-018000.pkl,66ef3e1dbb797aceb11fe61053b73c63e12d691682a830ba4f0f61ea8db4288f,18000,20125,29421ee6a7f3a8591d25904d928b18f4be5f28fd0bfb04bf7c4ff77aa80b9fca,12.502105064293294,13.673491684260378,39006,786,0.91433156599528465,0,ok,
edm_5k,/mnt/pixstor/data/xggh8/zw-lab/e009_stage_b_edm5k_30000kimg/network-snapshot-018000.pkl,66ef3e1dbb797aceb11fe61053b73c63e12d691682a830ba4f0f61ea8db4288f,18000,20126,e5086b0130c309709afb92462188a4bfee875ae2fcf37130f604d0c0a4828909,19.819469717166424,21.59101528485483,39199,30132,0.91794987200388534,0,ok,
edm_5k,/mnt/pixstor/data/xggh8/zw-lab/e009_stage_b_edm5k_30000kimg/network-snapshot-018000.pkl,66ef3e1dbb797aceb11fe61053b73c63e12d691682a830ba4f0f61ea8db4288f,18000,20127,fb3fb30bc9bedbd7f8249708fcd34b12ddbc0532706b4971cce09fe8725adc11,14.248148782076987,14.261107967867975,12300,40529,0.99909129179723011,0,ok,
edm_5k,/mnt/pixstor/data/xggh8/zw-lab/e009_stage_b_edm5k_30000kimg/network-snapshot-019000.pkl,147be4a88b57ae4eddfde578630ddf6e3c6ec89e8a3132cd9af0a9c34675989b,19000,20000,ce66b58ee660dd9e57812fb4e4c81ae22582bd95bc59f228bf6d107e90666b09,11.533856551323597,12.89844841491594,22857,29779,0.89420496018619489,0,ok,
edm_5k,/mnt/pixstor/data/xggh8/zw-lab/e009_stage_b_edm5k_30000kimg/network-snapshot-019000.pkl,147be4a88b57ae4eddfde578630ddf6e3c6ec89e8a3132cd9af0a9c34675989b,19000,20001,b91a83b573d4c79bc638603caa746927554bb3cdc1ac7a7669d53469c40443b5,10.69805749116807,11.6639366764546,44302,47671,0.91719097830526619,0,ok,
edm_5k,/mnt/pixstor/data/xggh8/zw-lab/e009_stage_b_edm5k_30000kimg/network-snapshot-019000.pkl,147be4a88b57ae4eddfde578630ddf6e3c6ec89e8a3132cd9af0a9c34675989b,19000,20002,aa96f4a135f1c8f73e46cec05cffbad9178d058c2cc059d723fcf4bbb78bb917,19.600143150778162,19.885186977052239,13316,10551,0.98566551943398772,0,ok,
edm_5k,/mnt/pixstor/data/xggh8/zw-lab/e009_stage_b_edm5k_30000kimg/network-snapshot-019000.pkl,147be4a88b57ae4eddfde578630ddf6e3c6ec89e8a3132cd9af0a9c34675989b,19000,20003,0430622619f2ed52718aa13113396f05568563bb1827d61ffd4f57f9df05914d,16.497428933361657,20.212821513060245,33343,13435,0.81618634601320073,0,ok,
edm_5k,/mnt/pixstor/data/xggh8/zw-lab/e009_stage_b_edm5k_30000kimg/network-snapshot-019000.pkl,147be4a88b57ae4eddfde578630ddf6e3c6ec89e8a3132cd9af0a9c34675989b,19000,20004,54e9ae59cf8ecc24a35494cd71d3d4d0e64ca9814095e9647d0dfb7472a74208,15.103672726075834,15.799054247146296,47886,29779,0.95598587673714297,0,ok,
edm_5k,/mnt/pixstor/data/xggh8/zw-lab/e009_stage_b_edm5k_30000kimg/network-snapshot-019000.pkl,147be4a88b57ae4eddfde578630ddf6e3c6ec89e8a3132cd9af0a9c34675989b,19000,20005,5bf9fa41c38816a7d289d54937b03e83d31d426b2a1e7ae7f1c805adaba9e6a6,12.626860665293037,19.406810834400005,7672,4706,0.65064068347134063,0,ok,
edm_5k,/mnt/pixstor/data/xggh8/zw-lab/e009_stage_b_edm5k_30000kimg/network-snapshot-019000.pkl,147be4a88b57ae4eddfde578630ddf6e3c6ec89e8a3132cd9af0a9c34675989b,19000,20006,c7feba652c96be1e0e7d7f22c05fcd4c9feecca9a382dda96f0b79b13a8c17c3,12.509958610610719,15.930852582158085,21934,12699,0.78526610839531397,0,ok,
edm_5k,/mnt/pixstor/data/xggh8/zw-lab/e009_stage_b_edm5k_30000kimg/network-snapshot-019000.pkl,147be4a88b57ae4eddfde578630ddf6e3c6ec89e8a3132cd9af0a9c34675989b,19000,20007,2a697454f4ee58bcc7511e82c0db435e593cdd45e2f814d890a3ae2dfaff630b,26.439287498812064,26.979635108109022,11476,34035,0.979972019371954,0,ok,
edm_5k,/mnt/pixstor/data/xggh8/zw-lab/e009_stage_b_edm5k_30000kimg/network-snapshot-019000.pkl,147be4a88b57ae4eddfde578630ddf6e3c6ec89e8a3132cd9af0a9c34675989b,19000,20008,beaa7311b76dc0ed542db22d471cb9011b3bd17b02cfcf9703f52640eca8af09,26.245467652472737,27.938418629662213,38456,30085,0.93940419464571734,0,ok,
edm_5k,/mnt/pixstor/data/xggh8/zw-lab/e009_stage_b_edm5k_30000kimg/network-snapshot-019000.pkl,147be4a88b57ae4eddfde578630ddf6e3c6ec89e8a3132cd9af0a9c34675989b,19000,20009,9f35ca77e4bafbd2e3b1e1241f72b569b8deaddba9040f97d6bdef1280d231df,12.494819949761713,14.604006989772209,5924,22857,0.85557477194528542,0,ok,
edm_5k,/mnt/pixstor/data/xggh8/zw-lab/e009_stage_b_edm5k_30000kimg/network-snapshot-019000.pkl,147be4a88b57ae4eddfde578630ddf6e3c6ec89e8a3132cd9af0a9c34675989b,19000,20010,74078b18629c0268565d9518a5437e251c0fdba4b7bc34601b14ff7ac2dcfebf,14.377253926387455,14.719534597200726,9692,29779,0.97674650183040679,0,ok,
edm_5k,/mnt/pixstor/data/xggh8/zw-lab/e009_stage_b_edm5k_30000kimg/network-snapshot-019000.pkl,147be4a88b57ae4eddfde578630ddf6e3c6ec89e8a3132cd9af0a9c34675989b,19000,20011,19d0e7b835b419326c0ff7bd8dbb27a4b84414ac1a2e7edf79a2db1a29451fe7,16.270069169153615,22.967391697172943,30616,41057,0.70839864550907183,0,ok,
edm_5k,/mnt/pixstor/data/xggh8/zw-lab/e009_stage_b_edm5k_30000kimg/network-snapshot-019000.pkl,147be4a88b57ae4eddfde578630ddf6e3c6ec89e8a3132cd9af0a9c34675989b,19000,20012,937e7c39c85f8e1b98912d619edb1ae0e32542f2992db91abb50707eda53e2b8,16.855635179939021,17.464800353932247,1276,32953,0.9651204043763334,0,ok,
edm_5k,/mnt/pixstor/data/xggh8/zw-lab/e009_stage_b_edm5k_30000kimg/network-snapshot-019000.pkl,147be4a88b57ae4eddfde578630ddf6e3c6ec89e8a3132cd9af0a9c34675989b,19000,20013,6ae1fd014e5b3aec799ab027eb6c96c415b1a641bdff00452e1de0ab3e570750,17.23094344975992,19.166209325008403,33343,26140,0.89902719716603985,0,ok,
edm_5k,/mnt/pixstor/data/xggh8/zw-lab/e009_stage_b_edm5k_30000kimg/network-snapshot-019000.pkl,147be4a88b57ae4eddfde578630ddf6e3c6ec89e8a3132cd9af0a9c34675989b,19000,20014,78bcf5d86613fb6a585df0832b35d27088b99dc3109f2675b065a0d8dabc7915,13.506025604945114,14.010232746054063,38676,48613,0.96401150857033713,0,ok,
edm_5k,/mnt/pixstor/data/xggh8/zw-lab/e009_stage_b_edm5k_30000kimg/network-snapshot-019000.pkl,147be4a88b57ae4eddfde578630ddf6e3c6ec89e8a3132cd9af0a9c34675989b,19000,20015,39774fb4595f29df500a1cdbc8e2bbf94631d2a770792be35b0138906c97405d,19.214907713277256,20.599581939519023,12699,48613,0.93278144040460576,0,ok,
edm_5k,/mnt/pixstor/data/xggh8/zw-lab/e009_stage_b_edm5k_30000kimg/network-snapshot-019000.pkl,147be4a88b57ae4eddfde578630ddf6e3c6ec89e8a3132cd9af0a9c34675989b,19000,20016,c3a74a68e1561547f635c382585e51f19fdbb43757fbd49b22c601fa454ba9c5,17.894475816807859,18.172017140624984,14062,9773,0.98472699416529497,0,ok,
edm_5k,/mnt/pixstor/data/xggh8/zw-lab/e009_stage_b_edm5k_30000kimg/network-snapshot-019000.pkl,147be4a88b57ae4eddfde578630ddf6e3c6ec89e8a3132cd9af0a9c34675989b,19000,20017,54c042ca0994b439b548c2857d6210761da8456ccece12a62e84b142737754ed,19.948277141044905,21.074668073758737,22870,30085,0.94655237611469834,0,ok,
edm_5k,/mnt/pixstor/data/xggh8/zw-lab/e009_stage_b_edm5k_30000kimg/network-snapshot-019000.pkl,147be4a88b57ae4eddfde578630ddf6e3c6ec89e8a3132cd9af0a9c34675989b,19000,20018,dc5c720a5b3acd0d3a15bbeeddba72701758d0b4aa91fa1a6f5135d1c75055a4,15.377921973147764,16.005419692076693,14410,13435,0.96079467261707829,0,ok,
edm_5k,/mnt/pixstor/data/xggh8/zw-lab/e009_stage_b_edm5k_30000kimg/network-snapshot-019000.pkl,147be4a88b57ae4eddfde578630ddf6e3c6ec89e8a3132cd9af0a9c34675989b,19000,20019,f96e1e305024c30abbf22779b50f0d78fef308fb31945f940aae17a1f5bdcf29,19.056491586020858,19.397587126526759,35588,39774,0.98241556858175194,0,ok,
edm_5k,/mnt/pixstor/data/xggh8/zw-lab/e009_stage_b_edm5k_30000kimg/network-snapshot-019000.pkl,147be4a88b57ae4eddfde578630ddf6e3c6ec89e8a3132cd9af0a9c34675989b,19000,20020,7b4bc456b5c2e28a47b8ea5c04633434b5fb125908c316feef8d0e418b64905b,13.442395947798685,16.165501673085572,9692,47886,0.83154833172788767,0,ok,
edm_5k,/mnt/pixstor/data/xggh8/zw-lab/e009_stage_b_edm5k_30000kimg/network-snapshot-019000.pkl,147be4a88b57ae4eddfde578630ddf6e3c6ec89e8a3132cd9af0a9c34675989b,19000,20021,5135d5941bcd624ece72491dc83640e9514aaac1726194cc9378cf654a1e4254,18.074103410786723,18.378212249269819,20770,19545,0.98345275185864833,0,ok,
edm_5k,/mnt/pixstor/data/xggh8/zw-lab/e009_stage_b_edm5k_30000kimg/network-snapshot-019000.pkl,147be4a88b57ae4eddfde578630ddf6e3c6ec89e8a3132cd9af0a9c34675989b,19000,20022,f55adbe5a6dfb996268d77cfe2c5c95a00344f7a8488fe519685d986e5edf36e,11.31868935913273,12.133291673948392,29779,12699,0.9328622160658423,0,ok,
edm_5k,/mnt/pixstor/data/xggh8/zw-lab/e009_stage_b_edm5k_30000kimg/network-snapshot-019000.pkl,147be4a88b57ae4eddfde578630ddf6e3c6ec89e8a3132cd9af0a9c34675989b,19000,20023,ea820d4c7ba37606b67005d4ff675985534cf6ca42a82855035e4581694972ca,16.55170980819921,17.524088729295638,2567,45385,0.94451186956895117,0,ok,
edm_5k,/mnt/pixstor/data/xggh8/zw-lab/e009_stage_b_edm5k_30000kimg/network-snapshot-019000.pkl,147be4a88b57ae4eddfde578630ddf6e3c6ec89e8a3132cd9af0a9c34675989b,19000,20024,5df037f45955b8a4aa9c03823a9b85f55d6abb9bda445e8931f5384135031c99,13.115794423623818,14.154445078390413,40136,26140,0.92662017839524469,0,ok,
edm_5k,/mnt/pixstor/data/xggh8/zw-lab/e009_stage_b_edm5k_30000kimg/network-snapshot-019000.pkl,147be4a88b57ae4eddfde578630ddf6e3c6ec89e8a3132cd9af0a9c34675989b,19000,20025,83fc5e035b0368ec025c1f598da72bea3f06ca112d2313bd96bf37ff20dffe88,12.786426882725641,13.011599684454447,30786,45494,0.98269445670098265,0,ok,
edm_5k,/mnt/pixstor/data/xggh8/zw-lab/e009_stage_b_edm5k_30000kimg/network-snapshot-019000.pkl,147be4a88b57ae4eddfde578630ddf6e3c6ec89e8a3132cd9af0a9c34675989b,19000,20026,10e7aba71bd851be35dc68e0a4e9769806aa512f6415d243a575a1a341b132a0,15.171732368464536,16.531876092739683,11830,9692,0.91772599088905082,0,ok,
edm_5k,/mnt/pixstor/data/xggh8/zw-lab/e009_stage_b_edm5k_30000kimg/network-snapshot-019000.pkl,147be4a88b57ae4eddfde578630ddf6e3c6ec89e8a3132cd9af0a9c34675989b,19000,20027,0e45b2ed24d4c98e5fe5fd6b6dcba857643193263f3c73af56b6601060551b6f,13.812431278365338,14.282282489196815,48613,39913,0.96710251241796441,0,ok,
edm_5k,/mnt/pixstor/data/xggh8/zw-lab/e009_stage_b_edm5k_30000kimg/network-snapshot-019000.pkl,147be4a88b57ae4eddfde578630ddf6e3c6ec89e8a3132cd9af0a9c34675989b,19000,20028,071e75325890bc2187de722993aad10ced291096a006ef72a72540f99457b9d7,16.349982283492405,16.401319357252333,43826,2782,0.99686994243318428,0,ok,
edm_5k,/mnt/pixstor/data/xggh8/zw-lab/e009_stage_b_edm5k_30000kimg/network-snapshot-019000.pkl,147be4a88b57ae4eddfde578630ddf6e3c6ec89e8a3132cd9af0a9c34675989b,19000,20029,5c7e293fb3622a04b7a2c9bd81215ac8af84070dd41d23f9ce66d63e7cab370e,14.209637797686979,14.448717093701388,28795,12699,0.98345325093820046,0,ok,
edm_5k,/mnt/pixstor/data/xggh8/zw-lab/e009_stage_b_edm5k_30000kimg/network-snapshot-019000.pkl,147be4a88b57ae4eddfde578630ddf6e3c6ec89e8a3132cd9af0a9c34675989b,19000,20030,7eccaa6fb4e075995395a1f23af1c69d6cd9c350fa126dd310e1c7d56dcdc339,15.156061659148554,16.849525348524981,34315,38291,0.89949487274282924,0,ok,
edm_5k,/mnt/pixstor/data/xggh8/zw-lab/e009_stage_b_edm5k_30000kimg/network-snapshot-019000.pkl,147be4a88b57ae4eddfde578630ddf6e3c6ec89e8a3132cd9af0a9c34675989b,19000,20031,d9f0570672edc106e1250efde1dad878d7391e56b23edc5275eb3387540546c1,17.34294388489322,18.390751190319996,13435,37558,0.94302531231142472,0,ok,
edm_5k,/mnt/pixstor/data/xggh8/zw-lab/e009_stage_b_edm5k_30000kimg/network-snapshot-019000.pkl,147be4a88b57ae4eddfde578630ddf6e3c6ec89e8a3132cd9af0a9c34675989b,19000,20032,ccb1f60d30642f6a1d2ed0622da8bfb694f9e2ad8ef9f80dfa449778c7e879ba,15.03860003065143,17.631122122766328,11207,29437,0.85295762379370721,0,ok,
edm_5k,/mnt/pixstor/data/xggh8/zw-lab/e009_stage_b_edm5k_30000kimg/network-snapshot-019000.pkl,147be4a88b57ae4eddfde578630ddf6e3c6ec89e8a3132cd9af0a9c34675989b,19000,20033,a94041856f5ebb3feb3ffc0fe715b31740b8f9efb1f94cc142f68bd6d1f171cb,13.567381666229348,13.644418890873256,47356,30132,0.99435393875986633,0,ok,
edm_5k,/mnt/pixstor/data/xggh8/zw-lab/e009_stage_b_edm5k_30000kimg/network-snapshot-019000.pkl,147be4a88b57ae4eddfde578630ddf6e3c6ec89e8a3132cd9af0a9c34675989b,19000,20034,802a58b9c6dab2345d3d7a510c3a1f1aaf667ef03c4b01a77627b86d17af5ab3,15.940907921494745,16.046368642468792,33571,37719,0.99342775157895025,0,ok,
edm_5k,/mnt/pixstor/data/xggh8/zw-lab/e009_stage_b_edm5k_30000kimg/network-snapshot-019000.pkl,147be4a88b57ae4eddfde578630ddf6e3c6ec89e8a3132cd9af0a9c34675989b,19000,20035,19936e3439f3fc926f8242dccdfecc702e3c651f7ed3d08485fafd88b91bbec2,12.344198698265991,12.953012490109598,20770,39913,0.95299828574175516,0,ok,
edm_5k,/mnt/pixstor/data/xggh8/zw-lab/e009_stage_b_edm5k_30000kimg/network-snapshot-019000.pkl,147be4a88b57ae4eddfde578630ddf6e3c6ec89e8a3132cd9af0a9c34675989b,19000,20036,2d53669c12bb88bc0763131d7dd32b8f11aeb4126c21ca2e280fcb3498f690f9,16.510844796690186,17.117007148899852,15768,39915,0.96458712980974448,0,ok,
edm_5k,/mnt/pixstor/data/xggh8/zw-lab/e009_stage_b_edm5k_30000kimg/network-snapshot-019000.pkl,147be4a88b57ae4eddfde578630ddf6e3c6ec89e8a3132cd9af0a9c34675989b,19000,20037,4557e952417c08ec15c9470c227e32a91afafbff2ab151553f0230afb9206893,15.506061279371307,17.726938578136004,47550,22857,0.87471738061393889,0,ok,
edm_5k,/mnt/pixstor/data/xggh8/zw-lab/e009_stage_b_edm5k_30000kimg/network-snapshot-019000.pkl,147be4a88b57ae4eddfde578630ddf6e3c6ec89e8a3132cd9af0a9c34675989b,19000,20038,5822772beabcb609ab2f235f4885daf2eaad7350c0118290a36ee33f4f1c1adc,11.880796555966144,11.949310345610488,32024,10551,0.99426629758013507,0,ok,
edm_5k,/mnt/pixstor/data/xggh8/zw-lab/e009_stage_b_edm5k_30000kimg/network-snapshot-019000.pkl,147be4a88b57ae4eddfde578630ddf6e3c6ec89e8a3132cd9af0a9c34675989b,19000,20039,addfd70807a6f7e4d8e60e3ceac10bceea58dab9be5163d95376424915342846,9.7047408537638162,10.617042841668303,16683,20051,0.91407193118558305,0,ok,
edm_5k,/mnt/pixstor/data/xggh8/zw-lab/e009_stage_b_edm5k_30000kimg/network-snapshot-019000.pkl,147be4a88b57ae4eddfde578630ddf6e3c6ec89e8a3132cd9af0a9c34675989b,19000,20040,e4045fcc2c785fc569f36007253ffdf9161e47eaa7fb28f4bc97bfe4302de148,10.783077556891321,11.732844498273666,37719,26590,0.91905058133838813,0,ok,
edm_5k,/mnt/pixstor/data/xggh8/zw-lab/e009_stage_b_edm5k_30000kimg/network-snapshot-019000.pkl,147be4a88b57ae4eddfde578630ddf6e3c6ec89e8a3132cd9af0a9c34675989b,19000,20041,6b45a298d290eac1097d395b634486384f9b1b4d095baa3e42345693ea7c4066,15.769842101334513,15.920486301948833,3157,29779,0.99053771362525034,0,ok,
edm_5k,/mnt/pixstor/data/xggh8/zw-lab/e009_stage_b_edm5k_30000kimg/network-snapshot-019000.pkl,147be4a88b57ae4eddfde578630ddf6e3c6ec89e8a3132cd9af0a9c34675989b,19000,20042,0163b01774a7e2675b8cf82e07b846fc97e1e0d32be42ae792430fa6bce0bc30,15.164433764630552,17.716553409529705,15768,29437,0.85594717065417625,0,ok,
edm_5k,/mnt/pixstor/data/xggh8/zw-lab/e009_stage_b_edm5k_30000kimg/network-snapshot-019000.pkl,147be4a88b57ae4eddfde578630ddf6e3c6ec89e8a3132cd9af0a9c34675989b,19000,20043,4c3cfe9cbf96811868a5213e586814784089f065f06e4dad738a50edd76eee2b,17.224561397428371,17.414752876691701,2567,27642,0.98907871500617806,0,ok,
edm_5k,/mnt/pixstor/data/xggh8/zw-lab/e009_stage_b_edm5k_30000kimg/network-snapshot-019000.pkl,147be4a88b57ae4eddfde578630ddf6e3c6ec89e8a3132cd9af0a9c34675989b,19000,20044,b1a59a73e613b2e3ed3573ac8b8f0a5622eb4a22446f858207cb7fac2c348053,17.850661156178564,18.009120027222696,16683,32953,0.99120118746476205,0,ok,
edm_5k,/mnt/pixstor/data/xggh8/zw-lab/e009_stage_b_edm5k_30000kimg/network-snapshot-019000.pkl,147be4a88b57ae4eddfde578630ddf6e3c6ec89e8a3132cd9af0a9c34675989b,19000,20045,9d666e483dd020240261bded8bf1e4ad1da6a7907120a1cdce1a599009a169a2,12.704582573316515,17.131710484940417,46725,220,0.74158284337599811,0,ok,
edm_5k,/mnt/pixstor/data/xggh8/zw-lab/e009_stage_b_edm5k_30000kimg/network-snapshot-019000.pkl,147be4a88b57ae4eddfde578630ddf6e3c6ec89e8a3132cd9af0a9c34675989b,19000,20046,715da4923f5717d13a2e41ade32618bc52e844e02afaa8266d9aac936837456a,21.140285762473976,21.17643061704214,37603,16683,0.99829315642367622,0,ok,
edm_5k,/mnt/pixstor/data/xggh8/zw-lab/e009_stage_b_edm5k_30000kimg/network-snapshot-019000.pkl,147be4a88b57ae4eddfde578630ddf6e3c6ec89e8a3132cd9af0a9c34675989b,19000,20047,1a7e55f5eb9116ce3dc188af48b0ec471a6a59a7a43f667f5607da45e696eb1e,19.971464083646989,21.684029771192726,25406,12649,0.92102179781080706,0,ok,
edm_5k,/mnt/pixstor/data/xggh8/zw-lab/e009_stage_b_edm5k_30000kimg/network-snapshot-019000.pkl,147be4a88b57ae4eddfde578630ddf6e3c6ec89e8a3132cd9af0a9c34675989b,19000,20048,e422a9f94fd7d0cbd90f00276685bd13abfa10540891191c0a2587e11ed98e19,14.407589015645277,14.704255714799492,29779,46725,0.97982443280990905,0,ok,
edm_5k,/mnt/pixstor/data/xggh8/zw-lab/e009_stage_b_edm5k_30000kimg/network-snapshot-019000.pkl,147be4a88b57ae4eddfde578630ddf6e3c6ec89e8a3132cd9af0a9c34675989b,19000,20049,45ac730d280221a89740522817f22b40293f999ace5dedfcf53c64f2f64738ee,11.743696965039051,12.788489679866881,29779,12699,0.91830210282980773,0,ok,
edm_5k,/mnt/pixstor/data/xggh8/zw-lab/e009_stage_b_edm5k_30000kimg/network-snapshot-019000.pkl,147be4a88b57ae4eddfde578630ddf6e3c6ec89e8a3132cd9af0a9c34675989b,19000,20050,bef8eebfeb26c29c854d3d29e82adcaef290845381ba359365b061ea91e782d4,17.095674880604566,17.79694807273442,4827,40908,0.96059587355855525,0,ok,
edm_5k,/mnt/pixstor/data/xggh8/zw-lab/e009_stage_b_edm5k_30000kimg/network-snapshot-019000.pkl,147be4a88b57ae4eddfde578630ddf6e3c6ec89e8a3132cd9af0a9c34675989b,19000,20051,d8e2d3517b79b3aa8593de91919f96396d9991992359a8aa2230725118c1504e,14.973684946442074,15.120168194604803,39111,8398,0.9903120622550351,0,ok,
edm_5k,/mnt/pixstor/data/xggh8/zw-lab/e009_stage_b_edm5k_30000kimg/network-snapshot-019000.pkl,147be4a88b57ae4eddfde578630ddf6e3c6ec89e8a3132cd9af0a9c34675989b,19000,20052,5e8024e377f2b3610fbf65cc0203f528d2a40fdbc5b4c51924435ce1cdd290a2,14.924018206573679,14.927516534302853,20051,40908,0.99976564569725079,0,ok,
edm_5k,/mnt/pixstor/data/xggh8/zw-lab/e009_stage_b_edm5k_30000kimg/network-snapshot-019000.pkl,147be4a88b57ae4eddfde578630ddf6e3c6ec89e8a3132cd9af0a9c34675989b,19000,20053,40950908ff798c1fb4ea1497da1a3cfcd6e0ffe3178b2863a87c1f8c956169dd,9.6548853019988989,10.092222100482747,24779,44302,0.9566659558093823,0,ok,
edm_5k,/mnt/pixstor/data/xggh8/zw-lab/e009_stage_b_edm5k_30000kimg/network-snapshot-019000.pkl,147be4a88b57ae4eddfde578630ddf6e3c6ec89e8a3132cd9af0a9c34675989b,19000,20054,12115aa48d12c7c6bd1d96f135e9fd1c9039c0d9b9318ace01eb4e30488730af,15.889537247349748,17.931561105248495,7346,17844,0.88612124477544485,0,ok,
edm_5k,/mnt/pixstor/data/xggh8/zw-lab/e009_stage_b_edm5k_30000kimg/network-snapshot-019000.pkl,147be4a88b57ae4eddfde578630ddf6e3c6ec89e8a3132cd9af0a9c34675989b,19000,20055,fdd9d9f6a24138b1916e65537848ae1af0452686b17e42bee6efe2bdec9ae3c7,13.933930371487618,14.424561096845942,32024,15904,0.96598643646317917,0,ok,
edm_5k,/mnt/pixstor/data/xggh8/zw-lab/e009_stage_b_edm5k_30000kimg/network-snapshot-019000.pkl,147be4a88b57ae4eddfde578630ddf6e3c6ec89e8a3132cd9af0a9c34675989b,19000,20056,869e097710219a359fadb2c1c2becbb414d17d1356554350dc88c334d197d724,15.876185609205139,15.91888372142053,31249,11207,0.99731776970278796,0,ok,
edm_5k,/mnt/pixstor/data/xggh8/zw-lab/e009_stage_b_edm5k_30000kimg/network-snapshot-019000.pkl,147be4a88b57ae4eddfde578630ddf6e3c6ec89e8a3132cd9af0a9c34675989b,19000,20057,1eb266be064e3afee90a76328683e687a21b9e555b4a33e36bd5ffdac2d0b6db,17.572734249815934,17.975349282002778,35096,30786,0.97760182426107578,0,ok,
edm_5k,/mnt/pixstor/data/xggh8/zw-lab/e009_stage_b_edm5k_30000kimg/network-snapshot-019000.pkl,147be4a88b57ae4eddfde578630ddf6e3c6ec89e8a3132cd9af0a9c34675989b,19000,20058,6ade7626c0291ca84bb32ac3973b746d0e2879bbcbbbaab6d23aa17a2d77312e,15.721944028034654,16.341446727364552,31001,29779,0.96209009461246109,0,ok,
edm_5k,/mnt/pixstor/data/xggh8/zw-lab/e009_stage_b_edm5k_30000kimg/network-snapshot-019000.pkl,147be4a88b57ae4eddfde578630ddf6e3c6ec89e8a3132cd9af0a9c34675989b,19000,20059,33f6ec93e0f35eb771986311fe0bd4136c38ce8f7a63c91a7571fe14d44fcea9,15.684408422548177,19.138093263789891,46712,40349,0.8195387182182754,0,ok,
edm_5k,/mnt/pixstor/data/xggh8/zw-lab/e009_stage_b_edm5k_30000kimg/network-snapshot-019000.pkl,147be4a88b57ae4eddfde578630ddf6e3c6ec89e8a3132cd9af0a9c34675989b,19000,20060,8dcd5a857684f822eb592be7d304083df7d23d24985d7a465bd6b95206ef24ac,14.110736905174274,14.621697403251426,5924,9896,0.96505463873410968,0,ok,
edm_5k,/mnt/pixstor/data/xggh8/zw-lab/e009_stage_b_edm5k_30000kimg/network-snapshot-019000.pkl,147be4a88b57ae4eddfde578630ddf6e3c6ec89e8a3132cd9af0a9c34675989b,19000,20061,5edabeba4660506893d1500aa63d06621b4c04ea7343e23bd7e9a8b796bb328b,18.465285637020621,20.862089309593799,27441,38324,0.88511200211040386,0,ok,
edm_5k,/mnt/pixstor/data/xggh8/zw-lab/e009_stage_b_edm5k_30000kimg/network-snapshot-019000.pkl,147be4a88b57ae4eddfde578630ddf6e3c6ec89e8a3132cd9af0a9c34675989b,19000,20062,149c8a81f284b7b1b26b9a7edd02c3f28ce98b68455a700a60fbc9ed6c094f5d,20.213262400635632,20.358150051029586,37719,39774,0.99288306402935533,0,ok,
edm_5k,/mnt/pixstor/data/xggh8/zw-lab/e009_stage_b_edm5k_30000kimg/network-snapshot-019000.pkl,147be4a88b57ae4eddfde578630ddf6e3c6ec89e8a3132cd9af0a9c34675989b,19000,20063,61c3cd58c9d570e7f69b4abe0e23412459a65a4e406682fff82ffbda79286c04,15.461781063366667,15.816145849407341,32953,36170,0.97759474467327623,0,ok,
edm_5k,/mnt/pixstor/data/xggh8/zw-lab/e009_stage_b_edm5k_30000kimg/network-snapshot-019000.pkl,147be4a88b57ae4eddfde578630ddf6e3c6ec89e8a3132cd9af0a9c34675989b,19000,20064,bc25d86dcd43a541ce73c95c6917de312081abafbfaf603ce64f1eba0db05233,9.6828950637667734,10.413587869159535,16683,20051,0.9298327517303856,0,ok,
edm_5k,/mnt/pixstor/data/xggh8/zw-lab/e009_stage_b_edm5k_30000kimg/network-snapshot-019000.pkl,147be4a88b57ae4eddfde578630ddf6e3c6ec89e8a3132cd9af0a9c34675989b,19000,20065,36dbe553be67d27290eefb1ca74b3078e1a5d1e645888e4e3adac29d931df984,15.245300676315825,16.043233615461926,36170,40529,0.95026358412077971,0,ok,
edm_5k,/mnt/pixstor/data/xggh8/zw-lab/e009_stage_b_edm5k_30000kimg/network-snapshot-019000.pkl,147be4a88b57ae4eddfde578630ddf6e3c6ec89e8a3132cd9af0a9c34675989b,19000,20066,5459eee8e22927f3e535c8282ed49e85c009cb0998a0b5097e0b45fece7b4fc2,21.154813771289749,22.015443400967797,32953,6230,0.96090791295894529,0,ok,
edm_5k,/mnt/pixstor/data/xggh8/zw-lab/e009_stage_b_edm5k_30000kimg/network-snapshot-019000.pkl,147be4a88b57ae4eddfde578630ddf6e3c6ec89e8a3132cd9af0a9c34675989b,19000,20067,8835544e336dfc0924c551a38a82a3fb27e981d20273a609167676c534a34c24,20.340563704022077,20.509552354425526,1220,21934,0.99176049055176063,0,ok,
edm_5k,/mnt/pixstor/data/xggh8/zw-lab/e009_stage_b_edm5k_30000kimg/network-snapshot-019000.pkl,147be4a88b57ae4eddfde578630ddf6e3c6ec89e8a3132cd9af0a9c34675989b,19000,20068,be8e2b9a204b000b5a7e9281ae7a9ee3a9e658db98d03478c872f980d3c083de,15.552998975676317,17.219359819508689,2567,7813,0.90322747992382002,0,ok,
edm_5k,/mnt/pixstor/data/xggh8/zw-lab/e009_stage_b_edm5k_30000kimg/network-snapshot-019000.pkl,147be4a88b57ae4eddfde578630ddf6e3c6ec89e8a3132cd9af0a9c34675989b,19000,20069,30ae5d9a6166561e5c0f35fdf0925acd913bd70516569fe360e5f2a717f018fd,16.950230220355486,17.399117939250111,19545,47671,0.97420054738050865,0,ok,
edm_5k,/mnt/pixstor/data/xggh8/zw-lab/e009_stage_b_edm5k_30000kimg/network-snapshot-019000.pkl,147be4a88b57ae4eddfde578630ddf6e3c6ec89e8a3132cd9af0a9c34675989b,19000,20070,950177021b8723d8655b97d76c8bb5e77454f03c79c5a26042c64ccc7a633661,15.637145300055487,26.635104513375921,27792,18459,0.58708781458704795,0,ok,
edm_5k,/mnt/pixstor/data/xggh8/zw-lab/e009_stage_b_edm5k_30000kimg/network-snapshot-019000.pkl,147be4a88b57ae4eddfde578630ddf6e3c6ec89e8a3132cd9af0a9c34675989b,19000,20071,2fb44aa32496dd9aab8067009c3e11328462094be94d0d4f745ecbf8341b4a7d,14.875518898405824,15.99717740498885,1721,39913,0.92988397401698952,0,ok,
edm_5k,/mnt/pixstor/data/xggh8/zw-lab/e009_stage_b_edm5k_30000kimg/network-snapshot-019000.pkl,147be4a88b57ae4eddfde578630ddf6e3c6ec89e8a3132cd9af0a9c34675989b,19000,20072,5240a69f4122be21976661bef9c0a45ea14a3addc7125da21af14581170d3e80,11.207206785925695,11.407925190849015,7690,10551,0.98240535403542717,0,ok,
edm_5k,/mnt/pixstor/data/xggh8/zw-lab/e009_stage_b_edm5k_30000kimg/network-snapshot-019000.pkl,147be4a88b57ae4eddfde578630ddf6e3c6ec89e8a3132cd9af0a9c34675989b,19000,20073,6d76f059de67df6a3837cee6c54fa1c6e5b23adea9b3f422288fd21308ddd92e,22.573592612352762,22.778015625113621,28921,22326,0.99102542486029932,0,ok,
edm_5k,/mnt/pixstor/data/xggh8/zw-lab/e009_stage_b_edm5k_30000kimg/network-snapshot-019000.pkl,147be4a88b57ae4eddfde578630ddf6e3c6ec89e8a3132cd9af0a9c34675989b,19000,20074,242f2a7497b4f4fb7e0b752ddf05dc95c9017b78da4f9cd18d88196298e2bee8,16.738308732540862,19.734844982575993,41603,42837,0.84816013236076648,0,ok,
edm_5k,/mnt/pixstor/data/xggh8/zw-lab/e009_stage_b_edm5k_30000kimg/network-snapshot-019000.pkl,147be4a88b57ae4eddfde578630ddf6e3c6ec89e8a3132cd9af0a9c34675989b,19000,20075,6187abf52b4aa3c4d4bdb6ba81c1c6745e3ca98f1eec7ef3c05b0567f61ef719,17.388239106049404,18.031061482007384,36811,49860,0.96434916620968592,0,ok,
edm_5k,/mnt/pixstor/data/xggh8/zw-lab/e009_stage_b_edm5k_30000kimg/network-snapshot-019000.pkl,147be4a88b57ae4eddfde578630ddf6e3c6ec89e8a3132cd9af0a9c34675989b,19000,20076,c27f7f8751769a90bc3b7a9fc0f55a0a76c9267a4305fe900c6106af0006407e,17.040039811458989,18.108372518207812,26750,43951,0.94100338361856517,0,ok,
edm_5k,/mnt/pixstor/data/xggh8/zw-lab/e009_stage_b_edm5k_30000kimg/network-snapshot-019000.pkl,147be4a88b57ae4eddfde578630ddf6e3c6ec89e8a3132cd9af0a9c34675989b,19000,20077,a7a1456ffc712b9a4b40e3d8d000b36443d2ca7492c1da6af5be0eb5c1e6ac38,19.943045236791793,20.82879070832378,34360,44542,0.95747494494829133,0,ok,
edm_5k,/mnt/pixstor/data/xggh8/zw-lab/e009_stage_b_edm5k_30000kimg/network-snapshot-019000.pkl,147be4a88b57ae4eddfde578630ddf6e3c6ec89e8a3132cd9af0a9c34675989b,19000,20078,8966a4cb82f20663784c3ccd4e91004dca5a7e0a697844b5782a3deb0c552d30,12.080633913419446,13.561332051925985,21934,19604,0.89081469778654598,0,ok,
edm_5k,/mnt/pixstor/data/xggh8/zw-lab/e009_stage_b_edm5k_30000kimg/network-snapshot-019000.pkl,147be4a88b57ae4eddfde578630ddf6e3c6ec89e8a3132cd9af0a9c34675989b,19000,20079,7bdd458178853f82012000c68644b53166ff9541933dc5446ea475a9e20ffe41,18.262321714245726,18.735157630241648,19923,33343,0.97476210633890337,0,ok,
edm_5k,/mnt/pixstor/data/xggh8/zw-lab/e009_stage_b_edm5k_30000kimg/network-snapshot-019000.pkl,147be4a88b57ae4eddfde578630ddf6e3c6ec89e8a3132cd9af0a9c34675989b,19000,20080,4767df932c163845e1e9f0edd49f42bb9970ad93bc36a5ed3c3a32399786d003,16.69535298673398,16.992115576540147,22857,34696,0.98253527711311661,0,ok,
edm_5k,/mnt/pixstor/data/xggh8/zw-lab/e009_stage_b_edm5k_30000kimg/network-snapshot-019000.pkl,147be4a88b57ae4eddfde578630ddf6e3c6ec89e8a3132cd9af0a9c34675989b,19000,20081,141efa1da4aa28536c1fc61412dc0b905ca45ca3fc7748c917a09203f9fe33b6,12.640728162499158,13.373306304191626,11710,30786,0.94522086572840602,0,ok,
edm_5k,/mnt/pixstor/data/xggh8/zw-lab/e009_stage_b_edm5k_30000kimg/network-snapshot-019000.pkl,147be4a88b57ae4eddfde578630ddf6e3c6ec89e8a3132cd9af0a9c34675989b,19000,20082,11a69a9a2339c0ad596494f32fbd5d9dc1a079ab5e261170a7af0c0ce19e367c,20.964623324154608,25.787598941071568,43052,45102,0.81297306399334957,0,ok,
edm_5k,/mnt/pixstor/data/xggh8/zw-lab/e009_stage_b_edm5k_30000kimg/network-snapshot-019000.pkl,147be4a88b57ae4eddfde578630ddf6e3c6ec89e8a3132cd9af0a9c34675989b,19000,20083,852581bb8035c8c92a34a882408d549c6f5ae74c4e1d33b83f93bcc9783dc211,12.713925413819977,12.832348616588959,29437,11207,0.99077150985316198,0,ok,
edm_5k,/mnt/pixstor/data/xggh8/zw-lab/e009_stage_b_edm5k_30000kimg/network-snapshot-019000.pkl,147be4a88b57ae4eddfde578630ddf6e3c6ec89e8a3132cd9af0a9c34675989b,19000,20084,c618b072869b4400140a6f26449cbf9b360da5d5a5918756a3f2f905fff9d6b6,16.403588589666224,16.786768566317186,34315,7496,0.97717369038971469,0,ok,
edm_5k,/mnt/pixstor/data/xggh8/zw-lab/e009_stage_b_edm5k_30000kimg/network-snapshot-019000.pkl,147be4a88b57ae4eddfde578630ddf6e3c6ec89e8a3132cd9af0a9c34675989b,19000,20085,a05f551e1a9b3985a52ded4f1f8b14e3a68265d0a1da186d2ad4ced038129bb0,13.266238831757972,13.85147902569099,37558,37719,0.95774890227624465,0,ok,
edm_5k,/mnt/pixstor/data/xggh8/zw-lab/e009_stage_b_edm5k_30000kimg/network-snapshot-019000.pkl,147be4a88b57ae4eddfde578630ddf6e3c6ec89e8a3132cd9af0a9c34675989b,19000,20086,c1030cff0f4dda7a048dc3a430a7d9e0adf4b151c28265d6ae9ece2b57998547,14.391099465544023,16.739268984487634,38154,31271,0.85972090411357438,0,ok,
edm_5k,/mnt/pixstor/data/xggh8/zw-lab/e009_stage_b_edm5k_30000kimg/network-snapshot-019000.pkl,147be4a88b57ae4eddfde578630ddf6e3c6ec89e8a3132cd9af0a9c34675989b,19000,20087,b7aa217ebdf2c21c66b9c8bddf9ef7564aaec78a8c607f2046bf2ab4818ffc32,9.1482204027771061,9.7370233397823682,32024,13533,0.93952947256482366,0,ok,
edm_5k,/mnt/pixstor/data/xggh8/zw-lab/e009_stage_b_edm5k_30000kimg/network-snapshot-019000.pkl,147be4a88b57ae4eddfde578630ddf6e3c6ec89e8a3132cd9af0a9c34675989b,19000,20088,6c18a3257b5af7380c5dec009b546bb207df2bd7fec3d4f3e640cd761b7bc18e,10.113608457586025,14.275126513063425,7187,39915,0.7084776760703928,0,ok,
edm_5k,/mnt/pixstor/data/xggh8/zw-lab/e009_stage_b_edm5k_30000kimg/network-snapshot-019000.pkl,147be4a88b57ae4eddfde578630ddf6e3c6ec89e8a3132cd9af0a9c34675989b,19000,20089,f52c543cb18c933b0604d7cf451d1a69b12504ed7a44706dace9bef0429678a1,16.368965504405786,17.11138446603373,34315,37719,0.95661257199254368,0,ok,
edm_5k,/mnt/pixstor/data/xggh8/zw-lab/e009_stage_b_edm5k_30000kimg/network-snapshot-019000.pkl,147be4a88b57ae4eddfde578630ddf6e3c6ec89e8a3132cd9af0a9c34675989b,19000,20090,fb46523c463717558bf4133a9165e4723be58ed48ed4490baf02e090052c2d93,19.413411628026097,19.636099027688367,37803,26590,0.98865928515901946,0,ok,
edm_5k,/mnt/pixstor/data/xggh8/zw-lab/e009_stage_b_edm5k_30000kimg/network-snapshot-019000.pkl,147be4a88b57ae4eddfde578630ddf6e3c6ec89e8a3132cd9af0a9c34675989b,19000,20091,737c1d34e881b209821a143437c90e39fddef0931462a9ab5554c709d3dbfcba,19.09583054175102,19.992427776946208,9692,23630,0.9551531587259714,0,ok,
edm_5k,/mnt/pixstor/data/xggh8/zw-lab/e009_stage_b_edm5k_30000kimg/network-snapshot-019000.pkl,147be4a88b57ae4eddfde578630ddf6e3c6ec89e8a3132cd9af0a9c34675989b,19000,20092,f8bec530c85246943ee9dd232fa07db4d49c1ad7c5c31140e1c9eb9f2bf2982e,11.429907037949768,12.667089582072579,29779,2595,0.90233095486482029,0,ok,
edm_5k,/mnt/pixstor/data/xggh8/zw-lab/e009_stage_b_edm5k_30000kimg/network-snapshot-019000.pkl,147be4a88b57ae4eddfde578630ddf6e3c6ec89e8a3132cd9af0a9c34675989b,19000,20093,39e82972d2ce046b6b36c346b9d3c791799459712f2277b083636e75c2fd3c28,18.023411257191331,18.305269310539348,35674,7187,0.98460235418739583,0,ok,
edm_5k,/mnt/pixstor/data/xggh8/zw-lab/e009_stage_b_edm5k_30000kimg/network-snapshot-019000.pkl,147be4a88b57ae4eddfde578630ddf6e3c6ec89e8a3132cd9af0a9c34675989b,19000,20094,6aefe55944742a397bc428fbf4169daa22487b8be13ca785da878a0e72d69644,18.104209515115688,18.156403120147527,21934,29779,0.99712533343270393,0,ok,
edm_5k,/mnt/pixstor/data/xggh8/zw-lab/e009_stage_b_edm5k_30000kimg/network-snapshot-019000.pkl,147be4a88b57ae4eddfde578630ddf6e3c6ec89e8a3132cd9af0a9c34675989b,19000,20095,f27a7f57f4116d6a955b1affe708e9742d0f22c1f3c244c21c90d77aa5b1b494,25.185762708367946,25.522872867255451,42837,24507,0.9867918411598563,0,ok,
edm_5k,/mnt/pixstor/data/xggh8/zw-lab/e009_stage_b_edm5k_30000kimg/network-snapshot-019000.pkl,147be4a88b57ae4eddfde578630ddf6e3c6ec89e8a3132cd9af0a9c34675989b,19000,20096,1f3f47b91ee67f0aa644c97efc5d7072d11da59ad7614e5a5939d85bf988248f,22.661600702146373,23.368703784892705,22518,25486,0.96974145039214976,0,ok,
edm_5k,/mnt/pixstor/data/xggh8/zw-lab/e009_stage_b_edm5k_30000kimg/network-snapshot-019000.pkl,147be4a88b57ae4eddfde578630ddf6e3c6ec89e8a3132cd9af0a9c34675989b,19000,20097,5cd48570fdae9167086614e0d900f21a2c2fc340834d5de4266db8b381542f68,19.182299467724285,19.487774569207911,34675,47048,0.98432478267855694,0,ok,
edm_5k,/mnt/pixstor/data/xggh8/zw-lab/e009_stage_b_edm5k_30000kimg/network-snapshot-019000.pkl,147be4a88b57ae4eddfde578630ddf6e3c6ec89e8a3132cd9af0a9c34675989b,19000,20098,69d7352c757fcc3632a0b431dcef16b5754c7370caab34e400c322def9a4f316,19.033977975767979,19.851422197351891,737,12277,0.95882188120038292,0,ok,
edm_5k,/mnt/pixstor/data/xggh8/zw-lab/e009_stage_b_edm5k_30000kimg/network-snapshot-019000.pkl,147be4a88b57ae4eddfde578630ddf6e3c6ec89e8a3132cd9af0a9c34675989b,19000,20099,b3c50cf50b15b94d4cab81e4051fb9931582774c64ad3d77409a153ce0402799,19.548086195972331,20.25823552933084,25744,26351,0.96494515367193157,0,ok,
edm_5k,/mnt/pixstor/data/xggh8/zw-lab/e009_stage_b_edm5k_30000kimg/network-snapshot-019000.pkl,147be4a88b57ae4eddfde578630ddf6e3c6ec89e8a3132cd9af0a9c34675989b,19000,20100,1461efc85297391ff6e3fb9d472a9a8621455d1746e87cc9304b4263b77abbf6,13.635206694095508,15.383330967248623,1220,21934,0.88636243497101497,0,ok,
edm_5k,/mnt/pixstor/data/xggh8/zw-lab/e009_stage_b_edm5k_30000kimg/network-snapshot-019000.pkl,147be4a88b57ae4eddfde578630ddf6e3c6ec89e8a3132cd9af0a9c34675989b,19000,20101,c0607145f119ef385849063c9e6f4a396b26717feacd3ce418c2833c86bcd8bb,17.623951773739041,18.401285780560684,21934,17844,0.95775653853260478,0,ok,
edm_5k,/mnt/pixstor/data/xggh8/zw-lab/e009_stage_b_edm5k_30000kimg/network-snapshot-019000.pkl,147be4a88b57ae4eddfde578630ddf6e3c6ec89e8a3132cd9af0a9c34675989b,19000,20102,ac8aac474f5e90cb863a67560f72452672981274f856018890f031fba6e6341a,16.968458714965674,17.06783857389382,9332,11710,0.9941773612108008,0,ok,
edm_5k,/mnt/pixstor/data/xggh8/zw-lab/e009_stage_b_edm5k_30000kimg/network-snapshot-019000.pkl,147be4a88b57ae4eddfde578630ddf6e3c6ec89e8a3132cd9af0a9c34675989b,19000,20103,b19abe63caa4e02d6aa17808878d4480997201737d4367729924638721e6043a,13.311068594204729,14.671287032661448,7690,44302,0.90728704063736332,0,ok,
edm_5k,/mnt/pixstor/data/xggh8/zw-lab/e009_stage_b_edm5k_30000kimg/network-snapshot-019000.pkl,147be4a88b57ae4eddfde578630ddf6e3c6ec89e8a3132cd9af0a9c34675989b,19000,20104,1316db8e9d09aab908639438cdc52cb009d1d3dca1258b2a58b7e2ea78736be9,15.286871302731269,15.815975580702021,2567,1276,0.96654621301917387,0,ok,
edm_5k,/mnt/pixstor/data/xggh8/zw-lab/e009_stage_b_edm5k_30000kimg/network-snapshot-019000.pkl,147be4a88b57ae4eddfde578630ddf6e3c6ec89e8a3132cd9af0a9c34675989b,19000,20105,f9883ce5a3fc14915791d9e5d755e095f15d305658362bab87bfd76fbefffd65,11.983703399062229,14.69480412853687,12277,34019,0.81550616763854888,0,ok,
edm_5k,/mnt/pixstor/data/xggh8/zw-lab/e009_stage_b_edm5k_30000kimg/network-snapshot-019000.pkl,147be4a88b57ae4eddfde578630ddf6e3c6ec89e8a3132cd9af0a9c34675989b,19000,20106,866247cbafd588aedb6f0129185b385ee7dc18ef21c9ce3822e0958ce19a1853,16.26089931684324,16.313174641347693,2567,7813,0.99679551493478435,0,ok,
edm_5k,/mnt/pixstor/data/xggh8/zw-lab/e009_stage_b_edm5k_30000kimg/network-snapshot-019000.pkl,147be4a88b57ae4eddfde578630ddf6e3c6ec89e8a3132cd9af0a9c34675989b,19000,20107,8aeaabba490081f0907efa7e49ef0879082a0bccb5fb5b9101eb704e1a1f5a3a,18.402060866854335,18.644389666066534,46008,11830,0.9870025887919921,0,ok,
edm_5k,/mnt/pixstor/data/xggh8/zw-lab/e009_stage_b_edm5k_30000kimg/network-snapshot-019000.pkl,147be4a88b57ae4eddfde578630ddf6e3c6ec89e8a3132cd9af0a9c34675989b,19000,20108,35f96c110774d156cf831c78c841254ca74b4e12306a010694a6d5face526436,18.187020333025504,18.389852685273397,832,8275,0.98897041995282975,0,ok,
edm_5k,/mnt/pixstor/data/xggh8/zw-lab/e009_stage_b_edm5k_30000kimg/network-snapshot-019000.pkl,147be4a88b57ae4eddfde578630ddf6e3c6ec89e8a3132cd9af0a9c34675989b,19000,20109,f8b588e7676be965899fac33f0ceca74417987b3adf07543ea3f7a8955cf6bd5,13.001887788091134,13.498981806182265,32953,10551,0.96317544350911921,0,ok,
edm_5k,/mnt/pixstor/data/xggh8/zw-lab/e009_stage_b_edm5k_30000kimg/network-snapshot-019000.pkl,147be4a88b57ae4eddfde578630ddf6e3c6ec89e8a3132cd9af0a9c34675989b,19000,20110,ee1c26b7450688682d27ce4427fa2da14c1505f03f2d376f5ed75b1319d9bbc9,12.725235532539882,13.27283325302232,44302,24779,0.9587429669277473,0,ok,
edm_5k,/mnt/pixstor/data/xggh8/zw-lab/e009_stage_b_edm5k_30000kimg/network-snapshot-019000.pkl,147be4a88b57ae4eddfde578630ddf6e3c6ec89e8a3132cd9af0a9c34675989b,19000,20111,d0ac1b661ed5bf9b20b81ea4485cd2cef7a81cab4056f4dec535e7a21e411cb3,15.837996120455887,16.843344735775489,36219,10551,0.94031181863871571,0,ok,
edm_5k,/mnt/pixstor/data/xggh8/zw-lab/e009_stage_b_edm5k_30000kimg/network-snapshot-019000.pkl,147be4a88b57ae4eddfde578630ddf6e3c6ec89e8a3132cd9af0a9c34675989b,19000,20112,90cb2dc93d588db5a04078ba8430026c05909f9375c79881735da6e0d986f213,18.824127617311223,19.407689012317483,13919,25969,0.96993143312241392,0,ok,
edm_5k,/mnt/pixstor/data/xggh8/zw-lab/e009_stage_b_edm5k_30000kimg/network-snapshot-019000.pkl,147be4a88b57ae4eddfde578630ddf6e3c6ec89e8a3132cd9af0a9c34675989b,19000,20113,11360302100e5461f98e95ca50d1443ab4027094d260dae2a0fc4201910c6df6,19.280943337839368,21.35368512414902,47045,20051,0.90293282989522139,0,ok,
edm_5k,/mnt/pixstor/data/xggh8/zw-lab/e009_stage_b_edm5k_30000kimg/network-snapshot-019000.pkl,147be4a88b57ae4eddfde578630ddf6e3c6ec89e8a3132cd9af0a9c34675989b,19000,20114,b704e36d8411fabbf12968f05cfc50b55d0b0c43e29c047e8aa030907468ebc7,14.679514871583004,15.322872669508319,31572,26376,0.95801323865298693,0,ok,
edm_5k,/mnt/pixstor/data/xggh8/zw-lab/e009_stage_b_edm5k_30000kimg/network-snapshot-019000.pkl,147be4a88b57ae4eddfde578630ddf6e3c6ec89e8a3132cd9af0a9c34675989b,19000,20115,193392830dd83752885073f07e4a2e4c73d9a077f764d3cd356dc9d801082b58,14.043273059896695,15.827408560154458,21934,38676,0.88727557682757185,0,ok,
edm_5k,/mnt/pixstor/data/xggh8/zw-lab/e009_stage_b_edm5k_30000kimg/network-snapshot-019000.pkl,147be4a88b57ae4eddfde578630ddf6e3c6ec89e8a3132cd9af0a9c34675989b,19000,20116,c680744e3da19cc64c0c250f11970086f834aaee0d12bad6a0cf77847ce64427,14.841125724357328,15.016330870672576,12277,737,0.98833235976057043,0,ok,
edm_5k,/mnt/pixstor/data/xggh8/zw-lab/e009_stage_b_edm5k_30000kimg/network-snapshot-019000.pkl,147be4a88b57ae4eddfde578630ddf6e3c6ec89e8a3132cd9af0a9c34675989b,19000,20117,ed83ad51ca106f511e29bfaedbbd00d8843b25c234539d4e12e01f9c6087f9c7,19.150576561711894,25.841937028005894,17938,7107,0.74106583190562236,0,ok,
edm_5k,/mnt/pixstor/data/xggh8/zw-lab/e009_stage_b_edm5k_30000kimg/network-snapshot-019000.pkl,147be4a88b57ae4eddfde578630ddf6e3c6ec89e8a3132cd9af0a9c34675989b,19000,20118,dc34c00156cbfed546fa80be0d6d43e63283fcf777add22090e0422d8deaa15e,17.047654560417762,17.247619224611203,39913,2567,0.98840624543078359,0,ok,
edm_5k,/mnt/pixstor/data/xggh8/zw-lab/e009_stage_b_edm5k_30000kimg/network-snapshot-019000.pkl,147be4a88b57ae4eddfde578630ddf6e3c6ec89e8a3132cd9af0a9c34675989b,19000,20119,ed79118ab7c28a76e93fe406ca443aeae91e3af125c2df566a49446c4a2192b6,18.045353982006343,18.800811370514452,14410,6525,0.95981783053826586,0,ok,
edm_5k,/mnt/pixstor/data/xggh8/zw-lab/e009_stage_b_edm5k_30000kimg/network-snapshot-019000.pkl,147be4a88b57ae4eddfde578630ddf6e3c6ec89e8a3132cd9af0a9c34675989b,19000,20120,8c31b8a7d6b6d303d9b960e28c0d251ed3a58c813561cb691d9f0ab983962e4f,15.565970362813227,15.735048529799743,32953,36170,0.98925467775543829,0,ok,
edm_5k,/mnt/pixstor/data/xggh8/zw-lab/e009_stage_b_edm5k_30000kimg/network-snapshot-019000.pkl,147be4a88b57ae4eddfde578630ddf6e3c6ec89e8a3132cd9af0a9c34675989b,19000,20121,30e5f81d062c9ebe83f23beadfc8fff0936460352a621375e4e4d032bb552dbd,17.405074594402731,18.923666185898405,9841,34035,0.919751723763374,0,ok,
edm_5k,/mnt/pixstor/data/xggh8/zw-lab/e009_stage_b_edm5k_30000kimg/network-snapshot-019000.pkl,147be4a88b57ae4eddfde578630ddf6e3c6ec89e8a3132cd9af0a9c34675989b,19000,20122,a286883e228d0538da7d79723bf3d881df7837b0e539cfcc7a3e45cd7af5570b,13.369504021962847,14.07892397700423,11207,40136,0.9496112091946719,0,ok,
edm_5k,/mnt/pixstor/data/xggh8/zw-lab/e009_stage_b_edm5k_30000kimg/network-snapshot-019000.pkl,147be4a88b57ae4eddfde578630ddf6e3c6ec89e8a3132cd9af0a9c34675989b,19000,20123,1961cdca8d54d4097c84e963f93395a7c6f96632a9aa6bb9732d36538973a238,16.710824965572058,18.290428225694146,18459,1220,0.91363771035698971,0,ok,
edm_5k,/mnt/pixstor/data/xggh8/zw-lab/e009_stage_b_edm5k_30000kimg/network-snapshot-019000.pkl,147be4a88b57ae4eddfde578630ddf6e3c6ec89e8a3132cd9af0a9c34675989b,19000,20124,606cec7b40b618f90442ac567f095ca77821d4b4d812868b5b44cf14fd30566b,16.18487738497334,16.641765133269793,39915,7187,0.97254571587583249,0,ok,
edm_5k,/mnt/pixstor/data/xggh8/zw-lab/e009_stage_b_edm5k_30000kimg/network-snapshot-019000.pkl,147be4a88b57ae4eddfde578630ddf6e3c6ec89e8a3132cd9af0a9c34675989b,19000,20125,e0eff008b090b743329582ac0494bf044c3c4b8347cd11eafa8ae576ccdab9b3,12.382464943266434,12.802591381654164,39006,11207,0.96718426560190296,0,ok,
edm_5k,/mnt/pixstor/data/xggh8/zw-lab/e009_stage_b_edm5k_30000kimg/network-snapshot-019000.pkl,147be4a88b57ae4eddfde578630ddf6e3c6ec89e8a3132cd9af0a9c34675989b,19000,20126,b17552f46e964472fed79a64d229367bac846f83a3d9879da52d9d9c71bc389a,20.170091155393511,20.535120223133646,39199,44278,0.98222415725967283,0,ok,
edm_5k,/mnt/pixstor/data/xggh8/zw-lab/e009_stage_b_edm5k_30000kimg/network-snapshot-019000.pkl,147be4a88b57ae4eddfde578630ddf6e3c6ec89e8a3132cd9af0a9c34675989b,19000,20127,5aff7bc9579b565a3b1dd943cef793eb0d0bcb4a2dac003018b53e4f0f038708,14.982878669499762,15.056246928514504,40529,12300,0.99512705527724887,0,ok,
edm_5k,/mnt/pixstor/data/xggh8/zw-lab/e009_stage_b_edm5k_30000kimg/network-snapshot-020000.pkl,9f9baed1a1ec0f87058f9b37bf5fe33799c1c04cea5b015c267be356a4a4d6db,20000,20000,9ed25e4cf046c04107e45daf80bcba6a73217bc1391ab9c06461a343a1a6110b,10.943336458443351,12.516914673286529,22857,29779,0.8742838586092232,0,ok,
edm_5k,/mnt/pixstor/data/xggh8/zw-lab/e009_stage_b_edm5k_30000kimg/network-snapshot-020000.pkl,9f9baed1a1ec0f87058f9b37bf5fe33799c1c04cea5b015c267be356a4a4d6db,20000,20001,2d8099c69c5b782d37942b50a2d9fef5fb8434210f24f70751553398de6499cc,10.460129044490969,11.609630239029807,44302,24779,0.90098726911436078,0,ok,
edm_5k,/mnt/pixstor/data/xggh8/zw-lab/e009_stage_b_edm5k_30000kimg/network-snapshot-020000.pkl,9f9baed1a1ec0f87058f9b37bf5fe33799c1c04cea5b015c267be356a4a4d6db,20000,20002,4d22ac44573bc5f778ca11f736e6a008d542de9da69122abf5d2054b47776f58,19.373593560016456,19.480085916649244,10551,13316,0.99453327069046593,0,ok,
edm_5k,/mnt/pixstor/data/xggh8/zw-lab/e009_stage_b_edm5k_30000kimg/network-snapshot-020000.pkl,9f9baed1a1ec0f87058f9b37bf5fe33799c1c04cea5b015c267be356a4a4d6db,20000,20003,273e9a7d9b4abc8dc7f797e08c344c23d235fbd5c77d8cc901923fc7c29b168e,17.221117673775261,20.403562311906118,33343,13435,0.84402504869094352,0,ok,
edm_5k,/mnt/pixstor/data/xggh8/zw-lab/e009_stage_b_edm5k_30000kimg/network-snapshot-020000.pkl,9f9baed1a1ec0f87058f9b37bf5fe33799c1c04cea5b015c267be356a4a4d6db,20000,20004,2844fb27e69c501f7199b4d1672ceb8cb819e8be7728c634d4b1c8e8e586b13d,14.403615284013455,15.968187565875498,47886,29779,0.90201941983662681,0,ok,
edm_5k,/mnt/pixstor/data/xggh8/zw-lab/e009_stage_b_edm5k_30000kimg/network-snapshot-020000.pkl,9f9baed1a1ec0f87058f9b37bf5fe33799c1c04cea5b015c267be356a4a4d6db,20000,20005,512df3c0f0910e160cd853bcace9a376a400411258606f6a2468d37a3d7c1a03,13.710235864415631,20.177603741469458,7672,4706,0.67947790233574923,0,ok,
edm_5k,/mnt/pixstor/data/xggh8/zw-lab/e009_stage_b_edm5k_30000kimg/network-snapshot-020000.pkl,9f9baed1a1ec0f87058f9b37bf5fe33799c1c04cea5b015c267be356a4a4d6db,20000,20006,1c6f9e8dacffe557d9af6c0bc62079d4653bb60fa6900334f7c37a70ba9e53fb,13.900220711125781,16.693847342930173,21934,37558,0.83265531459484143,0,ok,
edm_5k,/mnt/pixstor/data/xggh8/zw-lab/e009_stage_b_edm5k_30000kimg/network-snapshot-020000.pkl,9f9baed1a1ec0f87058f9b37bf5fe33799c1c04cea5b015c267be356a4a4d6db,20000,20007,fe59412d8d3aa1c736a1c06c1164e93a43135814a4d69ba51205bc4d00154a1d,26.209568802326675,26.930597214813954,11476,34035,0.97322642321163766,0,ok,
edm_5k,/mnt/pixstor/data/xggh8/zw-lab/e009_stage_b_edm5k_30000kimg/network-snapshot-020000.pkl,9f9baed1a1ec0f87058f9b37bf5fe33799c1c04cea5b015c267be356a4a4d6db,20000,20008,ba19a4c0a4eef0580bbe44ffd9dbdbf41f1df54968376bc99082df2d090ecaa8,28.513884019923008,29.002039209861078,38456,30085,0.98316824598416197,0,ok,
edm_5k,/mnt/pixstor/data/xggh8/zw-lab/e009_stage_b_edm5k_30000kimg/network-snapshot-020000.pkl,9f9baed1a1ec0f87058f9b37bf5fe33799c1c04cea5b015c267be356a4a4d6db,20000,20009,ea23c55f9b6fd7a0704a10105f9d47f1fdda8e01da9584c6b21f45bfa655bf4f,12.181665397300737,15.092753058328395,5924,22857,0.80712016887990634,0,ok,
edm_5k,/mnt/pixstor/data/xggh8/zw-lab/e009_stage_b_edm5k_30000kimg/network-snapshot-020000.pkl,9f9baed1a1ec0f87058f9b37bf5fe33799c1c04cea5b015c267be356a4a4d6db,20000,20010,167bcd8848a50448fdcc0c481f4f7b5d5e38c1dc8ed430f064d13b9fb3e8f90e,13.444935818380248,14.748325988278465,9692,29779,0.9116245348160793,0,ok,
edm_5k,/mnt/pixstor/data/xggh8/zw-lab/e009_stage_b_edm5k_30000kimg/network-snapshot-020000.pkl,9f9baed1a1ec0f87058f9b37bf5fe33799c1c04cea5b015c267be356a4a4d6db,20000,20011,7daa80444a39a695efb43bef4a4feafb03cf551c155675410a90932efff3626a,24.94525195526715,25.329113926308452,21936,11710,0.98484502963040499,0,ok,
edm_5k,/mnt/pixstor/data/xggh8/zw-lab/e009_stage_b_edm5k_30000kimg/network-snapshot-020000.pkl,9f9baed1a1ec0f87058f9b37bf5fe33799c1c04cea5b015c267be356a4a4d6db,20000,20012,8bf57ec6c8ce4802b0c5e203377faba79366ce51ad3f4bc8f50c190154ef5861,15.369887910860827,16.636054223159281,1276,32953,0.92389022689431932,0,ok,
edm_5k,/mnt/pixstor/data/xggh8/zw-lab/e009_stage_b_edm5k_30000kimg/network-snapshot-020000.pkl,9f9baed1a1ec0f87058f9b37bf5fe33799c1c04cea5b015c267be356a4a4d6db,20000,20013,31e41a20251682d2e1513dfdde3aa13626dceacb5f783ad990803c956411ba69,18.186828217444656,19.171352963333284,33343,26140,0.94864604768523075,0,ok,
edm_5k,/mnt/pixstor/data/xggh8/zw-lab/e009_stage_b_edm5k_30000kimg/network-snapshot-020000.pkl,9f9baed1a1ec0f87058f9b37bf5fe33799c1c04cea5b015c267be356a4a4d6db,20000,20014,afb6824c0266cc1afc7acbf105e82cf19814ef1b13ab08d3133d7c9e07224e75,14.071038424916981,15.444444268850715,48613,22857,0.91107444074865795,0,ok,
edm_5k,/mnt/pixstor/data/xggh8/zw-lab/e009_stage_b_edm5k_30000kimg/network-snapshot-020000.pkl,9f9baed1a1ec0f87058f9b37bf5fe33799c1c04cea5b015c267be356a4a4d6db,20000,20015,7516fd4604769a8e28fc12906d10cddd18674a00df9b2e56feab3fac3dcfd0c3,19.590165239155287,21.047438463520731,12699,7701,0.93076244280788945,0,ok,
edm_5k,/mnt/pixstor/data/xggh8/zw-lab/e009_stage_b_edm5k_30000kimg/network-snapshot-020000.pkl,9f9baed1a1ec0f87058f9b37bf5fe33799c1c04cea5b015c267be356a4a4d6db,20000,20016,64fb4a8f0bb229b442a3049ac2b398907d676c9ebd1c471ca75a0f67dc08e9e9,18.638836359521104,18.678578547416247,9773,48190,0.99787231197522575,0,ok,
edm_5k,/mnt/pixstor/data/xggh8/zw-lab/e009_stage_b_edm5k_30000kimg/network-snapshot-020000.pkl,9f9baed1a1ec0f87058f9b37bf5fe33799c1c04cea5b015c267be356a4a4d6db,20000,20017,d30ac4458ea082a96058510e1257af3393369d00ffc784124b849f381843acb9,18.965941011286727,20.96780129735696,22870,30085,0.90452693357397596,0,ok,
edm_5k,/mnt/pixstor/data/xggh8/zw-lab/e009_stage_b_edm5k_30000kimg/network-snapshot-020000.pkl,9f9baed1a1ec0f87058f9b37bf5fe33799c1c04cea5b015c267be356a4a4d6db,20000,20018,81d1bee8d6e8ca2e0c1d49489d6a5e310f12049f14b6d70bd491e052cf24a551,15.302869598980674,16.190137156109401,14410,13435,0.94519703270123856,0,ok,
edm_5k,/mnt/pixstor/data/xggh8/zw-lab/e009_stage_b_edm5k_30000kimg/network-snapshot-020000.pkl,9f9baed1a1ec0f87058f9b37bf5fe33799c1c04cea5b015c267be356a4a4d6db,20000,20019,5321aaf2eb5f90162a72ed2b011a47f5160b3a7da1ad4a347ea9cd81ce62f169,19.14197565053254,19.464713902901423,35588,39774,0.98341931692503459,0,ok,
edm_5k,/mnt/pixstor/data/xggh8/zw-lab/e009_stage_b_edm5k_30000kimg/network-snapshot-020000.pkl,9f9baed1a1ec0f87058f9b37bf5fe33799c1c04cea5b015c267be356a4a4d6db,20000,20020,bfd5d884fc3cd06abff656d43a2ee707d4fa011504c4f181a2a2fc77767d1df7,14.413630844372911,17.10757643329822,9692,47886,0.84252909233351081,0,ok,
edm_5k,/mnt/pixstor/data/xggh8/zw-lab/e009_stage_b_edm5k_30000kimg/network-snapshot-020000.pkl,9f9baed1a1ec0f87058f9b37bf5fe33799c1c04cea5b015c267be356a4a4d6db,20000,20021,f62d547f340a603fbe5e60ddcb439630d537428d4dcc6d33e7192e9a6564617a,18.112228962169375,18.368248873078745,20770,19545,0.98606182262237296,0,ok,
edm_5k,/mnt/pixstor/data/xggh8/zw-lab/e009_stage_b_edm5k_30000kimg/network-snapshot-020000.pkl,9f9baed1a1ec0f87058f9b37bf5fe33799c1c04cea5b015c267be356a4a4d6db,20000,20022,a74e8a533ad741c0d003848da8fe8f1aae8c0e5af4ba73fd6ea802e94ceb2508,11.052362679651326,12.12841239487342,29779,12699,0.91127860100824642,0,ok,
edm_5k,/mnt/pixstor/data/xggh8/zw-lab/e009_stage_b_edm5k_30000kimg/network-snapshot-020000.pkl,9f9baed1a1ec0f87058f9b37bf5fe33799c1c04cea5b015c267be356a4a4d6db,20000,20023,2edf64000b1e6edf53545fd78251e7bc1fdc751a6a898f8065f3ed7d84fa302e,15.966812297553673,17.123752888907784,2567,45385,0.93243650507806963,0,ok,
edm_5k,/mnt/pixstor/data/xggh8/zw-lab/e009_stage_b_edm5k_30000kimg/network-snapshot-020000.pkl,9f9baed1a1ec0f87058f9b37bf5fe33799c1c04cea5b015c267be356a4a4d6db,20000,20024,cb2e36afb27dcd3fdced9f92593eee45164151fc2d4fe9e09e6843abe6cfdab4,13.300730277485155,14.840672088313452,40136,26140,0.89623503560590412,0,ok,
edm_5k,/mnt/pixstor/data/xggh8/zw-lab/e009_stage_b_edm5k_30000kimg/network-snapshot-020000.pkl,9f9baed1a1ec0f87058f9b37bf5fe33799c1c04cea5b015c267be356a4a4d6db,20000,20025,56331dc7bb5c5066062596640d630ac7c94fd67c216fe2d5a68f37a112737993,12.333844920994361,13.032981891539958,30786,45494,0.94635633070284364,0,ok,
edm_5k,/mnt/pixstor/data/xggh8/zw-lab/e009_stage_b_edm5k_30000kimg/network-snapshot-020000.pkl,9f9baed1a1ec0f87058f9b37bf5fe33799c1c04cea5b015c267be356a4a4d6db,20000,20026,6505aecf05eebc1561fb30bffe14a21e23de5f06aeeec4dc1e46e7143c32fd20,16.472465659683735,17.263828714302974,11830,9692,0.95416062869277662,0,ok,
edm_5k,/mnt/pixstor/data/xggh8/zw-lab/e009_stage_b_edm5k_30000kimg/network-snapshot-020000.pkl,9f9baed1a1ec0f87058f9b37bf5fe33799c1c04cea5b015c267be356a4a4d6db,20000,20027,92a79f58e2ef55090aff25d5abb27d784dd93d6e168c24976b8fb942405e06dd,14.28962356655021,14.664074829086212,48613,39913,0.97446471960213421,0,ok,
edm_5k,/mnt/pixstor/data/xggh8/zw-lab/e009_stage_b_edm5k_30000kimg/network-snapshot-020000.pkl,9f9baed1a1ec0f87058f9b37bf5fe33799c1c04cea5b015c267be356a4a4d6db,20000,20028,de84792cde812d508365bfd6d6da9c0875720a6b46434bbeec7cab1cac6ba82e,16.525447596482262,16.708944908072532,2782,43826,0.98901801923461863,0,ok,
edm_5k,/mnt/pixstor/data/xggh8/zw-lab/e009_stage_b_edm5k_30000kimg/network-snapshot-020000.pkl,9f9baed1a1ec0f87058f9b37bf5fe33799c1c04cea5b015c267be356a4a4d6db,20000,20029,3b908c4cac431a8733c89532d919c7110aeefe9e3de633efc3012436c78e8af1,14.382743923370882,14.823261527746359,28795,12699,0.97028200551201826,0,ok,
edm_5k,/mnt/pixstor/data/xggh8/zw-lab/e009_stage_b_edm5k_30000kimg/network-snapshot-020000.pkl,9f9baed1a1ec0f87058f9b37bf5fe33799c1c04cea5b015c267be356a4a4d6db,20000,20030,cbdfcda41f76aebd2aca4f80de80404f3ae6c4efbfe47723e144b209122765b4,16.063199398533836,17.84370828646718,34315,38291,0.90021643150915565,0,ok,
edm_5k,/mnt/pixstor/data/xggh8/zw-lab/e009_stage_b_edm5k_30000kimg/network-snapshot-020000.pkl,9f9baed1a1ec0f87058f9b37bf5fe33799c1c04cea5b015c267be356a4a4d6db,20000,20031,9c331dbff476f2fe07acd45e997faabe787dce1de769edecacc3b40ec0b9e180,16.205120246445482,17.549979204144968,13435,19974,0.92336976915722746,0,ok,
edm_5k,/mnt/pixstor/data/xggh8/zw-lab/e009_stage_b_edm5k_30000kimg/network-snapshot-020000.pkl,9f9baed1a1ec0f87058f9b37bf5fe33799c1c04cea5b015c267be356a4a4d6db,20000,20032,ea5e9a403fe97e9b8b156da13d72dbe263d46e0bb4a3ddc75a9cc9966d588d01,14.312303484230927,16.6219948239963,11207,29437,0.86104607995479621,0,ok,
edm_5k,/mnt/pixstor/data/xggh8/zw-lab/e009_stage_b_edm5k_30000kimg/network-snapshot-020000.pkl,9f9baed1a1ec0f87058f9b37bf5fe33799c1c04cea5b015c267be356a4a4d6db,20000,20033,8b97bd68c887df18b85e3a51963f8bd2c7ccfec17d2f857531c1b8629fc6229a,9.1819865395412155,15.410205358437304,47356,30132,0.59583803888206777,0,ok,
edm_5k,/mnt/pixstor/data/xggh8/zw-lab/e009_stage_b_edm5k_30000kimg/network-snapshot-020000.pkl,9f9baed1a1ec0f87058f9b37bf5fe33799c1c04cea5b015c267be356a4a4d6db,20000,20034,22a2bac306d4e36f7c66d930d5d96955a86e525851429d419d041dc8bc0a6021,16.033650808577161,16.644102855151743,33571,39774,0.96332322313271257,0,ok,
edm_5k,/mnt/pixstor/data/xggh8/zw-lab/e009_stage_b_edm5k_30000kimg/network-snapshot-020000.pkl,9f9baed1a1ec0f87058f9b37bf5fe33799c1c04cea5b015c267be356a4a4d6db,20000,20035,9030ef5828ab3301c953666479b21a17e54a4081558fbe1b5a519e6482924c51,12.284029656275528,13.082380016457329,20770,43826,0.93897514372939073,0,ok,
edm_5k,/mnt/pixstor/data/xggh8/zw-lab/e009_stage_b_edm5k_30000kimg/network-snapshot-020000.pkl,9f9baed1a1ec0f87058f9b37bf5fe33799c1c04cea5b015c267be356a4a4d6db,20000,20036,c877069d59111aa143389afa396757a3a7b3eb25bb093be0fe10fbf69acdc320,16.190334655840289,17.325342787811191,15768,34759,0.93448856130168989,0,ok,
edm_5k,/mnt/pixstor/data/xggh8/zw-lab/e009_stage_b_edm5k_30000kimg/network-snapshot-020000.pkl,9f9baed1a1ec0f87058f9b37bf5fe33799c1c04cea5b015c267be356a4a4d6db,20000,20037,228a29f0de9810f3fbb785ad1cfa147c343c0cb42d52f319209755b5f7da083a,15.1132374912128,17.7425491682535,47550,22857,0.85180755864860214,0,ok,
edm_5k,/mnt/pixstor/data/xggh8/zw-lab/e009_stage_b_edm5k_30000kimg/network-snapshot-020000.pkl,9f9baed1a1ec0f87058f9b37bf5fe33799c1c04cea5b015c267be356a4a4d6db,20000,20038,bae0acbdda126ff217b7684a76d8060bb434d14e1f894f94c1516cffe192fe06,11.820723464191488,12.06784726267079,32024,10551,0.97952213074126937,0,ok,
edm_5k,/mnt/pixstor/data/xggh8/zw-lab/e009_stage_b_edm5k_30000kimg/network-snapshot-020000.pkl,9f9baed1a1ec0f87058f9b37bf5fe33799c1c04cea5b015c267be356a4a4d6db,20000,20039,f40a522fc18bab45e1f95586f8c528f254dffa4d83f8de080d8873544010c54d,9.5418669363926067,10.711915689871903,16683,20051,0.89077128803528804,0,ok,
edm_5k,/mnt/pixstor/data/xggh8/zw-lab/e009_stage_b_edm5k_30000kimg/network-snapshot-020000.pkl,9f9baed1a1ec0f87058f9b37bf5fe33799c1c04cea5b015c267be356a4a4d6db,20000,20040,d421e0fab1ab8166001a47b5dbf6609617d4757ff889d3ec8256cbbf0aaa7545,11.699159141896825,12.580391523587023,37719,26590,0.92995191127096699,0,ok,
edm_5k,/mnt/pixstor/data/xggh8/zw-lab/e009_stage_b_edm5k_30000kimg/network-snapshot-020000.pkl,9f9baed1a1ec0f87058f9b37bf5fe33799c1c04cea5b015c267be356a4a4d6db,20000,20041,36d2669d1dc8725426e3c7dc9a4d1ef68dd335290cffd27aa7b86cf15e9a24b5,15.331807585212495,15.738120871442698,3160,29779,0.97418285896078793,0,ok,
edm_5k,/mnt/pixstor/data/xggh8/zw-lab/e009_stage_b_edm5k_30000kimg/network-snapshot-020000.pkl,9f9baed1a1ec0f87058f9b37bf5fe33799c1c04cea5b015c267be356a4a4d6db,20000,20042,1c27bc7018fa4091634a8289e49c50cddbcb0abc965d8a28af394036d5e51ba5,14.446656128279344,17.197121998220357,15768,29437,0.84006243194497043,0,ok,
edm_5k,/mnt/pixstor/data/xggh8/zw-lab/e009_stage_b_edm5k_30000kimg/network-snapshot-020000.pkl,9f9baed1a1ec0f87058f9b37bf5fe33799c1c04cea5b015c267be356a4a4d6db,20000,20043,80d581d8b8a0d9b5ec1bede5ba372254e3ef769db92edb8387b3bd20a9c8c360,17.085569251225841,17.481237891708002,2567,27642,0.97736609713035016,0,ok,
edm_5k,/mnt/pixstor/data/xggh8/zw-lab/e009_stage_b_edm5k_30000kimg/network-snapshot-020000.pkl,9f9baed1a1ec0f87058f9b37bf5fe33799c1c04cea5b015c267be356a4a4d6db,20000,20044,ddc389116ff28c82671cd5a9448f060b80bea4f2ee44080c90892b6e41004601,18.158982517079998,18.182973772794018,32953,16683,0.99868056479573675,0,ok,
edm_5k,/mnt/pixstor/data/xggh8/zw-lab/e009_stage_b_edm5k_30000kimg/network-snapshot-020000.pkl,9f9baed1a1ec0f87058f9b37bf5fe33799c1c04cea5b015c267be356a4a4d6db,20000,20045,102da43ec76b3389bff0f26914ec7400e411da6a3ebf9e3c2eaf9c99534c1263,12.655801823948995,17.642548048484848,46725,29779,0.71734546445154124,0,ok,
edm_5k,/mnt/pixstor/data/xggh8/zw-lab/e009_stage_b_edm5k_30000kimg/network-snapshot-020000.pkl,9f9baed1a1ec0f87058f9b37bf5fe33799c1c04cea5b015c267be356a4a4d6db,20000,20046,a6bce4081de25d867707b0cef44dfd18a1468528addac566f802756502fd457f,21.814147171819346,22.183410883705886,37603,39913,0.98335406066170961,0,ok,
edm_5k,/mnt/pixstor/data/xggh8/zw-lab/e009_stage_b_edm5k_30000kimg/network-snapshot-020000.pkl,9f9baed1a1ec0f87058f9b37bf5fe33799c1c04cea5b015c267be356a4a4d6db,20000,20047,b01c344468d236a0f7c7815081a2c186df5851e10bcbec5fbf2d84ebfeea33b8,18.46678438510709,19.141537836008879,25406,12649,0.96474925595411409,0,ok,
edm_5k,/mnt/pixstor/data/xggh8/zw-lab/e009_stage_b_edm5k_30000kimg/network-snapshot-020000.pkl,9f9baed1a1ec0f87058f9b37bf5fe33799c1c04cea5b015c267be356a4a4d6db,20000,20048,2683bede0ce3641a0700b01c26d83e6d7c1b26d937239a9eb2e820544344a42d,13.89154871599202,13.912745025289336,29779,9896,0.99847648258781518,0,ok,
edm_5k,/mnt/pixstor/data/xggh8/zw-lab/e009_stage_b_edm5k_30000kimg/network-snapshot-020000.pkl,9f9baed1a1ec0f87058f9b37bf5fe33799c1c04cea5b015c267be356a4a4d6db,20000,20049,04a134ff425fc73c6c4d26233086d869a454a437c9046f239a284f9528ecaaf7,12.38929249243828,13.561669489323062,29779,12699,0.91355216274753037,0,ok,
edm_5k,/mnt/pixstor/data/xggh8/zw-lab/e009_stage_b_edm5k_30000kimg/network-snapshot-020000.pkl,9f9baed1a1ec0f87058f9b37bf5fe33799c1c04cea5b015c267be356a4a4d6db,20000,20050,9c0829d6c2743f486b4bd893d0fa7ddb6fb86b364989cf54a8253acb67d61acf,17.463260006990566,17.547520517704783,40908,4827,0.99519815288836955,0,ok,
edm_5k,/mnt/pixstor/data/xggh8/zw-lab/e009_stage_b_edm5k_30000kimg/network-snapshot-020000.pkl,9f9baed1a1ec0f87058f9b37bf5fe33799c1c04cea5b015c267be356a4a4d6db,20000,20051,a2c17b87555f2e24bce114a6302c13fd1c3f1af19aa2bde445d9864eccc205b5,14.720161784729486,15.392668837650088,8398,39111,0.95630991220472006,0,ok,
edm_5k,/mnt/pixstor/data/xggh8/zw-lab/e009_stage_b_edm5k_30000kimg/network-snapshot-020000.pkl,9f9baed1a1ec0f87058f9b37bf5fe33799c1c04cea5b015c267be356a4a4d6db,20000,20052,5af229b7c5c97cab4447331d50439868da77f83c6663d3f6d76ff5340b015d59,14.691089428980993,14.816476979582612,40908,32024,0.99153728981765332,0,ok,
edm_5k,/mnt/pixstor/data/xggh8/zw-lab/e009_stage_b_edm5k_30000kimg/network-snapshot-020000.pkl,9f9baed1a1ec0f87058f9b37bf5fe33799c1c04cea5b015c267be356a4a4d6db,20000,20053,03d5b1e542f3f3ee87a225dd6d8284674be4678a7894b414f0f96eaa78f89103,10.01787049191644,10.799414781348082,18082,44302,0.9276308665557077,0,ok,
edm_5k,/mnt/pixstor/data/xggh8/zw-lab/e009_stage_b_edm5k_30000kimg/network-snapshot-020000.pkl,9f9baed1a1ec0f87058f9b37bf5fe33799c1c04cea5b015c267be356a4a4d6db,20000,20054,13e14f3c4ff36c407b2f21f68ac755acdf56abbdfb681039e08347d7860bea23,16.050375420004002,16.81286337803764,7346,17844,0.95464853660622362,0,ok,
edm_5k,/mnt/pixstor/data/xggh8/zw-lab/e009_stage_b_edm5k_30000kimg/network-snapshot-020000.pkl,9f9baed1a1ec0f87058f9b37bf5fe33799c1c04cea5b015c267be356a4a4d6db,20000,20055,183e9557bbaa7e588897c29b71e84b43de9564d735be10b9d76f1932c81aacc9,13.598559292632387,15.538537041577294,32024,13533,0.87515055350745019,0,ok,
edm_5k,/mnt/pixstor/data/xggh8/zw-lab/e009_stage_b_edm5k_30000kimg/network-snapshot-020000.pkl,9f9baed1a1ec0f87058f9b37bf5fe33799c1c04cea5b015c267be356a4a4d6db,20000,20056,99c9df0cbab44e517a4367b4dcea04cc5dce57aac77a7a1a26ebed145d98666c,16.287782686426631,16.693081159362279,31249,11207,0.97572057135130275,0,ok,
edm_5k,/mnt/pixstor/data/xggh8/zw-lab/e009_stage_b_edm5k_30000kimg/network-snapshot-020000.pkl,9f9baed1a1ec0f87058f9b37bf5fe33799c1c04cea5b015c267be356a4a4d6db,20000,20057,08fe7b4d18627122b52487c47754294fe54b19bede9496c5a3c83ee47d572d5f,17.670551079461784,17.83335129469862,30786,18459,0.990871025162543,0,ok,
edm_5k,/mnt/pixstor/data/xggh8/zw-lab/e009_stage_b_edm5k_30000kimg/network-snapshot-020000.pkl,9f9baed1a1ec0f87058f9b37bf5fe33799c1c04cea5b015c267be356a4a4d6db,20000,20058,cb2cc951cb3032544bd0a594418ae21e85d0d51bbbd9d4c846ea9040b25c16ec,16.16699367300469,16.278615402728569,20051,31001,0.99314304521838082,0,ok,
edm_5k,/mnt/pixstor/data/xggh8/zw-lab/e009_stage_b_edm5k_30000kimg/network-snapshot-020000.pkl,9f9baed1a1ec0f87058f9b37bf5fe33799c1c04cea5b015c267be356a4a4d6db,20000,20059,76229da8acba645dad87518ced3da2ddf6f039295e53e7186af01725c1ea6a58,16.463437168116766,19.453340290801627,46712,220,0.84630386977301708,0,ok,
edm_5k,/mnt/pixstor/data/xggh8/zw-lab/e009_stage_b_edm5k_30000kimg/network-snapshot-020000.pkl,9f9baed1a1ec0f87058f9b37bf5fe33799c1c04cea5b015c267be356a4a4d6db,20000,20060,78d6c4f356f35a322accf3f7a7d726a80dee66c47b1f95de5a878518e27f3da6,14.2060403525601,14.584616092357409,5924,9896,0.97404280391064324,0,ok,
edm_5k,/mnt/pixstor/data/xggh8/zw-lab/e009_stage_b_edm5k_30000kimg/network-snapshot-020000.pkl,9f9baed1a1ec0f87058f9b37bf5fe33799c1c04cea5b015c267be356a4a4d6db,20000,20061,db9ab4638bacc33a8d822e35df10101c0602695331449ac0e48902d181a3f62a,18.414230506471792,20.838254342573236,27441,38324,0.88367433297188025,0,ok,
edm_5k,/mnt/pixstor/data/xggh8/zw-lab/e009_stage_b_edm5k_30000kimg/network-snapshot-020000.pkl,9f9baed1a1ec0f87058f9b37bf5fe33799c1c04cea5b015c267be356a4a4d6db,20000,20062,34bf9eb119927e8f46087f621adda1a87db554a5e5107bbe5fdab4988d5c8537,19.18008221887354,19.311823728264805,37719,26590,0.99317819428941623,0,ok,
edm_5k,/mnt/pixstor/data/xggh8/zw-lab/e009_stage_b_edm5k_30000kimg/network-snapshot-020000.pkl,9f9baed1a1ec0f87058f9b37bf5fe33799c1c04cea5b015c267be356a4a4d6db,20000,20063,8f783758946510af45fb3c38280a35f54e30b4e2b7f1a8fd25d80bb4c3e9e90b,15.575237557419712,16.111214888055578,32953,36170,0.96673265583260104,0,ok,
edm_5k,/mnt/pixstor/data/xggh8/zw-lab/e009_stage_b_edm5k_30000kimg/network-snapshot-020000.pkl,9f9baed1a1ec0f87058f9b37bf5fe33799c1c04cea5b015c267be356a4a4d6db,20000,20064,70c699bb159e60a093d5b99e39a9e5d617a68cc40892c39b6ee907c8808ed8b0,9.5759857642836366,10.434809954156281,16683,20051,0.91769623082300922,0,ok,
edm_5k,/mnt/pixstor/data/xggh8/zw-lab/e009_stage_b_edm5k_30000kimg/network-snapshot-020000.pkl,9f9baed1a1ec0f87058f9b37bf5fe33799c1c04cea5b015c267be356a4a4d6db,20000,20065,fdb99314a7994d40b6a51a811b1195bb2bb9aa0325823a048f4532b172742b5c,15.156261203267777,16.175320877440264,36170,40529,0.9369991061139461,0,ok,
edm_5k,/mnt/pixstor/data/xggh8/zw-lab/e009_stage_b_edm5k_30000kimg/network-snapshot-020000.pkl,9f9baed1a1ec0f87058f9b37bf5fe33799c1c04cea5b015c267be356a4a4d6db,20000,20066,ed7f0814ba140dc98ea9febb3de16acfa59cc3baf1fd256e88a20d5464a5cc86,20.662566413584404,21.308874421003157,32953,6230,0.96966953792821087,0,ok,
edm_5k,/mnt/pixstor/data/xggh8/zw-lab/e009_stage_b_edm5k_30000kimg/network-snapshot-020000.pkl,9f9baed1a1ec0f87058f9b37bf5fe33799c1c04cea5b015c267be356a4a4d6db,20000,20067,3a184a8946703af76cf44a651c7d97ac07037b012cb185341f1d600023a74748,19.636095674233108,19.979408912762249,1220,21934,0.98281664687738368,0,ok,
edm_5k,/mnt/pixstor/data/xggh8/zw-lab/e009_stage_b_edm5k_30000kimg/network-snapshot-020000.pkl,9f9baed1a1ec0f87058f9b37bf5fe33799c1c04cea5b015c267be356a4a4d6db,20000,20068,a64c66799a9d3b0d576b7ce45b90fc5696bb0f732d226a76a3c4d46e65c46bcd,16.846534968192255,18.550475436154159,2567,7813,0.90814572522270831,0,ok,
edm_5k,/mnt/pixstor/data/xggh8/zw-lab/e009_stage_b_edm5k_30000kimg/network-snapshot-020000.pkl,9f9baed1a1ec0f87058f9b37bf5fe33799c1c04cea5b015c267be356a4a4d6db,20000,20069,a6163258850111a1930bcf5b462595653ca993c1522451692bfbcc5d20a83441,18.269172252798249,18.40376645173523,33602,19545,0.99268659492664391,0,ok,
edm_5k,/mnt/pixstor/data/xggh8/zw-lab/e009_stage_b_edm5k_30000kimg/network-snapshot-020000.pkl,9f9baed1a1ec0f87058f9b37bf5fe33799c1c04cea5b015c267be356a4a4d6db,20000,20070,01581ec1da17ac44b55ced671df2de49427fd70a4e5fa5a7ee31a2a1a188c11b,15.082758416904094,25.538839801872282,27792,18459,0.59058119060672287,0,ok,
edm_5k,/mnt/pixstor/data/xggh8/zw-lab/e009_stage_b_edm5k_30000kimg/network-snapshot-020000.pkl,9f9baed1a1ec0f87058f9b37bf5fe33799c1c04cea5b015c267be356a4a4d6db,20000,20071,a88dfdbd92d3a305e0921631b0d3e559183646ac3153f98798e5803306cebbda,16.278490846413462,16.905920096275231,1721,4283,0.96288700962214968,0,ok,
edm_5k,/mnt/pixstor/data/xggh8/zw-lab/e009_stage_b_edm5k_30000kimg/network-snapshot-020000.pkl,9f9baed1a1ec0f87058f9b37bf5fe33799c1c04cea5b015c267be356a4a4d6db,20000,20072,b0c34966b0895f075020fa3286bf85b90f0206e7c2dbdaef685774a6d4fa6bff,10.718165512984326,10.748458876472579,7690,10551,0.99718160865325889,0,ok,
edm_5k,/mnt/pixstor/data/xggh8/zw-lab/e009_stage_b_edm5k_30000kimg/network-snapshot-020000.pkl,9f9baed1a1ec0f87058f9b37bf5fe33799c1c04cea5b015c267be356a4a4d6db,20000,20073,f12905d39ab249349982abeaec2d3db01539b66fe8202029ccb01a5b4b528c2d,22.402415290097473,22.520734240572967,22326,28921,0.99474622145034985,0,ok,
edm_5k,/mnt/pixstor/data/xggh8/zw-lab/e009_stage_b_edm5k_30000kimg/network-snapshot-020000.pkl,9f9baed1a1ec0f87058f9b37bf5fe33799c1c04cea5b015c267be356a4a4d6db,20000,20074,5dd6c25dd336a3314a1a32505ded84f2b05a56a2cf794b5238b9ba2283a9b13e,16.958707858682679,20.013867873199263,41603,42837,0.84734784730902646,0,ok,
edm_5k,/mnt/pixstor/data/xggh8/zw-lab/e009_stage_b_edm5k_30000kimg/network-snapshot-020000.pkl,9f9baed1a1ec0f87058f9b37bf5fe33799c1c04cea5b015c267be356a4a4d6db,20000,20075,10b49084e21b3fa43c1b9b4a7baf655449b427fefd6593ae37b10f8c9aa1a3ab,18.161649207977792,18.335036244191141,49860,13435,0.99054340368330163,0,ok,
edm_5k,/mnt/pixstor/data/xggh8/zw-lab/e009_stage_b_edm5k_30000kimg/network-snapshot-020000.pkl,9f9baed1a1ec0f87058f9b37bf5fe33799c1c04cea5b015c267be356a4a4d6db,20000,20076,5ae0dc0a21564bfa18f92136d8c8d7e6a6b2ee7e23c421e0c19f55eb693f77d1,17.817617094209258,17.853041421905434,43951,26750,0.99801578191306317,0,ok,
edm_5k,/mnt/pixstor/data/xggh8/zw-lab/e009_stage_b_edm5k_30000kimg/network-snapshot-020000.pkl,9f9baed1a1ec0f87058f9b37bf5fe33799c1c04cea5b015c267be356a4a4d6db,20000,20077,806b04f8f114d7b62a9016fb02e626ada88926644641931fc63aec5354c7dda6,18.298073831959062,19.458135234873414,34360,44542,0.94038167640878267,0,ok,
edm_5k,/mnt/pixstor/data/xggh8/zw-lab/e009_stage_b_edm5k_30000kimg/network-snapshot-020000.pkl,9f9baed1a1ec0f87058f9b37bf5fe33799c1c04cea5b015c267be356a4a4d6db,20000,20078,a81597d39c7a1c444307c04c3186eed31ace0a753634a40dc50ac5ed111ce327,12.328222780032693,14.242254806274062,21934,19604,0.86560891851210309,0,ok,
edm_5k,/mnt/pixstor/data/xggh8/zw-lab/e009_stage_b_edm5k_30000kimg/network-snapshot-020000.pkl,9f9baed1a1ec0f87058f9b37bf5fe33799c1c04cea5b015c267be356a4a4d6db,20000,20079,9509881ce1a1a6c4326192fdc6bb852af179f87142008c3f6168fe2d89ff60ac,18.356677439973307,18.408692581942915,19923,33343,0.99717442497678355,0,ok,
edm_5k,/mnt/pixstor/data/xggh8/zw-lab/e009_stage_b_edm5k_30000kimg/network-snapshot-020000.pkl,9f9baed1a1ec0f87058f9b37bf5fe33799c1c04cea5b015c267be356a4a4d6db,20000,20080,864680e6a81626af9b3734c415f872d60c897778eb03230601fb5e49a359e0e2,16.082330710750313,16.23852281287769,22857,34696,0.99038138481392457,0,ok,
edm_5k,/mnt/pixstor/data/xggh8/zw-lab/e009_stage_b_edm5k_30000kimg/network-snapshot-020000.pkl,9f9baed1a1ec0f87058f9b37bf5fe33799c1c04cea5b015c267be356a4a4d6db,20000,20081,2fdc998f9f74bf8943921551c5ff8e9fd153e8c8e4014871a93bd27324c94ef8,11.666914332910096,12.339491952532395,11710,30786,0.94549389697650654,0,ok,
edm_5k,/mnt/pixstor/data/xggh8/zw-lab/e009_stage_b_edm5k_30000kimg/network-snapshot-020000.pkl,9f9baed1a1ec0f87058f9b37bf5fe33799c1c04cea5b015c267be356a4a4d6db,20000,20082,2735fa16e770acdffdff0babe2864f4daa97c9585d590a6f8f89eabab18585d9,21.918417457554611,25.934854306482993,43052,45102,0.84513362591266283,0,ok,
edm_5k,/mnt/pixstor/data/xggh8/zw-lab/e009_stage_b_edm5k_30000kimg/network-snapshot-020000.pkl,9f9baed1a1ec0f87058f9b37bf5fe33799c1c04cea5b015c267be356a4a4d6db,20000,20083,d61fff55e1e3a158f1c2852a559551a10e02cee257d559896c3d204af33ec85a,12.618611021256005,12.690411661794554,29437,11207,0.99434213464054033,0,ok,
edm_5k,/mnt/pixstor/data/xggh8/zw-lab/e009_stage_b_edm5k_30000kimg/network-snapshot-020000.pkl,9f9baed1a1ec0f87058f9b37bf5fe33799c1c04cea5b015c267be356a4a4d6db,20000,20084,2db1aa0c5b5cfe788b2529edc39cba2aedca7fbb9c04cc2389e578e55e2bad42,16.684317254750866,17.048123465095426,34315,7496,0.97866004366466364,0,ok,
edm_5k,/mnt/pixstor/data/xggh8/zw-lab/e009_stage_b_edm5k_30000kimg/network-snapshot-020000.pkl,9f9baed1a1ec0f87058f9b37bf5fe33799c1c04cea5b015c267be356a4a4d6db,20000,20085,dc867f0dafcc87f707566b65196041f43dc274be26f9532bf22a7942e262e374,14.038119447943727,14.897557524180138,37558,37719,0.94231013541371045,0,ok,
edm_5k,/mnt/pixstor/data/xggh8/zw-lab/e009_stage_b_edm5k_30000kimg/network-snapshot-020000.pkl,9f9baed1a1ec0f87058f9b37bf5fe33799c1c04cea5b015c267be356a4a4d6db,20000,20086,bc59067ea84c8d687bf76a750d9a480479ccaaa99bd35ba35ff3dbfb6099848c,14.261240319113973,16.633133498048476,38154,31271,0.85739949846414742,0,ok,
edm_5k,/mnt/pixstor/data/xggh8/zw-lab/e009_stage_b_edm5k_30000kimg/network-snapshot-020000.pkl,9f9baed1a1ec0f87058f9b37bf5fe33799c1c04cea5b015c267be356a4a4d6db,20000,20087,ffc56aa18dbd8e8d566cce46ee133f9058334f065090a817203955f06b840f07,9.1577754457442087,9.4456429204306591,32024,13533,0.96952378179956378,0,ok,
edm_5k,/mnt/pixstor/data/xggh8/zw-lab/e009_stage_b_edm5k_30000kimg/network-snapshot-020000.pkl,9f9baed1a1ec0f87058f9b37bf5fe33799c1c04cea5b015c267be356a4a4d6db,20000,20088,f03c3b47284a595793184a71edefbf520c3205d1647da50fa5267d7ac8945d5e,10.313301529295655,13.912770991723113,7187,39915,0.74128306542464995,0,ok,
edm_5k,/mnt/pixstor/data/xggh8/zw-lab/e009_stage_b_edm5k_30000kimg/network-snapshot-020000.pkl,9f9baed1a1ec0f87058f9b37bf5fe33799c1c04cea5b015c267be356a4a4d6db,20000,20089,ba26d5278b4010eccaade9675f82fb0a86b1dec5764d2c8d228181fc7f8425a9,16.896234890690863,17.200309262022859,34315,33343,0.98232157534496356,0,ok,
edm_5k,/mnt/pixstor/data/xggh8/zw-lab/e009_stage_b_edm5k_30000kimg/network-snapshot-020000.pkl,9f9baed1a1ec0f87058f9b37bf5fe33799c1c04cea5b015c267be356a4a4d6db,20000,20090,d28e9517a4b74b570a4bd31722acbb6fb8006b6098f2ffa4ab03e955e979875f,19.334504578187861,19.56239656551422,37803,26590,0.98835050774258915,0,ok,
edm_5k,/mnt/pixstor/data/xggh8/zw-lab/e009_stage_b_edm5k_30000kimg/network-snapshot-020000.pkl,9f9baed1a1ec0f87058f9b37bf5fe33799c1c04cea5b015c267be356a4a4d6db,20000,20091,32381507da23ecee14804b74d8fb4a41e784ba06bad04a4ce2a5fce76864c86a,19.192078598454106,20.573887342144662,9692,23630,0.93283676921570458,0,ok,
edm_5k,/mnt/pixstor/data/xggh8/zw-lab/e009_stage_b_edm5k_30000kimg/network-snapshot-020000.pkl,9f9baed1a1ec0f87058f9b37bf5fe33799c1c04cea5b015c267be356a4a4d6db,20000,20092,281324da07392ea67737b6a235d85f14e05d899719d1c10bb8ab5a618a86dbed,11.505856654320006,12.462488840003543,29779,2595,0.92323907383468795,0,ok,
edm_5k,/mnt/pixstor/data/xggh8/zw-lab/e009_stage_b_edm5k_30000kimg/network-snapshot-020000.pkl,9f9baed1a1ec0f87058f9b37bf5fe33799c1c04cea5b015c267be356a4a4d6db,20000,20093,71e3523cc04fd662bced544c11f1e2051afe8c2a0ac19241f58d2316bd9f2e29,18.409086708773504,20.048013681635652,35674,7187,0.91824990750263524,0,ok,
edm_5k,/mnt/pixstor/data/xggh8/zw-lab/e009_stage_b_edm5k_30000kimg/network-snapshot-020000.pkl,9f9baed1a1ec0f87058f9b37bf5fe33799c1c04cea5b015c267be356a4a4d6db,20000,20094,f52920c96e64151c8577ca8bb5a1f7fe8b15cc9c5f2ab4a950b712e3b7c22c2a,18.337502156972381,18.364028098249054,29779,25149,0.99855554886244136,0,ok,
edm_5k,/mnt/pixstor/data/xggh8/zw-lab/e009_stage_b_edm5k_30000kimg/network-snapshot-020000.pkl,9f9baed1a1ec0f87058f9b37bf5fe33799c1c04cea5b015c267be356a4a4d6db,20000,20095,bcf82908b6e20e6f8ae389cf311e294188f1329c4ef36faa86e13078f25065e6,24.302831968843055,24.476864856544413,42837,38154,0.99288990282369327,0,ok,
edm_5k,/mnt/pixstor/data/xggh8/zw-lab/e009_stage_b_edm5k_30000kimg/network-snapshot-020000.pkl,9f9baed1a1ec0f87058f9b37bf5fe33799c1c04cea5b015c267be356a4a4d6db,20000,20096,507aea5cf8d30b59ea25b09e23f1db64051256aca5d475f003fc8265bbf8b6b9,23.021283038095127,24.267951144939474,22518,13805,0.94862903343596394,0,ok,
edm_5k,/mnt/pixstor/data/xggh8/zw-lab/e009_stage_b_edm5k_30000kimg/network-snapshot-020000.pkl,9f9baed1a1ec0f87058f9b37bf5fe33799c1c04cea5b015c267be356a4a4d6db,20000,20097,92f250af53972f360d59474b3a25ed55c0d803c91fbc879484bb9941d4b8255f,19.361675340730937,19.426557373246492,47886,34675,0.99666013739496073,0,ok,
edm_5k,/mnt/pixstor/data/xggh8/zw-lab/e009_stage_b_edm5k_30000kimg/network-snapshot-020000.pkl,9f9baed1a1ec0f87058f9b37bf5fe33799c1c04cea5b015c267be356a4a4d6db,20000,20098,b98aea3c7db54e14ccca4bcee39df4e4959ad0e7cf4d30214bdb05f0f63b7c4d,18.839656268084902,19.890978280393529,737,12277,0.94714578652248027,0,ok,
edm_5k,/mnt/pixstor/data/xggh8/zw-lab/e009_stage_b_edm5k_30000kimg/network-snapshot-020000.pkl,9f9baed1a1ec0f87058f9b37bf5fe33799c1c04cea5b015c267be356a4a4d6db,20000,20099,a98e066a373ec525022b2a6b074f2c673927b524788689c8489e19ecbb9478ac,18.999964749799034,19.815039339236002,25744,26351,0.95886586064843038,0,ok,
edm_5k,/mnt/pixstor/data/xggh8/zw-lab/e009_stage_b_edm5k_30000kimg/network-snapshot-020000.pkl,9f9baed1a1ec0f87058f9b37bf5fe33799c1c04cea5b015c267be356a4a4d6db,20000,20100,ae670f49bdccfeca19a902e3c42d5bcddc3665855d3123a11cf8735d5ffcad6a,13.399534984354347,15.145403368501347,1220,21934,0.88472618776347878,0,ok,
edm_5k,/mnt/pixstor/data/xggh8/zw-lab/e009_stage_b_edm5k_30000kimg/network-snapshot-020000.pkl,9f9baed1a1ec0f87058f9b37bf5fe33799c1c04cea5b015c267be356a4a4d6db,20000,20101,309827a73fb217d7250e6ef7905feeecd232af63a4a6ed6c329073bae9a30022,18.078449078783546,18.883725194182649,21934,17844,0.95735607740960049,0,ok,
edm_5k,/mnt/pixstor/data/xggh8/zw-lab/e009_stage_b_edm5k_30000kimg/network-snapshot-020000.pkl,9f9baed1a1ec0f87058f9b37bf5fe33799c1c04cea5b015c267be356a4a4d6db,20000,20102,cd49325dbe750271b8ad282efb8cefc248f122dc55048e13f02722ff865799ac,16.669967809440493,16.786082732543804,11710,9332,0.99308266705500059,0,ok,
edm_5k,/mnt/pixstor/data/xggh8/zw-lab/e009_stage_b_edm5k_30000kimg/network-snapshot-020000.pkl,9f9baed1a1ec0f87058f9b37bf5fe33799c1c04cea5b015c267be356a4a4d6db,20000,20103,07d819c9b898864ed496cce7954d8924f7c4a99e2ab4a76f36c086b508919c0a,13.102130000501608,14.599492508948796,7690,44302,0.89743735903632438,0,ok,
edm_5k,/mnt/pixstor/data/xggh8/zw-lab/e009_stage_b_edm5k_30000kimg/network-snapshot-020000.pkl,9f9baed1a1ec0f87058f9b37bf5fe33799c1c04cea5b015c267be356a4a4d6db,20000,20104,da99772a17ef8d9c55a5c51ee1d1212e82fbd23a9511836925e41ece8739b9f8,15.012869945660318,16.180908646216331,2567,44173,0.92781377572209822,0,ok,
edm_5k,/mnt/pixstor/data/xggh8/zw-lab/e009_stage_b_edm5k_30000kimg/network-snapshot-020000.pkl,9f9baed1a1ec0f87058f9b37bf5fe33799c1c04cea5b015c267be356a4a4d6db,20000,20105,b818db22347d6f834b2fa8afd89232e5087827a110a9a1319eb21a3d2e95121e,10.470961837590478,14.250985776558993,12277,34019,0.73475351121420951,0,ok,
edm_5k,/mnt/pixstor/data/xggh8/zw-lab/e009_stage_b_edm5k_30000kimg/network-snapshot-020000.pkl,9f9baed1a1ec0f87058f9b37bf5fe33799c1c04cea5b015c267be356a4a4d6db,20000,20106,59690b2312e80e6f47ed8230e12cdcb3041fa15d87bdde9027d8a0982093759a,17.180872949513475,17.914134282347483,2567,7813,0.95906800064814957,0,ok,
edm_5k,/mnt/pixstor/data/xggh8/zw-lab/e009_stage_b_edm5k_30000kimg/network-snapshot-020000.pkl,9f9baed1a1ec0f87058f9b37bf5fe33799c1c04cea5b015c267be356a4a4d6db,20000,20107,d70bb95bedfcc43e9df6ce4fb58a5e1127beed7ee246e7501645edb2178b17a9,17.723105051296649,17.884901494847021,46008,43777,0.99095346185736677,0,ok,
edm_5k,/mnt/pixstor/data/xggh8/zw-lab/e009_stage_b_edm5k_30000kimg/network-snapshot-020000.pkl,9f9baed1a1ec0f87058f9b37bf5fe33799c1c04cea5b015c267be356a4a4d6db,20000,20108,0582f6a1d02f89b34cbd53fac7d1406b1154e1bf253fecf5c02808edd7795cee,17.293765935188425,17.650460271901633,8275,832,0.97979121613723341,0,ok,
edm_5k,/mnt/pixstor/data/xggh8/zw-lab/e009_stage_b_edm5k_30000kimg/network-snapshot-020000.pkl,9f9baed1a1ec0f87058f9b37bf5fe33799c1c04cea5b015c267be356a4a4d6db,20000,20109,23cdfee0d3c47651483d18e97883d46db9cdc0fb2b143a7e987012e5960d5816,13.81020464974663,14.170390097443121,10551,32953,0.97458182553764117,0,ok,
edm_5k,/mnt/pixstor/data/xggh8/zw-lab/e009_stage_b_edm5k_30000kimg/network-snapshot-020000.pkl,9f9baed1a1ec0f87058f9b37bf5fe33799c1c04cea5b015c267be356a4a4d6db,20000,20110,c95ef9d94053dfbb0f5a158e95d8db9bdd3d673c1a38e2a30b3ff6dd2cd20a24,12.961661533855116,13.285839559177992,44302,24779,0.97559973354495833,0,ok,
edm_5k,/mnt/pixstor/data/xggh8/zw-lab/e009_stage_b_edm5k_30000kimg/network-snapshot-020000.pkl,9f9baed1a1ec0f87058f9b37bf5fe33799c1c04cea5b015c267be356a4a4d6db,20000,20111,6c8d4c3d45ded47f72da463a45d901baae0a49227572ee47bfe3a918c7952846,14.788481480245203,15.135229737341188,10551,13533,0.97708999049809608,0,ok,
edm_5k,/mnt/pixstor/data/xggh8/zw-lab/e009_stage_b_edm5k_30000kimg/network-snapshot-020000.pkl,9f9baed1a1ec0f87058f9b37bf5fe33799c1c04cea5b015c267be356a4a4d6db,20000,20112,6972eb93f9f570c0e511e1c4eee3dff70e3be8cd63a0b07b4f467955c3639f7f,20.346185745606125,20.369904383446848,13919,25969,0.99883560386959902,0,ok,
edm_5k,/mnt/pixstor/data/xggh8/zw-lab/e009_stage_b_edm5k_30000kimg/network-snapshot-020000.pkl,9f9baed1a1ec0f87058f9b37bf5fe33799c1c04cea5b015c267be356a4a4d6db,20000,20113,308cf5237baf76574e376657bdd526b6076c52b4e539b00cad824ff53bc001fd,18.195424256678788,19.652215428325036,47045,20051,0.92587140228747167,0,ok,
edm_5k,/mnt/pixstor/data/xggh8/zw-lab/e009_stage_b_edm5k_30000kimg/network-snapshot-020000.pkl,9f9baed1a1ec0f87058f9b37bf5fe33799c1c04cea5b015c267be356a4a4d6db,20000,20114,823d4ed6d7db2316f92211e91c507edf35e639dbfcd8a89337c2adcf86d0ac6d,14.147776007541971,15.618368049767559,31572,39006,0.90584214448400868,0,ok,
edm_5k,/mnt/pixstor/data/xggh8/zw-lab/e009_stage_b_edm5k_30000kimg/network-snapshot-020000.pkl,9f9baed1a1ec0f87058f9b37bf5fe33799c1c04cea5b015c267be356a4a4d6db,20000,20115,2d6c251bdbed9d4fda9aa96930199b9c005e5f410983849246176b11a078c571,14.968818137898536,16.669768700020732,21934,38676,0.89796195779728594,0,ok,
edm_5k,/mnt/pixstor/data/xggh8/zw-lab/e009_stage_b_edm5k_30000kimg/network-snapshot-020000.pkl,9f9baed1a1ec0f87058f9b37bf5fe33799c1c04cea5b015c267be356a4a4d6db,20000,20116,cb1efb2868c4d23e05f67be9140f7fc203eaff316a6971ddf474e97fb0ff83d3,15.193766939972189,15.201330654860095,12277,737,0.99950243073717449,0,ok,
edm_5k,/mnt/pixstor/data/xggh8/zw-lab/e009_stage_b_edm5k_30000kimg/network-snapshot-020000.pkl,9f9baed1a1ec0f87058f9b37bf5fe33799c1c04cea5b015c267be356a4a4d6db,20000,20117,c6beae17f1babab32df430b23a3df78ebb0a25e4fa2363c85910f8b112a48f41,20.559197806773142,27.267180382387419,17938,42837,0.75399060403226958,0,ok,
edm_5k,/mnt/pixstor/data/xggh8/zw-lab/e009_stage_b_edm5k_30000kimg/network-snapshot-020000.pkl,9f9baed1a1ec0f87058f9b37bf5fe33799c1c04cea5b015c267be356a4a4d6db,20000,20118,1dff91ce1c88b5c45cf82fefb96febf0d2a44baf2e688dea084820e2a6b115ba,15.011867289061987,15.016172957681386,2567,39913,0.99971326458269139,0,ok,
edm_5k,/mnt/pixstor/data/xggh8/zw-lab/e009_stage_b_edm5k_30000kimg/network-snapshot-020000.pkl,9f9baed1a1ec0f87058f9b37bf5fe33799c1c04cea5b015c267be356a4a4d6db,20000,20119,0fa4bf4faacb6ffd0ce1d24c545b37166e93b9173b414081f36a304accdc42be,20.085093487348164,20.103365044581128,14410,6525,0.99909111946221718,0,ok,
edm_5k,/mnt/pixstor/data/xggh8/zw-lab/e009_stage_b_edm5k_30000kimg/network-snapshot-020000.pkl,9f9baed1a1ec0f87058f9b37bf5fe33799c1c04cea5b015c267be356a4a4d6db,20000,20120,2f5c9eb6c7d471d94e5553902e4fcd7ae17b5ef77e9776e27945443c949ea70a,16.580157643117133,16.6788288746076,36170,32953,0.99408404317639543,0,ok,
edm_5k,/mnt/pixstor/data/xggh8/zw-lab/e009_stage_b_edm5k_30000kimg/network-snapshot-020000.pkl,9f9baed1a1ec0f87058f9b37bf5fe33799c1c04cea5b015c267be356a4a4d6db,20000,20121,12e782a1ec18cea6c507533134ef97dec0a4a85efbc38e7458a2405a835c4dc1,17.94308071323367,18.379973358296283,46008,9841,0.97622996309374899,0,ok,
edm_5k,/mnt/pixstor/data/xggh8/zw-lab/e009_stage_b_edm5k_30000kimg/network-snapshot-020000.pkl,9f9baed1a1ec0f87058f9b37bf5fe33799c1c04cea5b015c267be356a4a4d6db,20000,20122,665540a46751086882b824db67eea300030a0180c833566896b67d0bbd7b3cf7,13.857430373530187,14.047117175333428,11207,31249,0.98649638929926997,0,ok,
edm_5k,/mnt/pixstor/data/xggh8/zw-lab/e009_stage_b_edm5k_30000kimg/network-snapshot-020000.pkl,9f9baed1a1ec0f87058f9b37bf5fe33799c1c04cea5b015c267be356a4a4d6db,20000,20123,e59c336fe812370b195ab8a8fa380d268c687b0bdca690c70f815f6da7539560,16.707604319669947,18.795684773104572,18459,11207,0.8889063910870364,0,ok,
edm_5k,/mnt/pixstor/data/xggh8/zw-lab/e009_stage_b_edm5k_30000kimg/network-snapshot-020000.pkl,9f9baed1a1ec0f87058f9b37bf5fe33799c1c04cea5b015c267be356a4a4d6db,20000,20124,4d1f6c497d6ce6b65d978fb2f14b34974dfb8d063c0cb225f94cfa9996d2d4cf,16.417119737854996,16.715882978095316,39915,7187,0.98212698422022804,0,ok,
edm_5k,/mnt/pixstor/data/xggh8/zw-lab/e009_stage_b_edm5k_30000kimg/network-snapshot-020000.pkl,9f9baed1a1ec0f87058f9b37bf5fe33799c1c04cea5b015c267be356a4a4d6db,20000,20125,22c3c30274f57115da880798b270c372ec4a8ad0e3d8d9cedcf5f957c6122d7a,12.156079242097436,13.485482528635169,39006,786,0.90141967232430364,0,ok,
edm_5k,/mnt/pixstor/data/xggh8/zw-lab/e009_stage_b_edm5k_30000kimg/network-snapshot-020000.pkl,9f9baed1a1ec0f87058f9b37bf5fe33799c1c04cea5b015c267be356a4a4d6db,20000,20126,15c406cf571e55d0935825fe226dde085ab38be560c20c41f896e85b4c04278f,18.390583138737895,19.636466957814608,39199,44278,0.93655254676142763,0,ok,
edm_5k,/mnt/pixstor/data/xggh8/zw-lab/e009_stage_b_edm5k_30000kimg/network-snapshot-020000.pkl,9f9baed1a1ec0f87058f9b37bf5fe33799c1c04cea5b015c267be356a4a4d6db,20000,20127,4f5b86244ad7144564799fd30f241c1c514e185f58a4d796619d9eccfa7df149,15.423935500763612,15.60692754351577,40529,12300,0.98827494763194534,0,ok,
edm_5k,/mnt/pixstor/data/xggh8/zw-lab/e009_stage_b_edm5k_30000kimg/network-snapshot-021000.pkl,6f0b3dd9d724f492b5209caf61910bcdc3d43b3e55048e0a17daaa0896f2552e,21000,20000,27a7518306bda0bfc612804be4eeb7d18d40a135e0e27517ea3a294098bae066,11.869732603469393,12.863458485329497,22857,29779,0.92274815649357222,0,ok,
edm_5k,/mnt/pixstor/data/xggh8/zw-lab/e009_stage_b_edm5k_30000kimg/network-snapshot-021000.pkl,6f0b3dd9d724f492b5209caf61910bcdc3d43b3e55048e0a17daaa0896f2552e,21000,20001,5e0bc3a9a63fd3bfac9d231f3c05af028ae9ca3e2ccd0b930b7dde3f7087e0e3,10.93811478399841,11.233152716306611,44302,47671,0.97373507333520815,0,ok,
edm_5k,/mnt/pixstor/data/xggh8/zw-lab/e009_stage_b_edm5k_30000kimg/network-snapshot-021000.pkl,6f0b3dd9d724f492b5209caf61910bcdc3d43b3e55048e0a17daaa0896f2552e,21000,20002,79bf89501eb47a13ee34b973be3a3db8b2784042c7ed7cbac987b7b8d4a6d1df,19.456927963548054,19.715518483490953,10551,13316,0.98688390974047002,0,ok,
edm_5k,/mnt/pixstor/data/xggh8/zw-lab/e009_stage_b_edm5k_30000kimg/network-snapshot-021000.pkl,6f0b3dd9d724f492b5209caf61910bcdc3d43b3e55048e0a17daaa0896f2552e,21000,20003,638b18e6071c94f6a505c517d7d0a5418ec2afa6cc5884a4e6222fdf7a6b95c4,16.446357454790473,20.80902678979751,33343,13435,0.79034726712226555,0,ok,
edm_5k,/mnt/pixstor/data/xggh8/zw-lab/e009_stage_b_edm5k_30000kimg/network-snapshot-021000.pkl,6f0b3dd9d724f492b5209caf61910bcdc3d43b3e55048e0a17daaa0896f2552e,21000,20004,3142c283dbe7732d8c8b90703e0b32b9735048c856b5b68ebab41a254e1fe1ab,15.206396145410343,16.802570118597689,47886,29779,0.905004177222826,0,ok,
edm_5k,/mnt/pixstor/data/xggh8/zw-lab/e009_stage_b_edm5k_30000kimg/network-snapshot-021000.pkl,6f0b3dd9d724f492b5209caf61910bcdc3d43b3e55048e0a17daaa0896f2552e,21000,20005,251e0041c5f8bfc61c523b1e18806c7e4c273365d9f60344c8516c1bc8baf212,15.999835421144134,20.446922415868841,7672,4706,0.78250580188667773,0,ok,
edm_5k,/mnt/pixstor/data/xggh8/zw-lab/e009_stage_b_edm5k_30000kimg/network-snapshot-021000.pkl,6f0b3dd9d724f492b5209caf61910bcdc3d43b3e55048e0a17daaa0896f2552e,21000,20006,32791d0fb5fd9c8a34fd5e992329b56a2cd597d111ce719385e16f56762c6c98,12.962436473019295,16.698787816334814,21934,17844,0.7762501455548404,0,ok,
edm_5k,/mnt/pixstor/data/xggh8/zw-lab/e009_stage_b_edm5k_30000kimg/network-snapshot-021000.pkl,6f0b3dd9d724f492b5209caf61910bcdc3d43b3e55048e0a17daaa0896f2552e,21000,20007,dd00d5b3c532f4afc976b4eed71d85237d3ac7de3ea32170790eee7110c132a6,27.047427174811244,27.71005875059452,11476,46008,0.9760869660455318,0,ok,
edm_5k,/mnt/pixstor/data/xggh8/zw-lab/e009_stage_b_edm5k_30000kimg/network-snapshot-021000.pkl,6f0b3dd9d724f492b5209caf61910bcdc3d43b3e55048e0a17daaa0896f2552e,21000,20008,3f5be21956890cedb1b392b2b6f732ea305c3bae9f8b99f06fe10f26bd15d210,28.629661220759321,28.767466324414912,38456,22436,0.99520968923361053,0,ok,
edm_5k,/mnt/pixstor/data/xggh8/zw-lab/e009_stage_b_edm5k_30000kimg/network-snapshot-021000.pkl,6f0b3dd9d724f492b5209caf61910bcdc3d43b3e55048e0a17daaa0896f2552e,21000,20009,c7e8e0cc7d9175caad522283edd00bcf3300c4d253238048375ac72995fe76ff,11.667043954111433,14.864931937393937,5924,22857,0.78487032454969008,0,ok,
edm_5k,/mnt/pixstor/data/xggh8/zw-lab/e009_stage_b_edm5k_30000kimg/network-snapshot-021000.pkl,6f0b3dd9d724f492b5209caf61910bcdc3d43b3e55048e0a17daaa0896f2552e,21000,20010,1c29c3309ea385e523f774f84832cb988b106b2b4549dbed0ac2834f9be1cdce,14.027935230826477,15.187557835734159,9692,29779,0.92364653899922899,0,ok,
edm_5k,/mnt/pixstor/data/xggh8/zw-lab/e009_stage_b_edm5k_30000kimg/network-snapshot-021000.pkl,6f0b3dd9d724f492b5209caf61910bcdc3d43b3e55048e0a17daaa0896f2552e,21000,20011,96fda0663fcadfbdd1d8a10c593a42f3100897322a0212b990436b51f2bd1ee3,22.978829218113638,24.663291633688235,21936,11710,0.93170163818386087,0,ok,
edm_5k,/mnt/pixstor/data/xggh8/zw-lab/e009_stage_b_edm5k_30000kimg/network-snapshot-021000.pkl,6f0b3dd9d724f492b5209caf61910bcdc3d43b3e55048e0a17daaa0896f2552e,21000,20012,c1dc511b01c654562b991248100d5372ff033d6e1dbe9869c449d3d46db99536,16.085067573544752,17.348712134017209,1276,32953,0.92716205383368411,0,ok,
edm_5k,/mnt/pixstor/data/xggh8/zw-lab/e009_stage_b_edm5k_30000kimg/network-snapshot-021000.pkl,6f0b3dd9d724f492b5209caf61910bcdc3d43b3e55048e0a17daaa0896f2552e,21000,20013,ac006538f3b3de851ae8e42df5776588302b805cd789e5b919e8880e2c8b53bf,17.498387508698688,19.122055038996699,33343,26140,0.91508927638861126,0,ok,
edm_5k,/mnt/pixstor/data/xggh8/zw-lab/e009_stage_b_edm5k_30000kimg/network-snapshot-021000.pkl,6f0b3dd9d724f492b5209caf61910bcdc3d43b3e55048e0a17daaa0896f2552e,21000,20014,a288ebf04241b8000ee22cfad0b988c3c120a4266a4ddcaa0902a0d2b536d81e,13.510315821279649,14.110570552005415,38676,48613,0.95746063360701905,0,ok,
edm_5k,/mnt/pixstor/data/xggh8/zw-lab/e009_stage_b_edm5k_30000kimg/network-snapshot-021000.pkl,6f0b3dd9d724f492b5209caf61910bcdc3d43b3e55048e0a17daaa0896f2552e,21000,20015,479e9af43a530f8103cfbae623f52d360b7fa749e7b4fb635a7847861f516e43,18.9900731646533,20.634804361000899,12699,7701,0.92029334673721996,0,ok,
edm_5k,/mnt/pixstor/data/xggh8/zw-lab/e009_stage_b_edm5k_30000kimg/network-snapshot-021000.pkl,6f0b3dd9d724f492b5209caf61910bcdc3d43b3e55048e0a17daaa0896f2552e,21000,20016,5947c60dec35e0a66b6a01a73c9436c9d1f1f3e7249f273249ce314610bef65e,16.804492099801269,17.019433460139982,20051,14062,0.98737082754005223,0,ok,
edm_5k,/mnt/pixstor/data/xggh8/zw-lab/e009_stage_b_edm5k_30000kimg/network-snapshot-021000.pkl,6f0b3dd9d724f492b5209caf61910bcdc3d43b3e55048e0a17daaa0896f2552e,21000,20017,be81257e1efdc90b33946a5b111e59ac2c5398e3796c481f4a10220db2e82d9a,18.707610918352021,20.913851355697982,22870,30085,0.89450817069401845,0,ok,
edm_5k,/mnt/pixstor/data/xggh8/zw-lab/e009_stage_b_edm5k_30000kimg/network-snapshot-021000.pkl,6f0b3dd9d724f492b5209caf61910bcdc3d43b3e55048e0a17daaa0896f2552e,21000,20018,c9fcd1738bf76c62c21f26470cd5cff8ff12b216ec84da7f356d4d8c07523ae2,15.339527581028381,16.137972312114478,14410,13435,0.95052385047861809,0,ok,
edm_5k,/mnt/pixstor/data/xggh8/zw-lab/e009_stage_b_edm5k_30000kimg/network-snapshot-021000.pkl,6f0b3dd9d724f492b5209caf61910bcdc3d43b3e55048e0a17daaa0896f2552e,21000,20019,49ee856a30dad2014a33fb9e88e1004bf7c9057f971120cf1b882fbd7376fb04,16.215225761140392,16.806556677020865,35588,13535,0.96481546296220311,0,ok,
edm_5k,/mnt/pixstor/data/xggh8/zw-lab/e009_stage_b_edm5k_30000kimg/network-snapshot-021000.pkl,6f0b3dd9d724f492b5209caf61910bcdc3d43b3e55048e0a17daaa0896f2552e,21000,20020,cb1dc2444c43bde05db1038dbb857e411d680b562ee1cd4b2d2bf2744db98b3e,14.163252648695506,16.539600517027836,9692,47886,0.85632374458586025,0,ok,
edm_5k,/mnt/pixstor/data/xggh8/zw-lab/e009_stage_b_edm5k_30000kimg/network-snapshot-021000.pkl,6f0b3dd9d724f492b5209caf61910bcdc3d43b3e55048e0a17daaa0896f2552e,21000,20021,2ca8af4659c36e0e7808499d45668c09278c1301aaa5e34345d45daa86648486,17.825663977835411,18.111986789382389,20770,2782,0.98419152935144449,0,ok,
edm_5k,/mnt/pixstor/data/xggh8/zw-lab/e009_stage_b_edm5k_30000kimg/network-snapshot-021000.pkl,6f0b3dd9d724f492b5209caf61910bcdc3d43b3e55048e0a17daaa0896f2552e,21000,20022,3c1551a79a51476d24a597134a5f19324f2b50dd88a088bb6262cd1140cb6921,10.89648522141669,11.861442636591288,29779,16683,0.91864755032429124,0,ok,
edm_5k,/mnt/pixstor/data/xggh8/zw-lab/e009_stage_b_edm5k_30000kimg/network-snapshot-021000.pkl,6f0b3dd9d724f492b5209caf61910bcdc3d43b3e55048e0a17daaa0896f2552e,21000,20023,a0d5bb9434ecf824f79a22c9b160cfef9bf50d1c9850b13140cb71da2fb02011,16.746814354924197,17.153065738445669,2567,45385,0.9763161064199195,0,ok,
edm_5k,/mnt/pixstor/data/xggh8/zw-lab/e009_stage_b_edm5k_30000kimg/network-snapshot-021000.pkl,6f0b3dd9d724f492b5209caf61910bcdc3d43b3e55048e0a17daaa0896f2552e,21000,20024,9aaa43c274a1fc4cf255f038f64cdfb7a2d4e01b85b83a38b7c0c21fedd8ff11,18.124552818955127,18.169314677727961,29437,11207,0.99753640357015205,0,ok,
edm_5k,/mnt/pixstor/data/xggh8/zw-lab/e009_stage_b_edm5k_30000kimg/network-snapshot-021000.pkl,6f0b3dd9d724f492b5209caf61910bcdc3d43b3e55048e0a17daaa0896f2552e,21000,20025,84c116ba09087582d31df55504358293106099d6f265f9af77a3291fd3c5aea3,12.39234837639332,13.130511864252751,30786,45494,0.94378258094651668,0,ok,
edm_5k,/mnt/pixstor/data/xggh8/zw-lab/e009_stage_b_edm5k_30000kimg/network-snapshot-021000.pkl,6f0b3dd9d724f492b5209caf61910bcdc3d43b3e55048e0a17daaa0896f2552e,21000,20026,bdc660c5338d5f1229387af70ea2438b502e4dac5f107586f9e8472017e702af,15.396329452734697,16.552166640786506,11830,9692,0.93017003676100696,0,ok,
edm_5k,/mnt/pixstor/data/xggh8/zw-lab/e009_stage_b_edm5k_30000kimg/network-snapshot-021000.pkl,6f0b3dd9d724f492b5209caf61910bcdc3d43b3e55048e0a17daaa0896f2552e,21000,20027,de087e0fcf2b1f2ad3e72a8a8676a20ced5fbc697318d0a26d347f7559982426,13.765458830741302,14.023868379476099,48613,39913,0.98157358998655619,0,ok,
edm_5k,/mnt/pixstor/data/xggh8/zw-lab/e009_stage_b_edm5k_30000kimg/network-snapshot-021000.pkl,6f0b3dd9d724f492b5209caf61910bcdc3d43b3e55048e0a17daaa0896f2552e,21000,20028,1adf6c54a3aa44af0c94db6a0bc9e41cab42f45e6480b88b6ec3721b1ae9eeb1,16.998501798150297,17.033654389538924,43826,2782,0.9979362859792309,0,ok,
edm_5k,/mnt/pixstor/data/xggh8/zw-lab/e009_stage_b_edm5k_30000kimg/network-snapshot-021000.pkl,6f0b3dd9d724f492b5209caf61910bcdc3d43b3e55048e0a17daaa0896f2552e,21000,20029,07dd6046b3555d2770e5d35601286156f73698017a45afc24a8bd7b465455443,14.189414838667073,14.193089537525267,12699,28795,0.99974109239228859,0,ok,
edm_5k,/mnt/pixstor/data/xggh8/zw-lab/e009_stage_b_edm5k_30000kimg/network-snapshot-021000.pkl,6f0b3dd9d724f492b5209caf61910bcdc3d43b3e55048e0a17daaa0896f2552e,21000,20030,71ac7268a070920228f8168a6f80d4306170cdbe321759b59b0deca83b80972b,16.315172223617726,17.592112404942789,34315,38291,0.92741405057380799,0,ok,
edm_5k,/mnt/pixstor/data/xggh8/zw-lab/e009_stage_b_edm5k_30000kimg/network-snapshot-021000.pkl,6f0b3dd9d724f492b5209caf61910bcdc3d43b3e55048e0a17daaa0896f2552e,21000,20031,c820c84dc4ac57d3c1c61376508ce75f02ec7d5282d9f29da25ee1d75348399d,16.183620441281032,17.570252457940676,13435,19974,0.92108070046352863,0,ok,
edm_5k,/mnt/pixstor/data/xggh8/zw-lab/e009_stage_b_edm5k_30000kimg/network-snapshot-021000.pkl,6f0b3dd9d724f492b5209caf61910bcdc3d43b3e55048e0a17daaa0896f2552e,21000,20032,b73fb086492b63e62f1783824081fca0ba2003736c239c4ef64cd827f8843e13,15.12280067983516,17.921143784311951,11207,29437,0.84385242715777764,0,ok,
edm_5k,/mnt/pixstor/data/xggh8/zw-lab/e009_stage_b_edm5k_30000kimg/network-snapshot-021000.pkl,6f0b3dd9d724f492b5209caf61910bcdc3d43b3e55048e0a17daaa0896f2552e,21000,20033,6418a4656654a73ac87d2a15a8af83887ed727753489a0fa822270b3f279df10,6.8036633700750571,16.953921162281027,47356,23577,0.40130323274192187,0,ok,
edm_5k,/mnt/pixstor/data/xggh8/zw-lab/e009_stage_b_edm5k_30000kimg/network-snapshot-021000.pkl,6f0b3dd9d724f492b5209caf61910bcdc3d43b3e55048e0a17daaa0896f2552e,21000,20034,a9cdede524acb44f2a9ccd8c1f5057a29df587b58d905b02c736ecf912b96283,15.86272134554727,16.223102862973992,33571,39774,0.97778590689644074,0,ok,
edm_5k,/mnt/pixstor/data/xggh8/zw-lab/e009_stage_b_edm5k_30000kimg/network-snapshot-021000.pkl,6f0b3dd9d724f492b5209caf61910bcdc3d43b3e55048e0a17daaa0896f2552e,21000,20035,dfbd36b5df5242fd19fcda1d0c53dbfb7b2a84b123e74d93437383bffcd36405,12.033738687427174,12.827326419110193,20770,43826,0.93813303678771831,0,ok,
edm_5k,/mnt/pixstor/data/xggh8/zw-lab/e009_stage_b_edm5k_30000kimg/network-snapshot-021000.pkl,6f0b3dd9d724f492b5209caf61910bcdc3d43b3e55048e0a17daaa0896f2552e,21000,20036,6d6a87458e246a938ecee4c3ba401b013ab401ef30210af4e647a06c8323826f,16.207448890412277,17.596521938903173,15768,39915,0.92105979503711632,0,ok,
edm_5k,/mnt/pixstor/data/xggh8/zw-lab/e009_stage_b_edm5k_30000kimg/network-snapshot-021000.pkl,6f0b3dd9d724f492b5209caf61910bcdc3d43b3e55048e0a17daaa0896f2552e,21000,20037,1543c2efa345e49f586ee62e6208c99dd683af728b82401f0ab8a3a53107a145,15.047088580854929,17.574042114519784,47550,22857,0.85621102321263531,0,ok,
edm_5k,/mnt/pixstor/data/xggh8/zw-lab/e009_stage_b_edm5k_30000kimg/network-snapshot-021000.pkl,6f0b3dd9d724f492b5209caf61910bcdc3d43b3e55048e0a17daaa0896f2552e,21000,20038,f2933f907a39c4eac9dcda2b502697500ed27b77f9712e5ddf2c3da2b198508d,11.420159984613127,12.420746761381185,32024,10551,0.91944230117635917,0,ok,
edm_5k,/mnt/pixstor/data/xggh8/zw-lab/e009_stage_b_edm5k_30000kimg/network-snapshot-021000.pkl,6f0b3dd9d724f492b5209caf61910bcdc3d43b3e55048e0a17daaa0896f2552e,21000,20039,b5ec00b18f814d1e13d1b9944b2f1cf9f3af1c0768935979bcbcb7d1ecda61af,9.3596086494776181,10.510388073219449,16683,20051,0.89051028223458029,0,ok,
edm_5k,/mnt/pixstor/data/xggh8/zw-lab/e009_stage_b_edm5k_30000kimg/network-snapshot-021000.pkl,6f0b3dd9d724f492b5209caf61910bcdc3d43b3e55048e0a17daaa0896f2552e,21000,20040,3508c4009d6e8473ebb3b7963334a5d8f3a475c5e668ebd518c33734a4961522,11.238646614003198,12.401592692864124,37719,26590,0.906226070500599,0,ok,
edm_5k,/mnt/pixstor/data/xggh8/zw-lab/e009_stage_b_edm5k_30000kimg/network-snapshot-021000.pkl,6f0b3dd9d724f492b5209caf61910bcdc3d43b3e55048e0a17daaa0896f2552e,21000,20041,aada74536b9e25bef4516ed173e64a29b8843232d49194e5db7d7891c696c64c,15.41223659826424,15.734004234643105,29779,12699,0.97954953922852017,0,ok,
edm_5k,/mnt/pixstor/data/xggh8/zw-lab/e009_stage_b_edm5k_30000kimg/network-snapshot-021000.pkl,6f0b3dd9d724f492b5209caf61910bcdc3d43b3e55048e0a17daaa0896f2552e,21000,20042,ee423c68d102e893ef6022bb5a197f024c7c1e3291cc47a428dbf4023a828d6d,17.850977518026205,18.006823679802263,15768,29437,0.99134516089304159,0,ok,
edm_5k,/mnt/pixstor/data/xggh8/zw-lab/e009_stage_b_edm5k_30000kimg/network-snapshot-021000.pkl,6f0b3dd9d724f492b5209caf61910bcdc3d43b3e55048e0a17daaa0896f2552e,21000,20043,d1ac9566ee99cfc880a74a1596d5bf625f185c54040b6365ad48778c11e31c0c,17.388461541122179,18.11898880979442,2567,27642,0.95968167559784867,0,ok,
edm_5k,/mnt/pixstor/data/xggh8/zw-lab/e009_stage_b_edm5k_30000kimg/network-snapshot-021000.pkl,6f0b3dd9d724f492b5209caf61910bcdc3d43b3e55048e0a17daaa0896f2552e,21000,20044,ef2fc2420ffff8361ad5038b54362c330b821cd36c820e524cd1abd6f8421b44,18.519887130932585,18.685688097289216,32953,16683,0.99112684716273924,0,ok,
edm_5k,/mnt/pixstor/data/xggh8/zw-lab/e009_stage_b_edm5k_30000kimg/network-snapshot-021000.pkl,6f0b3dd9d724f492b5209caf61910bcdc3d43b3e55048e0a17daaa0896f2552e,21000,20045,3ef314f3db5c7f092a90f302ca656c3d53fdb4f3810653a1eca2a37e7cc1b1f1,12.974680513934697,17.815369568078665,46725,220,0.7282857907804815,0,ok,
edm_5k,/mnt/pixstor/data/xggh8/zw-lab/e009_stage_b_edm5k_30000kimg/network-snapshot-021000.pkl,6f0b3dd9d724f492b5209caf61910bcdc3d43b3e55048e0a17daaa0896f2552e,21000,20046,0bae2476a63d37233366971b0cb1e4028eaef8b318203318aaa29c3441de6016,21.045559441605853,21.262809860411775,16683,8398,0.98978261009564827,0,ok,
edm_5k,/mnt/pixstor/data/xggh8/zw-lab/e009_stage_b_edm5k_30000kimg/network-snapshot-021000.pkl,6f0b3dd9d724f492b5209caf61910bcdc3d43b3e55048e0a17daaa0896f2552e,21000,20047,804813ed28cc47e728a5f3a846575fbb94454705a19594360cb54cee790f60d3,19.040413625208505,20.248622211200278,25406,9131,0.94033131867493347,0,ok,
edm_5k,/mnt/pixstor/data/xggh8/zw-lab/e009_stage_b_edm5k_30000kimg/network-snapshot-021000.pkl,6f0b3dd9d724f492b5209caf61910bcdc3d43b3e55048e0a17daaa0896f2552e,21000,20048,3107a8edbb078a0bfcd35d761e6d0d47fa1d440a61e81798e5020f96f3bd159a,15.152243044140548,15.645127842765335,9896,46725,0.968495955828657,0,ok,
edm_5k,/mnt/pixstor/data/xggh8/zw-lab/e009_stage_b_edm5k_30000kimg/network-snapshot-021000.pkl,6f0b3dd9d724f492b5209caf61910bcdc3d43b3e55048e0a17daaa0896f2552e,21000,20049,6f0c6d033994ff47b8525dbb96b3704379fb1dc8999bf7c64e6cde4160731f43,12.156081911673709,13.424953681557533,29779,12699,0.90548408583137763,0,ok,
edm_5k,/mnt/pixstor/data/xggh8/zw-lab/e009_stage_b_edm5k_30000kimg/network-snapshot-021000.pkl,6f0b3dd9d724f492b5209caf61910bcdc3d43b3e55048e0a17daaa0896f2552e,21000,20050,aef5827e02a797d8eddef103f86453fc1189b38e3ad5642584facca8a011cc89,17.446361284132646,18.036955385559001,40908,2782,0.96725644163320357,0,ok,
edm_5k,/mnt/pixstor/data/xggh8/zw-lab/e009_stage_b_edm5k_30000kimg/network-snapshot-021000.pkl,6f0b3dd9d724f492b5209caf61910bcdc3d43b3e55048e0a17daaa0896f2552e,21000,20051,a157aa80340a787918a96ea3994bf01006e14e2a241df5fd5802b09574f7638e,15.083053184051904,15.583565078855512,8398,39111,0.96788206727594539,0,ok,
edm_5k,/mnt/pixstor/data/xggh8/zw-lab/e009_stage_b_edm5k_30000kimg/network-snapshot-021000.pkl,6f0b3dd9d724f492b5209caf61910bcdc3d43b3e55048e0a17daaa0896f2552e,21000,20052,da66afa9108f46111d8b3dc84745eefde790eddd789d893212ffbe08b14f0afa,13.923805421704268,14.505497645874774,32024,10551,0.95989849928823823,0,ok,
edm_5k,/mnt/pixstor/data/xggh8/zw-lab/e009_stage_b_edm5k_30000kimg/network-snapshot-021000.pkl,6f0b3dd9d724f492b5209caf61910bcdc3d43b3e55048e0a17daaa0896f2552e,21000,20053,33e8b48248f4f35502cb4f3bbc0e3d319b22e31c2b83ffcebdd5351c1deeb957,10.316066083288668,10.810713079503259,44302,18082,0.95424473921591491,0,ok,
edm_5k,/mnt/pixstor/data/xggh8/zw-lab/e009_stage_b_edm5k_30000kimg/network-snapshot-021000.pkl,6f0b3dd9d724f492b5209caf61910bcdc3d43b3e55048e0a17daaa0896f2552e,21000,20054,ea82f89435dce3e6e6d503af66fc5dad9535e3dff9cab236de16c87727a29d00,15.635009372810927,17.355314170626727,7346,17844,0.90087734621783133,0,ok,
edm_5k,/mnt/pixstor/data/xggh8/zw-lab/e009_stage_b_edm5k_30000kimg/network-snapshot-021000.pkl,6f0b3dd9d724f492b5209caf61910bcdc3d43b3e55048e0a17daaa0896f2552e,21000,20055,56bc6508e9e55a1643854d8843a6cb6415ba1760902c4ea25149ccbfd42887d8,13.799996278079877,14.967666554138967,32024,15904,0.92198715331908587,0,ok,
edm_5k,/mnt/pixstor/data/xggh8/zw-lab/e009_stage_b_edm5k_30000kimg/network-snapshot-021000.pkl,6f0b3dd9d724f492b5209caf61910bcdc3d43b3e55048e0a17daaa0896f2552e,21000,20056,b023589d35f9e5854e1b26605a1b95c51f29665f099ad2f001ec67bef0e0d3e0,15.80337462946525,17.001046553027258,31249,11207,0.92955304722998078,0,ok,
edm_5k,/mnt/pixstor/data/xggh8/zw-lab/e009_stage_b_edm5k_30000kimg/network-snapshot-021000.pkl,6f0b3dd9d724f492b5209caf61910bcdc3d43b3e55048e0a17daaa0896f2552e,21000,20057,2df0c4b81b173e9ac588098e452ce1d41eacac95eddc752ce4abd759c37f42f0,19.834138823475325,19.847416434321065,18459,35096,0.9993310156568902,0,ok,
edm_5k,/mnt/pixstor/data/xggh8/zw-lab/e009_stage_b_edm5k_30000kimg/network-snapshot-021000.pkl,6f0b3dd9d724f492b5209caf61910bcdc3d43b3e55048e0a17daaa0896f2552e,21000,20058,b4aba408b4b5be3e3df53c1f5c0aaaa337466c87d9f6c41ef9ce5f53fe8746b0,15.308418830050982,15.902012841658168,31001,20051,0.96267176881833727,0,ok,
edm_5k,/mnt/pixstor/data/xggh8/zw-lab/e009_stage_b_edm5k_30000kimg/network-snapshot-021000.pkl,6f0b3dd9d724f492b5209caf61910bcdc3d43b3e55048e0a17daaa0896f2552e,21000,20059,bde7297b8003cb7fa606f02e01ad2076e461fb2f982ae1d3caf49f73422ab45a,14.985761441103223,19.653590922435551,46712,40349,0.76249482856571682,0,ok,
edm_5k,/mnt/pixstor/data/xggh8/zw-lab/e009_stage_b_edm5k_30000kimg/network-snapshot-021000.pkl,6f0b3dd9d724f492b5209caf61910bcdc3d43b3e55048e0a17daaa0896f2552e,21000,20060,1a486233af02d110c3ee7a7ba97df567daf16cffa7a941918be89a401d196f27,13.917944498414311,15.083207245861624,5924,9896,0.92274436540895333,0,ok,
edm_5k,/mnt/pixstor/data/xggh8/zw-lab/e009_stage_b_edm5k_30000kimg/network-snapshot-021000.pkl,6f0b3dd9d724f492b5209caf61910bcdc3d43b3e55048e0a17daaa0896f2552e,21000,20061,2cbc9468bd72afd34fb38031b0c1e6bef08bf73b0362a0f3bdea5e0bf534a542,19.979307545139665,20.855221801566891,27441,38324,0.95800024258857719,0,ok,
edm_5k,/mnt/pixstor/data/xggh8/zw-lab/e009_stage_b_edm5k_30000kimg/network-snapshot-021000.pkl,6f0b3dd9d724f492b5209caf61910bcdc3d43b3e55048e0a17daaa0896f2552e,21000,20062,180eb2fe8aa84d0874921ffd34e8edd8be245bead6c2f8b78bd5fd50291f88ff,19.415743711644819,19.649294758894019,37719,26590,0.98811402393241177,0,ok,
edm_5k,/mnt/pixstor/data/xggh8/zw-lab/e009_stage_b_edm5k_30000kimg/network-snapshot-021000.pkl,6f0b3dd9d724f492b5209caf61910bcdc3d43b3e55048e0a17daaa0896f2552e,21000,20063,f6348f79ea5c94f9f6858ba67a61e176eadc49caa33b23f1c7d4febf6568d029,15.161499009522364,15.731331355974486,32953,36170,0.96377723324506104,0,ok,
edm_5k,/mnt/pixstor/data/xggh8/zw-lab/e009_stage_b_edm5k_30000kimg/network-snapshot-021000.pkl,6f0b3dd9d724f492b5209caf61910bcdc3d43b3e55048e0a17daaa0896f2552e,21000,20064,0a83e4282c47daad1099d74a6e4338569da9865192b1d90c95bdc5572519f495,9.2999558518772609,10.192436631394797,16683,20051,0.91243695577478379,0,ok,
edm_5k,/mnt/pixstor/data/xggh8/zw-lab/e009_stage_b_edm5k_30000kimg/network-snapshot-021000.pkl,6f0b3dd9d724f492b5209caf61910bcdc3d43b3e55048e0a17daaa0896f2552e,21000,20065,c8091fcff0a250d4b67a949f299a3c98b9ff3cb727f2196c66149dae6c5cb6a3,15.323562891103274,16.048247565993304,36170,40529,0.95484337639296779,0,ok,
edm_5k,/mnt/pixstor/data/xggh8/zw-lab/e009_stage_b_edm5k_30000kimg/network-snapshot-021000.pkl,6f0b3dd9d724f492b5209caf61910bcdc3d43b3e55048e0a17daaa0896f2552e,21000,20066,85f28d924540587ff2b3a0e39f2da78c68937e4f2408225953ba0b262e54ed70,17.395973439667326,17.930868925448337,32953,5944,0.9701690147864579,0,ok,
edm_5k,/mnt/pixstor/data/xggh8/zw-lab/e009_stage_b_edm5k_30000kimg/network-snapshot-021000.pkl,6f0b3dd9d724f492b5209caf61910bcdc3d43b3e55048e0a17daaa0896f2552e,21000,20067,6158c15fefe53b1d08bc25ead5913fda47a23d2e481336db912fa6cd0f5c2fe2,20.126703689933354,20.339628186277277,1220,21934,0.98953154431369694,0,ok,
edm_5k,/mnt/pixstor/data/xggh8/zw-lab/e009_stage_b_edm5k_30000kimg/network-snapshot-021000.pkl,6f0b3dd9d724f492b5209caf61910bcdc3d43b3e55048e0a17daaa0896f2552e,21000,20068,2f7b872e96a1d1fb8a9e724baa6d3b745b9742c429deb6b5a08808fa92fdbebd,17.096425411416739,18.534399498800049,2567,7813,0.92241593327712579,0,ok,
edm_5k,/mnt/pixstor/data/xggh8/zw-lab/e009_stage_b_edm5k_30000kimg/network-snapshot-021000.pkl,6f0b3dd9d724f492b5209caf61910bcdc3d43b3e55048e0a17daaa0896f2552e,21000,20069,7c857c4dd10a6f3a2b4689e3555f20044bd073d460f23c6722d81b53986de603,19.279855493256669,19.515346890436383,19545,33602,0.98793301505211173,0,ok,
edm_5k,/mnt/pixstor/data/xggh8/zw-lab/e009_stage_b_edm5k_30000kimg/network-snapshot-021000.pkl,6f0b3dd9d724f492b5209caf61910bcdc3d43b3e55048e0a17daaa0896f2552e,21000,20070,23ee2bca292e7e6ce324b893d5d8b447e50ac0c7201cc3ee617dbba31d9506d6,15.039604375130883,16.530917207330688,29437,11207,0.90978644357746363,0,ok,
edm_5k,/mnt/pixstor/data/xggh8/zw-lab/e009_stage_b_edm5k_30000kimg/network-snapshot-021000.pkl,6f0b3dd9d724f492b5209caf61910bcdc3d43b3e55048e0a17daaa0896f2552e,21000,20071,0b28d355eeb06381bd9be78458c1df30e845001991049dc3d8f4b397ce97df0a,15.674897929080235,16.304542518260551,1721,39913,0.96138225966934465,0,ok,
edm_5k,/mnt/pixstor/data/xggh8/zw-lab/e009_stage_b_edm5k_30000kimg/network-snapshot-021000.pkl,6f0b3dd9d724f492b5209caf61910bcdc3d43b3e55048e0a17daaa0896f2552e,21000,20072,97e6c5ba14a1b8f64c0615f03294d0e849b64b8c8da5b8f82e5bf031a5a78222,10.594848098342595,10.773313285270113,10551,7690,0.9834345124659537,0,ok,
edm_5k,/mnt/pixstor/data/xggh8/zw-lab/e009_stage_b_edm5k_30000kimg/network-snapshot-021000.pkl,6f0b3dd9d724f492b5209caf61910bcdc3d43b3e55048e0a17daaa0896f2552e,21000,20073,df78cdd1c7017b7b879c42254c0f75c0b4576c27c37241ebf0dcba6c75e25214,22.042343906191192,22.497225559883571,28921,22326,0.9797805443839479,0,ok,
edm_5k,/mnt/pixstor/data/xggh8/zw-lab/e009_stage_b_edm5k_30000kimg/network-snapshot-021000.pkl,6f0b3dd9d724f492b5209caf61910bcdc3d43b3e55048e0a17daaa0896f2552e,21000,20074,59fc6706148af78912d7977f9dd141c59494d95790f9d0327488331457a9bd58,14.808059692374519,20.380080124270755,41603,11710,0.72659477303720288,0,ok,
edm_5k,/mnt/pixstor/data/xggh8/zw-lab/e009_stage_b_edm5k_30000kimg/network-snapshot-021000.pkl,6f0b3dd9d724f492b5209caf61910bcdc3d43b3e55048e0a17daaa0896f2552e,21000,20075,576497a70410a553840ed3912dbed30dddeb24b6fadb841a7602cf31bff9b53b,16.219959579350551,18.504807329423546,36811,49860,0.87652680141986805,0,ok,
edm_5k,/mnt/pixstor/data/xggh8/zw-lab/e009_stage_b_edm5k_30000kimg/network-snapshot-021000.pkl,6f0b3dd9d724f492b5209caf61910bcdc3d43b3e55048e0a17daaa0896f2552e,21000,20076,f5b01b5ab3333cb47adb1160b504fc52c98398a5cf76e0e372e953ef05487c05,18.824816395051865,18.940285980121683,43951,1787,0.99390349305226933,0,ok,
edm_5k,/mnt/pixstor/data/xggh8/zw-lab/e009_stage_b_edm5k_30000kimg/network-snapshot-021000.pkl,6f0b3dd9d724f492b5209caf61910bcdc3d43b3e55048e0a17daaa0896f2552e,21000,20077,0d6af6ceb484f05811dc6c9ad3c80359d8a1642e45ae72d3e16a806d0514691e,19.932477309797168,21.154295103363641,34360,44542,0.94224256645771209,0,ok,
edm_5k,/mnt/pixstor/data/xggh8/zw-lab/e009_stage_b_edm5k_30000kimg/network-snapshot-021000.pkl,6f0b3dd9d724f492b5209caf61910bcdc3d43b3e55048e0a17daaa0896f2552e,21000,20078,2b452a8d50d8a365e6a8c6e409d0def59674145aa9116066e83ccd5385b6c794,12.091393909267538,13.323770154610145,21934,19604,0.90750544094937025,0,ok,
edm_5k,/mnt/pixstor/data/xggh8/zw-lab/e009_stage_b_edm5k_30000kimg/network-snapshot-021000.pkl,6f0b3dd9d724f492b5209caf61910bcdc3d43b3e55048e0a17daaa0896f2552e,21000,20079,69e05a2c5015d09d752d30e839009449771dbcbbfac1b55b5f1058ed58083316,17.766986066768915,18.010432254707457,19923,7496,0.98648304579836443,0,ok,
edm_5k,/mnt/pixstor/data/xggh8/zw-lab/e009_stage_b_edm5k_30000kimg/network-snapshot-021000.pkl,6f0b3dd9d724f492b5209caf61910bcdc3d43b3e55048e0a17daaa0896f2552e,21000,20080,8ad2bdc73589c1e27c852cfdd8ebb94100e2b747ab20a4d550a7b4cfe7ea8660,15.952373057906408,16.613268896290375,22857,34696,0.96021879604130522,0,ok,
edm_5k,/mnt/pixstor/data/xggh8/zw-lab/e009_stage_b_edm5k_30000kimg/network-snapshot-021000.pkl,6f0b3dd9d724f492b5209caf61910bcdc3d43b3e55048e0a17daaa0896f2552e,21000,20081,ad7ca7b0853021fc20cd7e993b474c04a6ee4025f1ef01c90deefe884f79b282,11.340660690554346,12.958122145989428,11710,30786,0.87517778909533661,0,ok,
edm_5k,/mnt/pixstor/data/xggh8/zw-lab/e009_stage_b_edm5k_30000kimg/network-snapshot-021000.pkl,6f0b3dd9d724f492b5209caf61910bcdc3d43b3e55048e0a17daaa0896f2552e,21000,20082,042fbbafe85b06fb2fb4a2fb8d83f0ece345a2a9fba5904b8ae634507c78bc2b,21.364069531183073,26.151449680339976,43052,45102,0.81693633784455399,0,ok,
edm_5k,/mnt/pixstor/data/xggh8/zw-lab/e009_stage_b_edm5k_30000kimg/network-snapshot-021000.pkl,6f0b3dd9d724f492b5209caf61910bcdc3d43b3e55048e0a17daaa0896f2552e,21000,20083,7c08245fb24ac3e066792374585225d09eec9619ad74a324e927bc38d74d4281,12.553459059184561,12.842272889745644,29437,11207,0.97751069199037999,0,ok,
edm_5k,/mnt/pixstor/data/xggh8/zw-lab/e009_stage_b_edm5k_30000kimg/network-snapshot-021000.pkl,6f0b3dd9d724f492b5209caf61910bcdc3d43b3e55048e0a17daaa0896f2552e,21000,20084,18b9dbad77a8bcf6ec0c3606c159c5197da9c39fcd3f4b4258d9203c4c44d649,16.381135620320467,16.686676019559904,34315,33571,0.98168955885034948,0,ok,
edm_5k,/mnt/pixstor/data/xggh8/zw-lab/e009_stage_b_edm5k_30000kimg/network-snapshot-021000.pkl,6f0b3dd9d724f492b5209caf61910bcdc3d43b3e55048e0a17daaa0896f2552e,21000,20085,6ba6c55a7a8be7281b28385c44bfd21dd46ae3e50a67d0e7b70983d74b49c14d,13.24554048440786,13.90668689502662,37558,37719,0.95245838094944069,0,ok,
edm_5k,/mnt/pixstor/data/xggh8/zw-lab/e009_stage_b_edm5k_30000kimg/network-snapshot-021000.pkl,6f0b3dd9d724f492b5209caf61910bcdc3d43b3e55048e0a17daaa0896f2552e,21000,20086,346543e24a0471d9cc17adf2469159bb719beb891a2f6a7e1a8d2b1c6becac90,13.922110906685036,16.429411833735511,38154,31271,0.84738948950673443,0,ok,
edm_5k,/mnt/pixstor/data/xggh8/zw-lab/e009_stage_b_edm5k_30000kimg/network-snapshot-021000.pkl,6f0b3dd9d724f492b5209caf61910bcdc3d43b3e55048e0a17daaa0896f2552e,21000,20087,4a6c738f90b3d1ee9b3fc48da1549b442bcb07d2ec651740de23f1a0fe4b3fc9,9.3318487419519816,9.413519266488386,32024,13533,0.99132412414269477,0,ok,
edm_5k,/mnt/pixstor/data/xggh8/zw-lab/e009_stage_b_edm5k_30000kimg/network-snapshot-021000.pkl,6f0b3dd9d724f492b5209caf61910bcdc3d43b3e55048e0a17daaa0896f2552e,21000,20088,413988d8342edffa8ef5abeb12cfd692610f1ce1e262f1a66bc7ce2f158644a7,10.599440509872219,14.535843206596505,7187,39915,0.72919337111878657,0,ok,
edm_5k,/mnt/pixstor/data/xggh8/zw-lab/e009_stage_b_edm5k_30000kimg/network-snapshot-021000.pkl,6f0b3dd9d724f492b5209caf61910bcdc3d43b3e55048e0a17daaa0896f2552e,21000,20089,f3dc518711873099748bf789057421bd85e6dcb77c18ec4e196f8c314547f26c,16.191474348797307,16.664599515479058,34315,37719,0.97160896868584901,0,ok,
edm_5k,/mnt/pixstor/data/xggh8/zw-lab/e009_stage_b_edm5k_30000kimg/network-snapshot-021000.pkl,6f0b3dd9d724f492b5209caf61910bcdc3d43b3e55048e0a17daaa0896f2552e,21000,20090,a5eaaea98315cde3764979385191ccaac95aba324347a532282b43a763984a09,18.588778568354318,18.71379897309,26590,37803,0.99331934660004317,0,ok,
edm_5k,/mnt/pixstor/data/xggh8/zw-lab/e009_stage_b_edm5k_30000kimg/network-snapshot-021000.pkl,6f0b3dd9d724f492b5209caf61910bcdc3d43b3e55048e0a17daaa0896f2552e,21000,20091,5227c670658cc15255c16c856cbd58198ca194e9294e9c305d03483d3731ff55,19.935735201849617,20.616982413719018,9692,23630,0.966956987293345,0,ok,
edm_5k,/mnt/pixstor/data/xggh8/zw-lab/e009_stage_b_edm5k_30000kimg/network-snapshot-021000.pkl,6f0b3dd9d724f492b5209caf61910bcdc3d43b3e55048e0a17daaa0896f2552e,21000,20092,1e94aac87361d76f83b03270b83764e6ff479b8bf432bcdd7fe71220b10364fb,11.529690102552948,12.402914192700559,29779,2595,0.92959524861814125,0,ok,
edm_5k,/mnt/pixstor/data/xggh8/zw-lab/e009_stage_b_edm5k_30000kimg/network-snapshot-021000.pkl,6f0b3dd9d724f492b5209caf61910bcdc3d43b3e55048e0a17daaa0896f2552e,21000,20093,0b363cd6ccb8b97c7493742a731be7a8f04f3d15638c78067b6a8b24859c6c64,17.700501242477976,20.17403599999367,35674,15768,0.87739018818463144,0,ok,
edm_5k,/mnt/pixstor/data/xggh8/zw-lab/e009_stage_b_edm5k_30000kimg/network-snapshot-021000.pkl,6f0b3dd9d724f492b5209caf61910bcdc3d43b3e55048e0a17daaa0896f2552e,21000,20094,7e2ab22581bf922d6bcbb061221ead52ccf38c02a99e0e9700f9c8d1996b7353,17.58939811822906,17.632844317259469,25149,29779,0.99753606404907214,0,ok,
edm_5k,/mnt/pixstor/data/xggh8/zw-lab/e009_stage_b_edm5k_30000kimg/network-snapshot-021000.pkl,6f0b3dd9d724f492b5209caf61910bcdc3d43b3e55048e0a17daaa0896f2552e,21000,20095,3429cbcd1505519ce00bfcc476369d167a85691bfc8d59f92c876a9b55048bea,20.803323259251169,21.878398991463325,38154,42837,0.95086131610308244,0,ok,
edm_5k,/mnt/pixstor/data/xggh8/zw-lab/e009_stage_b_edm5k_30000kimg/network-snapshot-021000.pkl,6f0b3dd9d724f492b5209caf61910bcdc3d43b3e55048e0a17daaa0896f2552e,21000,20096,46e2e1066285e919ba000c5d5d94fbaf95ce7afe5f99e5a9eaa7bc7f40d27b0b,22.896378156990124,23.816434705457105,22518,25486,0.96136883795389549,0,ok,
edm_5k,/mnt/pixstor/data/xggh8/zw-lab/e009_stage_b_edm5k_30000kimg/network-snapshot-021000.pkl,6f0b3dd9d724f492b5209caf61910bcdc3d43b3e55048e0a17daaa0896f2552e,21000,20097,a63fff5fb95ebecd11f13b02805a1cf0a5c4d2c00ee5051606d1901d35031831,19.427420119612066,19.466675625045237,34675,47886,0.99798345099136154,0,ok,
edm_5k,/mnt/pixstor/data/xggh8/zw-lab/e009_stage_b_edm5k_30000kimg/network-snapshot-021000.pkl,6f0b3dd9d724f492b5209caf61910bcdc3d43b3e55048e0a17daaa0896f2552e,21000,20098,80397dcc12dd5b8378c8608f323a3c83240ceca9a678c21605304bc82bfbc66f,18.196091666612503,18.829983610282216,737,12277,0.96633603316980199,0,ok,
edm_5k,/mnt/pixstor/data/xggh8/zw-lab/e009_stage_b_edm5k_30000kimg/network-snapshot-021000.pkl,6f0b3dd9d724f492b5209caf61910bcdc3d43b3e55048e0a17daaa0896f2552e,21000,20099,368419e336a4291b85456672c0a0528a826fe889d11dd4d0a01efb94668285d1,19.15356525110256,20.889698967592746,25744,26351,0.91689043871893317,0,ok,
edm_5k,/mnt/pixstor/data/xggh8/zw-lab/e009_stage_b_edm5k_30000kimg/network-snapshot-021000.pkl,6f0b3dd9d724f492b5209caf61910bcdc3d43b3e55048e0a17daaa0896f2552e,21000,20100,3ae5d8b8636c119b9419f5101ceb877c7ded99c726f7a917f4b3fbdcf437106d,13.35663326479912,15.09856639889404,1220,21934,0.88462923644045333,0,ok,
edm_5k,/mnt/pixstor/data/xggh8/zw-lab/e009_stage_b_edm5k_30000kimg/network-snapshot-021000.pkl,6f0b3dd9d724f492b5209caf61910bcdc3d43b3e55048e0a17daaa0896f2552e,21000,20101,c41c1dc0efbcc2edae2a0f341a659b23dc1d5609f6f0a75ec1afbe2003bd8b19,18.212626315779314,18.868329100373881,21934,17844,0.96524849756931719,0,ok,
edm_5k,/mnt/pixstor/data/xggh8/zw-lab/e009_stage_b_edm5k_30000kimg/network-snapshot-021000.pkl,6f0b3dd9d724f492b5209caf61910bcdc3d43b3e55048e0a17daaa0896f2552e,21000,20102,79b402aad1220b2109a88da0291704585b1feb8c62d9a8dfc0ebbc4a12465c5f,16.509786382740558,17.270477329202908,11710,9332,0.95595426044327758,0,ok,
edm_5k,/mnt/pixstor/data/xggh8/zw-lab/e009_stage_b_edm5k_30000kimg/network-snapshot-021000.pkl,6f0b3dd9d724f492b5209caf61910bcdc3d43b3e55048e0a17daaa0896f2552e,21000,20103,97aad8095ab8477321f1fb73283c185b1d56474f11953c1c4cd56d110811cef6,12.794427049597493,14.716254417607004,7690,44302,0.86940784567368079,0,ok,
edm_5k,/mnt/pixstor/data/xggh8/zw-lab/e009_stage_b_edm5k_30000kimg/network-snapshot-021000.pkl,6f0b3dd9d724f492b5209caf61910bcdc3d43b3e55048e0a17daaa0896f2552e,21000,20104,452e106393a0998b1ae41194abf781ebaae116808afa1bf004cbcbbe4ded2017,14.677050970481213,15.855564425072027,2567,40529,0.92567193302010375,0,ok,
edm_5k,/mnt/pixstor/data/xggh8/zw-lab/e009_stage_b_edm5k_30000kimg/network-snapshot-021000.pkl,6f0b3dd9d724f492b5209caf61910bcdc3d43b3e55048e0a17daaa0896f2552e,21000,20105,2fe9fa98e0bef5d5183dcffc65a293609678d539bd925e30e6acbdfe85a19b9d,11.020474852476285,15.518279676985578,12277,34019,0.71016086073124629,0,ok,
edm_5k,/mnt/pixstor/data/xggh8/zw-lab/e009_stage_b_edm5k_30000kimg/network-snapshot-021000.pkl,6f0b3dd9d724f492b5209caf61910bcdc3d43b3e55048e0a17daaa0896f2552e,21000,20106,3c7a6a31c19fddbb0cba14d416db81896b0644e5057392de83f7fb360f365b95,16.705782626022877,16.956792651403337,7813,2567,0.98519708116147275,0,ok,
edm_5k,/mnt/pixstor/data/xggh8/zw-lab/e009_stage_b_edm5k_30000kimg/network-snapshot-021000.pkl,6f0b3dd9d724f492b5209caf61910bcdc3d43b3e55048e0a17daaa0896f2552e,21000,20107,5c05c77bb6f378d4dafde123dc308131200dbef3caa78214afc56cc26365994a,18.078313260046077,18.082001803131742,43777,46008,0.99979601024677334,0,ok,
edm_5k,/mnt/pixstor/data/xggh8/zw-lab/e009_stage_b_edm5k_30000kimg/network-snapshot-021000.pkl,6f0b3dd9d724f492b5209caf61910bcdc3d43b3e55048e0a17daaa0896f2552e,21000,20108,d283fe3d975e1142ac21ef360eb82e85936d19aaf561a6fdd8f9bf1dec7a5723,18.922913416671509,19.236678733870541,832,8275,0.98368921571442702,0,ok,
edm_5k,/mnt/pixstor/data/xggh8/zw-lab/e009_stage_b_edm5k_30000kimg/network-snapshot-021000.pkl,6f0b3dd9d724f492b5209caf61910bcdc3d43b3e55048e0a17daaa0896f2552e,21000,20109,02de482301013641482ce1e64441be617c007e94c8a2fddd4a7be158cbd5a471,12.843169573095723,13.785949518759328,10551,32953,0.93161298433737116,0,ok,
edm_5k,/mnt/pixstor/data/xggh8/zw-lab/e009_stage_b_edm5k_30000kimg/network-snapshot-021000.pkl,6f0b3dd9d724f492b5209caf61910bcdc3d43b3e55048e0a17daaa0896f2552e,21000,20110,b392d52c8e8f28766edc412f9cabc6082ff5185b6124ffb4772bb2637fc14bce,13.014712762377386,13.306590920155521,26940,44302,0.97806514384266319,0,ok,
edm_5k,/mnt/pixstor/data/xggh8/zw-lab/e009_stage_b_edm5k_30000kimg/network-snapshot-021000.pkl,6f0b3dd9d724f492b5209caf61910bcdc3d43b3e55048e0a17daaa0896f2552e,21000,20111,3328376f3693bda56b39e7aa927534e3b19a46b3a295a8a88366192ad255831c,15.394136682792993,15.51122293347581,13533,36219,0.99245151390158115,0,ok,
edm_5k,/mnt/pixstor/data/xggh8/zw-lab/e009_stage_b_edm5k_30000kimg/network-snapshot-021000.pkl,6f0b3dd9d724f492b5209caf61910bcdc3d43b3e55048e0a17daaa0896f2552e,21000,20112,965d4a9ced530da464bced1a49d2aa8c86e1c7d96ddb551f4cb11295690ee397,20.454507267059231,21.162425806963221,25969,13919,0.9665483273816815,0,ok,
edm_5k,/mnt/pixstor/data/xggh8/zw-lab/e009_stage_b_edm5k_30000kimg/network-snapshot-021000.pkl,6f0b3dd9d724f492b5209caf61910bcdc3d43b3e55048e0a17daaa0896f2552e,21000,20113,7450d9fcd1df2572f1e3bfb9e7606ae7aa0aa217f84c90f551fe25754f3e86d5,19.506296902356308,20.534932703565719,47045,47886,0.94990800232665007,0,ok,
edm_5k,/mnt/pixstor/data/xggh8/zw-lab/e009_stage_b_edm5k_30000kimg/network-snapshot-021000.pkl,6f0b3dd9d724f492b5209caf61910bcdc3d43b3e55048e0a17daaa0896f2552e,21000,20114,fa3da20f5fefc31fa838d8d89be82546f263a16ee4c98b9fa18615a4d6a6a705,13.895062573306172,15.719939552952164,31572,26376,0.88391323175900605,0,ok,
edm_5k,/mnt/pixstor/data/xggh8/zw-lab/e009_stage_b_edm5k_30000kimg/network-snapshot-021000.pkl,6f0b3dd9d724f492b5209caf61910bcdc3d43b3e55048e0a17daaa0896f2552e,21000,20115,83c46655c490ddc59e90321fa16e744d3549827a4d2d08a2c3d02ae87aba7440,14.650529374710571,16.540693822581755,21934,38676,0.88572641098702365,0,ok,
edm_5k,/mnt/pixstor/data/xggh8/zw-lab/e009_stage_b_edm5k_30000kimg/network-snapshot-021000.pkl,6f0b3dd9d724f492b5209caf61910bcdc3d43b3e55048e0a17daaa0896f2552e,21000,20116,fe9b369fb5f8ceb928b244d5afdc37df0cb7c36bc7dd4329fe8e24f51c7062fa,14.906691292701893,14.976958398382413,737,12277,0.99530831936555897,0,ok,
edm_5k,/mnt/pixstor/data/xggh8/zw-lab/e009_stage_b_edm5k_30000kimg/network-snapshot-021000.pkl,6f0b3dd9d724f492b5209caf61910bcdc3d43b3e55048e0a17daaa0896f2552e,21000,20117,173930799239c44de3a9c0174591c5840ca0c03239f29f98a67dae655be2ae69,21.319926923638594,28.084455072109254,17938,42837,0.75913621499501582,0,ok,
edm_5k,/mnt/pixstor/data/xggh8/zw-lab/e009_stage_b_edm5k_30000kimg/network-snapshot-021000.pkl,6f0b3dd9d724f492b5209caf61910bcdc3d43b3e55048e0a17daaa0896f2552e,21000,20118,c0bcb8755fb99631c5db0912623ca998cd22bca680a8f1dc253fc07daf658e87,14.873998397196136,15.184382404471211,2567,39913,0.97955899693466097,0,ok,
edm_5k,/mnt/pixstor/data/xggh8/zw-lab/e009_stage_b_edm5k_30000kimg/network-snapshot-021000.pkl,6f0b3dd9d724f492b5209caf61910bcdc3d43b3e55048e0a17daaa0896f2552e,21000,20119,697cfab5c446798a80e38bf5dcca55fd47c0a72f6f3606322197ce9d1ae92796,19.989533219945841,20.172526310619197,6525,14410,0.99092859824022017,0,ok,
edm_5k,/mnt/pixstor/data/xggh8/zw-lab/e009_stage_b_edm5k_30000kimg/network-snapshot-021000.pkl,6f0b3dd9d724f492b5209caf61910bcdc3d43b3e55048e0a17daaa0896f2552e,21000,20120,288301102c40c9af9b351d3a1582048b1793611584a41241aa73ffd020d9354b,16.601381499849129,16.610035181215007,36170,32953,0.99947900884787622,0,ok,
edm_5k,/mnt/pixstor/data/xggh8/zw-lab/e009_stage_b_edm5k_30000kimg/network-snapshot-021000.pkl,6f0b3dd9d724f492b5209caf61910bcdc3d43b3e55048e0a17daaa0896f2552e,21000,20121,44a19e94eca57e2bee2639f1fdeef708e7843a37a4c13fdb618c3f898105d073,18.950186508275088,19.405345520941847,46008,46960,0.97654465816258929,0,ok,
edm_5k,/mnt/pixstor/data/xggh8/zw-lab/e009_stage_b_edm5k_30000kimg/network-snapshot-021000.pkl,6f0b3dd9d724f492b5209caf61910bcdc3d43b3e55048e0a17daaa0896f2552e,21000,20122,ba9f9c1ab49f1079f6db83d1d711c915f8c47c4119b5bbdeb410518ef778f422,13.945736856413014,14.110183918862061,11207,31249,0.98834550538854282,0,ok,
edm_5k,/mnt/pixstor/data/xggh8/zw-lab/e009_stage_b_edm5k_30000kimg/network-snapshot-021000.pkl,6f0b3dd9d724f492b5209caf61910bcdc3d43b3e55048e0a17daaa0896f2552e,21000,20123,767d7f7e643c74e625adecf2e32c0bca9b75c47fa0e8e8dbce71f146b91a5e51,16.948926531170017,19.247534886423043,18459,11207,0.88057648063418059,0,ok,
edm_5k,/mnt/pixstor/data/xggh8/zw-lab/e009_stage_b_edm5k_30000kimg/network-snapshot-021000.pkl,6f0b3dd9d724f492b5209caf61910bcdc3d43b3e55048e0a17daaa0896f2552e,21000,20124,65854aa73129505a979db6eaf02358fa01b93aa2e4ceb4f55a2af47f68dcd263,13.974073621843429,14.339531850895272,39915,7187,0.97451393582078305,0,ok,
edm_5k,/mnt/pixstor/data/xggh8/zw-lab/e009_stage_b_edm5k_30000kimg/network-snapshot-021000.pkl,6f0b3dd9d724f492b5209caf61910bcdc3d43b3e55048e0a17daaa0896f2552e,21000,20125,048542fd4f456a4bc25e5068dbf5b63554f7f565111e0562bd3560a2f4b9b3c6,11.861250976458662,12.845447362675861,39006,11207,0.92338169637618761,0,ok,
edm_5k,/mnt/pixstor/data/xggh8/zw-lab/e009_stage_b_edm5k_30000kimg/network-snapshot-021000.pkl,6f0b3dd9d724f492b5209caf61910bcdc3d43b3e55048e0a17daaa0896f2552e,21000,20126,76d9afa9e8641ce5b4b453494112f25082eafd7ca88daa505282a43fcb5d4097,18.871233835980103,19.744968932886028,39199,44278,0.95574897585932972,0,ok,
edm_5k,/mnt/pixstor/data/xggh8/zw-lab/e009_stage_b_edm5k_30000kimg/network-snapshot-021000.pkl,6f0b3dd9d724f492b5209caf61910bcdc3d43b3e55048e0a17daaa0896f2552e,21000,20127,16a763ded06e73a220b2a571a17eab02a02aab680f7f3c9c93515647eba60ef3,15.462699421118995,15.983884597202085,40529,12300,0.96739308439612226,0,ok,
edm_5k,/mnt/pixstor/data/xggh8/zw-lab/e009_stage_b_edm5k_30000kimg/network-snapshot-022000.pkl,02bbb0eb6567537be434155f49e05c5c7c6f7e1bf8d9c297261201430cf791c5,22000,20000,30fc4ec29c46aee942a01a41b5538d2f334024ac7299d1734226825dc59d70b3,12.730347782749293,13.308309376213055,22857,29779,0.95657137378420165,0,ok,
edm_5k,/mnt/pixstor/data/xggh8/zw-lab/e009_stage_b_edm5k_30000kimg/network-snapshot-022000.pkl,02bbb0eb6567537be434155f49e05c5c7c6f7e1bf8d9c297261201430cf791c5,22000,20001,384179c0086958e84ca3c3772d444742d581a4274aa998eb397cc7cca88dcbea,10.443237293930631,11.2911393086533,44302,47671,0.92490553950805887,0,ok,
edm_5k,/mnt/pixstor/data/xggh8/zw-lab/e009_stage_b_edm5k_30000kimg/network-snapshot-022000.pkl,02bbb0eb6567537be434155f49e05c5c7c6f7e1bf8d9c297261201430cf791c5,22000,20002,534217af373a1cb7619d9197b486ed7f523d76cc0349ab80930c3eb744673b25,19.656129085677996,19.689529490502366,13316,10551,0.99830364636999169,0,ok,
edm_5k,/mnt/pixstor/data/xggh8/zw-lab/e009_stage_b_edm5k_30000kimg/network-snapshot-022000.pkl,02bbb0eb6567537be434155f49e05c5c7c6f7e1bf8d9c297261201430cf791c5,22000,20003,6d4f22131ba41f3d535f4485cb8a7d6335ecbbc560593002840d6ff3c18ca4d9,16.14573091101764,20.001155930636546,33343,13435,0.80723988988489404,0,ok,
edm_5k,/mnt/pixstor/data/xggh8/zw-lab/e009_stage_b_edm5k_30000kimg/network-snapshot-022000.pkl,02bbb0eb6567537be434155f49e05c5c7c6f7e1bf8d9c297261201430cf791c5,22000,20004,4eedc4f301e445d80515b22ce9b23f7040f8fd4dae07b3f6b8fbffca156c200b,14.862589534243261,16.485762999755437,47886,29779,0.90154089528423675,0,ok,
edm_5k,/mnt/pixstor/data/xggh8/zw-lab/e009_stage_b_edm5k_30000kimg/network-snapshot-022000.pkl,02bbb0eb6567537be434155f49e05c5c7c6f7e1bf8d9c297261201430cf791c5,22000,20005,437c7c47e9969303618f569ede80764006220770e17360ad9da9bcd8515ab459,14.854879309385048,19.821221095864551,7672,4706,0.74944319714411201,0,ok,
edm_5k,/mnt/pixstor/data/xggh8/zw-lab/e009_stage_b_edm5k_30000kimg/network-snapshot-022000.pkl,02bbb0eb6567537be434155f49e05c5c7c6f7e1bf8d9c297261201430cf791c5,22000,20006,db9f596820093f564bb74ed155919a14318cb88e5bd1807dff0f0e828b40f91c,15.952403564084367,19.327237332904463,21934,37558,0.82538457459336578,0,ok,
edm_5k,/mnt/pixstor/data/xggh8/zw-lab/e009_stage_b_edm5k_30000kimg/network-snapshot-022000.pkl,02bbb0eb6567537be434155f49e05c5c7c6f7e1bf8d9c297261201430cf791c5,22000,20007,6f62ef1c64d8e9705a06b8c6a994c35550ebe0a23838c85f2f0af16e2694c23b,26.628719012454713,27.455954195268372,11476,34035,0.96987046318149017,0,ok,
edm_5k,/mnt/pixstor/data/xggh8/zw-lab/e009_stage_b_edm5k_30000kimg/network-snapshot-022000.pkl,02bbb0eb6567537be434155f49e05c5c7c6f7e1bf8d9c297261201430cf791c5,22000,20008,d89089f8df5f61fd43d629aae2c068f0e8d31097aa9e233a1c9ee4ec4216cdc5,26.079134519757076,27.459096674322744,38456,30085,0.949744808762916,0,ok,
edm_5k,/mnt/pixstor/data/xggh8/zw-lab/e009_stage_b_edm5k_30000kimg/network-snapshot-022000.pkl,02bbb0eb6567537be434155f49e05c5c7c6f7e1bf8d9c297261201430cf791c5,22000,20009,1a9cb031c917535c363d6766e1bb5092c68dd91ff5d5154e99fc7ba564544ad1,12.156861608620614,15.55717798891628,5924,22857,0.78143102928318864,0,ok,
edm_5k,/mnt/pixstor/data/xggh8/zw-lab/e009_stage_b_edm5k_30000kimg/network-snapshot-022000.pkl,02bbb0eb6567537be434155f49e05c5c7c6f7e1bf8d9c297261201430cf791c5,22000,20010,ee7c10fe8c4fb843e540e459fa6080bb4b1cef282a116db961da7f84b0b994d8,13.896678094961443,14.766216921839906,9692,29779,0.94111295862162392,0,ok,
edm_5k,/mnt/pixstor/data/xggh8/zw-lab/e009_stage_b_edm5k_30000kimg/network-snapshot-022000.pkl,02bbb0eb6567537be434155f49e05c5c7c6f7e1bf8d9c297261201430cf791c5,22000,20011,78d599930ea8f78d6a2668d24313fb0271ffa2204b04bf64eaa2852e1fa6c0c3,21.989783350958508,24.027780528563071,21936,11710,0.91518163006433784,0,ok,
edm_5k,/mnt/pixstor/data/xggh8/zw-lab/e009_stage_b_edm5k_30000kimg/network-snapshot-022000.pkl,02bbb0eb6567537be434155f49e05c5c7c6f7e1bf8d9c297261201430cf791c5,22000,20012,e50fe6ff61e2f06ebf77507a3d35d4f27bde5590f9b808a11e3066f363a55b7c,16.40268807355119,17.428072095735626,1276,12300,0.94116480488766563,0,ok,
edm_5k,/mnt/pixstor/data/xggh8/zw-lab/e009_stage_b_edm5k_30000kimg/network-snapshot-022000.pkl,02bbb0eb6567537be434155f49e05c5c7c6f7e1bf8d9c297261201430cf791c5,22000,20013,d14b4db99cc38a8c968d1efee9e049066d365512c6da03f31f2123b689c4f3bf,18.7231025471016,19.776343203832273,33343,26140,0.94674239590833076,0,ok,
edm_5k,/mnt/pixstor/data/xggh8/zw-lab/e009_stage_b_edm5k_30000kimg/network-snapshot-022000.pkl,02bbb0eb6567537be434155f49e05c5c7c6f7e1bf8d9c297261201430cf791c5,22000,20014,f5484dcf64df7cd7197587a0f6a1cf32bf4a77654e514cd64573f2d7e4b4e3cf,13.274298901911395,15.017728697613109,48613,22857,0.88390855695916182,0,ok,
edm_5k,/mnt/pixstor/data/xggh8/zw-lab/e009_stage_b_edm5k_30000kimg/network-snapshot-022000.pkl,02bbb0eb6567537be434155f49e05c5c7c6f7e1bf8d9c297261201430cf791c5,22000,20015,be2e1de1cfe320f7a5b26ef40dd7723be1073fd87772b5663a7a36e71587780e,19.905263656616501,20.515271799641525,12699,20200,0.97026565628851758,0,ok,
edm_5k,/mnt/pixstor/data/xggh8/zw-lab/e009_stage_b_edm5k_30000kimg/network-snapshot-022000.pkl,02bbb0eb6567537be434155f49e05c5c7c6f7e1bf8d9c297261201430cf791c5,22000,20016,85c2c1f67471182c1770046263367014136e1bcefd2da48c9caa766555079026,18.11701658972073,18.482960787689791,14062,48190,0.98020099689802997,0,ok,
edm_5k,/mnt/pixstor/data/xggh8/zw-lab/e009_stage_b_edm5k_30000kimg/network-snapshot-022000.pkl,02bbb0eb6567537be434155f49e05c5c7c6f7e1bf8d9c297261201430cf791c5,22000,20017,d5d12fbe43fc46c4a2737a1be248c544b9632966693baeccaca02b0a478231bd,16.827549664138047,21.852557361667884,22870,30085,0.77004944481489712,0,ok,
edm_5k,/mnt/pixstor/data/xggh8/zw-lab/e009_stage_b_edm5k_30000kimg/network-snapshot-022000.pkl,02bbb0eb6567537be434155f49e05c5c7c6f7e1bf8d9c297261201430cf791c5,22000,20018,2b5c3dbed490ba25f54bee88528093b252d481297e794e0725630e6efc8415f8,15.378428361856171,15.920385863275387,14410,13435,0.96595826846952337,0,ok,
edm_5k,/mnt/pixstor/data/xggh8/zw-lab/e009_stage_b_edm5k_30000kimg/network-snapshot-022000.pkl,02bbb0eb6567537be434155f49e05c5c7c6f7e1bf8d9c297261201430cf791c5,22000,20019,6c73bae961f535990d88fab9ce5ad19e8545a7860e1f6835a59d33609b0fc925,16.00866180279704,16.261399485299449,35588,13535,0.98445781479442229,0,ok,
edm_5k,/mnt/pixstor/data/xggh8/zw-lab/e009_stage_b_edm5k_30000kimg/network-snapshot-022000.pkl,02bbb0eb6567537be434155f49e05c5c7c6f7e1bf8d9c297261201430cf791c5,22000,20020,63d7944472f28e2c70f7ae987cf1735e577436890fd4d50d7b85cfc9fc48c65c,13.171627082604923,16.393440503838928,9692,47886,0.80346935590002977,0,ok,
edm_5k,/mnt/pixstor/data/xggh8/zw-lab/e009_stage_b_edm5k_30000kimg/network-snapshot-022000.pkl,02bbb0eb6567537be434155f49e05c5c7c6f7e1bf8d9c297261201430cf791c5,22000,20021,5dad6336f30a3c5d47504e61071f3a75be58c6678d0a65f73c1e62488d02362a,17.76426892970813,17.925650757887912,20770,19545,0.99099715651278275,0,ok,
edm_5k,/mnt/pixstor/data/xggh8/zw-lab/e009_stage_b_edm5k_30000kimg/network-snapshot-022000.pkl,02bbb0eb6567537be434155f49e05c5c7c6f7e1bf8d9c297261201430cf791c5,22000,20022,92c63f935b85734a1997587125066cb7e16ea07195002a5d1e11889dbea5d999,11.137307953327898,12.192477570208496,29779,12699,0.91345732556778825,0,ok,
edm_5k,/mnt/pixstor/data/xggh8/zw-lab/e009_stage_b_edm5k_30000kimg/network-snapshot-022000.pkl,02bbb0eb6567537be434155f49e05c5c7c6f7e1bf8d9c297261201430cf791c5,22000,20023,cf2a147b310400348d1224bc7d6b4c0b5f2985199af4f0d23d35d057e23042b3,15.773211705635408,16.512620736144676,2567,45385,0.9552215821870863,0,ok,
edm_5k,/mnt/pixstor/data/xggh8/zw-lab/e009_stage_b_edm5k_30000kimg/network-snapshot-022000.pkl,02bbb0eb6567537be434155f49e05c5c7c6f7e1bf8d9c297261201430cf791c5,22000,20024,80c7845396b8a94560d08e5372bb3273f8a1762d126f77fcd887163ad0731907,13.966182893753055,14.466294670569232,40136,26140,0.96542917255559424,0,ok,
edm_5k,/mnt/pixstor/data/xggh8/zw-lab/e009_stage_b_edm5k_30000kimg/network-snapshot-022000.pkl,02bbb0eb6567537be434155f49e05c5c7c6f7e1bf8d9c297261201430cf791c5,22000,20025,4f86ef5b13e9ae61a174d73164af532e564f63ea044e509ed057cca42b1c25c5,12.513000760141134,13.656289937475309,30786,45494,0.91628112887404478,0,ok,
edm_5k,/mnt/pixstor/data/xggh8/zw-lab/e009_stage_b_edm5k_30000kimg/network-snapshot-022000.pkl,02bbb0eb6567537be434155f49e05c5c7c6f7e1bf8d9c297261201430cf791c5,22000,20026,8f2cc799fc149479ca20a4fde5b333238d5ef51266a5bf1b7862b9c2281f898d,14.568482301731418,16.324394615194521,11830,9692,0.89243629826071935,0,ok,
edm_5k,/mnt/pixstor/data/xggh8/zw-lab/e009_stage_b_edm5k_30000kimg/network-snapshot-022000.pkl,02bbb0eb6567537be434155f49e05c5c7c6f7e1bf8d9c297261201430cf791c5,22000,20027,b2da3fb5c4817d7eba3785d648cbf8311af62472789567dd8b3d5c6d1dfbc403,14.127825265053971,14.142132941494378,48613,39913,0.9989882943047137,0,ok,
edm_5k,/mnt/pixstor/data/xggh8/zw-lab/e009_stage_b_edm5k_30000kimg/network-snapshot-022000.pkl,02bbb0eb6567537be434155f49e05c5c7c6f7e1bf8d9c297261201430cf791c5,22000,20028,79ea391fb20219190bbf8ed082ce268a23c12a4b5a3cc7b8e08960afeca8c444,16.562502781550741,16.906561541384157,43826,2782,0.97964939476361157,0,ok,
edm_5k,/mnt/pixstor/data/xggh8/zw-lab/e009_stage_b_edm5k_30000kimg/network-snapshot-022000.pkl,02bbb0eb6567537be434155f49e05c5c7c6f7e1bf8d9c297261201430cf791c5,22000,20029,bb4af3be8afd8fa83f9ad42ccc7c858e38f6cb7fd7828c0a203401ef59b1c9a4,13.627734809523718,13.857584876437921,12699,37558,0.98341341085306877,0,ok,
edm_5k,/mnt/pixstor/data/xggh8/zw-lab/e009_stage_b_edm5k_30000kimg/network-snapshot-022000.pkl,02bbb0eb6567537be434155f49e05c5c7c6f7e1bf8d9c297261201430cf791c5,22000,20030,9248e3a95d361b74339c1d2431de8dcb851a92976d209ee60fc6bd4b6ee0690f,16.316227064708748,17.910830490146211,34315,38291,0.91096987790070671,0,ok,
edm_5k,/mnt/pixstor/data/xggh8/zw-lab/e009_stage_b_edm5k_30000kimg/network-snapshot-022000.pkl,02bbb0eb6567537be434155f49e05c5c7c6f7e1bf8d9c297261201430cf791c5,22000,20031,ef47d304f4b37f15072e20ab72c5da9cef8eeff42dcef997a8f9ed9e1a92ffe5,16.536489010924566,17.23320502807319,13435,37558,0.95957130342187291,0,ok,
edm_5k,/mnt/pixstor/data/xggh8/zw-lab/e009_stage_b_edm5k_30000kimg/network-snapshot-022000.pkl,02bbb0eb6567537be434155f49e05c5c7c6f7e1bf8d9c297261201430cf791c5,22000,20032,c1d4491bb3f8d2f9b612dd8d34e6f112570b0b5594c483de1cb0cc1e54d1abad,14.743102746708946,17.677793468757965,11207,29437,0.83398998708546346,0,ok,
edm_5k,/mnt/pixstor/data/xggh8/zw-lab/e009_stage_b_edm5k_30000kimg/network-snapshot-022000.pkl,02bbb0eb6567537be434155f49e05c5c7c6f7e1bf8d9c297261201430cf791c5,22000,20033,1bedbc7d6850849da6f007b18d978935afa7235bfa6f37fbc7f30acf7e9b42f8,10.085468537738725,15.338230672045722,47356,30132,0.65753793598369359,0,ok,
edm_5k,/mnt/pixstor/data/xggh8/zw-lab/e009_stage_b_edm5k_30000kimg/network-snapshot-022000.pkl,02bbb0eb6567537be434155f49e05c5c7c6f7e1bf8d9c297261201430cf791c5,22000,20034,72f0d8fa2b3e2e7f421deed4f18497762a7c86ca4e3c46158ee4b333ce1f5056,15.404266809795049,15.970433936270505,33571,39774,0.96454904552157272,0,ok,
edm_5k,/mnt/pixstor/data/xggh8/zw-lab/e009_stage_b_edm5k_30000kimg/network-snapshot-022000.pkl,02bbb0eb6567537be434155f49e05c5c7c6f7e1bf8d9c297261201430cf791c5,22000,20035,798739c5d7caaf86e763cb7047034c8f81d955bdc7309d153a7f8baf4a20f3cc,12.048781062298525,12.64365052343971,20770,39913,0.95295113068505233,0,ok,
edm_5k,/mnt/pixstor/data/xggh8/zw-lab/e009_stage_b_edm5k_30000kimg/network-snapshot-022000.pkl,02bbb0eb6567537be434155f49e05c5c7c6f7e1bf8d9c297261201430cf791c5,22000,20036,365095d09306e8be9f051bdd19e77f532d4045cc858a31dfe2bddb9523f2daa4,16.00744717119948,16.82035527652635,15768,7187,0.951671169130338,0,ok,
edm_5k,/mnt/pixstor/data/xggh8/zw-lab/e009_stage_b_edm5k_30000kimg/network-snapshot-022000.pkl,02bbb0eb6567537be434155f49e05c5c7c6f7e1bf8d9c297261201430cf791c5,22000,20037,a2d35def1202062480f91d2b165eb4f52b7cc05498acdeb32d2349bdee15f346,13.905936824289546,17.144602631672591,47550,22857,0.81109706203397214,0,ok,
edm_5k,/mnt/pixstor/data/xggh8/zw-lab/e009_stage_b_edm5k_30000kimg/network-snapshot-022000.pkl,02bbb0eb6567537be434155f49e05c5c7c6f7e1bf8d9c297261201430cf791c5,22000,20038,87bb1bf67752e5c32f95fd3937597396c6f3b281473ef73ab92043a77f76a802,11.953263135254714,12.392173523810857,32024,10551,0.9645816460112665,0,ok,
edm_5k,/mnt/pixstor/data/xggh8/zw-lab/e009_stage_b_edm5k_30000kimg/network-snapshot-022000.pkl,02bbb0eb6567537be434155f49e05c5c7c6f7e1bf8d9c297261201430cf791c5,22000,20039,3b6a8eee398679b9e1c0af57bf0d93b4f83a257ecc19f78f6452fa20a1eacc6a,9.7462183656415675,11.165466124883894,16683,20051,0.87288951993868646,0,ok,
edm_5k,/mnt/pixstor/data/xggh8/zw-lab/e009_stage_b_edm5k_30000kimg/network-snapshot-022000.pkl,02bbb0eb6567537be434155f49e05c5c7c6f7e1bf8d9c297261201430cf791c5,22000,20040,719f90862d580fc8f0e0c1a77cc93e9792de47cf696d62d97c6c23a21e17b5af,11.215400660003802,12.652198964974303,37719,26590,0.88643884680061857,0,ok,
edm_5k,/mnt/pixstor/data/xggh8/zw-lab/e009_stage_b_edm5k_30000kimg/network-snapshot-022000.pkl,02bbb0eb6567537be434155f49e05c5c7c6f7e1bf8d9c297261201430cf791c5,22000,20041,1ea7f1a175ec59fd5207ceda8940a511a44354b24a47cc381751b63ae17c3c6f,15.432931351645019,15.723216717944437,3160,12699,0.98153778762280086,0,ok,
edm_5k,/mnt/pixstor/data/xggh8/zw-lab/e009_stage_b_edm5k_30000kimg/network-snapshot-022000.pkl,02bbb0eb6567537be434155f49e05c5c7c6f7e1bf8d9c297261201430cf791c5,22000,20042,2a1435c7e25f5bc1156a7aa589314be7997b48224639228fae4cbd20309fe0cf,17.335041085649269,17.614920818959359,15768,29437,0.98411121252337119,0,ok,
edm_5k,/mnt/pixstor/data/xggh8/zw-lab/e009_stage_b_edm5k_30000kimg/network-snapshot-022000.pkl,02bbb0eb6567537be434155f49e05c5c7c6f7e1bf8d9c297261201430cf791c5,22000,20043,ba89c0e4bc54c424de1a37ee83b47422b9e1d500447399802285e62feee46bc5,17.635812897387016,18.060336737811809,2567,27642,0.97649413482219327,0,ok,
edm_5k,/mnt/pixstor/data/xggh8/zw-lab/e009_stage_b_edm5k_30000kimg/network-snapshot-022000.pkl,02bbb0eb6567537be434155f49e05c5c7c6f7e1bf8d9c297261201430cf791c5,22000,20044,d629aae717079b5314c44d711924b7b0146d0cd53496e9b72a7e145b68566385,18.748659575397863,18.848094393552369,32953,30169,0.99472441000780842,0,ok,
edm_5k,/mnt/pixstor/data/xggh8/zw-lab/e009_stage_b_edm5k_30000kimg/network-snapshot-022000.pkl,02bbb0eb6567537be434155f49e05c5c7c6f7e1bf8d9c297261201430cf791c5,22000,20045,541d65c8a660124a51f710601e3590b27403bea6d8f4b47d5c68d6bb59201d9b,12.621339893427288,17.480944013904679,46725,220,0.72200562414638658,0,ok,
edm_5k,/mnt/pixstor/data/xggh8/zw-lab/e009_stage_b_edm5k_30000kimg/network-snapshot-022000.pkl,02bbb0eb6567537be434155f49e05c5c7c6f7e1bf8d9c297261201430cf791c5,22000,20046,58e854db183992ccdc11f6b6b495a3e365a09d5bc083efe6e3019621d4f5a6ed,21.055175812004805,21.469536385457371,16683,8398,0.98070006887837424,0,ok,
edm_5k,/mnt/pixstor/data/xggh8/zw-lab/e009_stage_b_edm5k_30000kimg/network-snapshot-022000.pkl,02bbb0eb6567537be434155f49e05c5c7c6f7e1bf8d9c297261201430cf791c5,22000,20047,5c6e74c5527294f18ce1e06ec2b5fa960524c9b51fbc9d9d3b691671874de5b1,19.573044271946326,20.112914285506591,25406,9131,0.97315804135110862,0,ok,
edm_5k,/mnt/pixstor/data/xggh8/zw-lab/e009_stage_b_edm5k_30000kimg/network-snapshot-022000.pkl,02bbb0eb6567537be434155f49e05c5c7c6f7e1bf8d9c297261201430cf791c5,22000,20048,e95d2c71dc9280d7bbcfc9f4aa0e896250b4a8649e04318a6f2485ceeae4f35a,15.459883892583209,15.595949110543049,9896,5924,0.99127560515904356,0,ok,
edm_5k,/mnt/pixstor/data/xggh8/zw-lab/e009_stage_b_edm5k_30000kimg/network-snapshot-022000.pkl,02bbb0eb6567537be434155f49e05c5c7c6f7e1bf8d9c297261201430cf791c5,22000,20049,bb41cb1962e71e0b30f76b56ae6f618e8dbe8898671003f1fccb5372849cc042,12.211364586645683,13.430626461501671,29779,25149,0.9092177957334342,0,ok,
edm_5k,/mnt/pixstor/data/xggh8/zw-lab/e009_stage_b_edm5k_30000kimg/network-snapshot-022000.pkl,02bbb0eb6567537be434155f49e05c5c7c6f7e1bf8d9c297261201430cf791c5,22000,20050,731498fc1395d1b79b94c181024ad3f4a49d8f2db442884c51a00667ed19278c,17.338253312883793,18.062644177353327,40908,2782,0.95989563558043378,0,ok,
edm_5k,/mnt/pixstor/data/xggh8/zw-lab/e009_stage_b_edm5k_30000kimg/network-snapshot-022000.pkl,02bbb0eb6567537be434155f49e05c5c7c6f7e1bf8d9c297261201430cf791c5,22000,20051,f249c83e8ebc2224fd67b20c99866b60a7f830621483175905b0c614b4cfdd59,14.61945255849338,14.644039409843595,10551,39111,0.99832103351663426,0,ok,
edm_5k,/mnt/pixstor/data/xggh8/zw-lab/e009_stage_b_edm5k_30000kimg/network-snapshot-022000.pkl,02bbb0eb6567537be434155f49e05c5c7c6f7e1bf8d9c297261201430cf791c5,22000,20052,33b47838f59e10be9760d176ca764d612dea4f463ce5fcc06d251552a27c8ed1,13.79272787372703,14.206387930958417,32024,10551,0.97088210886245452,0,ok,
edm_5k,/mnt/pixstor/data/xggh8/zw-lab/e009_stage_b_edm5k_30000kimg/network-snapshot-022000.pkl,02bbb0eb6567537be434155f49e05c5c7c6f7e1bf8d9c297261201430cf791c5,22000,20053,d4246b4f281184e20eafc7106073d4936607947099e74177173e1b65b066e141,9.7744595264032537,9.9606505742857756,44302,24779,0.98130734067078018,0,ok,
edm_5k,/mnt/pixstor/data/xggh8/zw-lab/e009_stage_b_edm5k_30000kimg/network-snapshot-022000.pkl,02bbb0eb6567537be434155f49e05c5c7c6f7e1bf8d9c297261201430cf791c5,22000,20054,94f75c921699f386de81e2ea05b00cc0e266a5ce9b32174296dfde275c197b22,15.979780239001828,16.86783160565157,7346,30085,0.94735236944432144,0,ok,
edm_5k,/mnt/pixstor/data/xggh8/zw-lab/e009_stage_b_edm5k_30000kimg/network-snapshot-022000.pkl,02bbb0eb6567537be434155f49e05c5c7c6f7e1bf8d9c297261201430cf791c5,22000,20055,b1dd9fbcf928fc5382f173267f11650a14a730712d15e2a24e5a8916ab123ab9,14.437697365687631,15.844807611721361,32024,15904,0.91119423595949467,0,ok,
edm_5k,/mnt/pixstor/data/xggh8/zw-lab/e009_stage_b_edm5k_30000kimg/network-snapshot-022000.pkl,02bbb0eb6567537be434155f49e05c5c7c6f7e1bf8d9c297261201430cf791c5,22000,20056,33931cb5e76226f80babd03a1faf526e3813f4421f05c077f46a1bff20285225,15.643285394892326,17.102722235453406,31249,11207,0.91466640102850327,0,ok,
edm_5k,/mnt/pixstor/data/xggh8/zw-lab/e009_stage_b_edm5k_30000kimg/network-snapshot-022000.pkl,02bbb0eb6567537be434155f49e05c5c7c6f7e1bf8d9c297261201430cf791c5,22000,20057,8c4f46d92688e73be67cbf8e326ec65ab4a1b8034888a28d12a1f17afaa5e75f,19.474522524801397,19.777919560044353,30786,18459,0.98465981043547757,0,ok,
edm_5k,/mnt/pixstor/data/xggh8/zw-lab/e009_stage_b_edm5k_30000kimg/network-snapshot-022000.pkl,02bbb0eb6567537be434155f49e05c5c7c6f7e1bf8d9c297261201430cf791c5,22000,20058,7b372e4b2c07e9652b577e2bed03287faf77363471785d580941e084b8e8d86f,16.044071211049136,16.184900296956421,31001,29779,0.99129873627125353,0,ok,
edm_5k,/mnt/pixstor/data/xggh8/zw-lab/e009_stage_b_edm5k_30000kimg/network-snapshot-022000.pkl,02bbb0eb6567537be434155f49e05c5c7c6f7e1bf8d9c297261201430cf791c5,22000,20059,1b7707fc423328a27891533c9c60f0f588a14bf7e8c48918d719fb33e3c5cf7e,14.04250225564072,19.608746019266786,46712,40349,0.71613463919840192,0,ok,
edm_5k,/mnt/pixstor/data/xggh8/zw-lab/e009_stage_b_edm5k_30000kimg/network-snapshot-022000.pkl,02bbb0eb6567537be434155f49e05c5c7c6f7e1bf8d9c297261201430cf791c5,22000,20060,93a80051b12f6aac14669145e27692c73ef60d0382f41a37b9bcf6c63a56d40f,13.549537314178746,14.841042359144961,5924,9896,0.91297747060398371,0,ok,
edm_5k,/mnt/pixstor/data/xggh8/zw-lab/e009_stage_b_edm5k_30000kimg/network-snapshot-022000.pkl,02bbb0eb6567537be434155f49e05c5c7c6f7e1bf8d9c297261201430cf791c5,22000,20061,03d950c1ad517ce41291957ec99362ca527c769193d8a379b589cfa901f39167,18.646375301921815,20.980251466411783,27441,38324,0.88875842750377065,0,ok,
edm_5k,/mnt/pixstor/data/xggh8/zw-lab/e009_stage_b_edm5k_30000kimg/network-snapshot-022000.pkl,02bbb0eb6567537be434155f49e05c5c7c6f7e1bf8d9c297261201430cf791c5,22000,20062,45e0928a4a90e129bd20cc0fae82bca326bf45628f3f8e3385d7390bbc40e99c,19.675605224315067,19.875137928529792,37719,31189,0.98996068832668049,0,ok,
edm_5k,/mnt/pixstor/data/xggh8/zw-lab/e009_stage_b_edm5k_30000kimg/network-snapshot-022000.pkl,02bbb0eb6567537be434155f49e05c5c7c6f7e1bf8d9c297261201430cf791c5,22000,20063,78cda7f1d25e17c425909003ed7465e5955d5c7fb8b7f8f5b87eb929f31dcccd,15.645992958438528,16.212669826293009,32953,36170,0.96504728253113081,0,ok,
edm_5k,/mnt/pixstor/data/xggh8/zw-lab/e009_stage_b_edm5k_30000kimg/network-snapshot-022000.pkl,02bbb0eb6567537be434155f49e05c5c7c6f7e1bf8d9c297261201430cf791c5,22000,20064,76f1b7ec96aee2bff62867eb58b0e2cf8c35493348f866f2e42a3e02acc46626,9.2271175003185064,10.202982270164298,16683,20051,0.90435494799403604,0,ok,
edm_5k,/mnt/pixstor/data/xggh8/zw-lab/e009_stage_b_edm5k_30000kimg/network-snapshot-022000.pkl,02bbb0eb6567537be434155f49e05c5c7c6f7e1bf8d9c297261201430cf791c5,22000,20065,be82f4cb442db093812fcd87c40d50530ca7689a3e91e07377eb2c66b009fc8a,15.034566504522079,15.796923880402003,36170,40529,0.95174013740575647,0,ok,
edm_5k,/mnt/pixstor/data/xggh8/zw-lab/e009_stage_b_edm5k_30000kimg/network-snapshot-022000.pkl,02bbb0eb6567537be434155f49e05c5c7c6f7e1bf8d9c297261201430cf791c5,22000,20066,48c1365958121f5afe673b78bfcdbe6228f3725f08b3ceb1691896df973545ba,17.213669888112875,17.531802748229378,32953,6230,0.9818539562254297,0,ok,
edm_5k,/mnt/pixstor/data/xggh8/zw-lab/e009_stage_b_edm5k_30000kimg/network-snapshot-022000.pkl,02bbb0eb6567537be434155f49e05c5c7c6f7e1bf8d9c297261201430cf791c5,22000,20067,5026af4370e1709b5ca91c6865e39ef744aac19cd7e809b95d382d5db1354d6e,20.211159595585833,20.52924558504445,1220,21934,0.98450571463325753,0,ok,
edm_5k,/mnt/pixstor/data/xggh8/zw-lab/e009_stage_b_edm5k_30000kimg/network-snapshot-022000.pkl,02bbb0eb6567537be434155f49e05c5c7c6f7e1bf8d9c297261201430cf791c5,22000,20068,d91ef58dbb13f1994024ade19e88ff2fc4d0231673767814bb126652763e14c3,17.401742747521897,18.773293420134152,2567,7813,0.92694139265189979,0,ok,
edm_5k,/mnt/pixstor/data/xggh8/zw-lab/e009_stage_b_edm5k_30000kimg/network-snapshot-022000.pkl,02bbb0eb6567537be434155f49e05c5c7c6f7e1bf8d9c297261201430cf791c5,22000,20069,81a54e283adfb5d6f383b407b6754b1f95d7756729cc7f23c07e7b3d4898f031,18.1127380531325,18.717255135725612,19545,47671,0.96770268513147151,0,ok,
edm_5k,/mnt/pixstor/data/xggh8/zw-lab/e009_stage_b_edm5k_30000kimg/network-snapshot-022000.pkl,02bbb0eb6567537be434155f49e05c5c7c6f7e1bf8d9c297261201430cf791c5,22000,20070,e9d5ecb28f6ddcff33b2a31f156e9e84ed4bd6a51a558de16c19e36d3af94995,18.636767334566009,18.879537467142903,29437,37558,0.98714109744481826,0,ok,
edm_5k,/mnt/pixstor/data/xggh8/zw-lab/e009_stage_b_edm5k_30000kimg/network-snapshot-022000.pkl,02bbb0eb6567537be434155f49e05c5c7c6f7e1bf8d9c297261201430cf791c5,22000,20071,34db5c7ab1b1ae9f463d5d98e59b5bf424c33175123446473fb1919ecb9ce62b,15.172477046526817,16.511410469186149,1721,31001,0.91890859807779168,0,ok,
edm_5k,/mnt/pixstor/data/xggh8/zw-lab/e009_stage_b_edm5k_30000kimg/network-snapshot-022000.pkl,02bbb0eb6567537be434155f49e05c5c7c6f7e1bf8d9c297261201430cf791c5,22000,20072,14f868dac2e4c109132adfa345e2daa2b4c218db31cf5eab482b5fcb71599928,10.300752084679422,10.572602978280193,10551,7690,0.97428723142642859,0,ok,
edm_5k,/mnt/pixstor/data/xggh8/zw-lab/e009_stage_b_edm5k_30000kimg/network-snapshot-022000.pkl,02bbb0eb6567537be434155f49e05c5c7c6f7e1bf8d9c297261201430cf791c5,22000,20073,6f8aecddf1caddd33a4fc37cb8b6b2bcc18ef72ce42ddfd25757063cb5c14dc7,21.657153783770536,21.987215487423722,28921,22326,0.98498847187621485,0,ok,
edm_5k,/mnt/pixstor/data/xggh8/zw-lab/e009_stage_b_edm5k_30000kimg/network-snapshot-022000.pkl,02bbb0eb6567537be434155f49e05c5c7c6f7e1bf8d9c297261201430cf791c5,22000,20074,6050df0dbf4df420312a2d689029621d543f9e7fa61e22f97437fb26ea1a1eba,15.871031484050251,20.597376875429529,41603,11710,0.77053653870763983,0,ok,
edm_5k,/mnt/pixstor/data/xggh8/zw-lab/e009_stage_b_edm5k_30000kimg/network-snapshot-022000.pkl,02bbb0eb6567537be434155f49e05c5c7c6f7e1bf8d9c297261201430cf791c5,22000,20075,48ed77af719b2c48217de90dd01602c6e6e7f6161261c37079c2d50dcb10fe56,16.452135971712394,18.394227651797497,36811,49860,0.89441841664413024,0,ok,
edm_5k,/mnt/pixstor/data/xggh8/zw-lab/e009_stage_b_edm5k_30000kimg/network-snapshot-022000.pkl,02bbb0eb6567537be434155f49e05c5c7c6f7e1bf8d9c297261201430cf791c5,22000,20076,5ed759d03354065eec1176815547367f9e7d67cd8f9461b1eca97189c8048484,18.685217343439923,18.770160646480068,1787,21936,0.99547455641749805,0,ok,
edm_5k,/mnt/pixstor/data/xggh8/zw-lab/e009_stage_b_edm5k_30000kimg/network-snapshot-022000.pkl,02bbb0eb6567537be434155f49e05c5c7c6f7e1bf8d9c297261201430cf791c5,22000,20077,225e328f15e57ea5d312399160a4596ec3b6d33eb47c5454281a1b25df902deb,19.754043830667463,21.655162933631178,34360,44542,0.91220942974244656,0,ok,
edm_5k,/mnt/pixstor/data/xggh8/zw-lab/e009_stage_b_edm5k_30000kimg/network-snapshot-022000.pkl,02bbb0eb6567537be434155f49e05c5c7c6f7e1bf8d9c297261201430cf791c5,22000,20078,5fe2afcde27e1febd748a04edf1f093fe3d65fefdf4a6da0d41476033ce538dd,11.954550622225785,13.83765754133815,21934,17844,0.86391432845574945,0,ok,
edm_5k,/mnt/pixstor/data/xggh8/zw-lab/e009_stage_b_edm5k_30000kimg/network-snapshot-022000.pkl,02bbb0eb6567537be434155f49e05c5c7c6f7e1bf8d9c297261201430cf791c5,22000,20079,1dd766fb1a3bd0fc3b8671a98cbee759bde984a34223f104d2ba16921b619af0,18.287860129094994,18.812175407940895,19923,33343,0.97212893950454138,0,ok,
edm_5k,/mnt/pixstor/data/xggh8/zw-lab/e009_stage_b_edm5k_30000kimg/network-snapshot-022000.pkl,02bbb0eb6567537be434155f49e05c5c7c6f7e1bf8d9c297261201430cf791c5,22000,20080,4520fcdbf686c2928bfae9a54cfcf47d52deb576c80e19390f03d9bdbee26d1e,16.458873933855163,16.760287419560026,34696,22857,0.98201621021408625,0,ok,
edm_5k,/mnt/pixstor/data/xggh8/zw-lab/e009_stage_b_edm5k_30000kimg/network-snapshot-022000.pkl,02bbb0eb6567537be434155f49e05c5c7c6f7e1bf8d9c297261201430cf791c5,22000,20081,54fd9145096b03c60a7d9f38538c47d51719cb55df36bbdbe6410ca66d7d270f,11.20720698254768,13.417803376131696,11710,30786,0.83524900972119309,0,ok,
edm_5k,/mnt/pixstor/data/xggh8/zw-lab/e009_stage_b_edm5k_30000kimg/network-snapshot-022000.pkl,02bbb0eb6567537be434155f49e05c5c7c6f7e1bf8d9c297261201430cf791c5,22000,20082,a0e0593f447cccaf04b222d2f626b2249f06771d6681619e51f133ec3ac75e84,21.476663678799966,25.92044578418259,43052,45102,0.82856073763614246,0,ok,
edm_5k,/mnt/pixstor/data/xggh8/zw-lab/e009_stage_b_edm5k_30000kimg/network-snapshot-022000.pkl,02bbb0eb6567537be434155f49e05c5c7c6f7e1bf8d9c297261201430cf791c5,22000,20083,f71bd0cb3cc2eb62d726b23d019001b1574c479bf50e17b07df25e2f08ec858e,12.621591002507484,12.829837226996004,29437,11207,0.98376859964752039,0,ok,
edm_5k,/mnt/pixstor/data/xggh8/zw-lab/e009_stage_b_edm5k_30000kimg/network-snapshot-022000.pkl,02bbb0eb6567537be434155f49e05c5c7c6f7e1bf8d9c297261201430cf791c5,22000,20084,2024c215bca6178a4fee13525b59d9188a97867857367b2defb5dae1bd11dc81,16.829286095016577,16.922130739188322,34315,33571,0.99451341881216326,0,ok,
edm_5k,/mnt/pixstor/data/xggh8/zw-lab/e009_stage_b_edm5k_30000kimg/network-snapshot-022000.pkl,02bbb0eb6567537be434155f49e05c5c7c6f7e1bf8d9c297261201430cf791c5,22000,20085,dfa09b2f00859947e78a2899debba432469d660d9365943d6173214671387cde,13.307249620499444,13.865111178552747,37558,37719,0.9597650858424972,0,ok,
edm_5k,/mnt/pixstor/data/xggh8/zw-lab/e009_stage_b_edm5k_30000kimg/network-snapshot-022000.pkl,02bbb0eb6567537be434155f49e05c5c7c6f7e1bf8d9c297261201430cf791c5,22000,20086,69d8bdfa233af615f80805f748cd5c2141b31553f9d0240346c2381dd8471d70,13.568142595088931,16.902140144378915,38154,31271,0.8027470177852738,0,ok,
edm_5k,/mnt/pixstor/data/xggh8/zw-lab/e009_stage_b_edm5k_30000kimg/network-snapshot-022000.pkl,02bbb0eb6567537be434155f49e05c5c7c6f7e1bf8d9c297261201430cf791c5,22000,20087,2fde3f1b28db4363228d8782680d5e9c75d0ce69a79f2a01f0e3890984a5ecef,8.5856734654958746,8.826142509983141,13533,32024,0.97275491028892014,0,ok,
edm_5k,/mnt/pixstor/data/xggh8/zw-lab/e009_stage_b_edm5k_30000kimg/network-snapshot-022000.pkl,02bbb0eb6567537be434155f49e05c5c7c6f7e1bf8d9c297261201430cf791c5,22000,20088,cdc703de17d6bc5b599f8ee06485883796ecff0748fb680e81d703f61533b798,10.220348298957997,14.434683453461099,7187,39915,0.70804104100442855,0,ok,
edm_5k,/mnt/pixstor/data/xggh8/zw-lab/e009_stage_b_edm5k_30000kimg/network-snapshot-022000.pkl,02bbb0eb6567537be434155f49e05c5c7c6f7e1bf8d9c297261201430cf791c5,22000,20089,2aff4542d173d1829f6b248da07f7fe2b49e17d3063f3df6367fe40c3d03ca9e,16.2827780498591,16.526845199742741,34315,37719,0.98523207866148343,0,ok,
edm_5k,/mnt/pixstor/data/xggh8/zw-lab/e009_stage_b_edm5k_30000kimg/network-snapshot-022000.pkl,02bbb0eb6567537be434155f49e05c5c7c6f7e1bf8d9c297261201430cf791c5,22000,20090,962b54049babaef31433463bf29459aabeb523ece584c99e7e0f6dc18c849b79,18.49723773059776,19.44598432073137,37803,26590,0.95121118198567345,0,ok,
edm_5k,/mnt/pixstor/data/xggh8/zw-lab/e009_stage_b_edm5k_30000kimg/network-snapshot-022000.pkl,02bbb0eb6567537be434155f49e05c5c7c6f7e1bf8d9c297261201430cf791c5,22000,20091,e640218e41993b8455250ef8a82e53330c75c2c4185b9378c51119d7620cb0e8,19.548254249499315,19.799151543544451,9692,23630,0.98732787647524523,0,ok,
edm_5k,/mnt/pixstor/data/xggh8/zw-lab/e009_stage_b_edm5k_30000kimg/network-snapshot-022000.pkl,02bbb0eb6567537be434155f49e05c5c7c6f7e1bf8d9c297261201430cf791c5,22000,20092,0bd5811471461a861061711aa3b23ba1c9794aed39bbbf29b6f60af55257ad2d,11.745048208657748,12.226141706440176,29779,2595,0.96065042354866459,0,ok,
edm_5k,/mnt/pixstor/data/xggh8/zw-lab/e009_stage_b_edm5k_30000kimg/network-snapshot-022000.pkl,02bbb0eb6567537be434155f49e05c5c7c6f7e1bf8d9c297261201430cf791c5,22000,20093,54121fd350d20b68492d56c0902b57aa6b0c736fab57dcfd8cf279ae43ecf863,16.968063270711355,17.829273342226347,35674,7187,0.95169684961443002,0,ok,
edm_5k,/mnt/pixstor/data/xggh8/zw-lab/e009_stage_b_edm5k_30000kimg/network-snapshot-022000.pkl,02bbb0eb6567537be434155f49e05c5c7c6f7e1bf8d9c297261201430cf791c5,22000,20094,71daa4dadea1482abfe95175e198cce3a67ba1f8e5af070cee4060cf615d288a,17.551402756714047,17.760847354732977,29779,25149,0.98820751094608583,0,ok,
edm_5k,/mnt/pixstor/data/xggh8/zw-lab/e009_stage_b_edm5k_30000kimg/network-snapshot-022000.pkl,02bbb0eb6567537be434155f49e05c5c7c6f7e1bf8d9c297261201430cf791c5,22000,20095,afe70614142c28d6148323ab207dc0c243a4e4e49ff77929dca8c9338b0ec9f7,23.078372812301875,23.141702504434203,38154,42837,0.99726339528735219,0,ok,
edm_5k,/mnt/pixstor/data/xggh8/zw-lab/e009_stage_b_edm5k_30000kimg/network-snapshot-022000.pkl,02bbb0eb6567537be434155f49e05c5c7c6f7e1bf8d9c297261201430cf791c5,22000,20096,372f07e8ac8aed431c538f49c4432e92dc0ff7100da14daaf9f24b2d580cca64,23.004167985784328,24.550022196704496,22518,25486,0.9370324719654356,0,ok,
edm_5k,/mnt/pixstor/data/xggh8/zw-lab/e009_stage_b_edm5k_30000kimg/network-snapshot-022000.pkl,02bbb0eb6567537be434155f49e05c5c7c6f7e1bf8d9c297261201430cf791c5,22000,20097,9151b103f217b78256d741a0ddecd212b5eba69a7c7b50a26dd81b8cbb9c7b98,18.929584396953306,20.029151603496587,34675,47048,0.94510165840717264,0,ok,
edm_5k,/mnt/pixstor/data/xggh8/zw-lab/e009_stage_b_edm5k_30000kimg/network-snapshot-022000.pkl,02bbb0eb6567537be434155f49e05c5c7c6f7e1bf8d9c297261201430cf791c5,22000,20098,7b94920b93202f56a405962a59d12e00d61c701f1f45ba2073dcf41a123957be,17.135974672171223,17.982192239561474,737,12277,0.95294135686479087,0,ok,
edm_5k,/mnt/pixstor/data/xggh8/zw-lab/e009_stage_b_edm5k_30000kimg/network-snapshot-022000.pkl,02bbb0eb6567537be434155f49e05c5c7c6f7e1bf8d9c297261201430cf791c5,22000,20099,3a9cf2249d67a0bacfd6f92956e0b7ca11759782428228ac7aaad1ab40427cd7,19.934703639848902,20.464652720180826,25744,26351,0.97410417427658935,0,ok,
edm_5k,/mnt/pixstor/data/xggh8/zw-lab/e009_stage_b_edm5k_30000kimg/network-snapshot-022000.pkl,02bbb0eb6567537be434155f49e05c5c7c6f7e1bf8d9c297261201430cf791c5,22000,20100,70c80e6628bbc3a04af1a812788ca7163d3f64a03505cdf00f81859515d09609,13.779665744558546,15.073481161229443,1220,21934,0.91416611711442441,0,ok,
edm_5k,/mnt/pixstor/data/xggh8/zw-lab/e009_stage_b_edm5k_30000kimg/network-snapshot-022000.pkl,02bbb0eb6567537be434155f49e05c5c7c6f7e1bf8d9c297261201430cf791c5,22000,20101,29cad63fd3e5343075ae4cd06f3d4862f3378e8eb6599b3f24def02001058e4b,17.031706936264126,18.03907534896743,21934,17844,0.94415631659518695,0,ok,
edm_5k,/mnt/pixstor/data/xggh8/zw-lab/e009_stage_b_edm5k_30000kimg/network-snapshot-022000.pkl,02bbb0eb6567537be434155f49e05c5c7c6f7e1bf8d9c297261201430cf791c5,22000,20102,2d15db477001617fd60408dcaf72c6e4adba10c1a3ce896ae71aeafaf9409ad1,17.60470181657082,18.3544876388207,11710,9332,0.95914972746697413,0,ok,
edm_5k,/mnt/pixstor/data/xggh8/zw-lab/e009_stage_b_edm5k_30000kimg/network-snapshot-022000.pkl,02bbb0eb6567537be434155f49e05c5c7c6f7e1bf8d9c297261201430cf791c5,22000,20103,b178f4580d0068fc6982fa1b96c15d527fdaaa06b56bc29b5418ab26060174a8,13.217397661266372,14.898144136095807,7690,12300,0.88718417143265138,0,ok,
edm_5k,/mnt/pixstor/data/xggh8/zw-lab/e009_stage_b_edm5k_30000kimg/network-snapshot-022000.pkl,02bbb0eb6567537be434155f49e05c5c7c6f7e1bf8d9c297261201430cf791c5,22000,20104,d342621981c0e772c10a1709193c608fb2fe9922d6e0d1c276fbca80cab372f2,14.167350756560497,15.796874062744783,2567,40529,0.89684520496195252,0,ok,
edm_5k,/mnt/pixstor/data/xggh8/zw-lab/e009_stage_b_edm5k_30000kimg/network-snapshot-022000.pkl,02bbb0eb6567537be434155f49e05c5c7c6f7e1bf8d9c297261201430cf791c5,22000,20105,da4928e7bc438747371041e4a8a2ac2e7aef329eddf8c138680393a6ded04dfd,12.828134870376237,14.396728284385462,12277,2616,0.8910451469928411,0,ok,
edm_5k,/mnt/pixstor/data/xggh8/zw-lab/e009_stage_b_edm5k_30000kimg/network-snapshot-022000.pkl,02bbb0eb6567537be434155f49e05c5c7c6f7e1bf8d9c297261201430cf791c5,22000,20106,0442980a9b564fe6020beb6cdad0ad263e81dc4c07444d7d929a370b95ffee88,16.782677505493769,16.961697437146181,7813,2567,0.98944563583239264,0,ok,
edm_5k,/mnt/pixstor/data/xggh8/zw-lab/e009_stage_b_edm5k_30000kimg/network-snapshot-022000.pkl,02bbb0eb6567537be434155f49e05c5c7c6f7e1bf8d9c297261201430cf791c5,22000,20107,1ed434ad6b6918d352330807be2634480a4b51b76f70f3a11afe2b5296a42b53,17.73633346167161,18.000226543479013,11830,46008,0.98533945774682463,0,ok,
edm_5k,/mnt/pixstor/data/xggh8/zw-lab/e009_stage_b_edm5k_30000kimg/network-snapshot-022000.pkl,02bbb0eb6567537be434155f49e05c5c7c6f7e1bf8d9c297261201430cf791c5,22000,20108,182a89b800692fe959418621336c053422adfab3c5d89386b6725a326e978b33,19.329530024080075,19.343306743192059,832,7107,0.9992877784912948,0,ok,
edm_5k,/mnt/pixstor/data/xggh8/zw-lab/e009_stage_b_edm5k_30000kimg/network-snapshot-022000.pkl,02bbb0eb6567537be434155f49e05c5c7c6f7e1bf8d9c297261201430cf791c5,22000,20109,1262c9691966efb03791777f7b109d7ba3b9489de70190dc4dcf5f29e5d7a04d,12.976359045874759,13.428076048685583,10551,32953,0.96636025882091714,0,ok,
edm_5k,/mnt/pixstor/data/xggh8/zw-lab/e009_stage_b_edm5k_30000kimg/network-snapshot-022000.pkl,02bbb0eb6567537be434155f49e05c5c7c6f7e1bf8d9c297261201430cf791c5,22000,20110,41968a94b6c6ef1bea03ac7fd8f861d14fe03eafae5797a0eed234f996f522b1,13.04804236478132,13.488565178543892,44302,26940,0.96734101752621504,0,ok,
edm_5k,/mnt/pixstor/data/xggh8/zw-lab/e009_stage_b_edm5k_30000kimg/network-snapshot-022000.pkl,02bbb0eb6567537be434155f49e05c5c7c6f7e1bf8d9c297261201430cf791c5,22000,20111,fc234b97cdc9fde6f089649657da051b4a126a88ea61f86cf168ccba1125946c,14.738186425901095,15.089107472509145,13533,10551,0.97674341923487562,0,ok,
edm_5k,/mnt/pixstor/data/xggh8/zw-lab/e009_stage_b_edm5k_30000kimg/network-snapshot-022000.pkl,02bbb0eb6567537be434155f49e05c5c7c6f7e1bf8d9c297261201430cf791c5,22000,20112,78f47613f7b5b813d076aa863d323bd3c4076fc01d7fa0d741165f11fa1687c1,21.300076803234667,21.504531046606569,25969,13919,0.99049250397840383,0,ok,
edm_5k,/mnt/pixstor/data/xggh8/zw-lab/e009_stage_b_edm5k_30000kimg/network-snapshot-022000.pkl,02bbb0eb6567537be434155f49e05c5c7c6f7e1bf8d9c297261201430cf791c5,22000,20113,ed23c52f09c41349fb74efd804d94cb1dd5397a5960e3d3b6440d0cbf03a138c,19.672604680826371,19.763903713869574,47886,47045,0.99538051619938162,0,ok,
edm_5k,/mnt/pixstor/data/xggh8/zw-lab/e009_stage_b_edm5k_30000kimg/network-snapshot-022000.pkl,02bbb0eb6567537be434155f49e05c5c7c6f7e1bf8d9c297261201430cf791c5,22000,20114,f247ca5834287b14a65684742a227eba9a8867bbf7629ab7e0b14129feaafe03,13.522816042826047,15.041677257266823,31572,26376,0.89902314825249996,0,ok,
edm_5k,/mnt/pixstor/data/xggh8/zw-lab/e009_stage_b_edm5k_30000kimg/network-snapshot-022000.pkl,02bbb0eb6567537be434155f49e05c5c7c6f7e1bf8d9c297261201430cf791c5,22000,20115,e0b6957284006065d8be35567f64239e7a8e7164fa6f6ebe848bd2ade1069778,14.802598378192835,16.758750143188919,21934,38676,0.88327579632833764,0,ok,
edm_5k,/mnt/pixstor/data/xggh8/zw-lab/e009_stage_b_edm5k_30000kimg/network-snapshot-022000.pkl,02bbb0eb6567537be434155f49e05c5c7c6f7e1bf8d9c297261201430cf791c5,22000,20116,0f7c9f7c2ed94e1a759ae6bd0d74959c083913237003a575bc7b26a1265ce927,15.228550410739109,15.266916256738567,737,12277,0.99748699440317401,0,ok,
edm_5k,/mnt/pixstor/data/xggh8/zw-lab/e009_stage_b_edm5k_30000kimg/network-snapshot-022000.pkl,02bbb0eb6567537be434155f49e05c5c7c6f7e1bf8d9c297261201430cf791c5,22000,20117,031f90c798a6af234a0e4259749c4703d66d701836be745c7ef87fab53a77586,20.437673077621547,26.7982629643707,17938,42837,0.76264917262712895,0,ok,
edm_5k,/mnt/pixstor/data/xggh8/zw-lab/e009_stage_b_edm5k_30000kimg/network-snapshot-022000.pkl,02bbb0eb6567537be434155f49e05c5c7c6f7e1bf8d9c297261201430cf791c5,22000,20118,25957758375f9acc6e7d65d0662db8959810f28fdfe3aaff50fca338aba03198,16.803508682195041,17.000342866232401,39913,2567,0.98842175210311023,0,ok,
edm_5k,/mnt/pixstor/data/xggh8/zw-lab/e009_stage_b_edm5k_30000kimg/network-snapshot-022000.pkl,02bbb0eb6567537be434155f49e05c5c7c6f7e1bf8d9c297261201430cf791c5,22000,20119,e1982bbe3e285b79b3c9b6d129fccf614de90812491da6572dddd4f0c8502f1c,19.938286109486167,20.151041143100215,14410,6525,0.98944198306662201,0,ok,
edm_5k,/mnt/pixstor/data/xggh8/zw-lab/e009_stage_b_edm5k_30000kimg/network-snapshot-022000.pkl,02bbb0eb6567537be434155f49e05c5c7c6f7e1bf8d9c297261201430cf791c5,22000,20120,7d4aa01504030debaa86a7f464a83f14a664a103b4e80afaa1cb62ca35b9891f,15.892874842101836,16.0002993527117,36170,32953,0.99328609370101206,0,ok,
edm_5k,/mnt/pixstor/data/xggh8/zw-lab/e009_stage_b_edm5k_30000kimg/network-snapshot-022000.pkl,02bbb0eb6567537be434155f49e05c5c7c6f7e1bf8d9c297261201430cf791c5,22000,20121,fc1e7c8baeefceff4cc63120009f8da5a1ea340be7e5818a7af73ec601fff7bb,18.272196225318488,19.795998887677776,9841,34035,0.92302471469081593,0,ok,
edm_5k,/mnt/pixstor/data/xggh8/zw-lab/e009_stage_b_edm5k_30000kimg/network-snapshot-022000.pkl,02bbb0eb6567537be434155f49e05c5c7c6f7e1bf8d9c297261201430cf791c5,22000,20122,320dbd3b9915a7906f7d9b5db95c3d3ddba5a76b293e602e8cc62a82d4b41ade,13.958321918208856,14.086930895427514,11207,31249,0.99087033377437783,0,ok,
edm_5k,/mnt/pixstor/data/xggh8/zw-lab/e009_stage_b_edm5k_30000kimg/network-snapshot-022000.pkl,02bbb0eb6567537be434155f49e05c5c7c6f7e1bf8d9c297261201430cf791c5,22000,20123,058d7ee8f6be4c6fd1f4a5a8b687ee2bf11fb1b7d654b363c435d970ba564e6c,17.527583115377332,18.862505605402671,18459,49665,0.92922878232873873,0,ok,
edm_5k,/mnt/pixstor/data/xggh8/zw-lab/e009_stage_b_edm5k_30000kimg/network-snapshot-022000.pkl,02bbb0eb6567537be434155f49e05c5c7c6f7e1bf8d9c297261201430cf791c5,22000,20124,22a3bcb2f7b7ef52b7adfe3015faf828a73caa3091fa3af1241a340b9edfd5bf,13.63813200136201,14.077697246981693,39915,7187,0.96877577078780219,0,ok,
edm_5k,/mnt/pixstor/data/xggh8/zw-lab/e009_stage_b_edm5k_30000kimg/network-snapshot-022000.pkl,02bbb0eb6567537be434155f49e05c5c7c6f7e1bf8d9c297261201430cf791c5,22000,20125,ab4a810f60948e869d2d9c7ecad0c330cebb624817fd9973399b730fc676809d,11.391208085680137,12.822021138531003,39006,786,0.88840971034190708,0,ok,
edm_5k,/mnt/pixstor/data/xggh8/zw-lab/e009_stage_b_edm5k_30000kimg/network-snapshot-022000.pkl,02bbb0eb6567537be434155f49e05c5c7c6f7e1bf8d9c297261201430cf791c5,22000,20126,179136dabc4fc7659ecb1d297a566125a456c0030123e8295b6dfe4b18e28c2f,18.614123205717821,20.050328378816008,39199,44278,0.92836999245281204,0,ok,
edm_5k,/mnt/pixstor/data/xggh8/zw-lab/e009_stage_b_edm5k_30000kimg/network-snapshot-022000.pkl,02bbb0eb6567537be434155f49e05c5c7c6f7e1bf8d9c297261201430cf791c5,22000,20127,356662dd651de0124f103744dbcfdf6933df45e25c96e2231350b39ac579df31,15.052816347217059,15.619459980564033,40529,12300,0.96372194467337069,0,ok,
edm_5k,/mnt/pixstor/data/xggh8/zw-lab/e009_stage_b_edm5k_30000kimg/network-snapshot-023000.pkl,1008a661c6596a64186685e0992bc21f584a7b422a8256cf86a7150a0bec74fe,23000,20000,939b4c83499ffe43f72ceed85f6bb79877815a965dcd7a1523e7d6bd140dabbe,11.506828910167911,12.996908846842119,22857,29779,0.88535120510318455,0,ok,
edm_5k,/mnt/pixstor/data/xggh8/zw-lab/e009_stage_b_edm5k_30000kimg/network-snapshot-023000.pkl,1008a661c6596a64186685e0992bc21f584a7b422a8256cf86a7150a0bec74fe,23000,20001,d6b96b98a75c0ef4c671ee248cae7b6c316ad74eccd6b2c88288400bf38407c8,10.195192095649945,11.215752556755653,44302,47671,0.90900651062500593,0,ok,
edm_5k,/mnt/pixstor/data/xggh8/zw-lab/e009_stage_b_edm5k_30000kimg/network-snapshot-023000.pkl,1008a661c6596a64186685e0992bc21f584a7b422a8256cf86a7150a0bec74fe,23000,20002,fa0e9bfd13a7cba1e0afc2043dc0845a61b0de477348c368bde6f786fad3e740,18.924671754779506,18.966580087358977,10551,41973,0.99779041174600569,0,ok,
edm_5k,/mnt/pixstor/data/xggh8/zw-lab/e009_stage_b_edm5k_30000kimg/network-snapshot-023000.pkl,1008a661c6596a64186685e0992bc21f584a7b422a8256cf86a7150a0bec74fe,23000,20003,dfca8fae3af957ffaa3826656e47e9357938df804097a7461da1737a05f861cc,17.384630029200242,19.764954347328239,33343,13435,0.87956843834300269,0,ok,
edm_5k,/mnt/pixstor/data/xggh8/zw-lab/e009_stage_b_edm5k_30000kimg/network-snapshot-023000.pkl,1008a661c6596a64186685e0992bc21f584a7b422a8256cf86a7150a0bec74fe,23000,20004,7fa787b74322858aeb18397613744a2f81cb87b64d28818fc296fbf45def655c,13.557604600200063,15.6136442186713,47886,29779,0.86831776171686059,0,ok,
edm_5k,/mnt/pixstor/data/xggh8/zw-lab/e009_stage_b_edm5k_30000kimg/network-snapshot-023000.pkl,1008a661c6596a64186685e0992bc21f584a7b422a8256cf86a7150a0bec74fe,23000,20005,e0a317c35f71c53690985d0c8ebb174dcb544896a3c0a1434e4151a80ca91fba,14.01577368012712,19.276520272802632,7672,4706,0.7270904438028718,0,ok,
edm_5k,/mnt/pixstor/data/xggh8/zw-lab/e009_stage_b_edm5k_30000kimg/network-snapshot-023000.pkl,1008a661c6596a64186685e0992bc21f584a7b422a8256cf86a7150a0bec74fe,23000,20006,5586e208d6d7dc1a4d5ed3eba52bf285942aa8f106555356334ba10256972316,12.849090868884581,16.842769322059155,21934,17844,0.76288469094307365,0,ok,
edm_5k,/mnt/pixstor/data/xggh8/zw-lab/e009_stage_b_edm5k_30000kimg/network-snapshot-023000.pkl,1008a661c6596a64186685e0992bc21f584a7b422a8256cf86a7150a0bec74fe,23000,20007,867383426964eaae6dece5dbf166acaf9490e40530a5400bdc74bb09367fe207,26.696694011470864,27.473298899315001,11476,46008,0.97173237583552441,0,ok,
edm_5k,/mnt/pixstor/data/xggh8/zw-lab/e009_stage_b_edm5k_30000kimg/network-snapshot-023000.pkl,1008a661c6596a64186685e0992bc21f584a7b422a8256cf86a7150a0bec74fe,23000,20008,b83dee6c0a5e2a87b51d908bc04ebe32ac39e597d858ab483b5d8487f13bafc7,26.773801051469786,27.86886173733356,38456,30085,0.96070665905967678,0,ok,
edm_5k,/mnt/pixstor/data/xggh8/zw-lab/e009_stage_b_edm5k_30000kimg/network-snapshot-023000.pkl,1008a661c6596a64186685e0992bc21f584a7b422a8256cf86a7150a0bec74fe,23000,20009,2ef403ce1fe4b3c54a0ba48ee9aae8d4766c569086186131bf4562145eee2584,11.760710302497678,15.149564607971051,5924,22857,0.77630681850154937,0,ok,
edm_5k,/mnt/pixstor/data/xggh8/zw-lab/e009_stage_b_edm5k_30000kimg/network-snapshot-023000.pkl,1008a661c6596a64186685e0992bc21f584a7b422a8256cf86a7150a0bec74fe,23000,20010,a5ec7769097444adf6373d3beecef4decea46c9eaa11fea75589d975d8fb5c7f,13.753510628042335,15.502841309277398,9692,29779,0.88716064066345002,0,ok,
edm_5k,/mnt/pixstor/data/xggh8/zw-lab/e009_stage_b_edm5k_30000kimg/network-snapshot-023000.pkl,1008a661c6596a64186685e0992bc21f584a7b422a8256cf86a7150a0bec74fe,23000,20011,a6c6194801d0446fb7a0a089244eef70a74855eb0226d36c7b61c44ec3047cc3,21.60102781980234,23.785519760514436,21936,11710,0.90815874688857967,0,ok,
edm_5k,/mnt/pixstor/data/xggh8/zw-lab/e009_stage_b_edm5k_30000kimg/network-snapshot-023000.pkl,1008a661c6596a64186685e0992bc21f584a7b422a8256cf86a7150a0bec74fe,23000,20012,6fc05575383bbb362930ea67901a06401ce4fd1e062943b5ca88f54a28856659,15.655618446200755,16.41324538189005,1276,32953,0.95384051611601195,0,ok,
edm_5k,/mnt/pixstor/data/xggh8/zw-lab/e009_stage_b_edm5k_30000kimg/network-snapshot-023000.pkl,1008a661c6596a64186685e0992bc21f584a7b422a8256cf86a7150a0bec74fe,23000,20013,2bb075d67cbea6650a3d24de4d2225f8295e975d266c81e73ae8e359ef8a6f2b,18.595689487678484,19.68033969304679,33343,26140,0.94488661159890852,0,ok,
edm_5k,/mnt/pixstor/data/xggh8/zw-lab/e009_stage_b_edm5k_30000kimg/network-snapshot-023000.pkl,1008a661c6596a64186685e0992bc21f584a7b422a8256cf86a7150a0bec74fe,23000,20014,2dc9bd07bce779b2c646adf3468539a9e5a2f59b8c98c2224f5c89bf0d9a8143,13.15659090744632,14.673055858000064,48613,38676,0.89664968461720029,0,ok,
edm_5k,/mnt/pixstor/data/xggh8/zw-lab/e009_stage_b_edm5k_30000kimg/network-snapshot-023000.pkl,1008a661c6596a64186685e0992bc21f584a7b422a8256cf86a7150a0bec74fe,23000,20015,cf8b7b8ef89b28a30bbe4209540750cb67b7e8d1b412afe892709bf923f77419,18.692264831210878,19.989972106550816,12699,20200,0.93508208673714588,0,ok,
edm_5k,/mnt/pixstor/data/xggh8/zw-lab/e009_stage_b_edm5k_30000kimg/network-snapshot-023000.pkl,1008a661c6596a64186685e0992bc21f584a7b422a8256cf86a7150a0bec74fe,23000,20016,da150adbc88ec827973a9965f57d559c156a192de06a45e8679d4b7687322eb1,17.121902734076027,17.687576505756326,14062,20051,0.96801858233680549,0,ok,
edm_5k,/mnt/pixstor/data/xggh8/zw-lab/e009_stage_b_edm5k_30000kimg/network-snapshot-023000.pkl,1008a661c6596a64186685e0992bc21f584a7b422a8256cf86a7150a0bec74fe,23000,20017,68edcfe17bb42302dfb319671d0817d025f899f403ec157dcdaaa8176ad19d9b,16.834853568413813,20.700609308413522,22870,30085,0.81325401187932578,0,ok,
edm_5k,/mnt/pixstor/data/xggh8/zw-lab/e009_stage_b_edm5k_30000kimg/network-snapshot-023000.pkl,1008a661c6596a64186685e0992bc21f584a7b422a8256cf86a7150a0bec74fe,23000,20018,7734be68027c12cab58b61bde7a8e00a8b81aeca50522c3a89c99ed7f108f792,15.437644034556529,15.439077849316419,13435,14410,0.99990713080315519,0,ok,
edm_5k,/mnt/pixstor/data/xggh8/zw-lab/e009_stage_b_edm5k_30000kimg/network-snapshot-023000.pkl,1008a661c6596a64186685e0992bc21f584a7b422a8256cf86a7150a0bec74fe,23000,20019,277da14a657c4c40a44179d441c4e46d40f7cec17582aa7102910812c8160178,15.822739310376567,16.065344060074413,35588,13535,0.9848988761902232,0,ok,
edm_5k,/mnt/pixstor/data/xggh8/zw-lab/e009_stage_b_edm5k_30000kimg/network-snapshot-023000.pkl,1008a661c6596a64186685e0992bc21f584a7b422a8256cf86a7150a0bec74fe,23000,20020,add0b2ead9ec8a1198d866b902bbc0c2c5fa828070b60ec8bc95232414daf93c,13.591875482002006,17.528017624818627,9692,30807,0.77543711861384268,0,ok,
edm_5k,/mnt/pixstor/data/xggh8/zw-lab/e009_stage_b_edm5k_30000kimg/network-snapshot-023000.pkl,1008a661c6596a64186685e0992bc21f584a7b422a8256cf86a7150a0bec74fe,23000,20021,bd29bf74a4e4910aa7bf24cdc176d4e8172387421cc99b9633df9b4b5e8b9e93,18.119830553222236,18.205425238875662,19545,20770,0.9952983967948934,0,ok,
edm_5k,/mnt/pixstor/data/xggh8/zw-lab/e009_stage_b_edm5k_30000kimg/network-snapshot-023000.pkl,1008a661c6596a64186685e0992bc21f584a7b422a8256cf86a7150a0bec74fe,23000,20022,d44736886117844f812be104197e737c9db77c88c8ad4cc782329dc7efe3e461,11.018679017258911,11.693587116890081,29779,16683,0.94228391229442843,0,ok,
edm_5k,/mnt/pixstor/data/xggh8/zw-lab/e009_stage_b_edm5k_30000kimg/network-snapshot-023000.pkl,1008a661c6596a64186685e0992bc21f584a7b422a8256cf86a7150a0bec74fe,23000,20023,7f30dc601c9a3a93dcc3366c6afe8b7ed30c0aa534949c56e34296e5e6a52389,16.596588346725017,16.936544591019384,2567,42642,0.97992765038539031,0,ok,
edm_5k,/mnt/pixstor/data/xggh8/zw-lab/e009_stage_b_edm5k_30000kimg/network-snapshot-023000.pkl,1008a661c6596a64186685e0992bc21f584a7b422a8256cf86a7150a0bec74fe,23000,20024,35fcc632536e0d8af77b4a0c40704dd6dee909fd6f96ff8630409da2a172d80e,14.342032516918332,14.350118074327572,40136,29437,0.99943655115816055,0,ok,
edm_5k,/mnt/pixstor/data/xggh8/zw-lab/e009_stage_b_edm5k_30000kimg/network-snapshot-023000.pkl,1008a661c6596a64186685e0992bc21f584a7b422a8256cf86a7150a0bec74fe,23000,20025,4067dc0c6d5d3ea33d7d0484182edcea5d287f55c968a791d019b8558e537c61,12.290986316157003,13.193649576129564,30786,45494,0.93158350502156029,0,ok,
edm_5k,/mnt/pixstor/data/xggh8/zw-lab/e009_stage_b_edm5k_30000kimg/network-snapshot-023000.pkl,1008a661c6596a64186685e0992bc21f584a7b422a8256cf86a7150a0bec74fe,23000,20026,f4d6116f24df28ae92a64c038d1b139d2102a4fa7a83699c9e6ab21b5a98ca1f,14.912911014363392,15.888565975982951,11830,9692,0.93859389430774598,0,ok,
edm_5k,/mnt/pixstor/data/xggh8/zw-lab/e009_stage_b_edm5k_30000kimg/network-snapshot-023000.pkl,1008a661c6596a64186685e0992bc21f584a7b422a8256cf86a7150a0bec74fe,23000,20027,513304d312d56996ea358e3ef35aa6c7e389a85f831b56067f9442c74eb140ba,13.760970913961025,14.074655538446917,39913,48613,0.97771280273048111,0,ok,
edm_5k,/mnt/pixstor/data/xggh8/zw-lab/e009_stage_b_edm5k_30000kimg/network-snapshot-023000.pkl,1008a661c6596a64186685e0992bc21f584a7b422a8256cf86a7150a0bec74fe,23000,20028,bbf508a06203abe658e99dcf336787ba3a7b5065b47ac7754b7f96a4d027f4db,16.921111125579809,17.529954756374529,43826,2782,0.96526838550034921,0,ok,
edm_5k,/mnt/pixstor/data/xggh8/zw-lab/e009_stage_b_edm5k_30000kimg/network-snapshot-023000.pkl,1008a661c6596a64186685e0992bc21f584a7b422a8256cf86a7150a0bec74fe,23000,20029,96015908d2124c6c896a2900551c5c595bfba01161cf7efe59f1bfa6b64da2bc,12.99671084113676,13.225514784914782,28795,12699,0.98269980809828295,0,ok,
edm_5k,/mnt/pixstor/data/xggh8/zw-lab/e009_stage_b_edm5k_30000kimg/network-snapshot-023000.pkl,1008a661c6596a64186685e0992bc21f584a7b422a8256cf86a7150a0bec74fe,23000,20030,fe4327d5b5ac02f7ff4e4c5a447327d82f5120df587da1d4fe783c16155c4d4c,15.814053734368546,17.780342623701713,34315,38291,0.88941220476190108,0,ok,
edm_5k,/mnt/pixstor/data/xggh8/zw-lab/e009_stage_b_edm5k_30000kimg/network-snapshot-023000.pkl,1008a661c6596a64186685e0992bc21f584a7b422a8256cf86a7150a0bec74fe,23000,20031,0459056894194f86fb628dfc4c86c18b3916746db18374694b8711b2612b6ed3,16.415866062137418,17.583792573765351,13435,37558,0.93357937391900003,0,ok,
edm_5k,/mnt/pixstor/data/xggh8/zw-lab/e009_stage_b_edm5k_30000kimg/network-snapshot-023000.pkl,1008a661c6596a64186685e0992bc21f584a7b422a8256cf86a7150a0bec74fe,23000,20032,b42d548d8e0a58ca2eebef36bc3146dc59d33c933bb4a35f2c2b714421fb3b33,15.047044728765426,17.887659575283323,11207,29437,0.84119695287342233,0,ok,
edm_5k,/mnt/pixstor/data/xggh8/zw-lab/e009_stage_b_edm5k_30000kimg/network-snapshot-023000.pkl,1008a661c6596a64186685e0992bc21f584a7b422a8256cf86a7150a0bec74fe,23000,20033,6a81b2b306be814065ba5ec19b776fb44da6ed9803ac393c2e3ffc157089dfea,13.677926596759347,14.348338365475456,47356,30132,0.95327599951718212,0,ok,
edm_5k,/mnt/pixstor/data/xggh8/zw-lab/e009_stage_b_edm5k_30000kimg/network-snapshot-023000.pkl,1008a661c6596a64186685e0992bc21f584a7b422a8256cf86a7150a0bec74fe,23000,20034,67fff3745577d86dedb4d308a4f6b22914d94fee29416389cde58b73735a0f49,15.640131369833206,16.43714427052555,33571,39774,0.95151147379526768,0,ok,
edm_5k,/mnt/pixstor/data/xggh8/zw-lab/e009_stage_b_edm5k_30000kimg/network-snapshot-023000.pkl,1008a661c6596a64186685e0992bc21f584a7b422a8256cf86a7150a0bec74fe,23000,20035,156b24240ca7bb13aae57af4712fce3c769a120fb7b6f79394f2602bff6b484f,12.265476391971369,12.778116994261373,20770,43826,0.95988136573485516,0,ok,
edm_5k,/mnt/pixstor/data/xggh8/zw-lab/e009_stage_b_edm5k_30000kimg/network-snapshot-023000.pkl,1008a661c6596a64186685e0992bc21f584a7b422a8256cf86a7150a0bec74fe,23000,20036,2dfa7d19acb116e0bc404db7332a00deec00170c904cab6f95eb2ea4a0a32b81,15.895859442045182,16.638706521079687,15768,39915,0.95535427720337596,0,ok,
edm_5k,/mnt/pixstor/data/xggh8/zw-lab/e009_stage_b_edm5k_30000kimg/network-snapshot-023000.pkl,1008a661c6596a64186685e0992bc21f584a7b422a8256cf86a7150a0bec74fe,23000,20037,4f903c4750e230710b0e39a9251569fd8d52944ac66b09cdab067c5824100a91,14.648701921400166,17.508238969149744,47550,22857,0.83667477621317576,0,ok,
edm_5k,/mnt/pixstor/data/xggh8/zw-lab/e009_stage_b_edm5k_30000kimg/network-snapshot-023000.pkl,1008a661c6596a64186685e0992bc21f584a7b422a8256cf86a7150a0bec74fe,23000,20038,bf1b0087d6d9e9634e9d4c823cdac62f1872739bf9e07b67880e0b061362b9f3,11.637017777557007,12.20876932209857,32024,10551,0.95316878143428763,0,ok,
edm_5k,/mnt/pixstor/data/xggh8/zw-lab/e009_stage_b_edm5k_30000kimg/network-snapshot-023000.pkl,1008a661c6596a64186685e0992bc21f584a7b422a8256cf86a7150a0bec74fe,23000,20039,b19425a2ca7a7228ea6df04c435f5750916ab82db9e2a156a06ade73419774ab,9.3657382593926553,10.49036998772287,16683,20051,0.89279389290879174,0,ok,
edm_5k,/mnt/pixstor/data/xggh8/zw-lab/e009_stage_b_edm5k_30000kimg/network-snapshot-023000.pkl,1008a661c6596a64186685e0992bc21f584a7b422a8256cf86a7150a0bec74fe,23000,20040,564bfc768737771ae0121959338ce697d6444041a9cf7bc8c27c834e16c9a513,11.040808266560916,12.345235786708066,37719,26590,0.89433757745221776,0,ok,
edm_5k,/mnt/pixstor/data/xggh8/zw-lab/e009_stage_b_edm5k_30000kimg/network-snapshot-023000.pkl,1008a661c6596a64186685e0992bc21f584a7b422a8256cf86a7150a0bec74fe,23000,20041,b6f349327cab6a9c4137335888df7fcca801c6f2b21feab0e9438fec96a5e65c,16.30596021987202,16.630384749370911,12699,3160,0.98049206110452958,0,ok,
edm_5k,/mnt/pixstor/data/xggh8/zw-lab/e009_stage_b_edm5k_30000kimg/network-snapshot-023000.pkl,1008a661c6596a64186685e0992bc21f584a7b422a8256cf86a7150a0bec74fe,23000,20042,74bfce35d3bf8d27ef72777aa6c083c529b57f5770b85efd214c604251487efa,15.764467344845778,17.253236173417619,15768,29437,0.91371074889326476,0,ok,
edm_5k,/mnt/pixstor/data/xggh8/zw-lab/e009_stage_b_edm5k_30000kimg/network-snapshot-023000.pkl,1008a661c6596a64186685e0992bc21f584a7b422a8256cf86a7150a0bec74fe,23000,20043,fec7cdbe829e2957dee5da2b6e1954a997ca8e7090ee62983a71104960cf9d35,16.736964774593584,17.893336383006524,27642,2567,0.93537417596915262,0,ok,
edm_5k,/mnt/pixstor/data/xggh8/zw-lab/e009_stage_b_edm5k_30000kimg/network-snapshot-023000.pkl,1008a661c6596a64186685e0992bc21f584a7b422a8256cf86a7150a0bec74fe,23000,20044,8070fddc5d564e64fd6fe70e24d6f2234fb6b23d772cb0bee2f1c242073369e9,18.268639620278709,18.427098578077235,32953,30169,0.99140076463328608,0,ok,
edm_5k,/mnt/pixstor/data/xggh8/zw-lab/e009_stage_b_edm5k_30000kimg/network-snapshot-023000.pkl,1008a661c6596a64186685e0992bc21f584a7b422a8256cf86a7150a0bec74fe,23000,20045,190dd095c8a47218b960a8f182e9b961b5820f2be56183de80e02e4cf52d1235,12.662560302611757,17.647740311947896,46725,220,0.71751737496040413,0,ok,
edm_5k,/mnt/pixstor/data/xggh8/zw-lab/e009_stage_b_edm5k_30000kimg/network-snapshot-023000.pkl,1008a661c6596a64186685e0992bc21f584a7b422a8256cf86a7150a0bec74fe,23000,20046,0f8d27cc46fe95708286d83bd896cac5ed35f53f46204a383db033e404948446,19.77749629013098,20.270668481692649,16683,37603,0.97567064983539764,0,ok,
edm_5k,/mnt/pixstor/data/xggh8/zw-lab/e009_stage_b_edm5k_30000kimg/network-snapshot-023000.pkl,1008a661c6596a64186685e0992bc21f584a7b422a8256cf86a7150a0bec74fe,23000,20047,50ff719be34e5341ff70b58160cdf3cf2f091392ceaa278a450bcee796cd2793,19.615252431840073,20.103072765398789,25406,9131,0.97573404129550045,0,ok,
edm_5k,/mnt/pixstor/data/xggh8/zw-lab/e009_stage_b_edm5k_30000kimg/network-snapshot-023000.pkl,1008a661c6596a64186685e0992bc21f584a7b422a8256cf86a7150a0bec74fe,23000,20048,b21c79bc5fb4e5fde027906e13aa8298203b821a877ffedbe80f5edea14f87fe,14.632922578508849,15.707612282102675,5924,46725,0.93158159978150645,0,ok,
edm_5k,/mnt/pixstor/data/xggh8/zw-lab/e009_stage_b_edm5k_30000kimg/network-snapshot-023000.pkl,1008a661c6596a64186685e0992bc21f584a7b422a8256cf86a7150a0bec74fe,23000,20049,bbe5c4836a7907a1f1458395e60c8a99fc6df651c656a630611633746e34f99d,11.58658714874594,13.02454552004281,29779,25149,0.88959627273872477,0,ok,
edm_5k,/mnt/pixstor/data/xggh8/zw-lab/e009_stage_b_edm5k_30000kimg/network-snapshot-023000.pkl,1008a661c6596a64186685e0992bc21f584a7b422a8256cf86a7150a0bec74fe,23000,20050,d55ba1f502e1e532192d4c8c34bd5adea3797d826d11608855aaf04c8a59224f,16.774751419203273,17.147352862288756,40908,2782,0.97827061435792084,0,ok,
edm_5k,/mnt/pixstor/data/xggh8/zw-lab/e009_stage_b_edm5k_30000kimg/network-snapshot-023000.pkl,1008a661c6596a64186685e0992bc21f584a7b422a8256cf86a7150a0bec74fe,23000,20051,344189bdfe3ac45c0ac4855e6cbc46bff65a1496989e8ef9e86e1105eba9d93e,14.561803366806586,14.862168525453843,10551,32024,0.97978995069711172,0,ok,
edm_5k,/mnt/pixstor/data/xggh8/zw-lab/e009_stage_b_edm5k_30000kimg/network-snapshot-023000.pkl,1008a661c6596a64186685e0992bc21f584a7b422a8256cf86a7150a0bec74fe,23000,20052,d5b7d13631e4b9dcf6558036da80f20d6f3b515f3f7978088eacd023cecad425,14.094854679256912,14.737888362426979,32024,10551,0.95636866915009155,0,ok,
edm_5k,/mnt/pixstor/data/xggh8/zw-lab/e009_stage_b_edm5k_30000kimg/network-snapshot-023000.pkl,1008a661c6596a64186685e0992bc21f584a7b422a8256cf86a7150a0bec74fe,23000,20053,fda6d32dfe83abe0af868f618177a728c58e98c87ad916b8a7389eac80fc996f,9.4053189066225258,9.7157211909080949,24779,44302,0.96805154468861854,0,ok,
edm_5k,/mnt/pixstor/data/xggh8/zw-lab/e009_stage_b_edm5k_30000kimg/network-snapshot-023000.pkl,1008a661c6596a64186685e0992bc21f584a7b422a8256cf86a7150a0bec74fe,23000,20054,1433fb0c73b7b4b6ceaf8e8616934a50e0fde12b65b1c45baabe203b1da92b91,15.521932743938095,16.676699490922072,7346,30085,0.93075567814767113,0,ok,
edm_5k,/mnt/pixstor/data/xggh8/zw-lab/e009_stage_b_edm5k_30000kimg/network-snapshot-023000.pkl,1008a661c6596a64186685e0992bc21f584a7b422a8256cf86a7150a0bec74fe,23000,20055,2a20546923ea3a3fc6a79b349e3f6845c201a1a9c1b5f2a3e53c6d7e721bd23a,14.838380595700722,15.210793254233831,32024,15904,0.97551655246977664,0,ok,
edm_5k,/mnt/pixstor/data/xggh8/zw-lab/e009_stage_b_edm5k_30000kimg/network-snapshot-023000.pkl,1008a661c6596a64186685e0992bc21f584a7b422a8256cf86a7150a0bec74fe,23000,20056,001e5f395ba9e9935b3c106a31e1e6e4762b8965d5f3434e632666047d9ba4d9,15.572278513159638,16.199636734968625,31249,11207,0.96127331544078598,0,ok,
edm_5k,/mnt/pixstor/data/xggh8/zw-lab/e009_stage_b_edm5k_30000kimg/network-snapshot-023000.pkl,1008a661c6596a64186685e0992bc21f584a7b422a8256cf86a7150a0bec74fe,23000,20057,98839a33726b8a88ade7fb3edd2d1a43f87a5f616d9e14e77bbcc1f54fde1cb1,17.07197510836939,17.23908118544805,30786,35096,0.9903065554781586,0,ok,
edm_5k,/mnt/pixstor/data/xggh8/zw-lab/e009_stage_b_edm5k_30000kimg/network-snapshot-023000.pkl,1008a661c6596a64186685e0992bc21f584a7b422a8256cf86a7150a0bec74fe,23000,20058,f17fce8bda1bd7ec4ccaf1d44ea2b2fb9069c24ba20f9051215a90d46fc475df,14.47484353087799,15.308200545808855,31001,29779,0.94556139943182116,0,ok,
edm_5k,/mnt/pixstor/data/xggh8/zw-lab/e009_stage_b_edm5k_30000kimg/network-snapshot-023000.pkl,1008a661c6596a64186685e0992bc21f584a7b422a8256cf86a7150a0bec74fe,23000,20059,f3b015c73bd343ed1938b46734e4721cbe5020fbdb29faa4feead1caeb03c21e,14.264617271854013,19.886037738763086,46712,40349,0.71731822393399891,0,ok,
edm_5k,/mnt/pixstor/data/xggh8/zw-lab/e009_stage_b_edm5k_30000kimg/network-snapshot-023000.pkl,1008a661c6596a64186685e0992bc21f584a7b422a8256cf86a7150a0bec74fe,23000,20060,72b47232781438b4cee0d52429fba356155f458d1adee5386b41bdd47d7bc35f,14.150293217036719,15.275898126387878,5924,9896,0.92631497670131957,0,ok,
edm_5k,/mnt/pixstor/data/xggh8/zw-lab/e009_stage_b_edm5k_30000kimg/network-snapshot-023000.pkl,1008a661c6596a64186685e0992bc21f584a7b422a8256cf86a7150a0bec74fe,23000,20061,2a74b5a35168399a2a929194e5fb4c10fe2131d7abf33e155f7ace445026372d,18.652767126413242,20.606888286677453,27441,20770,0.9051714585395424,0,ok,
edm_5k,/mnt/pixstor/data/xggh8/zw-lab/e009_stage_b_edm5k_30000kimg/network-snapshot-023000.pkl,1008a661c6596a64186685e0992bc21f584a7b422a8256cf86a7150a0bec74fe,23000,20062,c56243028a8cb4b319fbc85dc12352a484b4f18e658be2fddfc58bf406a5c586,18.814649021497758,19.00721349669897,37719,26590,0.98986887398120427,0,ok,
edm_5k,/mnt/pixstor/data/xggh8/zw-lab/e009_stage_b_edm5k_30000kimg/network-snapshot-023000.pkl,1008a661c6596a64186685e0992bc21f584a7b422a8256cf86a7150a0bec74fe,23000,20063,48ffcd92bde01f144510c4ad88955c6ec5cb146edd3301aa82bb3d57caaa5ec4,15.180713178216438,15.906706999017375,32953,36170,0.95435926362095025,0,ok,
edm_5k,/mnt/pixstor/data/xggh8/zw-lab/e009_stage_b_edm5k_30000kimg/network-snapshot-023000.pkl,1008a661c6596a64186685e0992bc21f584a7b422a8256cf86a7150a0bec74fe,23000,20064,084ed6c20f95446acaebd58d2c7961ba8f5d6874e5723a5e060977104be31ecc,8.9831009465053544,9.9276858994891093,16683,20051,0.90485346106363373,0,ok,
edm_5k,/mnt/pixstor/data/xggh8/zw-lab/e009_stage_b_edm5k_30000kimg/network-snapshot-023000.pkl,1008a661c6596a64186685e0992bc21f584a7b422a8256cf86a7150a0bec74fe,23000,20065,da1dd702a23b4642fe5e3774e2990b01cd4999248ec88f565bec0052d2a73492,15.062687810257632,15.921340011821369,36170,40529,0.9460690996532829,0,ok,
edm_5k,/mnt/pixstor/data/xggh8/zw-lab/e009_stage_b_edm5k_30000kimg/network-snapshot-023000.pkl,1008a661c6596a64186685e0992bc21f584a7b422a8256cf86a7150a0bec74fe,23000,20066,d76699d3ff8af3affbaaccc2206f7e7798fb60adba351d974adff3d335f5c4f5,17.262490138386216,17.726460158418764,32953,6230,0.97382613246603578,0,ok,
edm_5k,/mnt/pixstor/data/xggh8/zw-lab/e009_stage_b_edm5k_30000kimg/network-snapshot-023000.pkl,1008a661c6596a64186685e0992bc21f584a7b422a8256cf86a7150a0bec74fe,23000,20067,ec869890b1efb443a56521c276864aeb72a99fe1e56a5ab10dd22cd77ce427bf,19.628651185149604,20.02882268619204,1220,21934,0.98002021849650123,0,ok,
edm_5k,/mnt/pixstor/data/xggh8/zw-lab/e009_stage_b_edm5k_30000kimg/network-snapshot-023000.pkl,1008a661c6596a64186685e0992bc21f584a7b422a8256cf86a7150a0bec74fe,23000,20068,f464806849ad24fc82460eda276e908d893250f6c893ef1c7174685b5a9fef82,16.342811824131569,17.9715308510171,2567,7813,0.90937227104426932,0,ok,
edm_5k,/mnt/pixstor/data/xggh8/zw-lab/e009_stage_b_edm5k_30000kimg/network-snapshot-023000.pkl,1008a661c6596a64186685e0992bc21f584a7b422a8256cf86a7150a0bec74fe,23000,20069,f8ee61c1e8a1ad1408ab0e0a987cfd7f22ec9f9f5c92040b3ba4b1da7d8ac7f1,17.791209196923237,18.337259484693181,19545,33602,0.97022181595751789,0,ok,
edm_5k,/mnt/pixstor/data/xggh8/zw-lab/e009_stage_b_edm5k_30000kimg/network-snapshot-023000.pkl,1008a661c6596a64186685e0992bc21f584a7b422a8256cf86a7150a0bec74fe,23000,20070,70af363b2f62a5897997cb5660c5ff5da944656802008da14c6abe941c38a921,15.375038191001696,16.759338641943906,29437,37558,0.91740124831192948,0,ok,
edm_5k,/mnt/pixstor/data/xggh8/zw-lab/e009_stage_b_edm5k_30000kimg/network-snapshot-023000.pkl,1008a661c6596a64186685e0992bc21f584a7b422a8256cf86a7150a0bec74fe,23000,20071,7e7712bf7b506568a3948ad683a132f6f39f843741324c1fa64a2a724c5b2222,15.728165130572945,16.43031743693453,1721,31001,0.95726483623601932,0,ok,
edm_5k,/mnt/pixstor/data/xggh8/zw-lab/e009_stage_b_edm5k_30000kimg/network-snapshot-023000.pkl,1008a661c6596a64186685e0992bc21f584a7b422a8256cf86a7150a0bec74fe,23000,20072,c31191f015563016667fdedad367837a453945e10ce41f5ba198eff67b388bf2,10.31229165044082,10.362447849654895,10551,7690,0.99515981166402245,0,ok,
edm_5k,/mnt/pixstor/data/xggh8/zw-lab/e009_stage_b_edm5k_30000kimg/network-snapshot-023000.pkl,1008a661c6596a64186685e0992bc21f584a7b422a8256cf86a7150a0bec74fe,23000,20073,16a2ff961ea256c7cd1ce92b19bd5326ae6dd5c2155e0c89a6f68f694a54c0ee,20.725182416689989,21.511137643993273,28921,22326,0.96346287024374311,0,ok,
edm_5k,/mnt/pixstor/data/xggh8/zw-lab/e009_stage_b_edm5k_30000kimg/network-snapshot-023000.pkl,1008a661c6596a64186685e0992bc21f584a7b422a8256cf86a7150a0bec74fe,23000,20074,0a89f9524e50c9a68688571effd1439e15ce443aa3fb70966a4081523f59ec41,16.495457511036612,19.959451799786134,41603,42837,0.82644842536273277,0,ok,
edm_5k,/mnt/pixstor/data/xggh8/zw-lab/e009_stage_b_edm5k_30000kimg/network-snapshot-023000.pkl,1008a661c6596a64186685e0992bc21f584a7b422a8256cf86a7150a0bec74fe,23000,20075,2779ab782cdd4b48aecfd732bcbce6e8aa2a30951bc4027a90c631d1fbf894a3,15.367586420765301,18.507714854983529,36811,49860,0.83033408182357571,0,ok,
edm_5k,/mnt/pixstor/data/xggh8/zw-lab/e009_stage_b_edm5k_30000kimg/network-snapshot-023000.pkl,1008a661c6596a64186685e0992bc21f584a7b422a8256cf86a7150a0bec74fe,23000,20076,201c2a18a6de52971df6eebf74347f03e819d14b4f999bd216e3a6022762bfcb,18.721205020069494,18.731071877572244,21936,1787,0.9994732358314975,0,ok,
edm_5k,/mnt/pixstor/data/xggh8/zw-lab/e009_stage_b_edm5k_30000kimg/network-snapshot-023000.pkl,1008a661c6596a64186685e0992bc21f584a7b422a8256cf86a7150a0bec74fe,23000,20077,f3d278a43ba0166c9ed3a3a55acf3b81296997f0dae340443378e7feb9ff36c8,19.444522528767095,20.915437579085943,34360,44542,0.92967323563004656,0,ok,
edm_5k,/mnt/pixstor/data/xggh8/zw-lab/e009_stage_b_edm5k_30000kimg/network-snapshot-023000.pkl,1008a661c6596a64186685e0992bc21f584a7b422a8256cf86a7150a0bec74fe,23000,20078,11949edb020921b931563696820cb6dd68c7b3c040a1438daed7038153f86b39,11.619210902374418,13.756491344387562,21934,17844,0.8446347699782385,0,ok,
edm_5k,/mnt/pixstor/data/xggh8/zw-lab/e009_stage_b_edm5k_30000kimg/network-snapshot-023000.pkl,1008a661c6596a64186685e0992bc21f584a7b422a8256cf86a7150a0bec74fe,23000,20079,8367a6df23119ef46b0e67e58ea2b325099ebe1cbd68d4146e2fc100dcf40bd8,18.665988997185277,19.029306018866691,19923,33343,0.98090750018307538,0,ok,
edm_5k,/mnt/pixstor/data/xggh8/zw-lab/e009_stage_b_edm5k_30000kimg/network-snapshot-023000.pkl,1008a661c6596a64186685e0992bc21f584a7b422a8256cf86a7150a0bec74fe,23000,20080,338ba666bfa79496865c7281c3d11b19e722e7fdda8967c0326d1180ecddd47b,16.320993525773694,16.541277146968117,34696,22857,0.9866827924326993,0,ok,
edm_5k,/mnt/pixstor/data/xggh8/zw-lab/e009_stage_b_edm5k_30000kimg/network-snapshot-023000.pkl,1008a661c6596a64186685e0992bc21f584a7b422a8256cf86a7150a0bec74fe,23000,20081,f3b77c0a61be9efc709cb691cfd034885c183fcb8f25807617bde0f5b90c00a9,11.259091477038544,13.330027388975321,11710,30786,0.84464128605995537,0,ok,
edm_5k,/mnt/pixstor/data/xggh8/zw-lab/e009_stage_b_edm5k_30000kimg/network-snapshot-023000.pkl,1008a661c6596a64186685e0992bc21f584a7b422a8256cf86a7150a0bec74fe,23000,20082,5211b48044d4b70774259cdc52be24de6687a77b96b07bcdbcd9fb22b68b46f7,20.551972013064383,26.102024009284094,43052,45102,0.78737081866733238,0,ok,
edm_5k,/mnt/pixstor/data/xggh8/zw-lab/e009_stage_b_edm5k_30000kimg/network-snapshot-023000.pkl,1008a661c6596a64186685e0992bc21f584a7b422a8256cf86a7150a0bec74fe,23000,20083,2a8382c630a79c210a9ce25549bde6744308ac409760e33e83c9134cd78c7785,12.632924563836838,12.855159670723122,29437,11207,0.98271238066436373,0,ok,
edm_5k,/mnt/pixstor/data/xggh8/zw-lab/e009_stage_b_edm5k_30000kimg/network-snapshot-023000.pkl,1008a661c6596a64186685e0992bc21f584a7b422a8256cf86a7150a0bec74fe,23000,20084,0d98c84ede89ff861208c63a88275705750e34474ce21e3cdafcf0777c09cf5a,16.289050289941315,16.60910079005053,34315,33571,0.98073041375599712,0,ok,
edm_5k,/mnt/pixstor/data/xggh8/zw-lab/e009_stage_b_edm5k_30000kimg/network-snapshot-023000.pkl,1008a661c6596a64186685e0992bc21f584a7b422a8256cf86a7150a0bec74fe,23000,20085,6b2f0625d7b11131dd801762ac072e4d00da616f52bc84f8c1e9176d2fef3c8f,14.101079127784294,14.650420127978853,37558,3157,0.96250339612135438,0,ok,
edm_5k,/mnt/pixstor/data/xggh8/zw-lab/e009_stage_b_edm5k_30000kimg/network-snapshot-023000.pkl,1008a661c6596a64186685e0992bc21f584a7b422a8256cf86a7150a0bec74fe,23000,20086,adc954e985189bc98d39ea1055e0fbd462e84264aa74d4ef62192ca386deb1cb,13.755537763035139,16.161253621749687,38154,31271,0.85114299205867583,0,ok,
edm_5k,/mnt/pixstor/data/xggh8/zw-lab/e009_stage_b_edm5k_30000kimg/network-snapshot-023000.pkl,1008a661c6596a64186685e0992bc21f584a7b422a8256cf86a7150a0bec74fe,23000,20087,0da84c18a9550c3c34a986c98ccdb6094af619e39dcf0f9be67b5e7c46a7747a,8.2983027267597667,8.5921413788352421,13533,32024,0.96580146448715576,0,ok,
edm_5k,/mnt/pixstor/data/xggh8/zw-lab/e009_stage_b_edm5k_30000kimg/network-snapshot-023000.pkl,1008a661c6596a64186685e0992bc21f584a7b422a8256cf86a7150a0bec74fe,23000,20088,4832be199644ec18cbd9977245904f80016548a5896b15d99848a458b33d55d8,10.171308036419216,14.308234413650544,7187,39915,0.71087093923450406,0,ok,
edm_5k,/mnt/pixstor/data/xggh8/zw-lab/e009_stage_b_edm5k_30000kimg/network-snapshot-023000.pkl,1008a661c6596a64186685e0992bc21f584a7b422a8256cf86a7150a0bec74fe,23000,20089,c6c8216fd8d3c42a3dc8392b64e9ae3999d60dd395a1c32dda14fe7cc7cc14aa,16.576426809483522,16.714310153916482,34315,33343,0.99175058119879078,0,ok,
edm_5k,/mnt/pixstor/data/xggh8/zw-lab/e009_stage_b_edm5k_30000kimg/network-snapshot-023000.pkl,1008a661c6596a64186685e0992bc21f584a7b422a8256cf86a7150a0bec74fe,23000,20090,5c500cbefef74857fd574d6a8e1faf4745b848cd6776cf0f1f98d285d79b3af3,17.774455806300491,18.000018845289141,26590,37803,0.98746873317592765,0,ok,
edm_5k,/mnt/pixstor/data/xggh8/zw-lab/e009_stage_b_edm5k_30000kimg/network-snapshot-023000.pkl,1008a661c6596a64186685e0992bc21f584a7b422a8256cf86a7150a0bec74fe,23000,20091,c0b4ed00e31bd007631b7f46090d9d8fe852d653f766a630bdf345586cb885c6,19.280818540528106,20.144109752313593,9692,16683,0.95714423608686228,0,ok,
edm_5k,/mnt/pixstor/data/xggh8/zw-lab/e009_stage_b_edm5k_30000kimg/network-snapshot-023000.pkl,1008a661c6596a64186685e0992bc21f584a7b422a8256cf86a7150a0bec74fe,23000,20092,d1d8bba01bfd6fd89d61f7e7dfeef77f10fd517376ba6be6cb3512f1179e6300,12.695191421339095,13.273129813026323,29779,2595,0.95645801707446299,0,ok,
edm_5k,/mnt/pixstor/data/xggh8/zw-lab/e009_stage_b_edm5k_30000kimg/network-snapshot-023000.pkl,1008a661c6596a64186685e0992bc21f584a7b422a8256cf86a7150a0bec74fe,23000,20093,a66f34d7fb666636b512ac74e384be9116c6f99d60ed5221a8b9fe049358e5df,17.986422382293036,18.429991247684626,7187,35674,0.97593222593378515,0,ok,
edm_5k,/mnt/pixstor/data/xggh8/zw-lab/e009_stage_b_edm5k_30000kimg/network-snapshot-023000.pkl,1008a661c6596a64186685e0992bc21f584a7b422a8256cf86a7150a0bec74fe,23000,20094,ceacc895c0acb1856ddc0d5ae70e43e456cf3632cd0b83c8b813eedaba16e5db,16.250206028478676,16.333416975360016,29779,25149,0.99490547832049658,0,ok,
edm_5k,/mnt/pixstor/data/xggh8/zw-lab/e009_stage_b_edm5k_30000kimg/network-snapshot-023000.pkl,1008a661c6596a64186685e0992bc21f584a7b422a8256cf86a7150a0bec74fe,23000,20095,b12d69c125ff52000e4e9645372ff733ab5e201fe0d288f01586ff5962a656b5,24.519792875690797,24.575243524829052,24507,38154,0.99774363785725129,0,ok,
edm_5k,/mnt/pixstor/data/xggh8/zw-lab/e009_stage_b_edm5k_30000kimg/network-snapshot-023000.pkl,1008a661c6596a64186685e0992bc21f584a7b422a8256cf86a7150a0bec74fe,23000,20096,c22f0bb9f7df0c5b97c19bc772f6afac00ab8cd598f1f0330a847f17debc2a87,22.737552024552755,22.978778578335028,22518,25486,0.98950220295826741,0,ok,
edm_5k,/mnt/pixstor/data/xggh8/zw-lab/e009_stage_b_edm5k_30000kimg/network-snapshot-023000.pkl,1008a661c6596a64186685e0992bc21f584a7b422a8256cf86a7150a0bec74fe,23000,20097,f00212afa8c144117d797ea6dae4ccbe60b98d74ffbc766da0a0320783cfd329,19.369485370029409,19.98703889261688,34675,47886,0.9691023004505388,0,ok,
edm_5k,/mnt/pixstor/data/xggh8/zw-lab/e009_stage_b_edm5k_30000kimg/network-snapshot-023000.pkl,1008a661c6596a64186685e0992bc21f584a7b422a8256cf86a7150a0bec74fe,23000,20098,8aa423feb86e4e4d93a3888510e6a588dd6962e161776528879837a31b50a869,17.655968327375145,18.113808965239251,737,12277,0.97472422069026399,0,ok,
edm_5k,/mnt/pixstor/data/xggh8/zw-lab/e009_stage_b_edm5k_30000kimg/network-snapshot-023000.pkl,1008a661c6596a64186685e0992bc21f584a7b422a8256cf86a7150a0bec74fe,23000,20099,a7952ee84db71aacf6c69059858d8211d4a308042339bfe74663d88e05e7f1bc,19.476059223476856,21.122816441118399,25744,26351,0.92203893726804775,0,ok,
edm_5k,/mnt/pixstor/data/xggh8/zw-lab/e009_stage_b_edm5k_30000kimg/network-snapshot-023000.pkl,1008a661c6596a64186685e0992bc21f584a7b422a8256cf86a7150a0bec74fe,23000,20100,0603a783e620dc52e442cf7c23188fab0072d69aed0eacf8c54b2f79ed00b5ff,13.730138404030077,15.023790049070438,1220,21934,0.91389312278625701,0,ok,
edm_5k,/mnt/pixstor/data/xggh8/zw-lab/e009_stage_b_edm5k_30000kimg/network-snapshot-023000.pkl,1008a661c6596a64186685e0992bc21f584a7b422a8256cf86a7150a0bec74fe,23000,20101,ee48c24b405ea6ceaf5b888d1d9df34dff7853b9509b5edf6d6cc3c07bea1ccb,15.551064219562104,16.767863824812597,21934,17844,0.9274326403194002,0,ok,
edm_5k,/mnt/pixstor/data/xggh8/zw-lab/e009_stage_b_edm5k_30000kimg/network-snapshot-023000.pkl,1008a661c6596a64186685e0992bc21f584a7b422a8256cf86a7150a0bec74fe,23000,20102,abae2029ebfac968d6ca0aed3d839d5b60629e27da10905077c6752f35eb0faf,17.74500909022407,17.949334303399162,9332,11710,0.98861655759921985,0,ok,
edm_5k,/mnt/pixstor/data/xggh8/zw-lab/e009_stage_b_edm5k_30000kimg/network-snapshot-023000.pkl,1008a661c6596a64186685e0992bc21f584a7b422a8256cf86a7150a0bec74fe,23000,20103,f2ec45a5d1a080d1728d4ad6f18e6c90b147bb846a6bfdb439c770edba847302,12.61575249795659,14.373570786000959,7690,12300,0.87770482963381768,0,ok,
edm_5k,/mnt/pixstor/data/xggh8/zw-lab/e009_stage_b_edm5k_30000kimg/network-snapshot-023000.pkl,1008a661c6596a64186685e0992bc21f584a7b422a8256cf86a7150a0bec74fe,23000,20104,22f9d2087a8e1a6c8b36c3950802f57f8389c476ec1eee3b9a70d2d1231a7a3b,14.753599521017298,15.540520495326144,2567,40529,0.94936328068641496,0,ok,
edm_5k,/mnt/pixstor/data/xggh8/zw-lab/e009_stage_b_edm5k_30000kimg/network-snapshot-023000.pkl,1008a661c6596a64186685e0992bc21f584a7b422a8256cf86a7150a0bec74fe,23000,20105,b249438966bc51b31042eecde15e9e915ae44c53238c8a5c533a19b6899c3540,13.515033225230956,17.438231942313784,12277,34019,0.77502313708976389,0,ok,
edm_5k,/mnt/pixstor/data/xggh8/zw-lab/e009_stage_b_edm5k_30000kimg/network-snapshot-023000.pkl,1008a661c6596a64186685e0992bc21f584a7b422a8256cf86a7150a0bec74fe,23000,20106,b1d2ccfe593557a5d3763f31794e4c1e8a3a5250fe3f794b762f4b783d919f6a,17.348121286935875,17.412822399878159,7813,2567,0.99628428341733177,0,ok,
edm_5k,/mnt/pixstor/data/xggh8/zw-lab/e009_stage_b_edm5k_30000kimg/network-snapshot-023000.pkl,1008a661c6596a64186685e0992bc21f584a7b422a8256cf86a7150a0bec74fe,23000,20107,249c1c6b827a685895fb2c9b1f1b834863bcd766da4352049574a574b1252e28,17.551534083155392,17.928532478983346,11830,43777,0.97897215534679771,0,ok,
edm_5k,/mnt/pixstor/data/xggh8/zw-lab/e009_stage_b_edm5k_30000kimg/network-snapshot-023000.pkl,1008a661c6596a64186685e0992bc21f584a7b422a8256cf86a7150a0bec74fe,23000,20108,f32fb6d243682fed5680797753b64b5924036552b2345db374c6a886be18fa83,18.355451230434138,18.607495704317135,8275,832,0.9864546805283142,0,ok,
edm_5k,/mnt/pixstor/data/xggh8/zw-lab/e009_stage_b_edm5k_30000kimg/network-snapshot-023000.pkl,1008a661c6596a64186685e0992bc21f584a7b422a8256cf86a7150a0bec74fe,23000,20109,6e0476724df5383364684081c3c3ce4419d84c81ab3693bc45b6921ae0787251,12.772175500341557,13.538814740104407,10551,32953,0.94337471525539629,0,ok,
edm_5k,/mnt/pixstor/data/xggh8/zw-lab/e009_stage_b_edm5k_30000kimg/network-snapshot-023000.pkl,1008a661c6596a64186685e0992bc21f584a7b422a8256cf86a7150a0bec74fe,23000,20110,a1ebeda3f8e39adf675b6e8e6d0eed599416e65383ea5158a4de1cf0e7648324,12.456657801876311,13.072560037291376,44302,24779,0.95288587440729933,0,ok,
edm_5k,/mnt/pixstor/data/xggh8/zw-lab/e009_stage_b_edm5k_30000kimg/network-snapshot-023000.pkl,1008a661c6596a64186685e0992bc21f584a7b422a8256cf86a7150a0bec74fe,23000,20111,3925a1ff6e76ede6bb7b43f902ec877f30dc218ca23d94a58e1aaecfbe195441,14.89189731784796,14.93626865048555,13533,10551,0.99702928933082979,0,ok,
edm_5k,/mnt/pixstor/data/xggh8/zw-lab/e009_stage_b_edm5k_30000kimg/network-snapshot-023000.pkl,1008a661c6596a64186685e0992bc21f584a7b422a8256cf86a7150a0bec74fe,23000,20112,6a333950b01889f72b37cf6e7287e45a74bbd52c374938e0aaff15e6cfc488f4,20.213801618466775,20.771538078526163,25969,13919,0.97314900524213077,0,ok,
edm_5k,/mnt/pixstor/data/xggh8/zw-lab/e009_stage_b_edm5k_30000kimg/network-snapshot-023000.pkl,1008a661c6596a64186685e0992bc21f584a7b422a8256cf86a7150a0bec74fe,23000,20113,617300c368340fcde32ecb4993cfec9c0e93006cef87b5484d011656d2e96d52,19.567767764412569,19.744315082771895,47886,47045,0.99105832146523154,0,ok,
edm_5k,/mnt/pixstor/data/xggh8/zw-lab/e009_stage_b_edm5k_30000kimg/network-snapshot-023000.pkl,1008a661c6596a64186685e0992bc21f584a7b422a8256cf86a7150a0bec74fe,23000,20114,c9e5ca6ae7eaa1ffa3eea819b266a867110c748870b8a6fbf0b2319d63acc83a,13.460592299225857,15.703840210561829,31572,39006,0.8571529077437221,0,ok,
edm_5k,/mnt/pixstor/data/xggh8/zw-lab/e009_stage_b_edm5k_30000kimg/network-snapshot-023000.pkl,1008a661c6596a64186685e0992bc21f584a7b422a8256cf86a7150a0bec74fe,23000,20115,a8fd6cec60748af2dad3eaf9a3fcc6dd7938413bb53f3b2a1af79afad1f0a92a,15.059368775347373,16.560412950220002,21934,38676,0.90935949608353894,0,ok,
edm_5k,/mnt/pixstor/data/xggh8/zw-lab/e009_stage_b_edm5k_30000kimg/network-snapshot-023000.pkl,1008a661c6596a64186685e0992bc21f584a7b422a8256cf86a7150a0bec74fe,23000,20116,88f4354fedbf297acb5a5e53eb18b1e763e4f30710ffa3ffa3b91409547ccf0c,15.088561047737858,15.52168424782406,737,12277,0.9720956055302491,0,ok,
edm_5k,/mnt/pixstor/data/xggh8/zw-lab/e009_stage_b_edm5k_30000kimg/network-snapshot-023000.pkl,1008a661c6596a64186685e0992bc21f584a7b422a8256cf86a7150a0bec74fe,23000,20117,fb48b227d740dfce3977383ed5bb4cfd8e0558cc0a4b4ba6f973bb4d04ec4292,18.819878969534543,25.660780792917187,17938,42837,0.73341022322785865,0,ok,
edm_5k,/mnt/pixstor/data/xggh8/zw-lab/e009_stage_b_edm5k_30000kimg/network-snapshot-023000.pkl,1008a661c6596a64186685e0992bc21f584a7b422a8256cf86a7150a0bec74fe,23000,20118,97652af29d6034d7e47863b375b6bf0187449a3b1da8276b04d5db32cfd4f432,15.77235960121204,15.96086678625225,2567,39913,0.98818941429906682,0,ok,
edm_5k,/mnt/pixstor/data/xggh8/zw-lab/e009_stage_b_edm5k_30000kimg/network-snapshot-023000.pkl,1008a661c6596a64186685e0992bc21f584a7b422a8256cf86a7150a0bec74fe,23000,20119,a5eb5c914354f8370432318da92bcac158b35be86bd6568a12714a6471f11fa4,17.087730912609992,19.235918707287052,14410,13435,0.88832413843258384,0,ok,
edm_5k,/mnt/pixstor/data/xggh8/zw-lab/e009_stage_b_edm5k_30000kimg/network-snapshot-023000.pkl,1008a661c6596a64186685e0992bc21f584a7b422a8256cf86a7150a0bec74fe,23000,20120,9a3a052f06caeb36b9f1a41a03679e03132cbbd87c01362e4545e9f71963eaf4,16.786650080970379,16.89900103387469,32953,40529,0.99335162163259827,0,ok,
edm_5k,/mnt/pixstor/data/xggh8/zw-lab/e009_stage_b_edm5k_30000kimg/network-snapshot-023000.pkl,1008a661c6596a64186685e0992bc21f584a7b422a8256cf86a7150a0bec74fe,23000,20121,a0851eb545b91605f7ddeded37cfed7c4dd71d261ac093548f2b9b460d4e7833,16.703859052157039,18.648123730860892,9841,46960,0.89573939412004877,0,ok,
edm_5k,/mnt/pixstor/data/xggh8/zw-lab/e009_stage_b_edm5k_30000kimg/network-snapshot-023000.pkl,1008a661c6596a64186685e0992bc21f584a7b422a8256cf86a7150a0bec74fe,23000,20122,eafd84e88a6c434c624b4c146e3c608d8d2422bb9fee3a98fcb643df6fdb64b9,13.753793171640092,14.039963925653577,11207,31249,0.97961741529188695,0,ok,
edm_5k,/mnt/pixstor/data/xggh8/zw-lab/e009_stage_b_edm5k_30000kimg/network-snapshot-023000.pkl,1008a661c6596a64186685e0992bc21f584a7b422a8256cf86a7150a0bec74fe,23000,20123,499e2391be6bce4b6fe1bd2dd0a7fd307ab7a2dd6dadc0f0d53ab25bb5677dbd,16.599313201942085,17.484986478017301,18459,49665,0.94934664220708931,0,ok,
edm_5k,/mnt/pixstor/data/xggh8/zw-lab/e009_stage_b_edm5k_30000kimg/network-snapshot-023000.pkl,1008a661c6596a64186685e0992bc21f584a7b422a8256cf86a7150a0bec74fe,23000,20124,1509f2c4328c07936ab977b6cd1c830096202491281d6a814bb2d42f9ac327f6,14.251074847275687,14.568123288877041,39915,7187,0.97823683700951203,0,ok,
edm_5k,/mnt/pixstor/data/xggh8/zw-lab/e009_stage_b_edm5k_30000kimg/network-snapshot-023000.pkl,1008a661c6596a64186685e0992bc21f584a7b422a8256cf86a7150a0bec74fe,23000,20125,634c489743e75946dff540ce747e50747d63c3e6ed3a27f992fd8e9b68984203,12.503814119968975,13.116937353432238,39006,786,0.95325713488272246,0,ok,
edm_5k,/mnt/pixstor/data/xggh8/zw-lab/e009_stage_b_edm5k_30000kimg/network-snapshot-023000.pkl,1008a661c6596a64186685e0992bc21f584a7b422a8256cf86a7150a0bec74fe,23000,20126,190da26184b3fd326678353b46949eb69fed899fbcc11fd6d85405d62e5ff936,18.36477928220641,18.510369047177239,39199,44278,0.99213469139379307,0,ok,
edm_5k,/mnt/pixstor/data/xggh8/zw-lab/e009_stage_b_edm5k_30000kimg/network-snapshot-023000.pkl,1008a661c6596a64186685e0992bc21f584a7b422a8256cf86a7150a0bec74fe,23000,20127,cf3922ad9b9c4f95c2af6eba43a957589f1962654e4ed51e32ad937c02c3c2ff,14.942924248726168,15.569638066782224,40529,12300,0.95974769513793978,0,ok,
edm_5k,/mnt/pixstor/data/xggh8/zw-lab/e009_stage_b_edm5k_30000kimg/network-snapshot-024000.pkl,388fb9959592642df120dadf9836c3fdaf1df6841e3a03f4833ef9d89b701d43,24000,20000,a5e1e2f3b42aee580c06cdb036597da7464b0c8534d0268c2d97be5ad0b08cc4,11.253522178045129,12.793507368190312,22857,29779,0.8796275997015337,0,ok,
edm_5k,/mnt/pixstor/data/xggh8/zw-lab/e009_stage_b_edm5k_30000kimg/network-snapshot-024000.pkl,388fb9959592642df120dadf9836c3fdaf1df6841e3a03f4833ef9d89b701d43,24000,20001,91ca2ae5bddcf080b08ebfa3b16f967293a3faa537741005865938732d412845,10.183143432694637,11.055519557005034,44302,47671,0.92109134990787112,0,ok,
edm_5k,/mnt/pixstor/data/xggh8/zw-lab/e009_stage_b_edm5k_30000kimg/network-snapshot-024000.pkl,388fb9959592642df120dadf9836c3fdaf1df6841e3a03f4833ef9d89b701d43,24000,20002,1b0a5655bea9b509937cf50b8dc3e33575841bd1e457eef12ab9620e6d841ed2,18.788264700030229,19.011738897814688,41973,13316,0.98824546250158396,0,ok,
edm_5k,/mnt/pixstor/data/xggh8/zw-lab/e009_stage_b_edm5k_30000kimg/network-snapshot-024000.pkl,388fb9959592642df120dadf9836c3fdaf1df6841e3a03f4833ef9d89b701d43,24000,20003,21854ee225fbcdcdf67f870a3899870c4d156b0d131eb5623d88284219964a27,19.07338690606889,20.442680512962866,33343,29771,0.93301790310592114,0,ok,
edm_5k,/mnt/pixstor/data/xggh8/zw-lab/e009_stage_b_edm5k_30000kimg/network-snapshot-024000.pkl,388fb9959592642df120dadf9836c3fdaf1df6841e3a03f4833ef9d89b701d43,24000,20004,eee6db3f33feccfe23cfcf3db8518bbe523ac32a1148c79b9559aeccd28dee07,13.23575807054843,14.594864414053768,47886,29779,0.90687776844321899,0,ok,
edm_5k,/mnt/pixstor/data/xggh8/zw-lab/e009_stage_b_edm5k_30000kimg/network-snapshot-024000.pkl,388fb9959592642df120dadf9836c3fdaf1df6841e3a03f4833ef9d89b701d43,24000,20005,f39c2a44be7948c864a782cda38ac5c9a73d1ad843108aea4f1d410bdcaa93a5,13.927578526816141,18.696096166664397,7672,4706,0.74494581128916948,0,ok,
edm_5k,/mnt/pixstor/data/xggh8/zw-lab/e009_stage_b_edm5k_30000kimg/network-snapshot-024000.pkl,388fb9959592642df120dadf9836c3fdaf1df6841e3a03f4833ef9d89b701d43,24000,20006,0daa44c1728673b646d5332c916671455ddb7a568e0cb93889710e71f169feee,11.720292078731852,15.530645828485293,21934,17844,0.75465580814644939,0,ok,
edm_5k,/mnt/pixstor/data/xggh8/zw-lab/e009_stage_b_edm5k_30000kimg/network-snapshot-024000.pkl,388fb9959592642df120dadf9836c3fdaf1df6841e3a03f4833ef9d89b701d43,24000,20007,9b15bfc57046d698412d844650621ea7e8c9f9710d7ed0053c5f682bf393939a,26.343224733964359,27.248025517938391,11476,34035,0.96679389545571415,0,ok,
edm_5k,/mnt/pixstor/data/xggh8/zw-lab/e009_stage_b_edm5k_30000kimg/network-snapshot-024000.pkl,388fb9959592642df120dadf9836c3fdaf1df6841e3a03f4833ef9d89b701d43,24000,20008,5295b3ae7f1df2b077eeccd6b65af2b4d5c033428dafd749b90c4f23f51fcda5,25.420989777343443,26.48521159683926,38456,30085,0.95981826251964619,0,ok,
edm_5k,/mnt/pixstor/data/xggh8/zw-lab/e009_stage_b_edm5k_30000kimg/network-snapshot-024000.pkl,388fb9959592642df120dadf9836c3fdaf1df6841e3a03f4833ef9d89b701d43,24000,20009,0723bcce033fc22dcfe5bcdfa2809657b35c8303f98acbe718451cf616a57ae8,13.313923212418828,15.006053453080824,5924,22857,0.88723682439538476,0,ok,
edm_5k,/mnt/pixstor/data/xggh8/zw-lab/e009_stage_b_edm5k_30000kimg/network-snapshot-024000.pkl,388fb9959592642df120dadf9836c3fdaf1df6841e3a03f4833ef9d89b701d43,24000,20010,f32980aea8b3f9d2ff7b6b79b9271e657558145ef67e17e52452a20de13df842,13.949363507445186,15.727803953812755,9692,29779,0.88692379103972507,0,ok,
edm_5k,/mnt/pixstor/data/xggh8/zw-lab/e009_stage_b_edm5k_30000kimg/network-snapshot-024000.pkl,388fb9959592642df120dadf9836c3fdaf1df6841e3a03f4833ef9d89b701d43,24000,20011,a2a88ae6cfb5b410b72cfc4d7cb210374fd959bd3cfe4c4d61194b1fa9c424e1,16.086998578538843,23.60735386973035,30616,41057,0.68144014222474114,0,ok,
edm_5k,/mnt/pixstor/data/xggh8/zw-lab/e009_stage_b_edm5k_30000kimg/network-snapshot-024000.pkl,388fb9959592642df120dadf9836c3fdaf1df6841e3a03f4833ef9d89b701d43,24000,20012,0616951a8b8af037bd3b627fe872dcd18cd9a8765132f3900f0180ba14095f57,14.875220809596744,15.998885644545254,1276,32953,0.92976605621707042,0,ok,
edm_5k,/mnt/pixstor/data/xggh8/zw-lab/e009_stage_b_edm5k_30000kimg/network-snapshot-024000.pkl,388fb9959592642df120dadf9836c3fdaf1df6841e3a03f4833ef9d89b701d43,24000,20013,dc015c0ad8ffae2b016a54330d2df915a38e477c6223772386aee88fc40efe36,20.859847024984997,20.974201473962996,34315,14410,0.99454785207818486,0,ok,
edm_5k,/mnt/pixstor/data/xggh8/zw-lab/e009_stage_b_edm5k_30000kimg/network-snapshot-024000.pkl,388fb9959592642df120dadf9836c3fdaf1df6841e3a03f4833ef9d89b701d43,24000,20014,55d88f262c3d149d08228aa17876b3b9b7bc75bbf50a861e18d57e77a9a8b835,13.85030215247482,15.592788184236431,48613,21934,0.88825051612493633,0,ok,
edm_5k,/mnt/pixstor/data/xggh8/zw-lab/e009_stage_b_edm5k_30000kimg/network-snapshot-024000.pkl,388fb9959592642df120dadf9836c3fdaf1df6841e3a03f4833ef9d89b701d43,24000,20015,24f79d98a891922ad5b024e791b8d1e3935882738c10e6e0be4dc509b8772428,18.493005916463304,20.084207308430081,12699,29779,0.92077350290549476,0,ok,
edm_5k,/mnt/pixstor/data/xggh8/zw-lab/e009_stage_b_edm5k_30000kimg/network-snapshot-024000.pkl,388fb9959592642df120dadf9836c3fdaf1df6841e3a03f4833ef9d89b701d43,24000,20016,ab73bac6f58980ac79898d1170db0faa25fe3247ca6a741c00f0efa090c5b6d3,19.467945525516352,19.636317413450396,14062,48190,0.99142548552313003,0,ok,
edm_5k,/mnt/pixstor/data/xggh8/zw-lab/e009_stage_b_edm5k_30000kimg/network-snapshot-024000.pkl,388fb9959592642df120dadf9836c3fdaf1df6841e3a03f4833ef9d89b701d43,24000,20017,60e42a6f1ac92d16beb581059ee053a3da8d5d1e10f69c3df307951e682c55cf,17.705983240687733,19.762103151258657,22870,30085,0.8959564225106289,0,ok,
edm_5k,/mnt/pixstor/data/xggh8/zw-lab/e009_stage_b_edm5k_30000kimg/network-snapshot-024000.pkl,388fb9959592642df120dadf9836c3fdaf1df6841e3a03f4833ef9d89b701d43,24000,20018,e6533a0fa969b08fbb9e15cd5795e165398435495e8f432128a9b2b01f048087,15.533729343503177,15.572804813181921,13435,14410,0.99749078793784995,0,ok,
edm_5k,/mnt/pixstor/data/xggh8/zw-lab/e009_stage_b_edm5k_30000kimg/network-snapshot-024000.pkl,388fb9959592642df120dadf9836c3fdaf1df6841e3a03f4833ef9d89b701d43,24000,20019,eedcedb664c35f0d74acf42a73dd208b620454a6c41478e65767ccf2d6e64b94,17.830626576838501,17.91000634102431,35588,13535,0.99556785393179992,0,ok,
edm_5k,/mnt/pixstor/data/xggh8/zw-lab/e009_stage_b_edm5k_30000kimg/network-snapshot-024000.pkl,388fb9959592642df120dadf9836c3fdaf1df6841e3a03f4833ef9d89b701d43,24000,20020,63ae9187476e1fcb049bf4786de0f4193f666a0a5fdb61f6e826e167008fe831,13.043900846455971,16.592285098701929,9692,47886,0.78614252159134124,0,ok,
edm_5k,/mnt/pixstor/data/xggh8/zw-lab/e009_stage_b_edm5k_30000kimg/network-snapshot-024000.pkl,388fb9959592642df120dadf9836c3fdaf1df6841e3a03f4833ef9d89b701d43,24000,20021,50b9e2c9c92962e0fa986c37c62d1e26174b67670c958807f3a1a44ff9d4582e,18.768137205985003,18.90248086797288,2782,20770,0.99289280264711177,0,ok,
edm_5k,/mnt/pixstor/data/xggh8/zw-lab/e009_stage_b_edm5k_30000kimg/network-snapshot-024000.pkl,388fb9959592642df120dadf9836c3fdaf1df6841e3a03f4833ef9d89b701d43,24000,20022,5a3e9be472e8cec27af9056229a8fc197a04a7dd55d771c06c5aa862e6c4ad58,10.646703765449416,11.793572869310344,29779,12699,0.90275473628137315,0,ok,
edm_5k,/mnt/pixstor/data/xggh8/zw-lab/e009_stage_b_edm5k_30000kimg/network-snapshot-024000.pkl,388fb9959592642df120dadf9836c3fdaf1df6841e3a03f4833ef9d89b701d43,24000,20023,05f337768d4889db55ae538d7b1be54691afcc4f855eae9172096e6415b5612f,16.341478201490002,16.381823102825795,2567,45385,0.99753721541964191,0,ok,
edm_5k,/mnt/pixstor/data/xggh8/zw-lab/e009_stage_b_edm5k_30000kimg/network-snapshot-024000.pkl,388fb9959592642df120dadf9836c3fdaf1df6841e3a03f4833ef9d89b701d43,24000,20024,00cd28ce8129a5ee7506b4cafa77570fc6ebc1836f35147e658cda787518432c,12.485858294822524,14.573276129638689,40136,26140,0.85676399621833577,0,ok,
edm_5k,/mnt/pixstor/data/xggh8/zw-lab/e009_stage_b_edm5k_30000kimg/network-snapshot-024000.pkl,388fb9959592642df120dadf9836c3fdaf1df6841e3a03f4833ef9d89b701d43,24000,20025,d21f2a1b0bed5b0074b628cebb078bc3b6eb5e1a05f60f955dfcd5d44edefe34,11.910297490701904,13.266581193699546,30786,45494,0.89776690141980542,0,ok,
edm_5k,/mnt/pixstor/data/xggh8/zw-lab/e009_stage_b_edm5k_30000kimg/network-snapshot-024000.pkl,388fb9959592642df120dadf9836c3fdaf1df6841e3a03f4833ef9d89b701d43,24000,20026,18b99635df4984a7cf08759035307a0284472aa44f4da82230d82df7add80b55,16.151870315081645,16.861940890721979,9692,29779,0.95788915521397433,0,ok,
edm_5k,/mnt/pixstor/data/xggh8/zw-lab/e009_stage_b_edm5k_30000kimg/network-snapshot-024000.pkl,388fb9959592642df120dadf9836c3fdaf1df6841e3a03f4833ef9d89b701d43,24000,20027,d0c272058a94d369f30c4d9752eccae39ba2778d2a68d194ba4cbbd88060cf70,13.894309618740353,14.334332726952214,39913,48613,0.96930285374327163,0,ok,
edm_5k,/mnt/pixstor/data/xggh8/zw-lab/e009_stage_b_edm5k_30000kimg/network-snapshot-024000.pkl,388fb9959592642df120dadf9836c3fdaf1df6841e3a03f4833ef9d89b701d43,24000,20028,37ef1bed24f6f24573812a27c18a9ae0acf088316fbf73d16f2facdd5d39a627,16.700033868378448,17.522387006165673,43826,2782,0.95306842968952454,0,ok,
edm_5k,/mnt/pixstor/data/xggh8/zw-lab/e009_stage_b_edm5k_30000kimg/network-snapshot-024000.pkl,388fb9959592642df120dadf9836c3fdaf1df6841e3a03f4833ef9d89b701d43,24000,20029,ee96bf4b489db73fdce18ce89f5cd4532ab0212a51132d10cd5b591bccfc0a5d,13.414367284192549,13.542713760939021,28795,12699,0.99052283914346184,0,ok,
edm_5k,/mnt/pixstor/data/xggh8/zw-lab/e009_stage_b_edm5k_30000kimg/network-snapshot-024000.pkl,388fb9959592642df120dadf9836c3fdaf1df6841e3a03f4833ef9d89b701d43,24000,20030,8278a2ea4d35f18556e315b2ea2410db65d4d651c1e80dc78a75eb1e88391703,14.882590758889664,17.653956301500976,34315,11207,0.84301731038182726,0,ok,
edm_5k,/mnt/pixstor/data/xggh8/zw-lab/e009_stage_b_edm5k_30000kimg/network-snapshot-024000.pkl,388fb9959592642df120dadf9836c3fdaf1df6841e3a03f4833ef9d89b701d43,24000,20031,00a5756485e199366ec0035c4845ec1d0eddb8190f298cb3d20fbe01b44c46f7,16.13102026306866,16.853910403848822,13435,19974,0.95710846186680332,0,ok,
edm_5k,/mnt/pixstor/data/xggh8/zw-lab/e009_stage_b_edm5k_30000kimg/network-snapshot-024000.pkl,388fb9959592642df120dadf9836c3fdaf1df6841e3a03f4833ef9d89b701d43,24000,20032,780f2d1452e837d6ddef9148b47cbfa57d33f2d4d4df4bba8480a136b112b889,15.835704579555989,18.388872746799134,11207,37887,0.86115689621662295,0,ok,
edm_5k,/mnt/pixstor/data/xggh8/zw-lab/e009_stage_b_edm5k_30000kimg/network-snapshot-024000.pkl,388fb9959592642df120dadf9836c3fdaf1df6841e3a03f4833ef9d89b701d43,24000,20033,e69107e7798504aeb508db528437c6002a7760ad5242185362d815f36db249dd,13.395293273229045,15.187666598393696,30132,47356,0.88198494393113569,0,ok,
edm_5k,/mnt/pixstor/data/xggh8/zw-lab/e009_stage_b_edm5k_30000kimg/network-snapshot-024000.pkl,388fb9959592642df120dadf9836c3fdaf1df6841e3a03f4833ef9d89b701d43,24000,20034,06a400f9a8699ebf403b0259dd145eb714783e68a31d5f95d598a1ab98e321f7,17.218768378075509,17.493192522265108,33571,39774,0.98431251792145347,0,ok,
edm_5k,/mnt/pixstor/data/xggh8/zw-lab/e009_stage_b_edm5k_30000kimg/network-snapshot-024000.pkl,388fb9959592642df120dadf9836c3fdaf1df6841e3a03f4833ef9d89b701d43,24000,20035,5d05bce8c526b7a1fc76ea4f4598a1b9c0bf6d57d0ac2984fd07d9470aca2410,12.040894887356158,12.907038173820856,20770,43826,0.93289372241716284,0,ok,
edm_5k,/mnt/pixstor/data/xggh8/zw-lab/e009_stage_b_edm5k_30000kimg/network-snapshot-024000.pkl,388fb9959592642df120dadf9836c3fdaf1df6841e3a03f4833ef9d89b701d43,24000,20036,921cb4b62390b56bdd27c6de9a716115eafa97555bce342d7c722bee03951531,15.457002060891192,16.962626815207706,15768,39915,0.91123870313726063,0,ok,
edm_5k,/mnt/pixstor/data/xggh8/zw-lab/e009_stage_b_edm5k_30000kimg/network-snapshot-024000.pkl,388fb9959592642df120dadf9836c3fdaf1df6841e3a03f4833ef9d89b701d43,24000,20037,30e4666409c150864b767b0c3926e43392c80a34750fd23c1e2fe97e7f80f194,14.262678599281472,16.739097710977553,47550,22857,0.85205778982507296,0,ok,
edm_5k,/mnt/pixstor/data/xggh8/zw-lab/e009_stage_b_edm5k_30000kimg/network-snapshot-024000.pkl,388fb9959592642df120dadf9836c3fdaf1df6841e3a03f4833ef9d89b701d43,24000,20038,3020759f1ebe48a5a17ddd1f574b4a8323a4f6041d7f7805e7b73253b6c516c5,11.851087987014939,12.123400882174082,32024,10551,0.97753824213141838,0,ok,
edm_5k,/mnt/pixstor/data/xggh8/zw-lab/e009_stage_b_edm5k_30000kimg/network-snapshot-024000.pkl,388fb9959592642df120dadf9836c3fdaf1df6841e3a03f4833ef9d89b701d43,24000,20039,09824dcfb952efc270337fcf04d6223ec0461b4a94f810f4e11f9d028bc6250a,9.3593770745093767,10.187570358574183,16683,20051,0.91870551516066123,0,ok,
edm_5k,/mnt/pixstor/data/xggh8/zw-lab/e009_stage_b_edm5k_30000kimg/network-snapshot-024000.pkl,388fb9959592642df120dadf9836c3fdaf1df6841e3a03f4833ef9d89b701d43,24000,20040,7c951b1be95a4a86dbf3bd793b725f2bc6c6edde5940386208548dd029baa89c,11.078820079695742,12.450944805578029,37719,26590,0.88979754168795488,0,ok,
edm_5k,/mnt/pixstor/data/xggh8/zw-lab/e009_stage_b_edm5k_30000kimg/network-snapshot-024000.pkl,388fb9959592642df120dadf9836c3fdaf1df6841e3a03f4833ef9d89b701d43,24000,20041,97e49d03bccd53c52d097af87186643f391f32415f30c989e5d08d36f075ab72,16.477895983364817,16.773521200727412,12699,29779,0.98237548253435458,0,ok,
edm_5k,/mnt/pixstor/data/xggh8/zw-lab/e009_stage_b_edm5k_30000kimg/network-snapshot-024000.pkl,388fb9959592642df120dadf9836c3fdaf1df6841e3a03f4833ef9d89b701d43,24000,20042,04d131158543d743a032696b964df7fd8782793d1d1c838bf828fadd05584c32,15.147550539000749,16.872412389593059,15768,29437,0.89777028851806584,0,ok,
edm_5k,/mnt/pixstor/data/xggh8/zw-lab/e009_stage_b_edm5k_30000kimg/network-snapshot-024000.pkl,388fb9959592642df120dadf9836c3fdaf1df6841e3a03f4833ef9d89b701d43,24000,20043,91d887a1579ac84962fb25e4fb7d1a163c22414101d8ef29243737a7250cacc9,16.930809902539202,17.572274286355569,27642,2567,0.96349565381446112,0,ok,
edm_5k,/mnt/pixstor/data/xggh8/zw-lab/e009_stage_b_edm5k_30000kimg/network-snapshot-024000.pkl,388fb9959592642df120dadf9836c3fdaf1df6841e3a03f4833ef9d89b701d43,24000,20044,3776b5b503863db946089641361dfe7e38de9e7f0cca5a8a28d5b17318a7ddc0,18.113291732446257,18.248685464468789,32953,16683,0.99258063095634197,0,ok,
edm_5k,/mnt/pixstor/data/xggh8/zw-lab/e009_stage_b_edm5k_30000kimg/network-snapshot-024000.pkl,388fb9959592642df120dadf9836c3fdaf1df6841e3a03f4833ef9d89b701d43,24000,20045,f0de4e1a7f1f6b7d6291be4a1f00727fd03d00ac91740845634fce682e4661f1,11.909408729303307,16.85571123398967,46725,4516,0.70655035340709282,0,ok,
edm_5k,/mnt/pixstor/data/xggh8/zw-lab/e009_stage_b_edm5k_30000kimg/network-snapshot-024000.pkl,388fb9959592642df120dadf9836c3fdaf1df6841e3a03f4833ef9d89b701d43,24000,20046,4df4940e07e7ca0c62bc4dd89e16cbd60f489d686c08ea7d7908865182cdd9df,20.759656938935009,20.790621279146634,37603,16683,0.99851065825326335,0,ok,
edm_5k,/mnt/pixstor/data/xggh8/zw-lab/e009_stage_b_edm5k_30000kimg/network-snapshot-024000.pkl,388fb9959592642df120dadf9836c3fdaf1df6841e3a03f4833ef9d89b701d43,24000,20047,5c5f80ebdead87719c92ee79b8e9c9f2ae6bbd84edd69b92604bdd5df3316fa1,18.788950666282009,19.374995399844785,25406,9131,0.9697525226990521,0,ok,
edm_5k,/mnt/pixstor/data/xggh8/zw-lab/e009_stage_b_edm5k_30000kimg/network-snapshot-024000.pkl,388fb9959592642df120dadf9836c3fdaf1df6841e3a03f4833ef9d89b701d43,24000,20048,40cf3db72c4e965becf1373102cdf6f864c5422485b43f2fa44c7121b60b8b53,14.922788653381302,15.063919121128853,5924,29779,0.99063122507411772,0,ok,
edm_5k,/mnt/pixstor/data/xggh8/zw-lab/e009_stage_b_edm5k_30000kimg/network-snapshot-024000.pkl,388fb9959592642df120dadf9836c3fdaf1df6841e3a03f4833ef9d89b701d43,24000,20049,a387269449aa8f8f8b44e73a00e336f8f2b2242b332d6230229d49c2b665b173,11.414529534454266,12.946335171017232,29779,12699,0.88168036619411827,0,ok,
edm_5k,/mnt/pixstor/data/xggh8/zw-lab/e009_stage_b_edm5k_30000kimg/network-snapshot-024000.pkl,388fb9959592642df120dadf9836c3fdaf1df6841e3a03f4833ef9d89b701d43,24000,20050,2a3322c997295a17e343e2e23c151a064898a6d5fb0cc93ec89795b9370f4655,16.623804395650371,17.018096627407683,40908,2782,0.97683100287946989,0,ok,
edm_5k,/mnt/pixstor/data/xggh8/zw-lab/e009_stage_b_edm5k_30000kimg/network-snapshot-024000.pkl,388fb9959592642df120dadf9836c3fdaf1df6841e3a03f4833ef9d89b701d43,24000,20051,759a71f794027a794f38ae876c4b95d8df0db6845fd5c2d927b0351ab8468154,15.175425475008794,15.219719720657073,39111,10551,0.99708968059456704,0,ok,
edm_5k,/mnt/pixstor/data/xggh8/zw-lab/e009_stage_b_edm5k_30000kimg/network-snapshot-024000.pkl,388fb9959592642df120dadf9836c3fdaf1df6841e3a03f4833ef9d89b701d43,24000,20052,b94cdaec4a861b08b8c9a4c7d6fe6a618b745587040d535a564a52849b71d7e2,13.608850548168933,14.028029883612202,32024,10551,0.9701184457888159,0,ok,
edm_5k,/mnt/pixstor/data/xggh8/zw-lab/e009_stage_b_edm5k_30000kimg/network-snapshot-024000.pkl,388fb9959592642df120dadf9836c3fdaf1df6841e3a03f4833ef9d89b701d43,24000,20053,ef32169513548233eb1da05835c8a1fbbb79d0eb70866ae51e8926e629b2ebb5,9.5992462112602741,9.8109997422888249,44302,24779,0.97841672239416955,0,ok,
edm_5k,/mnt/pixstor/data/xggh8/zw-lab/e009_stage_b_edm5k_30000kimg/network-snapshot-024000.pkl,388fb9959592642df120dadf9836c3fdaf1df6841e3a03f4833ef9d89b701d43,24000,20054,388af6a5a5a690bc4adfc22e181cdcbfd08261aa1fd667b1c41506ddefdb08a7,15.500871404589311,16.636030808904128,7346,30085,0.93176500949329555,0,ok,
edm_5k,/mnt/pixstor/data/xggh8/zw-lab/e009_stage_b_edm5k_30000kimg/network-snapshot-024000.pkl,388fb9959592642df120dadf9836c3fdaf1df6841e3a03f4833ef9d89b701d43,24000,20055,cae69e1cfe1c1014396535bee2c14c0ae5d9fba0d19e70be0b6130134c751884,13.626936693766151,15.575879218373506,32024,13533,0.87487431705888175,0,ok,
edm_5k,/mnt/pixstor/data/xggh8/zw-lab/e009_stage_b_edm5k_30000kimg/network-snapshot-024000.pkl,388fb9959592642df120dadf9836c3fdaf1df6841e3a03f4833ef9d89b701d43,24000,20056,2ac46d63236abe57041ab23f5d06ac997df3211ffca033c972639000c2c9681f,15.712511042076731,15.79185348638997,31249,11207,0.99497573578797327,0,ok,
edm_5k,/mnt/pixstor/data/xggh8/zw-lab/e009_stage_b_edm5k_30000kimg/network-snapshot-024000.pkl,388fb9959592642df120dadf9836c3fdaf1df6841e3a03f4833ef9d89b701d43,24000,20057,d4cba4b251eb2f7f49e07bcb1465c86ad2f0341d6c0453d1f2f2809e001288a8,18.190274214784289,19.010526444839634,35096,30786,0.95685273459231313,0,ok,
edm_5k,/mnt/pixstor/data/xggh8/zw-lab/e009_stage_b_edm5k_30000kimg/network-snapshot-024000.pkl,388fb9959592642df120dadf9836c3fdaf1df6841e3a03f4833ef9d89b701d43,24000,20058,e0d3e8d555d8e6fed2a20b696a2b293132c0011e517e655f1dd44c900d14241f,15.176496960513502,15.216867669896267,25149,20051,0.99734697637788949,0,ok,
edm_5k,/mnt/pixstor/data/xggh8/zw-lab/e009_stage_b_edm5k_30000kimg/network-snapshot-024000.pkl,388fb9959592642df120dadf9836c3fdaf1df6841e3a03f4833ef9d89b701d43,24000,20059,17b7c3bb8f9d102c1745381552deef298c5764a516aaca29784b093c3382dd54,13.708750219479104,19.989990020561422,46712,40349,0.68578074353106111,0,ok,
edm_5k,/mnt/pixstor/data/xggh8/zw-lab/e009_stage_b_edm5k_30000kimg/network-snapshot-024000.pkl,388fb9959592642df120dadf9836c3fdaf1df6841e3a03f4833ef9d89b701d43,24000,20060,fc9c81d87b070535b9e387dd28e6ca8e29afe35ff3b1a43cfecddf3d687258da,14.763953150865847,16.518960559669239,5924,22857,0.89375799993807037,0,ok,
edm_5k,/mnt/pixstor/data/xggh8/zw-lab/e009_stage_b_edm5k_30000kimg/network-snapshot-024000.pkl,388fb9959592642df120dadf9836c3fdaf1df6841e3a03f4833ef9d89b701d43,24000,20061,80a25d90c75d7424610b39fe1074b7a2ae6f708e4c77ae8764c25e53e91facb4,19.808422083551889,20.256345627615453,27441,38324,0.97788724815926764,0,ok,
edm_5k,/mnt/pixstor/data/xggh8/zw-lab/e009_stage_b_edm5k_30000kimg/network-snapshot-024000.pkl,388fb9959592642df120dadf9836c3fdaf1df6841e3a03f4833ef9d89b701d43,24000,20062,4d09c6685fce2e86b28d0631129354765e0070b0d17f746697a2957b9fb045bc,18.65334446806639,18.677510063505949,26590,37719,0.99870616611328855,0,ok,
edm_5k,/mnt/pixstor/data/xggh8/zw-lab/e009_stage_b_edm5k_30000kimg/network-snapshot-024000.pkl,388fb9959592642df120dadf9836c3fdaf1df6841e3a03f4833ef9d89b701d43,24000,20063,d46a0541c751e252a7250a8f3e69648a64add06d0a596709bf96e11bcf983d75,15.456360481323079,15.902909824594991,32953,36170,0.97192027445308837,0,ok,
edm_5k,/mnt/pixstor/data/xggh8/zw-lab/e009_stage_b_edm5k_30000kimg/network-snapshot-024000.pkl,388fb9959592642df120dadf9836c3fdaf1df6841e3a03f4833ef9d89b701d43,24000,20064,b1b694ba58b9ff4f6683bc3d02e48eaec301fa8c1730130046466a21e8de7e25,9.0830375298437733,10.080116643547854,16683,20051,0.90108456588721153,0,ok,
edm_5k,/mnt/pixstor/data/xggh8/zw-lab/e009_stage_b_edm5k_30000kimg/network-snapshot-024000.pkl,388fb9959592642df120dadf9836c3fdaf1df6841e3a03f4833ef9d89b701d43,24000,20065,7f0a6bb8b7ba2cc8afe5c201bbccfd9902f9095e0e88f6b9cb9f0bf1bd810e52,15.120847483542686,15.866927738656287,36170,40529,0.95297890887245051,0,ok,
edm_5k,/mnt/pixstor/data/xggh8/zw-lab/e009_stage_b_edm5k_30000kimg/network-snapshot-024000.pkl,388fb9959592642df120dadf9836c3fdaf1df6841e3a03f4833ef9d89b701d43,24000,20066,738dc3df7d15d5e1fbde9b9027a39168cea5cf2cc6067ca66ad1f4657ef69e88,16.838325451590599,17.801242572894832,32953,39111,0.94590730858471506,0,ok,
edm_5k,/mnt/pixstor/data/xggh8/zw-lab/e009_stage_b_edm5k_30000kimg/network-snapshot-024000.pkl,388fb9959592642df120dadf9836c3fdaf1df6841e3a03f4833ef9d89b701d43,24000,20067,edfab346596d18a87a6ec2a71f9c09a17cd407d6b055f919bb33f7f7fd82c29c,18.842141474779215,19.155781374653333,1220,21934,0.9836268803793552,0,ok,
edm_5k,/mnt/pixstor/data/xggh8/zw-lab/e009_stage_b_edm5k_30000kimg/network-snapshot-024000.pkl,388fb9959592642df120dadf9836c3fdaf1df6841e3a03f4833ef9d89b701d43,24000,20068,c48db83559da6a30a992c8b40d30d31a50efa92c1b2bfbc71d94de5839564e43,16.515447870995065,18.368332011096047,2567,7813,0.89912616240921162,0,ok,
edm_5k,/mnt/pixstor/data/xggh8/zw-lab/e009_stage_b_edm5k_30000kimg/network-snapshot-024000.pkl,388fb9959592642df120dadf9836c3fdaf1df6841e3a03f4833ef9d89b701d43,24000,20069,33dbcd24734e30ed7bbba3c90113a637d52f43b5903d65eab0612a8e1f896a06,17.421538923596906,18.092567074675916,19545,47671,0.96291139072142806,0,ok,
edm_5k,/mnt/pixstor/data/xggh8/zw-lab/e009_stage_b_edm5k_30000kimg/network-snapshot-024000.pkl,388fb9959592642df120dadf9836c3fdaf1df6841e3a03f4833ef9d89b701d43,24000,20070,59c5e9a9ed6983729ebec5ddd0b749272167e04516314365d5f899e124cfccf2,16.136911634567525,16.767695886662086,29437,37558,0.96238098207659406,0,ok,
edm_5k,/mnt/pixstor/data/xggh8/zw-lab/e009_stage_b_edm5k_30000kimg/network-snapshot-024000.pkl,388fb9959592642df120dadf9836c3fdaf1df6841e3a03f4833ef9d89b701d43,24000,20071,72b5f6e9a521218437847af77f567b0aeef671d6960053c27a20a3c32a37aa65,15.641101898364457,16.205823466704192,1721,31001,0.96515317043283932,0,ok,
edm_5k,/mnt/pixstor/data/xggh8/zw-lab/e009_stage_b_edm5k_30000kimg/network-snapshot-024000.pkl,388fb9959592642df120dadf9836c3fdaf1df6841e3a03f4833ef9d89b701d43,24000,20072,998a5030a1eb70f5d4748ba10fb327f29b5c347c454bc9c737532e6b8316ef22,10.130937949665572,10.33712074305712,7690,10551,0.98005413707390132,0,ok,
edm_5k,/mnt/pixstor/data/xggh8/zw-lab/e009_stage_b_edm5k_30000kimg/network-snapshot-024000.pkl,388fb9959592642df120dadf9836c3fdaf1df6841e3a03f4833ef9d89b701d43,24000,20073,157e63a51a404cc6720914fb7610d7665131f20d8d5ff907bc9cfa1e08083067,21.538855067486185,21.827208327461694,28921,22326,0.98678927439324804,0,ok,
edm_5k,/mnt/pixstor/data/xggh8/zw-lab/e009_stage_b_edm5k_30000kimg/network-snapshot-024000.pkl,388fb9959592642df120dadf9836c3fdaf1df6841e3a03f4833ef9d89b701d43,24000,20074,090d0aad7080679c25f90ee83487b60d56b515a587554bce328a9868aa99b9c1,16.479983500605321,19.799086989794304,41603,42837,0.83236078052993767,0,ok,
edm_5k,/mnt/pixstor/data/xggh8/zw-lab/e009_stage_b_edm5k_30000kimg/network-snapshot-024000.pkl,388fb9959592642df120dadf9836c3fdaf1df6841e3a03f4833ef9d89b701d43,24000,20075,7adb877f2bc3a950e019b3936034d1002bb8fb674c2499f772dc5ca5f9bba345,14.542604045856883,18.732973350158897,36811,49860,0.77631050736179741,0,ok,
edm_5k,/mnt/pixstor/data/xggh8/zw-lab/e009_stage_b_edm5k_30000kimg/network-snapshot-024000.pkl,388fb9959592642df120dadf9836c3fdaf1df6841e3a03f4833ef9d89b701d43,24000,20076,6e8902dbea95a288973bf66e53ad43640f6ec34d965a71ca65348d8d07465151,19.583647336822192,19.631577030214647,43951,1787,0.99755854084882301,0,ok,
edm_5k,/mnt/pixstor/data/xggh8/zw-lab/e009_stage_b_edm5k_30000kimg/network-snapshot-024000.pkl,388fb9959592642df120dadf9836c3fdaf1df6841e3a03f4833ef9d89b701d43,24000,20077,f9f16af6da6ffd6e348387b0407eb4647108b031efb499895997f1b54d1f5ddb,18.320270273828431,19.463213365441305,34360,44542,0.94127675270506594,0,ok,
edm_5k,/mnt/pixstor/data/xggh8/zw-lab/e009_stage_b_edm5k_30000kimg/network-snapshot-024000.pkl,388fb9959592642df120dadf9836c3fdaf1df6841e3a03f4833ef9d89b701d43,24000,20078,07e5f568aaec84ba9740bf3492b87b03edf521299e641c5c4b6a8cd229291f72,11.79270455400407,13.820250861515186,21934,19604,0.85329164225541232,0,ok,
edm_5k,/mnt/pixstor/data/xggh8/zw-lab/e009_stage_b_edm5k_30000kimg/network-snapshot-024000.pkl,388fb9959592642df120dadf9836c3fdaf1df6841e3a03f4833ef9d89b701d43,24000,20079,c560e204068f7baab6874ca33ad08fd0652a5fb1995aa2f62e4095a327bf289a,18.077315769315675,19.115034994678499,19923,33343,0.94571188461586819,0,ok,
edm_5k,/mnt/pixstor/data/xggh8/zw-lab/e009_stage_b_edm5k_30000kimg/network-snapshot-024000.pkl,388fb9959592642df120dadf9836c3fdaf1df6841e3a03f4833ef9d89b701d43,24000,20080,41592ffd75be18d293fe28961d727f5dce01451b0fe0d5a21829c8645daf003a,16.797043991434034,16.875664806899056,22857,34696,0.99534117225219587,0,ok,
edm_5k,/mnt/pixstor/data/xggh8/zw-lab/e009_stage_b_edm5k_30000kimg/network-snapshot-024000.pkl,388fb9959592642df120dadf9836c3fdaf1df6841e3a03f4833ef9d89b701d43,24000,20081,912da33c9fe57b3c1f654b6f12ce26807590f70b47d5ca8d439be1023f537c2c,11.361623050947323,12.232572917808795,11710,30786,0.92880076229968755,0,ok,
edm_5k,/mnt/pixstor/data/xggh8/zw-lab/e009_stage_b_edm5k_30000kimg/network-snapshot-024000.pkl,388fb9959592642df120dadf9836c3fdaf1df6841e3a03f4833ef9d89b701d43,24000,20082,cbb74f8d429c5c5ca90a486c10300c1ef677b42a2eec253f1c70f968347c8b38,22.269194279064173,24.686356278617748,43052,45102,0.90208510432755862,0,ok,
edm_5k,/mnt/pixstor/data/xggh8/zw-lab/e009_stage_b_edm5k_30000kimg/network-snapshot-024000.pkl,388fb9959592642df120dadf9836c3fdaf1df6841e3a03f4833ef9d89b701d43,24000,20083,ecbbddbd838d8e5e8c52f9aadb916a0d4084ae062fa0045c6347dbd047db1964,12.398706629098411,12.437827875227049,11207,29437,0.99685465609259982,0,ok,
edm_5k,/mnt/pixstor/data/xggh8/zw-lab/e009_stage_b_edm5k_30000kimg/network-snapshot-024000.pkl,388fb9959592642df120dadf9836c3fdaf1df6841e3a03f4833ef9d89b701d43,24000,20084,c85c4db767537af4e8233f2d90eec5cf0d1b1edf03a4f2d6213e4d6f72cd9245,16.036369377329269,16.171972923466956,7496,34315,0.99161490395887841,0,ok,
edm_5k,/mnt/pixstor/data/xggh8/zw-lab/e009_stage_b_edm5k_30000kimg/network-snapshot-024000.pkl,388fb9959592642df120dadf9836c3fdaf1df6841e3a03f4833ef9d89b701d43,24000,20085,a4964914d4df36ce4a1c392418fedbd6165d79383da1cfc565f9fc9c939c9364,15.212279726488145,15.513153114005638,37558,3157,0.98060527184213397,0,ok,
edm_5k,/mnt/pixstor/data/xggh8/zw-lab/e009_stage_b_edm5k_30000kimg/network-snapshot-024000.pkl,388fb9959592642df120dadf9836c3fdaf1df6841e3a03f4833ef9d89b701d43,24000,20086,6b86b8a8957e12902697218131d4c031393ff5b49acddf65d61a14d4d906d72f,14.030119358153346,16.233565801093064,38154,31271,0.8642660232546473,0,ok,
edm_5k,/mnt/pixstor/data/xggh8/zw-lab/e009_stage_b_edm5k_30000kimg/network-snapshot-024000.pkl,388fb9959592642df120dadf9836c3fdaf1df6841e3a03f4833ef9d89b701d43,24000,20087,54ff05d843739c3fc7b20011fe30786dde2dead1599a95329da83ed5bf30a9cd,8.4281329098069406,8.4293767087409801,32024,13533,0.9998524447326278,0,ok,
edm_5k,/mnt/pixstor/data/xggh8/zw-lab/e009_stage_b_edm5k_30000kimg/network-snapshot-024000.pkl,388fb9959592642df120dadf9836c3fdaf1df6841e3a03f4833ef9d89b701d43,24000,20088,dcce039e76372c59e9e7163452df4906f803a740fbb7fabe05eab73277da8168,10.583357997317268,14.393451624063168,7187,39915,0.73528978828287905,0,ok,
edm_5k,/mnt/pixstor/data/xggh8/zw-lab/e009_stage_b_edm5k_30000kimg/network-snapshot-024000.pkl,388fb9959592642df120dadf9836c3fdaf1df6841e3a03f4833ef9d89b701d43,24000,20089,367ba2d00a37891ea34767af2382d6185e367c3f0fea5e4fa8e6d50205c1d5ff,16.320583438514213,16.556836209567191,34315,37719,0.98573080218571818,0,ok,
edm_5k,/mnt/pixstor/data/xggh8/zw-lab/e009_stage_b_edm5k_30000kimg/network-snapshot-024000.pkl,388fb9959592642df120dadf9836c3fdaf1df6841e3a03f4833ef9d89b701d43,24000,20090,75b7d578cfba94cc318ae0145219fb254f2aa49eb31567145d42a8aa2c7d0d0a,16.770311308357002,17.567632078860608,26590,37803,0.95461421511308664,0,ok,
edm_5k,/mnt/pixstor/data/xggh8/zw-lab/e009_stage_b_edm5k_30000kimg/network-snapshot-024000.pkl,388fb9959592642df120dadf9836c3fdaf1df6841e3a03f4833ef9d89b701d43,24000,20091,d96fa7166c7006693b40df3dd9baddd8a04cceea29e62f7e82db8474c67fae56,20.367389270328982,20.818839403051413,9692,23630,0.97831530740103301,0,ok,
edm_5k,/mnt/pixstor/data/xggh8/zw-lab/e009_stage_b_edm5k_30000kimg/network-snapshot-024000.pkl,388fb9959592642df120dadf9836c3fdaf1df6841e3a03f4833ef9d89b701d43,24000,20092,46eae976c42b636f39397863248809818c0831526876ab5f40574e826020fb8b,12.428373804654544,12.664010239657724,29779,2595,0.98139322137743723,0,ok,
edm_5k,/mnt/pixstor/data/xggh8/zw-lab/e009_stage_b_edm5k_30000kimg/network-snapshot-024000.pkl,388fb9959592642df120dadf9836c3fdaf1df6841e3a03f4833ef9d89b701d43,24000,20093,402a508db908a9b9ed2ede7809afa7f40a46793b828a670a4c9822e61bae322d,17.775466492039513,18.962178555663908,35674,7187,0.93741689225524516,0,ok,
edm_5k,/mnt/pixstor/data/xggh8/zw-lab/e009_stage_b_edm5k_30000kimg/network-snapshot-024000.pkl,388fb9959592642df120dadf9836c3fdaf1df6841e3a03f4833ef9d89b701d43,24000,20094,4741234b9f3bc9c82ed391ed28110f6992619e960d800dfbfe6d0ab0c19cecba,17.182601028861566,17.474718977006475,29779,16683,0.98328339651531549,0,ok,
edm_5k,/mnt/pixstor/data/xggh8/zw-lab/e009_stage_b_edm5k_30000kimg/network-snapshot-024000.pkl,388fb9959592642df120dadf9836c3fdaf1df6841e3a03f4833ef9d89b701d43,24000,20095,768323e3cdf771e4390465090ad3d19bd39759db49d0d9c5ca9c5fb7fecd0472,24.420368445355077,24.680327779188364,24507,38154,0.98946694159983983,0,ok,
edm_5k,/mnt/pixstor/data/xggh8/zw-lab/e009_stage_b_edm5k_30000kimg/network-snapshot-024000.pkl,388fb9959592642df120dadf9836c3fdaf1df6841e3a03f4833ef9d89b701d43,24000,20096,0cc8f44c69ef1059dd718002d9f85e74c0f9846df18770df79957c32b74be554,20.533811928435973,22.211343343832986,25486,25041,0.92447411264466439,0,ok,
edm_5k,/mnt/pixstor/data/xggh8/zw-lab/e009_stage_b_edm5k_30000kimg/network-snapshot-024000.pkl,388fb9959592642df120dadf9836c3fdaf1df6841e3a03f4833ef9d89b701d43,24000,20097,d0c24dfc9fd2589fb9ef34136c3b6324b567d0112819fa45946a545a967faeaa,18.789131859225748,19.864420824642288,34675,47886,0.94586859718141802,0,ok,
edm_5k,/mnt/pixstor/data/xggh8/zw-lab/e009_stage_b_edm5k_30000kimg/network-snapshot-024000.pkl,388fb9959592642df120dadf9836c3fdaf1df6841e3a03f4833ef9d89b701d43,24000,20098,9e1701a0f3400f8a5672f27af8851e4b3acebef31791ca210503dd6086b8a0bc,17.700042634349757,18.019948365386519,737,12277,0.98224713386797213,0,ok,
edm_5k,/mnt/pixstor/data/xggh8/zw-lab/e009_stage_b_edm5k_30000kimg/network-snapshot-024000.pkl,388fb9959592642df120dadf9836c3fdaf1df6841e3a03f4833ef9d89b701d43,24000,20099,ea71a2df7651e3cbd4c0477fd8d11662ea3f1f8dfd0302d20625ca6307781f3f,19.800711115201491,21.159459970557194,25744,26351,0.93578527725913774,0,ok,
edm_5k,/mnt/pixstor/data/xggh8/zw-lab/e009_stage_b_edm5k_30000kimg/network-snapshot-024000.pkl,388fb9959592642df120dadf9836c3fdaf1df6841e3a03f4833ef9d89b701d43,24000,20100,86044c91bf7352b764bdbb6c120538dfcd80cebfe4c57232ebc3e3d5dd905a6b,13.624164701425855,15.825592168539586,1220,21934,0.86089446488517196,0,ok,
edm_5k,/mnt/pixstor/data/xggh8/zw-lab/e009_stage_b_edm5k_30000kimg/network-snapshot-024000.pkl,388fb9959592642df120dadf9836c3fdaf1df6841e3a03f4833ef9d89b701d43,24000,20101,9fe25a1296fa535522824939416a6a89cd2dcfbdf4855b0fcb6ae9ff37703b46,16.014614674756739,17.249454647912785,21934,17844,0.92841281081860383,0,ok,
edm_5k,/mnt/pixstor/data/xggh8/zw-lab/e009_stage_b_edm5k_30000kimg/network-snapshot-024000.pkl,388fb9959592642df120dadf9836c3fdaf1df6841e3a03f4833ef9d89b701d43,24000,20102,2db8cfc8cb0172ce378e104d444b72bf981d123083a423ff22f09478c667049b,16.374184052191215,16.609573462892843,11710,9332,0.98582808816689316,0,ok,
edm_5k,/mnt/pixstor/data/xggh8/zw-lab/e009_stage_b_edm5k_30000kimg/network-snapshot-024000.pkl,388fb9959592642df120dadf9836c3fdaf1df6841e3a03f4833ef9d89b701d43,24000,20103,c68002d4042a2a86eb60f10b0ff48b4b58aa606a61cb6bf0c2c976a17afd298d,12.447724140696302,14.026990592642539,7690,44302,0.88741231117852204,0,ok,
edm_5k,/mnt/pixstor/data/xggh8/zw-lab/e009_stage_b_edm5k_30000kimg/network-snapshot-024000.pkl,388fb9959592642df120dadf9836c3fdaf1df6841e3a03f4833ef9d89b701d43,24000,20104,799b9ecf60a69754eb86e0f1493e7bd0b3d44f37a52768991140b675c495acf3,14.763063004540449,15.78101957758189,2567,40529,0.93549487927335673,0,ok,
edm_5k,/mnt/pixstor/data/xggh8/zw-lab/e009_stage_b_edm5k_30000kimg/network-snapshot-024000.pkl,388fb9959592642df120dadf9836c3fdaf1df6841e3a03f4833ef9d89b701d43,24000,20105,d64b4a841f163b01e07da86e80bb085272e90613a4babd89eb9feedd9ef70c4c,13.122777416151697,15.304021167055797,12277,2616,0.85747250823204857,0,ok,
edm_5k,/mnt/pixstor/data/xggh8/zw-lab/e009_stage_b_edm5k_30000kimg/network-snapshot-024000.pkl,388fb9959592642df120dadf9836c3fdaf1df6841e3a03f4833ef9d89b701d43,24000,20106,6135795341710081852be745753740d4dcb35205fc25d396b94807b9b1e22b38,17.174994488701639,17.222929889327098,2567,7813,0.99721676852118157,0,ok,
edm_5k,/mnt/pixstor/data/xggh8/zw-lab/e009_stage_b_edm5k_30000kimg/network-snapshot-024000.pkl,388fb9959592642df120dadf9836c3fdaf1df6841e3a03f4833ef9d89b701d43,24000,20107,36c101654489a57984617eb4596dd7f01721f08e0b9f9dbc08c710310d77ec3e,18.245057681070659,18.618446050737706,11830,43777,0.97994524523424165,0,ok,
edm_5k,/mnt/pixstor/data/xggh8/zw-lab/e009_stage_b_edm5k_30000kimg/network-snapshot-024000.pkl,388fb9959592642df120dadf9836c3fdaf1df6841e3a03f4833ef9d89b701d43,24000,20108,46cd138a054a2d517354e920429957c468410e81cdfd76281534134dc39d66ab,18.008775286526852,18.212345196268309,832,8275,0.98882242195897052,0,ok,
edm_5k,/mnt/pixstor/data/xggh8/zw-lab/e009_stage_b_edm5k_30000kimg/network-snapshot-024000.pkl,388fb9959592642df120dadf9836c3fdaf1df6841e3a03f4833ef9d89b701d43,24000,20109,3c456bddff76ad6bfa95a2c4ad2f2be79f2009e914f7b2100086b4e3bb99b386,12.530108402977742,13.138900852673652,10551,32953,0.95366488745730771,0,ok,
edm_5k,/mnt/pixstor/data/xggh8/zw-lab/e009_stage_b_edm5k_30000kimg/network-snapshot-024000.pkl,388fb9959592642df120dadf9836c3fdaf1df6841e3a03f4833ef9d89b701d43,24000,20110,6412fc3c6e1a6bc2990220c9297d267ec59765879331a7739b5de8d59bc965ce,12.357067270804865,13.112721102663754,44302,16683,0.94237246213485149,0,ok,
edm_5k,/mnt/pixstor/data/xggh8/zw-lab/e009_stage_b_edm5k_30000kimg/network-snapshot-024000.pkl,388fb9959592642df120dadf9836c3fdaf1df6841e3a03f4833ef9d89b701d43,24000,20111,0f6cd674c1ff8988197f52f43c8d9013f2a70027a7a35233a715927e863ddd8c,15.46107921216972,15.531944758952179,13533,10551,0.99543743247337946,0,ok,
edm_5k,/mnt/pixstor/data/xggh8/zw-lab/e009_stage_b_edm5k_30000kimg/network-snapshot-024000.pkl,388fb9959592642df120dadf9836c3fdaf1df6841e3a03f4833ef9d89b701d43,24000,20112,fb058d48fe5ec096f499e9dee2afdc236b0808a1de1cec2f532751a4fc8bd19f,19.586400165566669,20.369658242433211,25969,7187,0.96154780470322809,0,ok,
edm_5k,/mnt/pixstor/data/xggh8/zw-lab/e009_stage_b_edm5k_30000kimg/network-snapshot-024000.pkl,388fb9959592642df120dadf9836c3fdaf1df6841e3a03f4833ef9d89b701d43,24000,20113,8a168dabdffe8458c46b0cda340c3aed2f3980e969482c329606e2ac093adc57,19.363010136152035,19.470481854720411,47045,47886,0.99448027432652775,0,ok,
edm_5k,/mnt/pixstor/data/xggh8/zw-lab/e009_stage_b_edm5k_30000kimg/network-snapshot-024000.pkl,388fb9959592642df120dadf9836c3fdaf1df6841e3a03f4833ef9d89b701d43,24000,20114,ad24baf4cae67ef0273bf7dbad4f124ab07016734b04f17c1594b40d744761d1,12.670404028178375,14.283648203322052,31572,39006,0.88705657321016396,0,ok,
edm_5k,/mnt/pixstor/data/xggh8/zw-lab/e009_stage_b_edm5k_30000kimg/network-snapshot-024000.pkl,388fb9959592642df120dadf9836c3fdaf1df6841e3a03f4833ef9d89b701d43,24000,20115,2e87fba506457ba27ac95d7cea3baf7fa592175b77a41873a85cdd632dff8be6,13.78966387980106,15.619677235107842,21934,38676,0.88283923363067196,0,ok,
edm_5k,/mnt/pixstor/data/xggh8/zw-lab/e009_stage_b_edm5k_30000kimg/network-snapshot-024000.pkl,388fb9959592642df120dadf9836c3fdaf1df6841e3a03f4833ef9d89b701d43,24000,20116,94150bbe91e2104ccdcfdce03244c8bffd8891f0d4c7a94a366878425e8bece3,15.216298566562838,15.557276915260028,737,12277,0.97808238867544184,0,ok,
edm_5k,/mnt/pixstor/data/xggh8/zw-lab/e009_stage_b_edm5k_30000kimg/network-snapshot-024000.pkl,388fb9959592642df120dadf9836c3fdaf1df6841e3a03f4833ef9d89b701d43,24000,20117,f6f6cade0d623c6e0415e061337b024466ff583dd15e869e9999170cee6e0ec7,20.317101950932773,26.711026587493375,17938,42837,0.76062602402730706,0,ok,
edm_5k,/mnt/pixstor/data/xggh8/zw-lab/e009_stage_b_edm5k_30000kimg/network-snapshot-024000.pkl,388fb9959592642df120dadf9836c3fdaf1df6841e3a03f4833ef9d89b701d43,24000,20118,00d7cb79e95a87ba4c9e966b608ba3f4507fb706b85386aa85ea8cf3105d7fdc,16.094006668854774,16.183391345344603,2567,39913,0.99447676481508673,0,ok,
edm_5k,/mnt/pixstor/data/xggh8/zw-lab/e009_stage_b_edm5k_30000kimg/network-snapshot-024000.pkl,388fb9959592642df120dadf9836c3fdaf1df6841e3a03f4833ef9d89b701d43,24000,20119,988e273b9a26c1862503887d39396857fb5d91e40440a261b376eb1b6572debb,18.848994466992593,19.409807468292829,14410,6525,0.97110672003231557,0,ok,
edm_5k,/mnt/pixstor/data/xggh8/zw-lab/e009_stage_b_edm5k_30000kimg/network-snapshot-024000.pkl,388fb9959592642df120dadf9836c3fdaf1df6841e3a03f4833ef9d89b701d43,24000,20120,99acfef5d5107c5076180ba7ae68ec089d366c7ae8d38f52d11d625b58aa8825,16.585710411361731,16.620996879598668,32953,36170,0.99787699447316247,0,ok,
edm_5k,/mnt/pixstor/data/xggh8/zw-lab/e009_stage_b_edm5k_30000kimg/network-snapshot-024000.pkl,388fb9959592642df120dadf9836c3fdaf1df6841e3a03f4833ef9d89b701d43,24000,20121,4927e6b88ced153e30f3970debd854a96c240d1da97c63ba0c84e0977640d406,16.70434645733614,18.874169613406885,9841,34035,0.88503742413496933,0,ok,
edm_5k,/mnt/pixstor/data/xggh8/zw-lab/e009_stage_b_edm5k_30000kimg/network-snapshot-024000.pkl,388fb9959592642df120dadf9836c3fdaf1df6841e3a03f4833ef9d89b701d43,24000,20122,ba638f3927a14a792dbdf566efa2670bce7aa8b15615e5fd7b2cb080d800b440,13.737559573108122,14.098687403748263,11207,40136,0.97438571263420359,0,ok,
edm_5k,/mnt/pixstor/data/xggh8/zw-lab/e009_stage_b_edm5k_30000kimg/network-snapshot-024000.pkl,388fb9959592642df120dadf9836c3fdaf1df6841e3a03f4833ef9d89b701d43,24000,20123,782c9bb002ec8f533b8f389728e8ad41cb2cc41c14d3b60c6318350d1c385926,16.270347507828117,17.212353604974322,49665,18459,0.94527151145245081,0,ok,
edm_5k,/mnt/pixstor/data/xggh8/zw-lab/e009_stage_b_edm5k_30000kimg/network-snapshot-024000.pkl,388fb9959592642df120dadf9836c3fdaf1df6841e3a03f4833ef9d89b701d43,24000,20124,3ecd870b91559b6b883c3c2716bed7947ddf7aa6c89faf2e515881ad0abacf33,16.011799082653067,16.11911712878678,7187,39915,0.99334218832977794,0,ok,
edm_5k,/mnt/pixstor/data/xggh8/zw-lab/e009_stage_b_edm5k_30000kimg/network-snapshot-024000.pkl,388fb9959592642df120dadf9836c3fdaf1df6841e3a03f4833ef9d89b701d43,24000,20125,4c18c661601ae265c2bfbf1525f29b3cf1c5ec683d9a0ff69dfa0ed3856f6e3b,12.909980596177636,13.693506268645981,39006,786,0.94278122366202266,0,ok,
edm_5k,/mnt/pixstor/data/xggh8/zw-lab/e009_stage_b_edm5k_30000kimg/network-snapshot-024000.pkl,388fb9959592642df120dadf9836c3fdaf1df6841e3a03f4833ef9d89b701d43,24000,20126,8c7237488ddf381a6b9aca967cd7d3bc0d916ce5f8d9a2fb9201607efc9322e1,17.828404153499854,18.686027156855875,44278,39199,0.95410351295345508,0,ok,
edm_5k,/mnt/pixstor/data/xggh8/zw-lab/e009_stage_b_edm5k_30000kimg/network-snapshot-024000.pkl,388fb9959592642df120dadf9836c3fdaf1df6841e3a03f4833ef9d89b701d43,24000,20127,6091b00f634fcfd6aa90ea455c5df2d9dfc2776cd82482ba3ace06ce192f872c,15.026739216967311,15.449624334168183,40529,12300,0.97262812945777422,0,ok,
edm_5k,/mnt/pixstor/data/xggh8/zw-lab/e009_stage_b_edm5k_30000kimg/network-snapshot-025000.pkl,cd3da048eb4793f9b7661bbba690d954854f6e636634512ad92db31c7e2a7740,25000,20000,83caf9101e8baee1fd4b6b455fe065eec3bc028dc9f9f5e8c2ce97f3784beff3,11.34012408751391,12.901868594520559,22857,21934,0.87895206841046858,0,ok,
edm_5k,/mnt/pixstor/data/xggh8/zw-lab/e009_stage_b_edm5k_30000kimg/network-snapshot-025000.pkl,cd3da048eb4793f9b7661bbba690d954854f6e636634512ad92db31c7e2a7740,25000,20001,ab926f3fb78900fc3a63cfc823d2f74b31274d1f30c192ed4161baebd0297cf8,10.44191819017035,11.133972027919825,44302,47671,0.93784304145779573,0,ok,
edm_5k,/mnt/pixstor/data/xggh8/zw-lab/e009_stage_b_edm5k_30000kimg/network-snapshot-025000.pkl,cd3da048eb4793f9b7661bbba690d954854f6e636634512ad92db31c7e2a7740,25000,20002,8277bf293f8da3ac89ccb4fafd5b2acb7648b3a4f0f1640f3c90f96d90f81f3d,19.401694788338613,19.580619954233761,13316,10551,0.99086212968162635,0,ok,
edm_5k,/mnt/pixstor/data/xggh8/zw-lab/e009_stage_b_edm5k_30000kimg/network-snapshot-025000.pkl,cd3da048eb4793f9b7661bbba690d954854f6e636634512ad92db31c7e2a7740,25000,20003,158af6bcc40764aaa3fb21a76372f21ebd2b154975728e06adb2530cb3cc5267,16.763653592024454,20.076803226932867,33343,13435,0.83497623613385574,0,ok,
edm_5k,/mnt/pixstor/data/xggh8/zw-lab/e009_stage_b_edm5k_30000kimg/network-snapshot-025000.pkl,cd3da048eb4793f9b7661bbba690d954854f6e636634512ad92db31c7e2a7740,25000,20004,78544a0ebfcbda798bc889df90165cb0bbb895ccda78b5f41b7941336eea4cbb,13.495731807872559,15.148219378561221,47886,29779,0.8909120914219546,0,ok,
edm_5k,/mnt/pixstor/data/xggh8/zw-lab/e009_stage_b_edm5k_30000kimg/network-snapshot-025000.pkl,cd3da048eb4793f9b7661bbba690d954854f6e636634512ad92db31c7e2a7740,25000,20005,c71d40ea6955f3e5f8696ee8ac4f7184f690b42fa223d87694a817c680644e97,13.257084102256147,18.441092330931117,7672,4706,0.71888822334131108,0,ok,
edm_5k,/mnt/pixstor/data/xggh8/zw-lab/e009_stage_b_edm5k_30000kimg/network-snapshot-025000.pkl,cd3da048eb4793f9b7661bbba690d954854f6e636634512ad92db31c7e2a7740,25000,20006,3f46eb76468de6c54b748edb47974776c1bcfcb49f7d1685ae5ea670b4910077,11.464663957252681,15.50900508328807,21934,17844,0.73922626858937446,0,ok,
edm_5k,/mnt/pixstor/data/xggh8/zw-lab/e009_stage_b_edm5k_30000kimg/network-snapshot-025000.pkl,cd3da048eb4793f9b7661bbba690d954854f6e636634512ad92db31c7e2a7740,25000,20007,3ef5775bf710d42e135ae3810477303d3ecfaf33a4104dd5ccda7c3f216bbbd1,23.818884263284662,24.929654724581098,34035,5517,0.95544380884661051,0,ok,
edm_5k,/mnt/pixstor/data/xggh8/zw-lab/e009_stage_b_edm5k_30000kimg/network-snapshot-025000.pkl,cd3da048eb4793f9b7661bbba690d954854f6e636634512ad92db31c7e2a7740,25000,20008,aa80bcc3205b6944576919640a857c308ce496eb75f8fc067665c92b2faf0e81,28.483796875766448,28.597335490889986,38456,22436,0.99602974846521253,0,ok,
edm_5k,/mnt/pixstor/data/xggh8/zw-lab/e009_stage_b_edm5k_30000kimg/network-snapshot-025000.pkl,cd3da048eb4793f9b7661bbba690d954854f6e636634512ad92db31c7e2a7740,25000,20009,164e29586197fb0ca0c3a0c0203c6aa670dd4478811c05b43660466b93fb4d4e,13.119069692290633,15.016737220534402,5924,22857,0.87362983713607023,0,ok,
edm_5k,/mnt/pixstor/data/xggh8/zw-lab/e009_stage_b_edm5k_30000kimg/network-snapshot-025000.pkl,cd3da048eb4793f9b7661bbba690d954854f6e636634512ad92db31c7e2a7740,25000,20010,7693c351eae90b12dc75c3a8ac6d08e201efcdcc8f414090d8ffdb235e382539,12.781340682833592,15.390952248991391,9692,29779,0.83044508722136967,0,ok,
edm_5k,/mnt/pixstor/data/xggh8/zw-lab/e009_stage_b_edm5k_30000kimg/network-snapshot-025000.pkl,cd3da048eb4793f9b7661bbba690d954854f6e636634512ad92db31c7e2a7740,25000,20011,6f13c7e3c7e5fd96a06907ee0b63bffacadf7144be6d4cf1ac09333889d1b961,13.955028556739448,24.882478640886962,30616,41057,0.56083755795166257,0,ok,
edm_5k,/mnt/pixstor/data/xggh8/zw-lab/e009_stage_b_edm5k_30000kimg/network-snapshot-025000.pkl,cd3da048eb4793f9b7661bbba690d954854f6e636634512ad92db31c7e2a7740,25000,20012,546b9956a34aeba3d44e4003721181bf6657fb3b55a37fe7de537bfd1f59ceaa,15.719910589840431,17.583337350284356,1276,6230,0.89402314683942574,0,ok,
edm_5k,/mnt/pixstor/data/xggh8/zw-lab/e009_stage_b_edm5k_30000kimg/network-snapshot-025000.pkl,cd3da048eb4793f9b7661bbba690d954854f6e636634512ad92db31c7e2a7740,25000,20013,7ef497747f6d14a200868709a9c6587f6975a925e96f08a3157bb874da0f7e4a,21.387539684257021,21.417936863750313,34315,19923,0.9985807606172965,0,ok,
edm_5k,/mnt/pixstor/data/xggh8/zw-lab/e009_stage_b_edm5k_30000kimg/network-snapshot-025000.pkl,cd3da048eb4793f9b7661bbba690d954854f6e636634512ad92db31c7e2a7740,25000,20014,232589bc35a7218a5f4fab62a2e2b0fb00a67d263d52e76254c28926a0acabde,13.729991588362978,15.693267734042728,48613,22857,0.87489691892397281,0,ok,
edm_5k,/mnt/pixstor/data/xggh8/zw-lab/e009_stage_b_edm5k_30000kimg/network-snapshot-025000.pkl,cd3da048eb4793f9b7661bbba690d954854f6e636634512ad92db31c7e2a7740,25000,20015,98b620c5cf4f57dfc4b926759f66e906459cbfdd768f7b17446b41acdbba58da,19.176768390796052,20.620933996063886,12699,20200,0.92996604297635133,0,ok,
edm_5k,/mnt/pixstor/data/xggh8/zw-lab/e009_stage_b_edm5k_30000kimg/network-snapshot-025000.pkl,cd3da048eb4793f9b7661bbba690d954854f6e636634512ad92db31c7e2a7740,25000,20016,829ffbe3c144ac2318c567324cf04b2a5bcfcae84248406281b84691e271b184,17.885578855500928,18.553107800972871,14062,48190,0.96402063995785436,0,ok,
edm_5k,/mnt/pixstor/data/xggh8/zw-lab/e009_stage_b_edm5k_30000kimg/network-snapshot-025000.pkl,cd3da048eb4793f9b7661bbba690d954854f6e636634512ad92db31c7e2a7740,25000,20017,213053b4ca4bb7218fa188543c1a4ddd13b057320315a1e172079e74c75b7c49,18.45449164727204,20.604097976170682,22870,30085,0.89567093248223084,0,ok,
edm_5k,/mnt/pixstor/data/xggh8/zw-lab/e009_stage_b_edm5k_30000kimg/network-snapshot-025000.pkl,cd3da048eb4793f9b7661bbba690d954854f6e636634512ad92db31c7e2a7740,25000,20018,e4c3a1d774a7d2f6ced28feda971f8681e43a2e5e20b87c637d7f03187a6a9ea,14.505153645828708,15.492404660678169,14410,13435,0.93627515957188767,0,ok,
edm_5k,/mnt/pixstor/data/xggh8/zw-lab/e009_stage_b_edm5k_30000kimg/network-snapshot-025000.pkl,cd3da048eb4793f9b7661bbba690d954854f6e636634512ad92db31c7e2a7740,25000,20019,89671a4c6059d0226ede7eb68bb91a72bb5e4797fb520af9041f99bf34568117,16.214986205155391,16.962230403478767,35588,13535,0.95594658364208263,0,ok,
edm_5k,/mnt/pixstor/data/xggh8/zw-lab/e009_stage_b_edm5k_30000kimg/network-snapshot-025000.pkl,cd3da048eb4793f9b7661bbba690d954854f6e636634512ad92db31c7e2a7740,25000,20020,dac581d7e73cd884231b6371b6b60a939bf43370a5d71f61d1068ca7aac62aeb,13.481309679134307,17.308650182196548,9692,47886,0.77887700873410726,0,ok,
edm_5k,/mnt/pixstor/data/xggh8/zw-lab/e009_stage_b_edm5k_30000kimg/network-snapshot-025000.pkl,cd3da048eb4793f9b7661bbba690d954854f6e636634512ad92db31c7e2a7740,25000,20021,decdf519959a5799b4c6eb5da2ff44b19dec2ef13af80c543a27d04e31b3a12a,18.844161567522871,19.006296119333573,2782,19545,0.99146942935158333,0,ok,
edm_5k,/mnt/pixstor/data/xggh8/zw-lab/e009_stage_b_edm5k_30000kimg/network-snapshot-025000.pkl,cd3da048eb4793f9b7661bbba690d954854f6e636634512ad92db31c7e2a7740,25000,20022,72f686de52b5f71af2fe7996f55a64260fbc24b4a17aa8ce5d0c43c61835f1f4,10.766087697126896,11.896350493618078,29779,12699,0.90499079553031636,0,ok,
edm_5k,/mnt/pixstor/data/xggh8/zw-lab/e009_stage_b_edm5k_30000kimg/network-snapshot-025000.pkl,cd3da048eb4793f9b7661bbba690d954854f6e636634512ad92db31c7e2a7740,25000,20023,8a0ec140aa27d54016781cc0165fe970193dc348f35e98111d1ce34481bfc686,16.301396138513908,16.485590465147268,2567,42642,0.98882694999473808,0,ok,
edm_5k,/mnt/pixstor/data/xggh8/zw-lab/e009_stage_b_edm5k_30000kimg/network-snapshot-025000.pkl,cd3da048eb4793f9b7661bbba690d954854f6e636634512ad92db31c7e2a7740,25000,20024,5744bad98c5947b059755d5c2c1548e5675421eea934076efd2e290ecbad30fd,11.7728690448723,14.021706951594801,40136,26140,0.83961739362505194,0,ok,
edm_5k,/mnt/pixstor/data/xggh8/zw-lab/e009_stage_b_edm5k_30000kimg/network-snapshot-025000.pkl,cd3da048eb4793f9b7661bbba690d954854f6e636634512ad92db31c7e2a7740,25000,20025,849549d864db0acaab963ce7d6d20554145ddcadba56b78f285dc0ddcc4d5718,12.400286175892857,13.060083980289004,30786,45494,0.94947981916563862,0,ok,
edm_5k,/mnt/pixstor/data/xggh8/zw-lab/e009_stage_b_edm5k_30000kimg/network-snapshot-025000.pkl,cd3da048eb4793f9b7661bbba690d954854f6e636634512ad92db31c7e2a7740,25000,20026,ed9d7331fdb28506da08f66fca4221454b1fe452f5d220159a68f94b3b500386,16.776327399904055,16.808565039217225,9692,11830,0.99808207070395638,0,ok,
edm_5k,/mnt/pixstor/data/xggh8/zw-lab/e009_stage_b_edm5k_30000kimg/network-snapshot-025000.pkl,cd3da048eb4793f9b7661bbba690d954854f6e636634512ad92db31c7e2a7740,25000,20027,4c50c7a59b2b7ddad938db196968867e7c51d468dd55f05210c7c5e3f40473f8,14.017985973065283,14.141352212912521,39913,12699,0.99127620626444823,0,ok,
edm_5k,/mnt/pixstor/data/xggh8/zw-lab/e009_stage_b_edm5k_30000kimg/network-snapshot-025000.pkl,cd3da048eb4793f9b7661bbba690d954854f6e636634512ad92db31c7e2a7740,25000,20028,c2f9cc9e4ff648f645580db539464eaaf0c54d461957585c814986fae01ccba3,15.733458797755324,16.373229416203294,43826,2782,0.96092581358355367,0,ok,
edm_5k,/mnt/pixstor/data/xggh8/zw-lab/e009_stage_b_edm5k_30000kimg/network-snapshot-025000.pkl,cd3da048eb4793f9b7661bbba690d954854f6e636634512ad92db31c7e2a7740,25000,20029,31867a143ba70e2fdb04d65937b89ba41d69a0b42d373dd5558fbd9450dbae14,13.863321407911604,14.085552348652108,12699,28795,0.98422277414191928,0,ok,
edm_5k,/mnt/pixstor/data/xggh8/zw-lab/e009_stage_b_edm5k_30000kimg/network-snapshot-025000.pkl,cd3da048eb4793f9b7661bbba690d954854f6e636634512ad92db31c7e2a7740,25000,20030,7cdc1c53d8ae8b43dc403d04a5cb8a840a13cf595165ab9022ebd9309dc2e0f4,15.83759100683581,17.757722838329158,34315,38291,0.89187060475181879,0,ok,
edm_5k,/mnt/pixstor/data/xggh8/zw-lab/e009_stage_b_edm5k_30000kimg/network-snapshot-025000.pkl,cd3da048eb4793f9b7661bbba690d954854f6e636634512ad92db31c7e2a7740,25000,20031,36e004ecdcf769e282af8b411731189c582e66dd076aa059cd10a833ee0434e3,16.446492704606683,17.378920956093225,13435,19974,0.94634717231050969,0,ok,
edm_5k,/mnt/pixstor/data/xggh8/zw-lab/e009_stage_b_edm5k_30000kimg/network-snapshot-025000.pkl,cd3da048eb4793f9b7661bbba690d954854f6e636634512ad92db31c7e2a7740,25000,20032,a642c627bc4d635d03720b70c2ecb67efa92b1c81bdba7b0457220a3b30ab6c2,17.620231744660877,19.844750495889031,11207,37887,0.88790391939223545,0,ok,
edm_5k,/mnt/pixstor/data/xggh8/zw-lab/e009_stage_b_edm5k_30000kimg/network-snapshot-025000.pkl,cd3da048eb4793f9b7661bbba690d954854f6e636634512ad92db31c7e2a7740,25000,20033,4c3f941f4f7c75a2c3136d8626209b7fad62f32d577d70ce5a576654d4d4f6a7,10.45507783307041,15.735854299517587,47356,30132,0.66441119967607543,0,ok,
edm_5k,/mnt/pixstor/data/xggh8/zw-lab/e009_stage_b_edm5k_30000kimg/network-snapshot-025000.pkl,cd3da048eb4793f9b7661bbba690d954854f6e636634512ad92db31c7e2a7740,25000,20034,406174c39df06e6e5a906090db898a07823e40fd91609898effb8a0343ccec53,15.688007076561147,15.983633757956664,33571,39774,0.98150441345990214,0,ok,
edm_5k,/mnt/pixstor/data/xggh8/zw-lab/e009_stage_b_edm5k_30000kimg/network-snapshot-025000.pkl,cd3da048eb4793f9b7661bbba690d954854f6e636634512ad92db31c7e2a7740,25000,20035,20e1702a916675b49e78db2635f1a88edbf0206f2e4a3b4ed8713007cce660ce,12.130692459649332,12.859768942264827,20770,43826,0.9433056312373298,0,ok,
edm_5k,/mnt/pixstor/data/xggh8/zw-lab/e009_stage_b_edm5k_30000kimg/network-snapshot-025000.pkl,cd3da048eb4793f9b7661bbba690d954854f6e636634512ad92db31c7e2a7740,25000,20036,d5e2b031e08a1198066bef901179f7e1b2c6b7ed1f347fbca63e2c70733d6a1d,15.458634884747749,17.281597840606278,15768,34759,0.89451421259351704,0,ok,
edm_5k,/mnt/pixstor/data/xggh8/zw-lab/e009_stage_b_edm5k_30000kimg/network-snapshot-025000.pkl,cd3da048eb4793f9b7661bbba690d954854f6e636634512ad92db31c7e2a7740,25000,20037,42baa90e2b1bbff71133c7a088108c68ad7848a49e2c5cf8cf79335c0230250a,14.621475586827156,17.456801392192173,47550,38995,0.83758045121409463,0,ok,
edm_5k,/mnt/pixstor/data/xggh8/zw-lab/e009_stage_b_edm5k_30000kimg/network-snapshot-025000.pkl,cd3da048eb4793f9b7661bbba690d954854f6e636634512ad92db31c7e2a7740,25000,20038,1968cf70378a213b193ad42e3d0fe032323849f31e48d182a9204c9d5bab687a,11.997588220628668,12.366170959768271,32024,10551,0.97019427110148004,0,ok,
edm_5k,/mnt/pixstor/data/xggh8/zw-lab/e009_stage_b_edm5k_30000kimg/network-snapshot-025000.pkl,cd3da048eb4793f9b7661bbba690d954854f6e636634512ad92db31c7e2a7740,25000,20039,68b3ba64001afdfa1e1b49598be5e411e5925bbe6ee2dcef367380764c3dbf66,9.5415332485742574,10.391633971303113,16683,20051,0.91819373882139799,0,ok,
edm_5k,/mnt/pixstor/data/xggh8/zw-lab/e009_stage_b_edm5k_30000kimg/network-snapshot-025000.pkl,cd3da048eb4793f9b7661bbba690d954854f6e636634512ad92db31c7e2a7740,25000,20040,873310fc0f470a0e1c660252f82688bf448d3bc8549c9636f3b0c94f3c1875e7,11.630732378204312,12.485151561386864,37719,26590,0.93156517331955868,0,ok,
edm_5k,/mnt/pixstor/data/xggh8/zw-lab/e009_stage_b_edm5k_30000kimg/network-snapshot-025000.pkl,cd3da048eb4793f9b7661bbba690d954854f6e636634512ad92db31c7e2a7740,25000,20041,cb57d7af1b54ab24247e1d8e7df828339de9020277c9acd97532dc819e273d38,16.798708267416675,17.10443085736102,12699,29779,0.98212611734971733,0,ok,
edm_5k,/mnt/pixstor/data/xggh8/zw-lab/e009_stage_b_edm5k_30000kimg/network-snapshot-025000.pkl,cd3da048eb4793f9b7661bbba690d954854f6e636634512ad92db31c7e2a7740,25000,20042,75a30046bf1ef723ade1ec739201a1f1a3a93e0c1f027f306a3b2e2cf3b3791a,15.974981369352596,17.264911332385292,15768,29437,0.92528603604160642,0,ok,
edm_5k,/mnt/pixstor/data/xggh8/zw-lab/e009_stage_b_edm5k_30000kimg/network-snapshot-025000.pkl,cd3da048eb4793f9b7661bbba690d954854f6e636634512ad92db31c7e2a7740,25000,20043,3a1bd81ec6368de0916251bcc73e70475d6518d35907946e4da4cb4d9140435b,17.040225929948708,17.958102860205578,27642,2567,0.94888786764381172,0,ok,
edm_5k,/mnt/pixstor/data/xggh8/zw-lab/e009_stage_b_edm5k_30000kimg/network-snapshot-025000.pkl,cd3da048eb4793f9b7661bbba690d954854f6e636634512ad92db31c7e2a7740,25000,20044,af41d04d6b8580ac05e36ea4c9b7a2b8cf560f2265ceda90add46cb659880664,17.146105804655406,17.27080934151595,32953,16683,0.99277951980161239,0,ok,
edm_5k,/mnt/pixstor/data/xggh8/zw-lab/e009_stage_b_edm5k_30000kimg/network-snapshot-025000.pkl,cd3da048eb4793f9b7661bbba690d954854f6e636634512ad92db31c7e2a7740,25000,20045,87e7bf234e6a4389767527d2d1f3450c6bdb43d7ee0a582eb1937a6cb62d45fd,11.794838792320698,17.254554801503076,46725,220,0.68357827414319772,0,ok,
edm_5k,/mnt/pixstor/data/xggh8/zw-lab/e009_stage_b_edm5k_30000kimg/network-snapshot-025000.pkl,cd3da048eb4793f9b7661bbba690d954854f6e636634512ad92db31c7e2a7740,25000,20046,02f40e848cd3bb2989ebc6cd42008f2eabcd97da70a9a9d58d10e96ebf4d015b,21.968771929904051,22.592508130650053,37603,40529,0.97239190101696538,0,ok,
edm_5k,/mnt/pixstor/data/xggh8/zw-lab/e009_stage_b_edm5k_30000kimg/network-snapshot-025000.pkl,cd3da048eb4793f9b7661bbba690d954854f6e636634512ad92db31c7e2a7740,25000,20047,52b9eaa1ff525a3595b797cd1c7de988264b7ed33f3cb9f447181ade6c4062ab,19.420802627496737,19.993635100156251,25406,12649,0.97134925841199149,0,ok,
edm_5k,/mnt/pixstor/data/xggh8/zw-lab/e009_stage_b_edm5k_30000kimg/network-snapshot-025000.pkl,cd3da048eb4793f9b7661bbba690d954854f6e636634512ad92db31c7e2a7740,25000,20048,f3c77c84b38eedc66b6c40d1fab1148e7bdc8583105928c829011f6beb365cb9,14.57747196737798,14.784562738899593,46725,29779,0.98599276994667295,0,ok,
edm_5k,/mnt/pixstor/data/xggh8/zw-lab/e009_stage_b_edm5k_30000kimg/network-snapshot-025000.pkl,cd3da048eb4793f9b7661bbba690d954854f6e636634512ad92db31c7e2a7740,25000,20049,c8e81cef2b05c5cc7651dc1e3b59663ecc1dee25201213e02e0cbe58b3f97599,11.861945266584907,13.35502523886138,29779,12699,0.88820088726363433,0,ok,
edm_5k,/mnt/pixstor/data/xggh8/zw-lab/e009_stage_b_edm5k_30000kimg/network-snapshot-025000.pkl,cd3da048eb4793f9b7661bbba690d954854f6e636634512ad92db31c7e2a7740,25000,20050,07fd41046bb195a81791603765ec4eb5ee8649461d49990650a0c388f4ec8ed2,16.959158108597951,16.982724987638399,2782,40908,0.99861230285142089,0,ok,
edm_5k,/mnt/pixstor/data/xggh8/zw-lab/e009_stage_b_edm5k_30000kimg/network-snapshot-025000.pkl,cd3da048eb4793f9b7661bbba690d954854f6e636634512ad92db31c7e2a7740,25000,20051,7d28c45de5e2213e4b3ee4c2cc917fc83294ec5b4cc342f8c37159b5d5bfb5f5,14.976809986600104,15.147832482028274,39111,10551,0.98870977114177394,0,ok,
edm_5k,/mnt/pixstor/data/xggh8/zw-lab/e009_stage_b_edm5k_30000kimg/network-snapshot-025000.pkl,cd3da048eb4793f9b7661bbba690d954854f6e636634512ad92db31c7e2a7740,25000,20052,05f83a417f24c738c3f44ee702687367bdc82465ba410413303bd218a1c1e0aa,13.509637865011717,14.332477710361035,32024,10551,0.94258914180941078,0,ok,
edm_5k,/mnt/pixstor/data/xggh8/zw-lab/e009_stage_b_edm5k_30000kimg/network-snapshot-025000.pkl,cd3da048eb4793f9b7661bbba690d954854f6e636634512ad92db31c7e2a7740,25000,20053,821f20f3a955ca63e15a909ea3dd7edbe8ad050eeb8c1a73e89e3b57454fa3bd,9.2529644338815995,9.7289514606787861,24779,44302,0.95107519770028981,0,ok,
edm_5k,/mnt/pixstor/data/xggh8/zw-lab/e009_stage_b_edm5k_30000kimg/network-snapshot-025000.pkl,cd3da048eb4793f9b7661bbba690d954854f6e636634512ad92db31c7e2a7740,25000,20054,0d436b389b14f44be5927a832d7b4cb94ef8e1a272eee4ff2440b124071a92c7,15.424888027653154,16.672484165477194,7346,30085,0.92517035101419565,0,ok,
edm_5k,/mnt/pixstor/data/xggh8/zw-lab/e009_stage_b_edm5k_30000kimg/network-snapshot-025000.pkl,cd3da048eb4793f9b7661bbba690d954854f6e636634512ad92db31c7e2a7740,25000,20055,63096b2bb6ac34e55e283c50f419369196bdb81568f60918cdc13708644f4709,15.36873830931386,15.526241252039682,32024,15904,0.98985569397196305,0,ok,
edm_5k,/mnt/pixstor/data/xggh8/zw-lab/e009_stage_b_edm5k_30000kimg/network-snapshot-025000.pkl,cd3da048eb4793f9b7661bbba690d954854f6e636634512ad92db31c7e2a7740,25000,20056,6ee889258a7c89a43e708b3d82b41c0cb4167a9a845987923e676ee7b195f1dc,15.370539063844102,16.42936887622464,31249,11207,0.9355526179759226,0,ok,
edm_5k,/mnt/pixstor/data/xggh8/zw-lab/e009_stage_b_edm5k_30000kimg/network-snapshot-025000.pkl,cd3da048eb4793f9b7661bbba690d954854f6e636634512ad92db31c7e2a7740,25000,20057,6b5b6773d45175a4aa6a03213f94457284bc6b9cbdda961dedd4eaa5a91af927,17.806508562607515,18.465836742989602,30786,35096,0.96429470326426481,0,ok,
edm_5k,/mnt/pixstor/data/xggh8/zw-lab/e009_stage_b_edm5k_30000kimg/network-snapshot-025000.pkl,cd3da048eb4793f9b7661bbba690d954854f6e636634512ad92db31c7e2a7740,25000,20058,1a293b2e16a937b3917430dfeae65cdd399fa8fbba20178bb2d284923112ee93,14.546942054130069,15.199336220176441,31001,25149,0.95707745676549028,0,ok,
edm_5k,/mnt/pixstor/data/xggh8/zw-lab/e009_stage_b_edm5k_30000kimg/network-snapshot-025000.pkl,cd3da048eb4793f9b7661bbba690d954854f6e636634512ad92db31c7e2a7740,25000,20059,a941309a4e94009d72b9127aa9d60cfdd4f0751bbc74465432f5305153327dc0,14.360714869799191,20.009372897778572,46712,40349,0.71769939733561106,0,ok,
edm_5k,/mnt/pixstor/data/xggh8/zw-lab/e009_stage_b_edm5k_30000kimg/network-snapshot-025000.pkl,cd3da048eb4793f9b7661bbba690d954854f6e636634512ad92db31c7e2a7740,25000,20060,66f2ec1bfacd45015db2586bf2cabec17bb081245d91cecf0a66c2a1b8913624,13.863079194664188,15.064383606968585,5924,9896,0.9202553225112583,0,ok,
edm_5k,/mnt/pixstor/data/xggh8/zw-lab/e009_stage_b_edm5k_30000kimg/network-snapshot-025000.pkl,cd3da048eb4793f9b7661bbba690d954854f6e636634512ad92db31c7e2a7740,25000,20061,56a3bddc887e1b6b6a37655bae552bbfe9c42be5a5c0e6bb4ee6a9d18ad802da,20.059752508381145,20.398227887248432,27441,38324,0.98340662822583336,0,ok,
edm_5k,/mnt/pixstor/data/xggh8/zw-lab/e009_stage_b_edm5k_30000kimg/network-snapshot-025000.pkl,cd3da048eb4793f9b7661bbba690d954854f6e636634512ad92db31c7e2a7740,25000,20062,6200e2653f109af0f250bf6a5aac6e11b19b7bb89c6bed1b32872f3a8fb69c61,19.842619313202128,19.91168523757305,26590,37719,0.99653138729610913,0,ok,
edm_5k,/mnt/pixstor/data/xggh8/zw-lab/e009_stage_b_edm5k_30000kimg/network-snapshot-025000.pkl,cd3da048eb4793f9b7661bbba690d954854f6e636634512ad92db31c7e2a7740,25000,20063,702ea08cd6c8d175fb25334dcbd8c2f969b291ed726bec6c377d7b07083dfc9b,15.334986225134854,15.784864412474555,32953,39889,0.97149939488969139,0,ok,
edm_5k,/mnt/pixstor/data/xggh8/zw-lab/e009_stage_b_edm5k_30000kimg/network-snapshot-025000.pkl,cd3da048eb4793f9b7661bbba690d954854f6e636634512ad92db31c7e2a7740,25000,20064,3a09f96f0b5e18ab9b9e5743f3a7b31f26830abff04e4e23d64be4dcec735d82,9.022351450639114,9.9931948173277299,16683,20051,0.90284955067570394,0,ok,
edm_5k,/mnt/pixstor/data/xggh8/zw-lab/e009_stage_b_edm5k_30000kimg/network-snapshot-025000.pkl,cd3da048eb4793f9b7661bbba690d954854f6e636634512ad92db31c7e2a7740,25000,20065,292611828aaf996eb4d1fbd9f13de746a43b89bda71e86fc608ce7c755000560,15.549369704081615,16.313124514191063,36170,40529,0.95318157417084348,0,ok,
edm_5k,/mnt/pixstor/data/xggh8/zw-lab/e009_stage_b_edm5k_30000kimg/network-snapshot-025000.pkl,cd3da048eb4793f9b7661bbba690d954854f6e636634512ad92db31c7e2a7740,25000,20066,6c407ab71ebe4c114bb41fd9d475aef907fc0dd389a18e97fd6162678c2f2837,17.077095084688693,18.050402251849974,32953,5944,0.94607836692051961,0,ok,
edm_5k,/mnt/pixstor/data/xggh8/zw-lab/e009_stage_b_edm5k_30000kimg/network-snapshot-025000.pkl,cd3da048eb4793f9b7661bbba690d954854f6e636634512ad92db31c7e2a7740,25000,20067,293f5c61d64ab57c92a5f338e98993de6693c2f3b678e1e8a6db7f9459c0e330,19.192546093340397,19.642418405928016,1220,45385,0.97709689798421928,0,ok,
edm_5k,/mnt/pixstor/data/xggh8/zw-lab/e009_stage_b_edm5k_30000kimg/network-snapshot-025000.pkl,cd3da048eb4793f9b7661bbba690d954854f6e636634512ad92db31c7e2a7740,25000,20068,4bf2e2216ea674b538dd01eb91416bfa836445d81593c45744c2a49e55ec68dd,15.586479402740034,17.540303232709888,2567,7813,0.8886094610766887,0,ok,
edm_5k,/mnt/pixstor/data/xggh8/zw-lab/e009_stage_b_edm5k_30000kimg/network-snapshot-025000.pkl,cd3da048eb4793f9b7661bbba690d954854f6e636634512ad92db31c7e2a7740,25000,20069,da8fdc03b57c887f463cfbfd5c083fe4ef4c13d7345c83596932272962d4fa79,18.653739779603317,18.654488112001747,47671,19545,0.99995988459217233,0,ok,
edm_5k,/mnt/pixstor/data/xggh8/zw-lab/e009_stage_b_edm5k_30000kimg/network-snapshot-025000.pkl,cd3da048eb4793f9b7661bbba690d954854f6e636634512ad92db31c7e2a7740,25000,20070,514724e7e76b2a028ab32d988f63128a89c197438348e9bf1de14fbab7f1aaec,13.427271707592125,23.654850556230862,27792,18459,0.56763291214517031,0,ok,
edm_5k,/mnt/pixstor/data/xggh8/zw-lab/e009_stage_b_edm5k_30000kimg/network-snapshot-025000.pkl,cd3da048eb4793f9b7661bbba690d954854f6e636634512ad92db31c7e2a7740,25000,20071,8ff379187eb6cec3e9dc8c300607d8b349f6885ff93dd36c2bf542f105dd670f,15.378987214952451,16.152893746190085,1721,39913,0.95208867566406352,0,ok,
edm_5k,/mnt/pixstor/data/xggh8/zw-lab/e009_stage_b_edm5k_30000kimg/network-snapshot-025000.pkl,cd3da048eb4793f9b7661bbba690d954854f6e636634512ad92db31c7e2a7740,25000,20072,5288077dbbb121b8fa26a079d01165d1c0599dc3653005885d92872fc7668b44,10.098897351979481,10.566584667552684,10551,49421,0.95573902729333604,0,ok,
edm_5k,/mnt/pixstor/data/xggh8/zw-lab/e009_stage_b_edm5k_30000kimg/network-snapshot-025000.pkl,cd3da048eb4793f9b7661bbba690d954854f6e636634512ad92db31c7e2a7740,25000,20073,a531db483d9b385810bdcd641ebbb14765037ad2f6d52acc805c037966a9a6ea,20.90277697021223,21.698914257848923,28921,22326,0.96330980996670312,0,ok,
edm_5k,/mnt/pixstor/data/xggh8/zw-lab/e009_stage_b_edm5k_30000kimg/network-snapshot-025000.pkl,cd3da048eb4793f9b7661bbba690d954854f6e636634512ad92db31c7e2a7740,25000,20074,2251768e3aa38d730229f9374d0b8cd130fb8763889b93fc1a18b899b3870655,15.787642364087088,19.899773369791109,41603,11710,0.79335789763583686,0,ok,
edm_5k,/mnt/pixstor/data/xggh8/zw-lab/e009_stage_b_edm5k_30000kimg/network-snapshot-025000.pkl,cd3da048eb4793f9b7661bbba690d954854f6e636634512ad92db31c7e2a7740,25000,20075,95ced1aabeebaa5be003ec40828aaeda81112b2881287a96303bd04d12c7fa74,14.50638861964414,18.796968283166258,36811,49860,0.77174086805452702,0,ok,
edm_5k,/mnt/pixstor/data/xggh8/zw-lab/e009_stage_b_edm5k_30000kimg/network-snapshot-025000.pkl,cd3da048eb4793f9b7661bbba690d954854f6e636634512ad92db31c7e2a7740,25000,20076,b9c6aa4180b4a44fd2660290b83d4957c6395bc5721c16681ee65178a4ed39e2,21.113294733501291,21.359632578937372,1787,43951,0.98846713095247751,0,ok,
edm_5k,/mnt/pixstor/data/xggh8/zw-lab/e009_stage_b_edm5k_30000kimg/network-snapshot-025000.pkl,cd3da048eb4793f9b7661bbba690d954854f6e636634512ad92db31c7e2a7740,25000,20077,3db3b98379e58446b47c420766e1534822ff5dbd639381435db0bba026d4f2ff,17.04370373654827,18.746737299483737,34360,44542,0.90915573543656758,0,ok,
edm_5k,/mnt/pixstor/data/xggh8/zw-lab/e009_stage_b_edm5k_30000kimg/network-snapshot-025000.pkl,cd3da048eb4793f9b7661bbba690d954854f6e636634512ad92db31c7e2a7740,25000,20078,daab42a7aae0e22b69f1b479a9053ecdbe738680225b61ef90903cb2751fde32,12.691867532933424,13.927467347817556,21934,19604,0.91128323735917771,0,ok,
edm_5k,/mnt/pixstor/data/xggh8/zw-lab/e009_stage_b_edm5k_30000kimg/network-snapshot-025000.pkl,cd3da048eb4793f9b7661bbba690d954854f6e636634512ad92db31c7e2a7740,25000,20079,5fbcc5267d12bbb05921c424173d6f04ee84d787cf488a4dde0125b67f5922ea,18.017733029221525,19.396620020230031,19923,33343,0.92891096543777352,0,ok,
edm_5k,/mnt/pixstor/data/xggh8/zw-lab/e009_stage_b_edm5k_30000kimg/network-snapshot-025000.pkl,cd3da048eb4793f9b7661bbba690d954854f6e636634512ad92db31c7e2a7740,25000,20080,e8d607a65921da6b13c990cc299883f4d1d9a551ac77d12525c2169216f60403,16.087139888839744,16.623706665934034,34696,22857,0.96772279565099373,0,ok,
edm_5k,/mnt/pixstor/data/xggh8/zw-lab/e009_stage_b_edm5k_30000kimg/network-snapshot-025000.pkl,cd3da048eb4793f9b7661bbba690d954854f6e636634512ad92db31c7e2a7740,25000,20081,77df81ad11cc97cf93fdab764da22ba0164d4a264a0fb9245d249a2dac414bc0,11.805231244067325,13.569624285434802,11710,30786,0.86997480517855463,0,ok,
edm_5k,/mnt/pixstor/data/xggh8/zw-lab/e009_stage_b_edm5k_30000kimg/network-snapshot-025000.pkl,cd3da048eb4793f9b7661bbba690d954854f6e636634512ad92db31c7e2a7740,25000,20082,b725a3b6c1df95bbc68b911bcca5aaaa7409c89462c5ce4faf079b2910bd83c5,23.833211987136984,25.921359200229087,43052,45102,0.91944298919812628,0,ok,
edm_5k,/mnt/pixstor/data/xggh8/zw-lab/e009_stage_b_edm5k_30000kimg/network-snapshot-025000.pkl,cd3da048eb4793f9b7661bbba690d954854f6e636634512ad92db31c7e2a7740,25000,20083,9c1b9a9a63e6a95a8360ee4f9a1b1a3e724f984ae2b675f35d9dcbb5052f02f1,12.098968636963622,12.413190790147326,11207,29437,0.97468643167612401,0,ok,
edm_5k,/mnt/pixstor/data/xggh8/zw-lab/e009_stage_b_edm5k_30000kimg/network-snapshot-025000.pkl,cd3da048eb4793f9b7661bbba690d954854f6e636634512ad92db31c7e2a7740,25000,20084,95bc51387ea6423b853fb4b3e53d5c4122cd0d89f4379ae0b141752917bbbdc3,15.861568098229043,15.913705176674002,34315,7496,0.99672376245091054,0,ok,
edm_5k,/mnt/pixstor/data/xggh8/zw-lab/e009_stage_b_edm5k_30000kimg/network-snapshot-025000.pkl,cd3da048eb4793f9b7661bbba690d954854f6e636634512ad92db31c7e2a7740,25000,20085,2741be8da0b68490aa087c4c87a55e71e46153b22b2e4d22695e8fa2e69c6df0,14.942412267129512,15.345635564734163,37558,3157,0.9737239102346924,0,ok,
edm_5k,/mnt/pixstor/data/xggh8/zw-lab/e009_stage_b_edm5k_30000kimg/network-snapshot-025000.pkl,cd3da048eb4793f9b7661bbba690d954854f6e636634512ad92db31c7e2a7740,25000,20086,72918b3ec8b665a9a2bd2952bbf29850b7c99504a99a2878ced32212e59a5f91,13.732316655243361,16.607596820073379,38154,31271,0.82686958287940215,0,ok,
edm_5k,/mnt/pixstor/data/xggh8/zw-lab/e009_stage_b_edm5k_30000kimg/network-snapshot-025000.pkl,cd3da048eb4793f9b7661bbba690d954854f6e636634512ad92db31c7e2a7740,25000,20087,7d0d8da79a423b1f499ca828f45f1aadb858bea6b466d265cc9a36fe724ef32e,7.7764819158983745,7.9500608027884665,13533,32024,0.97816634473673336,0,ok,
edm_5k,/mnt/pixstor/data/xggh8/zw-lab/e009_stage_b_edm5k_30000kimg/network-snapshot-025000.pkl,cd3da048eb4793f9b7661bbba690d954854f6e636634512ad92db31c7e2a7740,25000,20088,c0367cd42733774939bf4b975ab9337baf59f692b9cc394c8df8eefb207e02b4,10.780665785376387,14.524796999817363,7187,39915,0.74222488517477692,0,ok,
edm_5k,/mnt/pixstor/data/xggh8/zw-lab/e009_stage_b_edm5k_30000kimg/network-snapshot-025000.pkl,cd3da048eb4793f9b7661bbba690d954854f6e636634512ad92db31c7e2a7740,25000,20089,1b6abdc13007de0509cd28bc374ea623b7e25071872ec8c32677862374337632,15.158839396596276,15.24857462562983,34315,37719,0.99411517264815519,0,ok,
edm_5k,/mnt/pixstor/data/xggh8/zw-lab/e009_stage_b_edm5k_30000kimg/network-snapshot-025000.pkl,cd3da048eb4793f9b7661bbba690d954854f6e636634512ad92db31c7e2a7740,25000,20090,1c6a494f1136c86c552b69deb9c2a22d709c6316576110a84df038ef2c60903b,17.670619840766236,18.810777459838153,37803,26590,0.93938806508629402,0,ok,
edm_5k,/mnt/pixstor/data/xggh8/zw-lab/e009_stage_b_edm5k_30000kimg/network-snapshot-025000.pkl,cd3da048eb4793f9b7661bbba690d954854f6e636634512ad92db31c7e2a7740,25000,20091,48a10e23143cc97d25ce895104068543a696c84d9ea054f8a04a7597c732a057,19.658834526606054,19.65896326149625,9692,23630,0.99999345159312403,0,ok,
edm_5k,/mnt/pixstor/data/xggh8/zw-lab/e009_stage_b_edm5k_30000kimg/network-snapshot-025000.pkl,cd3da048eb4793f9b7661bbba690d954854f6e636634512ad92db31c7e2a7740,25000,20092,10a050c14475a0bc9b2e6868628a1a1a6da7fc1b9032826d40cb63544bfdf7a0,13.438587270205193,13.938125056342223,29779,2595,0.9641603311695266,0,ok,
edm_5k,/mnt/pixstor/data/xggh8/zw-lab/e009_stage_b_edm5k_30000kimg/network-snapshot-025000.pkl,cd3da048eb4793f9b7661bbba690d954854f6e636634512ad92db31c7e2a7740,25000,20093,918e594554637f3fe165df36f69a5a4b4da3b5b9e768a76e073c5f6cd59d5de8,17.728283167457835,18.158476471393833,35674,7187,0.97630895385889294,0,ok,
edm_5k,/mnt/pixstor/data/xggh8/zw-lab/e009_stage_b_edm5k_30000kimg/network-snapshot-025000.pkl,cd3da048eb4793f9b7661bbba690d954854f6e636634512ad92db31c7e2a7740,25000,20094,05a49c8f4ec469f58e4e45ee48c64e3790587312d113db4492d7ffa06e550bce,16.567075859720283,17.089925008880716,29779,16683,0.96940600096906593,0,ok,
edm_5k,/mnt/pixstor/data/xggh8/zw-lab/e009_stage_b_edm5k_30000kimg/network-snapshot-025000.pkl,cd3da048eb4793f9b7661bbba690d954854f6e636634512ad92db31c7e2a7740,25000,20095,3fb73f521f3664014cba28ed11338694fffed6654c3c333125e927133c1f37b5,23.503070058065223,23.667437063190576,38154,42837,0.9930551413451949,0,ok,
edm_5k,/mnt/pixstor/data/xggh8/zw-lab/e009_stage_b_edm5k_30000kimg/network-snapshot-025000.pkl,cd3da048eb4793f9b7661bbba690d954854f6e636634512ad92db31c7e2a7740,25000,20096,317b65c81e664e5b9cb2880d165d48dcd779e05401432dde74b63dd01e4179ca,20.586104358012804,22.099211555152298,25486,22518,0.93153116827886462,0,ok,
edm_5k,/mnt/pixstor/data/xggh8/zw-lab/e009_stage_b_edm5k_30000kimg/network-snapshot-025000.pkl,cd3da048eb4793f9b7661bbba690d954854f6e636634512ad92db31c7e2a7740,25000,20097,e1c68b745a8260e6b116bdd4c1a771b5519a834d643f8bd080d906e27fdac0d1,19.370974083613547,19.737751479520487,34675,47048,0.98141746813017172,0,ok,
edm_5k,/mnt/pixstor/data/xggh8/zw-lab/e009_stage_b_edm5k_30000kimg/network-snapshot-025000.pkl,cd3da048eb4793f9b7661bbba690d954854f6e636634512ad92db31c7e2a7740,25000,20098,7d42a98f16b38de366b3113fed4e80dd33929f6cad018985a303816081994ec6,18.927257076877229,18.957073978890445,12277,737,0.99842713585195586,0,ok,
edm_5k,/mnt/pixstor/data/xggh8/zw-lab/e009_stage_b_edm5k_30000kimg/network-snapshot-025000.pkl,cd3da048eb4793f9b7661bbba690d954854f6e636634512ad92db31c7e2a7740,25000,20099,29aeeb0c78c48f3be954936a9643fe6c4c094579c7c1e5e2769d452acbe11371,19.347976699032778,20.25280669905797,25744,26351,0.95532322934444047,0,ok,
edm_5k,/mnt/pixstor/data/xggh8/zw-lab/e009_stage_b_edm5k_30000kimg/network-snapshot-025000.pkl,cd3da048eb4793f9b7661bbba690d954854f6e636634512ad92db31c7e2a7740,25000,20100,607c4f755253c14b2dfec76451060474dc566f8e3d7a6eabaa20b23d621c69f1,13.761710641461013,16.015247456254038,1220,21934,0.85928804278868598,0,ok,
edm_5k,/mnt/pixstor/data/xggh8/zw-lab/e009_stage_b_edm5k_30000kimg/network-snapshot-025000.pkl,cd3da048eb4793f9b7661bbba690d954854f6e636634512ad92db31c7e2a7740,25000,20101,93804fdc55762c7eb769e6a90b390db1d72d79eca290471ba856af43464a267a,15.693269044086692,17.47020005320698,21934,17844,0.89828788429963635,0,ok,
edm_5k,/mnt/pixstor/data/xggh8/zw-lab/e009_stage_b_edm5k_30000kimg/network-snapshot-025000.pkl,cd3da048eb4793f9b7661bbba690d954854f6e636634512ad92db31c7e2a7740,25000,20102,9e2fcc1cc8e2d3c36fab45173be1377ebc4c4c96479dce09fd54453247c64e72,15.824251009810196,17.126203864387122,11710,9332,0.92397890011783312,0,ok,
edm_5k,/mnt/pixstor/data/xggh8/zw-lab/e009_stage_b_edm5k_30000kimg/network-snapshot-025000.pkl,cd3da048eb4793f9b7661bbba690d954854f6e636634512ad92db31c7e2a7740,25000,20103,70cd064e638e6df6459a30f917aab58963f3c51e00bbb98c1f879a41ce01dcf2,11.75056868604992,13.382481228866315,7690,44302,0.87805605590566249,0,ok,
edm_5k,/mnt/pixstor/data/xggh8/zw-lab/e009_stage_b_edm5k_30000kimg/network-snapshot-025000.pkl,cd3da048eb4793f9b7661bbba690d954854f6e636634512ad92db31c7e2a7740,25000,20104,34c1a86d5600e9584d83cc9612c2a91da08f616dbd77ec7a1e12e7fcf7e9cd3b,14.483154012846281,15.725098591984965,2567,40529,0.92102150763164692,0,ok,
edm_5k,/mnt/pixstor/data/xggh8/zw-lab/e009_stage_b_edm5k_30000kimg/network-snapshot-025000.pkl,cd3da048eb4793f9b7661bbba690d954854f6e636634512ad92db31c7e2a7740,25000,20105,8084fac3a4c7e7df737b2c6959a951d8c2fb01973a8b04ed919b314f043abcf5,11.796852071097554,14.967608911043923,12277,2616,0.78815875943907043,0,ok,
edm_5k,/mnt/pixstor/data/xggh8/zw-lab/e009_stage_b_edm5k_30000kimg/network-snapshot-025000.pkl,cd3da048eb4793f9b7661bbba690d954854f6e636634512ad92db31c7e2a7740,25000,20106,578d6d796b403e0e9e2fca9464777463a596a97eeb1e4cfcc06ab09ac9c37e1e,18.599959551590125,18.726859398517586,2567,33993,0.99322364502093141,0,ok,
edm_5k,/mnt/pixstor/data/xggh8/zw-lab/e009_stage_b_edm5k_30000kimg/network-snapshot-025000.pkl,cd3da048eb4793f9b7661bbba690d954854f6e636634512ad92db31c7e2a7740,25000,20107,dfd583ce732827be3d4b9de016161fc840e969e2a46e87efe4c93d82301a06c4,17.537604532151082,18.256862051568799,11830,43777,0.96060344229002315,0,ok,
edm_5k,/mnt/pixstor/data/xggh8/zw-lab/e009_stage_b_edm5k_30000kimg/network-snapshot-025000.pkl,cd3da048eb4793f9b7661bbba690d954854f6e636634512ad92db31c7e2a7740,25000,20108,9c38af972aac76fc92ca70a392a5257297d0dafc44925d7958638e9ce70f7b2f,19.304732015655453,20.097838932571491,832,7107,0.96053770161175422,0,ok,
edm_5k,/mnt/pixstor/data/xggh8/zw-lab/e009_stage_b_edm5k_30000kimg/network-snapshot-025000.pkl,cd3da048eb4793f9b7661bbba690d954854f6e636634512ad92db31c7e2a7740,25000,20109,697ff0d13c26e5dec70081ab27bd0d84765ec572980841c84ea6bc87c6689ea1,12.978892157959065,14.389660096801533,10551,32942,0.90195960645685802,0,ok,
edm_5k,/mnt/pixstor/data/xggh8/zw-lab/e009_stage_b_edm5k_30000kimg/network-snapshot-025000.pkl,cd3da048eb4793f9b7661bbba690d954854f6e636634512ad92db31c7e2a7740,25000,20110,333a8d8900e5af31c16da9b59e2c8d171d136fa09ddd01a6668361644cb437fd,12.602156845908615,13.19378443740135,44302,16683,0.95515861318640261,0,ok,
edm_5k,/mnt/pixstor/data/xggh8/zw-lab/e009_stage_b_edm5k_30000kimg/network-snapshot-025000.pkl,cd3da048eb4793f9b7661bbba690d954854f6e636634512ad92db31c7e2a7740,25000,20111,e98465c068c5b6be38834b34eb6d3469f34ace7db958555ed95cda97cfbf31b6,15.149475485728944,15.198975285002859,13533,36219,0.99674321470061489,0,ok,
edm_5k,/mnt/pixstor/data/xggh8/zw-lab/e009_stage_b_edm5k_30000kimg/network-snapshot-025000.pkl,cd3da048eb4793f9b7661bbba690d954854f6e636634512ad92db31c7e2a7740,25000,20112,c2fd8a06b1261596767dfe7622b7fdd40c98887af62638bbdfcd7e752183878f,20.411283311136785,21.611046605268676,25969,7187,0.9444837949755106,0,ok,
edm_5k,/mnt/pixstor/data/xggh8/zw-lab/e009_stage_b_edm5k_30000kimg/network-snapshot-025000.pkl,cd3da048eb4793f9b7661bbba690d954854f6e636634512ad92db31c7e2a7740,25000,20113,4766c341e6ef9f5fb3c5eb17365e1f772cac489d9c67d0c07a439824d066560d,18.071152052922603,18.750341499867179,47045,47886,0.96377722256688569,0,ok,
edm_5k,/mnt/pixstor/data/xggh8/zw-lab/e009_stage_b_edm5k_30000kimg/network-snapshot-025000.pkl,cd3da048eb4793f9b7661bbba690d954854f6e636634512ad92db31c7e2a7740,25000,20114,e15eed5a84f946259cf1ea9d64ea5c648f602b82a65b89f04858f37af36fb445,12.852733213796034,14.271845277005147,31572,26376,0.900565621637197,0,ok,
edm_5k,/mnt/pixstor/data/xggh8/zw-lab/e009_stage_b_edm5k_30000kimg/network-snapshot-025000.pkl,cd3da048eb4793f9b7661bbba690d954854f6e636634512ad92db31c7e2a7740,25000,20115,f153172292d42cbf41f1e2f85a73cfcf4bb6e30317e4f734cd14dea127f8c3de,13.521732248323573,15.340237999538273,21934,38676,0.88145518007807733,0,ok,
edm_5k,/mnt/pixstor/data/xggh8/zw-lab/e009_stage_b_edm5k_30000kimg/network-snapshot-025000.pkl,cd3da048eb4793f9b7661bbba690d954854f6e636634512ad92db31c7e2a7740,25000,20116,370f34650940045b116f817fcbdd3847dc552d38bd391cc50a500b3e161c7ce2,14.614559729118088,15.233545678891563,737,12277,0.9593669154364256,0,ok,
edm_5k,/mnt/pixstor/data/xggh8/zw-lab/e009_stage_b_edm5k_30000kimg/network-snapshot-025000.pkl,cd3da048eb4793f9b7661bbba690d954854f6e636634512ad92db31c7e2a7740,25000,20117,1966a57bdf1f5f9f4b9a6fa689a30013a346cad0146e36bfa147374ef71ec353,21.208246529188013,27.469801061792346,17938,42837,0.77205679362150503,0,ok,
edm_5k,/mnt/pixstor/data/xggh8/zw-lab/e009_stage_b_edm5k_30000kimg/network-snapshot-025000.pkl,cd3da048eb4793f9b7661bbba690d954854f6e636634512ad92db31c7e2a7740,25000,20118,dae778ea82a3646bd7c718bbc0ff733fdffc318fabb68ed2d4c2a2ce83860f1e,15.535482448202352,16.1430005151031,2567,39913,0.96236647168954959,0,ok,
edm_5k,/mnt/pixstor/data/xggh8/zw-lab/e009_stage_b_edm5k_30000kimg/network-snapshot-025000.pkl,cd3da048eb4793f9b7661bbba690d954854f6e636634512ad92db31c7e2a7740,25000,20119,0b5d887e4baf1cd53737c9b9ba65e42272b61c9c5d9f162799c7dc66e1e4ceba,19.945377898047866,20.132089512207937,6525,14410,0.99072567136924106,0,ok,
edm_5k,/mnt/pixstor/data/xggh8/zw-lab/e009_stage_b_edm5k_30000kimg/network-snapshot-025000.pkl,cd3da048eb4793f9b7661bbba690d954854f6e636634512ad92db31c7e2a7740,25000,20120,517f43935f9cceea6eee2572cecb3e7da29edb950848dc1d7d0f57f7c99eecef,16.969619396551572,17.051623972539424,32953,36170,0.99519080551389616,0,ok,
edm_5k,/mnt/pixstor/data/xggh8/zw-lab/e009_stage_b_edm5k_30000kimg/network-snapshot-025000.pkl,cd3da048eb4793f9b7661bbba690d954854f6e636634512ad92db31c7e2a7740,25000,20121,bbc48eebd3a9d2d83ac74e20f8beed1be93844de6c5ce57af76e5a5a3839aabb,17.628228071831622,20.352063617968831,9841,34035,0.8661641592092737,0,ok,
edm_5k,/mnt/pixstor/data/xggh8/zw-lab/e009_stage_b_edm5k_30000kimg/network-snapshot-025000.pkl,cd3da048eb4793f9b7661bbba690d954854f6e636634512ad92db31c7e2a7740,25000,20122,2be619afbb2feb32383fa562044629c1f0ed45e6fd3cee67f1580ed2ca49023f,13.9925460587282,15.022269457791007,11207,40136,0.93145353956297461,0,ok,
edm_5k,/mnt/pixstor/data/xggh8/zw-lab/e009_stage_b_edm5k_30000kimg/network-snapshot-025000.pkl,cd3da048eb4793f9b7661bbba690d954854f6e636634512ad92db31c7e2a7740,25000,20123,b9b533a8f3d2d984393368e6b6c323f6bd23aaabc2811c4aa125ac8a49f1ecad,16.95410125705596,17.943146475928213,49665,18459,0.94487894192921429,0,ok,
edm_5k,/mnt/pixstor/data/xggh8/zw-lab/e009_stage_b_edm5k_30000kimg/network-snapshot-025000.pkl,cd3da048eb4793f9b7661bbba690d954854f6e636634512ad92db31c7e2a7740,25000,20124,f0263fc7f45fe3992c800f9e05a763c2bc0e078d2de4ed9235e9880775ead116,16.15458797802059,16.24643487728401,39915,7187,0.99434664281996776,0,ok,
edm_5k,/mnt/pixstor/data/xggh8/zw-lab/e009_stage_b_edm5k_30000kimg/network-snapshot-025000.pkl,cd3da048eb4793f9b7661bbba690d954854f6e636634512ad92db31c7e2a7740,25000,20125,200b8be5d2545c3168de4eec1fcaea7559be3adc5f22d50967790fd64a018f6f,12.728412914146125,12.95935177221836,39006,11207,0.98217975234167876,0,ok,
edm_5k,/mnt/pixstor/data/xggh8/zw-lab/e009_stage_b_edm5k_30000kimg/network-snapshot-025000.pkl,cd3da048eb4793f9b7661bbba690d954854f6e636634512ad92db31c7e2a7740,25000,20126,9b37e6995bd14f896ca7b3d097794bf5476d9c98d52f3bcf1dd548032596e3f2,16.741501654599269,17.633338430725249,44278,39199,0.94942325983082154,0,ok,
edm_5k,/mnt/pixstor/data/xggh8/zw-lab/e009_stage_b_edm5k_30000kimg/network-snapshot-025000.pkl,cd3da048eb4793f9b7661bbba690d954854f6e636634512ad92db31c7e2a7740,25000,20127,fe206caaeb978444efa75eb54fe2b27e999ff1a00fd2c13e93494954e1b96c0b,15.357675219755331,15.782198811288414,40529,12300,0.97310111242360997,0,ok,
edm_5k,/mnt/pixstor/data/xggh8/zw-lab/e009_stage_b_edm5k_30000kimg/network-snapshot-026000.pkl,25699320513f972dcbbc3ddd4ed6558ba67690f9dbe741e774f0ee0410387de9,26000,20000,473c43d9ce6d0e770dfb7cda138eb75982ba9f73dfd6b900e7062b78436174a5,11.257216579341902,12.503592892453508,22857,29779,0.90031854653042553,0,ok,
edm_5k,/mnt/pixstor/data/xggh8/zw-lab/e009_stage_b_edm5k_30000kimg/network-snapshot-026000.pkl,25699320513f972dcbbc3ddd4ed6558ba67690f9dbe741e774f0ee0410387de9,26000,20001,3ab7cfe7a79856c3925d57fd70cbb7f69ad641b28e919f803f61841bef8880a3,10.011000898719017,11.434144841964487,44302,47671,0.87553560297553812,0,ok,
edm_5k,/mnt/pixstor/data/xggh8/zw-lab/e009_stage_b_edm5k_30000kimg/network-snapshot-026000.pkl,25699320513f972dcbbc3ddd4ed6558ba67690f9dbe741e774f0ee0410387de9,26000,20002,8030f47f7f6284331cc8e2d9c2365ff9c08a1dd6254130bd3ce83feeb95bdc33,18.660469275888989,18.875717604140927,10551,41973,0.98859654860460944,0,ok,
edm_5k,/mnt/pixstor/data/xggh8/zw-lab/e009_stage_b_edm5k_30000kimg/network-snapshot-026000.pkl,25699320513f972dcbbc3ddd4ed6558ba67690f9dbe741e774f0ee0410387de9,26000,20003,8a1455eca7d89d095588e978083e3668d6b50d59e6bbf9141c757ef9f65bbe76,16.40379518953328,19.214578957001237,33343,13435,0.85371608850977254,0,ok,
edm_5k,/mnt/pixstor/data/xggh8/zw-lab/e009_stage_b_edm5k_30000kimg/network-snapshot-026000.pkl,25699320513f972dcbbc3ddd4ed6558ba67690f9dbe741e774f0ee0410387de9,26000,20004,29e2bc56dbe8830dfbf976181d08bade64367be283bb24a316b9210aac4707ce,12.950645762627721,15.059769316277388,47886,29779,0.85994981002995741,0,ok,
edm_5k,/mnt/pixstor/data/xggh8/zw-lab/e009_stage_b_edm5k_30000kimg/network-snapshot-026000.pkl,25699320513f972dcbbc3ddd4ed6558ba67690f9dbe741e774f0ee0410387de9,26000,20005,1d3c2808ea3c88b09db6836eea13646277bb74a42ef880a3b23d93d93d949ee8,10.147015897102049,19.580001258773404,7672,4706,0.51823366929332426,0,ok,
edm_5k,/mnt/pixstor/data/xggh8/zw-lab/e009_stage_b_edm5k_30000kimg/network-snapshot-026000.pkl,25699320513f972dcbbc3ddd4ed6558ba67690f9dbe741e774f0ee0410387de9,26000,20006,507b4cdefa987814c0c991cf24fc238da552eb501afc90165b6f73852ca15044,10.940381288642248,15.266814729142977,21934,17844,0.71661191170140048,0,ok,
edm_5k,/mnt/pixstor/data/xggh8/zw-lab/e009_stage_b_edm5k_30000kimg/network-snapshot-026000.pkl,25699320513f972dcbbc3ddd4ed6558ba67690f9dbe741e774f0ee0410387de9,26000,20007,573a00c2415abc0331d9e7777371dfdf98817968a8ec484f98fedc7a53b36f22,24.221420521759814,24.489057818745099,11476,46008,0.98907114765434456,0,ok,
edm_5k,/mnt/pixstor/data/xggh8/zw-lab/e009_stage_b_edm5k_30000kimg/network-snapshot-026000.pkl,25699320513f972dcbbc3ddd4ed6558ba67690f9dbe741e774f0ee0410387de9,26000,20008,dc58fe36760abffcc9c28eada74a50ea0404f0fe3eeb5ae0534a5a83d8ac5f50,27.195481348903698,28.88929543721402,38456,30085,0.94136879897290882,0,ok,
edm_5k,/mnt/pixstor/data/xggh8/zw-lab/e009_stage_b_edm5k_30000kimg/network-snapshot-026000.pkl,25699320513f972dcbbc3ddd4ed6558ba67690f9dbe741e774f0ee0410387de9,26000,20009,35c4be860a726c50934fe2308c07d8ab50981188826f8a77cbb370d1fc320e82,12.31004247971147,14.93880672222706,5924,22857,0.82403117655948244,0,ok,
edm_5k,/mnt/pixstor/data/xggh8/zw-lab/e009_stage_b_edm5k_30000kimg/network-snapshot-026000.pkl,25699320513f972dcbbc3ddd4ed6558ba67690f9dbe741e774f0ee0410387de9,26000,20010,86454b2d17e6fcea38a914cfb29c5b86786d107f71344d5751d47bae1f5a7f62,12.996569293622278,15.326261118111782,9692,29779,0.84799346647328122,0,ok,
edm_5k,/mnt/pixstor/data/xggh8/zw-lab/e009_stage_b_edm5k_30000kimg/network-snapshot-026000.pkl,25699320513f972dcbbc3ddd4ed6558ba67690f9dbe741e774f0ee0410387de9,26000,20011,f2f2e4480efe2a0c23cd7d4906baa637ecc280768fa64be11479ca18076d84cd,15.322066026208631,23.474199882538535,30616,41057,0.65271941548074097,0,ok,
edm_5k,/mnt/pixstor/data/xggh8/zw-lab/e009_stage_b_edm5k_30000kimg/network-snapshot-026000.pkl,25699320513f972dcbbc3ddd4ed6558ba67690f9dbe741e774f0ee0410387de9,26000,20012,7e9b8a028f2ef6ed240f590b2e1e943f5e56514d5d0fea0120ac7689102d0746,15.735881873665141,17.529545297091897,1276,6230,0.89767769825014687,0,ok,
edm_5k,/mnt/pixstor/data/xggh8/zw-lab/e009_stage_b_edm5k_30000kimg/network-snapshot-026000.pkl,25699320513f972dcbbc3ddd4ed6558ba67690f9dbe741e774f0ee0410387de9,26000,20013,3cdcdc919167b45954ee4e53fd68a955cbd86b4b6e2fb03335437d0895ec1eae,17.125384976454356,18.739971023551327,33343,26140,0.91384266042525619,0,ok,
edm_5k,/mnt/pixstor/data/xggh8/zw-lab/e009_stage_b_edm5k_30000kimg/network-snapshot-026000.pkl,25699320513f972dcbbc3ddd4ed6558ba67690f9dbe741e774f0ee0410387de9,26000,20014,3361add7dcd637f0f234a4ae43c8a10d22281d8735e69d0a2c7a55cc8e912f98,12.234108908423464,14.481203423385933,48613,38676,0.84482681105538504,0,ok,
edm_5k,/mnt/pixstor/data/xggh8/zw-lab/e009_stage_b_edm5k_30000kimg/network-snapshot-026000.pkl,25699320513f972dcbbc3ddd4ed6558ba67690f9dbe741e774f0ee0410387de9,26000,20015,fa81e3627677ba92d01debc7fa3bb67cfa0dd33dafcd2d562842858bcacc577a,18.186646646508013,20.000107104168773,12699,31001,0.90932746268729892,0,ok,
edm_5k,/mnt/pixstor/data/xggh8/zw-lab/e009_stage_b_edm5k_30000kimg/network-snapshot-026000.pkl,25699320513f972dcbbc3ddd4ed6558ba67690f9dbe741e774f0ee0410387de9,26000,20016,236d266fc13ae8aed4a52779c40d74a55b575d907f22d1f9bf9a200ac3db25ba,16.172531601560465,16.347230537024515,14062,20051,0.98931323962989459,0,ok,
edm_5k,/mnt/pixstor/data/xggh8/zw-lab/e009_stage_b_edm5k_30000kimg/network-snapshot-026000.pkl,25699320513f972dcbbc3ddd4ed6558ba67690f9dbe741e774f0ee0410387de9,26000,20017,cbd0390505de511d12b0844c281da82d4cba822c2372805863929a8e4c625edc,19.176325340819947,20.015672479623664,30085,22870,0.95806550393656831,0,ok,
edm_5k,/mnt/pixstor/data/xggh8/zw-lab/e009_stage_b_edm5k_30000kimg/network-snapshot-026000.pkl,25699320513f972dcbbc3ddd4ed6558ba67690f9dbe741e774f0ee0410387de9,26000,20018,cd38589097cff8495da74f17492938e2059a04449678947ca5a85e5cef3f6d5b,16.00779819814171,16.205507714057113,14410,47356,0.98779985672748138,0,ok,
edm_5k,/mnt/pixstor/data/xggh8/zw-lab/e009_stage_b_edm5k_30000kimg/network-snapshot-026000.pkl,25699320513f972dcbbc3ddd4ed6558ba67690f9dbe741e774f0ee0410387de9,26000,20019,1e7b4f23fdc28b7ddb0b575f797e7a9d27b59305468289507efc854d39ad073a,16.328203861032794,17.108430579426862,35588,13535,0.95439519044299115,0,ok,
edm_5k,/mnt/pixstor/data/xggh8/zw-lab/e009_stage_b_edm5k_30000kimg/network-snapshot-026000.pkl,25699320513f972dcbbc3ddd4ed6558ba67690f9dbe741e774f0ee0410387de9,26000,20020,b07ffeac4611acd35cd61a9ac6a33fcb2e2e86ec4e575da7714e41c5072228b2,13.133950343806189,16.53538553540308,9692,47886,0.79429356610317614,0,ok,
edm_5k,/mnt/pixstor/data/xggh8/zw-lab/e009_stage_b_edm5k_30000kimg/network-snapshot-026000.pkl,25699320513f972dcbbc3ddd4ed6558ba67690f9dbe741e774f0ee0410387de9,26000,20021,a5986d2fdd9bdb115e76302cd59a29b475e09590ad5f8148dcd6472e395cc0ba,18.520661208997765,18.568842880735883,19545,20770,0.99740524102403261,0,ok,
edm_5k,/mnt/pixstor/data/xggh8/zw-lab/e009_stage_b_edm5k_30000kimg/network-snapshot-026000.pkl,25699320513f972dcbbc3ddd4ed6558ba67690f9dbe741e774f0ee0410387de9,26000,20022,c05f478c426c3f9d9c6597728024c6d402d22bfdf030d8669b055415f53943ba,10.887048106339611,11.936003592200858,29779,16683,0.91211836711019012,0,ok,
edm_5k,/mnt/pixstor/data/xggh8/zw-lab/e009_stage_b_edm5k_30000kimg/network-snapshot-026000.pkl,25699320513f972dcbbc3ddd4ed6558ba67690f9dbe741e774f0ee0410387de9,26000,20023,fdea766f05d985e376daac12b22abe8dccd8bd0ad2f9cb9839132e03ca2ca744,16.304680509321024,16.688381113908139,2567,45385,0.97700791934411546,0,ok,
edm_5k,/mnt/pixstor/data/xggh8/zw-lab/e009_stage_b_edm5k_30000kimg/network-snapshot-026000.pkl,25699320513f972dcbbc3ddd4ed6558ba67690f9dbe741e774f0ee0410387de9,26000,20024,a30ed95cb2d4798554079edf67b934334ca2980f8b7cfcf6a73fd0be06677abe,13.738196151791888,16.108871067783358,40136,26140,0.85283419886992218,0,ok,
edm_5k,/mnt/pixstor/data/xggh8/zw-lab/e009_stage_b_edm5k_30000kimg/network-snapshot-026000.pkl,25699320513f972dcbbc3ddd4ed6558ba67690f9dbe741e774f0ee0410387de9,26000,20025,9801629fd176d490aa6aa6dd0fe7e6f3a7adb06742ece489e61a816dc8960359,11.786915044918896,13.016240562887766,30786,45494,0.90555448694810126,0,ok,
edm_5k,/mnt/pixstor/data/xggh8/zw-lab/e009_stage_b_edm5k_30000kimg/network-snapshot-026000.pkl,25699320513f972dcbbc3ddd4ed6558ba67690f9dbe741e774f0ee0410387de9,26000,20026,a4418673615d8ca22bd641eb592682eb0a1b3d4346e93d0d84160f933ab5bcd7,16.163466401087749,16.304595473127485,9692,11830,0.99134421505444048,0,ok,
edm_5k,/mnt/pixstor/data/xggh8/zw-lab/e009_stage_b_edm5k_30000kimg/network-snapshot-026000.pkl,25699320513f972dcbbc3ddd4ed6558ba67690f9dbe741e774f0ee0410387de9,26000,20027,c92588f167ea058225d4517386d2facd4bdb106972a129f0733b9b559b88c3c2,13.599318004985252,14.08860505363195,39913,48613,0.96527072433473016,0,ok,
edm_5k,/mnt/pixstor/data/xggh8/zw-lab/e009_stage_b_edm5k_30000kimg/network-snapshot-026000.pkl,25699320513f972dcbbc3ddd4ed6558ba67690f9dbe741e774f0ee0410387de9,26000,20028,2f0cb22f0d4e640208514efdbd16c2ea3dd203fa6b1ce300e2c1bcbc1fc883a8,15.698701298067927,16.576390639535461,43826,2782,0.94705184255405972,0,ok,
edm_5k,/mnt/pixstor/data/xggh8/zw-lab/e009_stage_b_edm5k_30000kimg/network-snapshot-026000.pkl,25699320513f972dcbbc3ddd4ed6558ba67690f9dbe741e774f0ee0410387de9,26000,20029,62ef8d2fcf5077c4845c6fb30e4476bcd637e56a1446e08679e4bf1ad2e1802d,13.646523497884592,13.83842456108073,12699,28795,0.98613273770080434,0,ok,
edm_5k,/mnt/pixstor/data/xggh8/zw-lab/e009_stage_b_edm5k_30000kimg/network-snapshot-026000.pkl,25699320513f972dcbbc3ddd4ed6558ba67690f9dbe741e774f0ee0410387de9,26000,20030,4cf865c0312a14ded0cda2dfa98520d5e9c8b6d71fdfc525f708b1fd5eceb870,14.990660214646972,17.960848955472795,34315,11207,0.83462982467091096,0,ok,
edm_5k,/mnt/pixstor/data/xggh8/zw-lab/e009_stage_b_edm5k_30000kimg/network-snapshot-026000.pkl,25699320513f972dcbbc3ddd4ed6558ba67690f9dbe741e774f0ee0410387de9,26000,20031,84957c0b4218e47b2f69174ebb1d406c2514825baa5d8c19fe26749956c1a1e4,16.862735129869957,17.963843687962012,13435,19974,0.93870417839195897,0,ok,
edm_5k,/mnt/pixstor/data/xggh8/zw-lab/e009_stage_b_edm5k_30000kimg/network-snapshot-026000.pkl,25699320513f972dcbbc3ddd4ed6558ba67690f9dbe741e774f0ee0410387de9,26000,20032,48936877fabc051bf0b29de76247ff83967f47719cd635b8fdde56ff0ee527be,16.419978732412179,18.969343710162413,11207,37887,0.86560605276056724,0,ok,
edm_5k,/mnt/pixstor/data/xggh8/zw-lab/e009_stage_b_edm5k_30000kimg/network-snapshot-026000.pkl,25699320513f972dcbbc3ddd4ed6558ba67690f9dbe741e774f0ee0410387de9,26000,20033,6e7a000a92543d7352c64f68c4f49e891aaf7374188c9c57fbffe8ec97429440,11.956231866550535,14.646230355094065,47356,30132,0.81633509624488942,0,ok,
edm_5k,/mnt/pixstor/data/xggh8/zw-lab/e009_stage_b_edm5k_30000kimg/network-snapshot-026000.pkl,25699320513f972dcbbc3ddd4ed6558ba67690f9dbe741e774f0ee0410387de9,26000,20034,ba57235c98680144919c5f3b801a911af45e24bfc3c01696c473d83f843b3d0b,15.956085557023632,15.991755603312972,33571,37803,0.99776947277246097,0,ok,
edm_5k,/mnt/pixstor/data/xggh8/zw-lab/e009_stage_b_edm5k_30000kimg/network-snapshot-026000.pkl,25699320513f972dcbbc3ddd4ed6558ba67690f9dbe741e774f0ee0410387de9,26000,20035,4ea32ed14b950c31f2437bc3e26aae031127bd13406c978b4337d68764b2b97a,12.315586495442149,12.995959989589846,20770,43826,0.94764730772542416,0,ok,
edm_5k,/mnt/pixstor/data/xggh8/zw-lab/e009_stage_b_edm5k_30000kimg/network-snapshot-026000.pkl,25699320513f972dcbbc3ddd4ed6558ba67690f9dbe741e774f0ee0410387de9,26000,20036,088cf09961926c1ce1939c648a00a1754b9925f7b863d39835364cf7c8bdf381,15.029670197587803,17.113302511794515,15768,39915,0.87824487338018664,0,ok,
edm_5k,/mnt/pixstor/data/xggh8/zw-lab/e009_stage_b_edm5k_30000kimg/network-snapshot-026000.pkl,25699320513f972dcbbc3ddd4ed6558ba67690f9dbe741e774f0ee0410387de9,26000,20037,d9af6f61f87c81e64f55658139ff4a10c37c3d173c80b0ef5553bd674d585ccb,15.505940445358938,17.753717938255473,47550,47886,0.87339116793936133,0,ok,
edm_5k,/mnt/pixstor/data/xggh8/zw-lab/e009_stage_b_edm5k_30000kimg/network-snapshot-026000.pkl,25699320513f972dcbbc3ddd4ed6558ba67690f9dbe741e774f0ee0410387de9,26000,20038,7add9ef1d9bac5a85df7fa80be51dfad0f307c1834a1fb75f9716cdf8ccb1a14,12.423460998173157,12.698491235397571,10551,32024,0.97834150277178167,0,ok,
edm_5k,/mnt/pixstor/data/xggh8/zw-lab/e009_stage_b_edm5k_30000kimg/network-snapshot-026000.pkl,25699320513f972dcbbc3ddd4ed6558ba67690f9dbe741e774f0ee0410387de9,26000,20039,d5db79906035ed77e84106d28cd71567dcac0b70b934f2780d63083694a651dc,9.384651860446958,10.03661253201496,16683,20051,0.93504176140222939,0,ok,
edm_5k,/mnt/pixstor/data/xggh8/zw-lab/e009_stage_b_edm5k_30000kimg/network-snapshot-026000.pkl,25699320513f972dcbbc3ddd4ed6558ba67690f9dbe741e774f0ee0410387de9,26000,20040,36f6b5eea5fd6577262e221fec15d348fd40990c768cea7ef3fae219c7c5b921,11.391978467884345,12.02603757879862,37719,26590,0.94727614089348144,0,ok,
edm_5k,/mnt/pixstor/data/xggh8/zw-lab/e009_stage_b_edm5k_30000kimg/network-snapshot-026000.pkl,25699320513f972dcbbc3ddd4ed6558ba67690f9dbe741e774f0ee0410387de9,26000,20041,0661f36ec03c85995a1a59863ad5bbbf9556ee37a2d17465c57859c64a7a0459,15.610125449630296,15.770165608168913,12699,29779,0.98985171351303269,0,ok,
edm_5k,/mnt/pixstor/data/xggh8/zw-lab/e009_stage_b_edm5k_30000kimg/network-snapshot-026000.pkl,25699320513f972dcbbc3ddd4ed6558ba67690f9dbe741e774f0ee0410387de9,26000,20042,eb6b53d3682f449c9af91cb10722af28933802d6be6badccce2a3ef7f3693a5b,14.846081468535724,16.465024265392046,15768,29437,0.9016738286709246,0,ok,
edm_5k,/mnt/pixstor/data/xggh8/zw-lab/e009_stage_b_edm5k_30000kimg/network-snapshot-026000.pkl,25699320513f972dcbbc3ddd4ed6558ba67690f9dbe741e774f0ee0410387de9,26000,20043,ca4b45382a13f53417c113f3f9730b53e501e41f730678cf70bad456ded4c721,16.858654876191391,17.724055502636315,27642,2567,0.95117366754374011,0,ok,
edm_5k,/mnt/pixstor/data/xggh8/zw-lab/e009_stage_b_edm5k_30000kimg/network-snapshot-026000.pkl,25699320513f972dcbbc3ddd4ed6558ba67690f9dbe741e774f0ee0410387de9,26000,20044,9bd4829ebe49aa01f2a7f685697875eb8a8f89f22147b0127f539584c4dca861,17.393121821160989,17.530279968412241,32953,16683,0.99217592944902211,0,ok,
edm_5k,/mnt/pixstor/data/xggh8/zw-lab/e009_stage_b_edm5k_30000kimg/network-snapshot-026000.pkl,25699320513f972dcbbc3ddd4ed6558ba67690f9dbe741e774f0ee0410387de9,26000,20045,8b1a23570a7f0c3fa0938f6e210f4097e8bc8fdc3d687894c408fc61f87bf1d8,12.641288008085652,17.451459405013161,46725,220,0.72436853071750984,0,ok,
edm_5k,/mnt/pixstor/data/xggh8/zw-lab/e009_stage_b_edm5k_30000kimg/network-snapshot-026000.pkl,25699320513f972dcbbc3ddd4ed6558ba67690f9dbe741e774f0ee0410387de9,26000,20046,febb6b743300db20d4f103ff63c3393407a45712db6d85c4b098ac568091596e,21.612735330621796,21.895907936712305,37603,39913,0.98706732751576287,0,ok,
edm_5k,/mnt/pixstor/data/xggh8/zw-lab/e009_stage_b_edm5k_30000kimg/network-snapshot-026000.pkl,25699320513f972dcbbc3ddd4ed6558ba67690f9dbe741e774f0ee0410387de9,26000,20047,08c0db2a5a6c3df5e0fe973897d9bc538ba770086444ac00392469767df90fb3,19.501537720274076,20.152098714024355,25406,12649,0.96771745697645195,0,ok,
edm_5k,/mnt/pixstor/data/xggh8/zw-lab/e009_stage_b_edm5k_30000kimg/network-snapshot-026000.pkl,25699320513f972dcbbc3ddd4ed6558ba67690f9dbe741e774f0ee0410387de9,26000,20048,6f6c13de8bd5ef9a7b623acf609a506fd166a320a41f229a527db320826ce950,14.710801247472947,14.87477015738304,29779,5924,0.9889767096785218,0,ok,
edm_5k,/mnt/pixstor/data/xggh8/zw-lab/e009_stage_b_edm5k_30000kimg/network-snapshot-026000.pkl,25699320513f972dcbbc3ddd4ed6558ba67690f9dbe741e774f0ee0410387de9,26000,20049,5893d8eeb3cfe492a870234c880a6d491c3c7d1c9ed348e05524aba57a16197e,11.240619175686584,12.854982937211833,29779,44302,0.87441727698820304,0,ok,
edm_5k,/mnt/pixstor/data/xggh8/zw-lab/e009_stage_b_edm5k_30000kimg/network-snapshot-026000.pkl,25699320513f972dcbbc3ddd4ed6558ba67690f9dbe741e774f0ee0410387de9,26000,20050,ef627342c84750d98ede268dc057ab39a18151feca75133f4fa74f0bf4c188a5,14.771708103485164,16.870977549599164,4827,2782,0.87556918738452849,0,ok,
edm_5k,/mnt/pixstor/data/xggh8/zw-lab/e009_stage_b_edm5k_30000kimg/network-snapshot-026000.pkl,25699320513f972dcbbc3ddd4ed6558ba67690f9dbe741e774f0ee0410387de9,26000,20051,20431f25430d0e3a7b6f9d2489fe21efd9be1c808d7cc743ab3ba5f011e8c6bd,14.928908314125239,14.955405687259756,8398,10551,0.99822824109966546,0,ok,
edm_5k,/mnt/pixstor/data/xggh8/zw-lab/e009_stage_b_edm5k_30000kimg/network-snapshot-026000.pkl,25699320513f972dcbbc3ddd4ed6558ba67690f9dbe741e774f0ee0410387de9,26000,20052,f00ff6ecabfd3bb57cd53f887e4994a073ac0d8141669157c013f65b48c39ae4,13.589826869444366,14.353505492745802,32024,10551,0.94679497467100315,0,ok,
edm_5k,/mnt/pixstor/data/xggh8/zw-lab/e009_stage_b_edm5k_30000kimg/network-snapshot-026000.pkl,25699320513f972dcbbc3ddd4ed6558ba67690f9dbe741e774f0ee0410387de9,26000,20053,3e2fb813f2a4cd496112bc048ef77f05b51b9b18115225f1d6fd79e23f699f0f,9.5179110654788239,9.7618438784383521,24779,44302,0.97501160477496274,0,ok,
edm_5k,/mnt/pixstor/data/xggh8/zw-lab/e009_stage_b_edm5k_30000kimg/network-snapshot-026000.pkl,25699320513f972dcbbc3ddd4ed6558ba67690f9dbe741e774f0ee0410387de9,26000,20054,a327f6e5a99a757ad69c0ec492adc7c38c09c901eab7654f3a591a3b21a5c9f0,15.720530096502339,17.562588149649834,7346,30085,0.89511465864533057,0,ok,
edm_5k,/mnt/pixstor/data/xggh8/zw-lab/e009_stage_b_edm5k_30000kimg/network-snapshot-026000.pkl,25699320513f972dcbbc3ddd4ed6558ba67690f9dbe741e774f0ee0410387de9,26000,20055,9c23094261de2a04c79e591be85b1c7f929b44d39aaa2d5f78c3768f050d0a42,14.911180168187327,15.353956686134675,32024,15904,0.97116205763774266,0,ok,
edm_5k,/mnt/pixstor/data/xggh8/zw-lab/e009_stage_b_edm5k_30000kimg/network-snapshot-026000.pkl,25699320513f972dcbbc3ddd4ed6558ba67690f9dbe741e774f0ee0410387de9,26000,20056,816828494b1391d03f973d50adb6062cfc84ea51b0f9c3635bc483e039b7ba62,15.628288307206782,16.589622351187966,31249,11207,0.94205208390941197,0,ok,
edm_5k,/mnt/pixstor/data/xggh8/zw-lab/e009_stage_b_edm5k_30000kimg/network-snapshot-026000.pkl,25699320513f972dcbbc3ddd4ed6558ba67690f9dbe741e774f0ee0410387de9,26000,20057,cc8717388d8584851c11ec145efbd79f6d2f0a5642898ec9a1860df310873826,16.204294753020406,16.403575654880864,30786,35096,0.98785137423369263,0,ok,
edm_5k,/mnt/pixstor/data/xggh8/zw-lab/e009_stage_b_edm5k_30000kimg/network-snapshot-026000.pkl,25699320513f972dcbbc3ddd4ed6558ba67690f9dbe741e774f0ee0410387de9,26000,20058,a882166a024388513bb82de9025980cfdbb49d368002a296e3319dd80ffdaae9,15.231327075381028,15.692595915777284,31001,29779,0.97060595691930751,0,ok,
edm_5k,/mnt/pixstor/data/xggh8/zw-lab/e009_stage_b_edm5k_30000kimg/network-snapshot-026000.pkl,25699320513f972dcbbc3ddd4ed6558ba67690f9dbe741e774f0ee0410387de9,26000,20059,d99ba27a089b7c7aa67ed88db15d13cfbd17eb548ec0570af86e3c8c8a85632a,14.102474015000968,19.822115359054884,46712,40349,0.71145151562034759,0,ok,
edm_5k,/mnt/pixstor/data/xggh8/zw-lab/e009_stage_b_edm5k_30000kimg/network-snapshot-026000.pkl,25699320513f972dcbbc3ddd4ed6558ba67690f9dbe741e774f0ee0410387de9,26000,20060,03b9a36587184db9e83d0879444a1ed8155362fb12981ad7db504f879e62d458,13.547046680381483,15.292840029101589,5924,9896,0.88584243702295062,0,ok,
edm_5k,/mnt/pixstor/data/xggh8/zw-lab/e009_stage_b_edm5k_30000kimg/network-snapshot-026000.pkl,25699320513f972dcbbc3ddd4ed6558ba67690f9dbe741e774f0ee0410387de9,26000,20061,dac0364f7da4ec893990054be49a72f82c56bffe8162eb6f45321688aa218aa1,19.21977483312136,19.292710595117459,38324,20770,0.99621951712609225,0,ok,
edm_5k,/mnt/pixstor/data/xggh8/zw-lab/e009_stage_b_edm5k_30000kimg/network-snapshot-026000.pkl,25699320513f972dcbbc3ddd4ed6558ba67690f9dbe741e774f0ee0410387de9,26000,20062,2082b0a26796224023301b21f226b5bbf420e80ce4f82abd3707865f5115f34e,18.94852492334919,19.071354581039092,26590,37719,0.99355946861729372,0,ok,
edm_5k,/mnt/pixstor/data/xggh8/zw-lab/e009_stage_b_edm5k_30000kimg/network-snapshot-026000.pkl,25699320513f972dcbbc3ddd4ed6558ba67690f9dbe741e774f0ee0410387de9,26000,20063,e1d3e1b654755fe5df81d7e2135a481f40027fd8b7d858eb937ebcd94431e0c8,14.82170531337472,15.088511764806233,32953,39889,0.98231724535922516,0,ok,
edm_5k,/mnt/pixstor/data/xggh8/zw-lab/e009_stage_b_edm5k_30000kimg/network-snapshot-026000.pkl,25699320513f972dcbbc3ddd4ed6558ba67690f9dbe741e774f0ee0410387de9,26000,20064,d0b884e553fc4add6cb0d46797850b030fbd82a47275373b3bf4c174b800acf5,8.9971225616293768,9.9338361468645804,16683,20051,0.90570474775438503,0,ok,
edm_5k,/mnt/pixstor/data/xggh8/zw-lab/e009_stage_b_edm5k_30000kimg/network-snapshot-026000.pkl,25699320513f972dcbbc3ddd4ed6558ba67690f9dbe741e774f0ee0410387de9,26000,20065,149f4d5f89b2f1b9b0cc86d9b41a6d000643d8c3bbb560c4fb4dbce0ae2aa44f,15.222487853264541,16.292567996644596,36170,40529,0.93432096501911577,0,ok,
edm_5k,/mnt/pixstor/data/xggh8/zw-lab/e009_stage_b_edm5k_30000kimg/network-snapshot-026000.pkl,25699320513f972dcbbc3ddd4ed6558ba67690f9dbe741e774f0ee0410387de9,26000,20066,0bbc19bcbf779a218a7b976d36006c5500b6c5c1af7ee25972363d4fc2824925,17.036268252579987,17.890208970036817,32953,5944,0.95226770582238351,0,ok,
edm_5k,/mnt/pixstor/data/xggh8/zw-lab/e009_stage_b_edm5k_30000kimg/network-snapshot-026000.pkl,25699320513f972dcbbc3ddd4ed6558ba67690f9dbe741e774f0ee0410387de9,26000,20067,2036d1f70d02eef5a4a71160671a1264a511ab68732e64d6e96573f68226696b,18.364277183150936,18.719720979857005,1220,45385,0.9810123346876517,0,ok,
edm_5k,/mnt/pixstor/data/xggh8/zw-lab/e009_stage_b_edm5k_30000kimg/network-snapshot-026000.pkl,25699320513f972dcbbc3ddd4ed6558ba67690f9dbe741e774f0ee0410387de9,26000,20068,d8c80e909cca13176f7be2b7940a82963b5014864156880c4424febdc5603db8,15.668905154305966,17.71917342339146,2567,7813,0.88429097565133086,0,ok,
edm_5k,/mnt/pixstor/data/xggh8/zw-lab/e009_stage_b_edm5k_30000kimg/network-snapshot-026000.pkl,25699320513f972dcbbc3ddd4ed6558ba67690f9dbe741e774f0ee0410387de9,26000,20069,6f44bbf616a2b6d66f4d220bfcf2dc0c678e64153e4fcce28c09d3275098793d,18.528294173112666,19.161664686699407,19545,47671,0.96694595569108466,0,ok,
edm_5k,/mnt/pixstor/data/xggh8/zw-lab/e009_stage_b_edm5k_30000kimg/network-snapshot-026000.pkl,25699320513f972dcbbc3ddd4ed6558ba67690f9dbe741e774f0ee0410387de9,26000,20070,722c9c3d68c93090d72409f7dc4bf331e123275f843428e08b808a3cecd9343d,17.396191698956581,17.932956453873004,29437,37558,0.970068250804206,0,ok,
edm_5k,/mnt/pixstor/data/xggh8/zw-lab/e009_stage_b_edm5k_30000kimg/network-snapshot-026000.pkl,25699320513f972dcbbc3ddd4ed6558ba67690f9dbe741e774f0ee0410387de9,26000,20071,9d56e33fe3b739ea89e19cd845527e8ce2966a9a59ff46fcfc41b20e8cb4a0c5,16.482343262440978,16.744552564427195,1721,4283,0.984340620570342,0,ok,
edm_5k,/mnt/pixstor/data/xggh8/zw-lab/e009_stage_b_edm5k_30000kimg/network-snapshot-026000.pkl,25699320513f972dcbbc3ddd4ed6558ba67690f9dbe741e774f0ee0410387de9,26000,20072,f35ad1897aa8eb11d82f01d36343664e5791899c3ce2276f6f54e95a5f5090f0,10.227993972781793,10.761918603958568,10551,7690,0.9503875980830796,0,ok,
edm_5k,/mnt/pixstor/data/xggh8/zw-lab/e009_stage_b_edm5k_30000kimg/network-snapshot-026000.pkl,25699320513f972dcbbc3ddd4ed6558ba67690f9dbe741e774f0ee0410387de9,26000,20073,8afb5c12da3e4b795a319a5c45122bdbb316f9a4692433d41b63c3efc22c8b63,20.172420416145503,20.300258813589441,22326,28921,0.9937026222858617,0,ok,
edm_5k,/mnt/pixstor/data/xggh8/zw-lab/e009_stage_b_edm5k_30000kimg/network-snapshot-026000.pkl,25699320513f972dcbbc3ddd4ed6558ba67690f9dbe741e774f0ee0410387de9,26000,20074,fc357c1595f8c9969f421f6ca33b1ec855b909e6fe395eb3a0621a9839c27e08,16.481566095979023,20.905025056984961,41603,11710,0.7884021210714629,0,ok,
edm_5k,/mnt/pixstor/data/xggh8/zw-lab/e009_stage_b_edm5k_30000kimg/network-snapshot-026000.pkl,25699320513f972dcbbc3ddd4ed6558ba67690f9dbe741e774f0ee0410387de9,26000,20075,af767480b9ceb1b540c0d02b0d72410f45f30fe4166cb107f46698a572c1c7dd,15.997705281392617,17.774963862183714,36811,49860,0.90001337867289732,0,ok,
edm_5k,/mnt/pixstor/data/xggh8/zw-lab/e009_stage_b_edm5k_30000kimg/network-snapshot-026000.pkl,25699320513f972dcbbc3ddd4ed6558ba67690f9dbe741e774f0ee0410387de9,26000,20076,d48a07f17670701f537e94f53db613623295dd35a4d0615eed2b49402717086f,20.228296040889084,20.344026113248184,21936,1787,0.99431134861335357,0,ok,
edm_5k,/mnt/pixstor/data/xggh8/zw-lab/e009_stage_b_edm5k_30000kimg/network-snapshot-026000.pkl,25699320513f972dcbbc3ddd4ed6558ba67690f9dbe741e774f0ee0410387de9,26000,20077,a49eb92b6c79f6e2541e71717eca00b20bf89374985f5c10f9853ff571cef723,18.106768404126878,20.120717144275698,34360,44542,0.89990671178826331,0,ok,
edm_5k,/mnt/pixstor/data/xggh8/zw-lab/e009_stage_b_edm5k_30000kimg/network-snapshot-026000.pkl,25699320513f972dcbbc3ddd4ed6558ba67690f9dbe741e774f0ee0410387de9,26000,20078,a1105c2658a1c981da78b5ac87cbd0092d5da9c8ba81f8e8ec9b9ff803a0c410,12.488004107999643,12.912211817252347,21934,19604,0.96714678203420512,0,ok,
edm_5k,/mnt/pixstor/data/xggh8/zw-lab/e009_stage_b_edm5k_30000kimg/network-snapshot-026000.pkl,25699320513f972dcbbc3ddd4ed6558ba67690f9dbe741e774f0ee0410387de9,26000,20079,d52d4ef53fab00ee392a1b8229e59924e3fd6139b6b596d69eb202b075ff4de5,18.21494795226592,19.053867002119112,19923,33343,0.9559711921070988,0,ok,
edm_5k,/mnt/pixstor/data/xggh8/zw-lab/e009_stage_b_edm5k_30000kimg/network-snapshot-026000.pkl,25699320513f972dcbbc3ddd4ed6558ba67690f9dbe741e774f0ee0410387de9,26000,20080,d39f3aab7f9a4181dc141e7b59429ad2bf6bdc07ddbcbb160663f8f9614262a9,15.770518339924994,16.312960417057781,34696,22857,0.96674778438341713,0,ok,
edm_5k,/mnt/pixstor/data/xggh8/zw-lab/e009_stage_b_edm5k_30000kimg/network-snapshot-026000.pkl,25699320513f972dcbbc3ddd4ed6558ba67690f9dbe741e774f0ee0410387de9,26000,20081,cf86b047c440229d54ac713ee1a6162a1fe0da4f25b7c47e6cf39403a11f7f1a,11.249724923935339,13.427958054986028,11710,30786,0.83778374030280245,0,ok,
edm_5k,/mnt/pixstor/data/xggh8/zw-lab/e009_stage_b_edm5k_30000kimg/network-snapshot-026000.pkl,25699320513f972dcbbc3ddd4ed6558ba67690f9dbe741e774f0ee0410387de9,26000,20082,29367a719d5b7ba95c20c0ad9ce4e7098ac557912e5a2b08c3f5ff89c4638391,24.108830816483785,25.555901735664623,43052,45102,0.94337625280655335,0,ok,
edm_5k,/mnt/pixstor/data/xggh8/zw-lab/e009_stage_b_edm5k_30000kimg/network-snapshot-026000.pkl,25699320513f972dcbbc3ddd4ed6558ba67690f9dbe741e774f0ee0410387de9,26000,20083,8bc4275eccdf0002d9f6b0841883cde1bb39780bfced49d8f4995cfef69d7ff0,12.394625176329436,12.618319333197009,11207,29437,0.98227227010501583,0,ok,
edm_5k,/mnt/pixstor/data/xggh8/zw-lab/e009_stage_b_edm5k_30000kimg/network-snapshot-026000.pkl,25699320513f972dcbbc3ddd4ed6558ba67690f9dbe741e774f0ee0410387de9,26000,20084,98232a252dc49e05358519f2c63d913b25c2c801de7682076bdb16452518ccc0,16.338850816948824,16.394875362726307,34315,7496,0.99658280136091459,0,ok,
edm_5k,/mnt/pixstor/data/xggh8/zw-lab/e009_stage_b_edm5k_30000kimg/network-snapshot-026000.pkl,25699320513f972dcbbc3ddd4ed6558ba67690f9dbe741e774f0ee0410387de9,26000,20085,edd5c7c05a62b862b1158b8f8eb55c19e24c0555e49651800f7072792aa27773,14.159886130894536,14.950023540165825,37558,11207,0.94714808260010774,0,ok,
edm_5k,/mnt/pixstor/data/xggh8/zw-lab/e009_stage_b_edm5k_30000kimg/network-snapshot-026000.pkl,25699320513f972dcbbc3ddd4ed6558ba67690f9dbe741e774f0ee0410387de9,26000,20086,893a69cdc6f228df7bfb5ca6a3edda17d00a201a9da5d051fddc602ed6c5d3df,13.307209696782953,16.063498118301638,38154,31271,0.82841293962126716,0,ok,
edm_5k,/mnt/pixstor/data/xggh8/zw-lab/e009_stage_b_edm5k_30000kimg/network-snapshot-026000.pkl,25699320513f972dcbbc3ddd4ed6558ba67690f9dbe741e774f0ee0410387de9,26000,20087,86f0559e31eacd588a344aa6a0ef1561fad3b9593365ec5ea38df3bd4d66003a,7.7661623283444952,8.091113029183413,32024,13533,0.95983856613214147,0,ok,
edm_5k,/mnt/pixstor/data/xggh8/zw-lab/e009_stage_b_edm5k_30000kimg/network-snapshot-026000.pkl,25699320513f972dcbbc3ddd4ed6558ba67690f9dbe741e774f0ee0410387de9,26000,20088,d2eec1fb111aa1809bb1eb5a5c0df6baa4bfe796b8907f1acab0e47ae1897570,12.316501180178232,15.300264362488063,7187,39915,0.80498616810666501,0,ok,
edm_5k,/mnt/pixstor/data/xggh8/zw-lab/e009_stage_b_edm5k_30000kimg/network-snapshot-026000.pkl,25699320513f972dcbbc3ddd4ed6558ba67690f9dbe741e774f0ee0410387de9,26000,20089,7d84499f681d2e773d9162e382018da83989609954b1867ffc8e8418f702f79e,16.744764250195132,17.163398339281461,34315,33343,0.97560890443658754,0,ok,
edm_5k,/mnt/pixstor/data/xggh8/zw-lab/e009_stage_b_edm5k_30000kimg/network-snapshot-026000.pkl,25699320513f972dcbbc3ddd4ed6558ba67690f9dbe741e774f0ee0410387de9,26000,20090,70e3bcc8198fbbe6574a2fbdd9ea987d429b358099a5733bda7191baa217126c,17.904400264078252,18.4458833111849,37803,26590,0.97064477542377636,0,ok,
edm_5k,/mnt/pixstor/data/xggh8/zw-lab/e009_stage_b_edm5k_30000kimg/network-snapshot-026000.pkl,25699320513f972dcbbc3ddd4ed6558ba67690f9dbe741e774f0ee0410387de9,26000,20091,0e5a8a7ccc0044dba1b758dfe772912dcd18d5e14a54537bc6019595343b7baa,16.233914590431905,16.562659326620707,9692,16683,0.98015145214872468,0,ok,
edm_5k,/mnt/pixstor/data/xggh8/zw-lab/e009_stage_b_edm5k_30000kimg/network-snapshot-026000.pkl,25699320513f972dcbbc3ddd4ed6558ba67690f9dbe741e774f0ee0410387de9,26000,20092,e16410f8ec1a153bed50d157c3fc3adf7b55c88221a9d1c0478309ab0a870323,14.019096460470573,14.497373053531406,29779,2595,0.96700943051580435,0,ok,
edm_5k,/mnt/pixstor/data/xggh8/zw-lab/e009_stage_b_edm5k_30000kimg/network-snapshot-026000.pkl,25699320513f972dcbbc3ddd4ed6558ba67690f9dbe741e774f0ee0410387de9,26000,20093,0271d5bed80b6e1794b1a1400af69c9a9f73bd7a89026688af4c93f8406f870e,16.203176256007289,19.569993995630082,35674,7187,0.82796020579390095,0,ok,
edm_5k,/mnt/pixstor/data/xggh8/zw-lab/e009_stage_b_edm5k_30000kimg/network-snapshot-026000.pkl,25699320513f972dcbbc3ddd4ed6558ba67690f9dbe741e774f0ee0410387de9,26000,20094,f07fa793bdc2f6664fe19b22a9f1d0f6993ff545c961aa861d157e34b588c73a,15.34753571733715,16.259549823623122,29779,12699,0.94390901862726073,0,ok,
edm_5k,/mnt/pixstor/data/xggh8/zw-lab/e009_stage_b_edm5k_30000kimg/network-snapshot-026000.pkl,25699320513f972dcbbc3ddd4ed6558ba67690f9dbe741e774f0ee0410387de9,26000,20095,eb2fb7ec2154da0b55c5cedbd5a74cc00450564d36d5cc302acbcdb7a46fce7d,22.889736802687253,23.524520861146446,38154,42837,0.97301606854371203,0,ok,
edm_5k,/mnt/pixstor/data/xggh8/zw-lab/e009_stage_b_edm5k_30000kimg/network-snapshot-026000.pkl,25699320513f972dcbbc3ddd4ed6558ba67690f9dbe741e774f0ee0410387de9,26000,20096,ad322ef87c89552a44d9a3f8498a055cef8994cacfd0fcae5252f970a58e95d5,20.678661279140872,22.337495727192415,25486,22518,0.92573767138846408,0,ok,
edm_5k,/mnt/pixstor/data/xggh8/zw-lab/e009_stage_b_edm5k_30000kimg/network-snapshot-026000.pkl,25699320513f972dcbbc3ddd4ed6558ba67690f9dbe741e774f0ee0410387de9,26000,20097,dfdd747d2939361ac3b0fa4496372937a531330b16a5ff0aab790dbb3b3c00b7,18.11354771395947,19.090301787404073,34675,47886,0.94883506377625348,0,ok,
edm_5k,/mnt/pixstor/data/xggh8/zw-lab/e009_stage_b_edm5k_30000kimg/network-snapshot-026000.pkl,25699320513f972dcbbc3ddd4ed6558ba67690f9dbe741e774f0ee0410387de9,26000,20098,8f7d2316552fbb819c8512800ac4276afbdc0954dd2f09e7e5ca328bfa790949,18.006838852033461,18.893096206460225,737,12277,0.95309094154066076,0,ok,
edm_5k,/mnt/pixstor/data/xggh8/zw-lab/e009_stage_b_edm5k_30000kimg/network-snapshot-026000.pkl,25699320513f972dcbbc3ddd4ed6558ba67690f9dbe741e774f0ee0410387de9,26000,20099,c1211334c8febe75f048c8a604987bbc5ce0635fead51062bd46cbb4465889f7,19.513571430849126,19.565973726559502,26351,25744,0.99732176397440198,0,ok,
edm_5k,/mnt/pixstor/data/xggh8/zw-lab/e009_stage_b_edm5k_30000kimg/network-snapshot-026000.pkl,25699320513f972dcbbc3ddd4ed6558ba67690f9dbe741e774f0ee0410387de9,26000,20100,93f4ce39783b34473a590e6992766a8a2ae201936a7abbffc36e22df8abac63d,13.239122249350354,15.41217269015101,1220,21934,0.85900427639320953,0,ok,
edm_5k,/mnt/pixstor/data/xggh8/zw-lab/e009_stage_b_edm5k_30000kimg/network-snapshot-026000.pkl,25699320513f972dcbbc3ddd4ed6558ba67690f9dbe741e774f0ee0410387de9,26000,20101,602fc33454277faae428e68f88de1e345f7a173a7088ce9fda72fa1774f6362d,15.307138079406798,17.340825677293584,21934,19604,0.88272256259690474,0,ok,
edm_5k,/mnt/pixstor/data/xggh8/zw-lab/e009_stage_b_edm5k_30000kimg/network-snapshot-026000.pkl,25699320513f972dcbbc3ddd4ed6558ba67690f9dbe741e774f0ee0410387de9,26000,20102,0b7f34256f170f806438a6ba139a1839d04be5d65d77cb5213daff3eb75aed36,15.989181942831804,17.155280774415303,11710,9332,0.93202682911942936,0,ok,
edm_5k,/mnt/pixstor/data/xggh8/zw-lab/e009_stage_b_edm5k_30000kimg/network-snapshot-026000.pkl,25699320513f972dcbbc3ddd4ed6558ba67690f9dbe741e774f0ee0410387de9,26000,20103,6a6f868de8395742501d63783361fe7c2688b3cfc0315722a5a31ed353f2e90e,11.057941668693019,12.632083630924544,7690,44302,0.87538540685577193,0,ok,
edm_5k,/mnt/pixstor/data/xggh8/zw-lab/e009_stage_b_edm5k_30000kimg/network-snapshot-026000.pkl,25699320513f972dcbbc3ddd4ed6558ba67690f9dbe741e774f0ee0410387de9,26000,20104,f5ac2df8f1c50c6788ce58a487de59a43ec082b35e05aee8a2bb7568eb9e806a,14.696357176436829,15.53739374626552,2567,40529,0.94587016435553495,0,ok,
edm_5k,/mnt/pixstor/data/xggh8/zw-lab/e009_stage_b_edm5k_30000kimg/network-snapshot-026000.pkl,25699320513f972dcbbc3ddd4ed6558ba67690f9dbe741e774f0ee0410387de9,26000,20105,08fbcc2b59f2e01526f3e133dcd8435aa9a0f4440495cdac781ba328958d1b6d,12.206936816029886,14.33846592126514,12277,2616,0.85134189968858398,0,ok,
edm_5k,/mnt/pixstor/data/xggh8/zw-lab/e009_stage_b_edm5k_30000kimg/network-snapshot-026000.pkl,25699320513f972dcbbc3ddd4ed6558ba67690f9dbe741e774f0ee0410387de9,26000,20106,92de7f77c8816df6af483268afe4e45a30a655aa88f1052c6f4801fc704bbf3d,16.902296512641669,17.000499105672567,7813,2567,0.99422354647234268,0,ok,
edm_5k,/mnt/pixstor/data/xggh8/zw-lab/e009_stage_b_edm5k_30000kimg/network-snapshot-026000.pkl,25699320513f972dcbbc3ddd4ed6558ba67690f9dbe741e774f0ee0410387de9,26000,20107,09f3ab4f19fc4617230fa9a7fd9a9655487a3f078cd95325ad29cc324ed9a257,16.583003107499039,17.920683862208563,11830,9692,0.92535548503645848,0,ok,
edm_5k,/mnt/pixstor/data/xggh8/zw-lab/e009_stage_b_edm5k_30000kimg/network-snapshot-026000.pkl,25699320513f972dcbbc3ddd4ed6558ba67690f9dbe741e774f0ee0410387de9,26000,20108,b2e702d6c7749b6f8e12a4ae9a49799afb8cd7431a950413c4271be0cf727866,19.442477402641959,20.422115858115909,832,17259,0.9520305113201758,0,ok,
edm_5k,/mnt/pixstor/data/xggh8/zw-lab/e009_stage_b_edm5k_30000kimg/network-snapshot-026000.pkl,25699320513f972dcbbc3ddd4ed6558ba67690f9dbe741e774f0ee0410387de9,26000,20109,3a430ae4624ddef1c9e0bf4519603700f5da660f479b2fff6976c7ca59dde16d,11.812752049758558,12.369740715144573,10551,32953,0.95497167820954565,0,ok,
edm_5k,/mnt/pixstor/data/xggh8/zw-lab/e009_stage_b_edm5k_30000kimg/network-snapshot-026000.pkl,25699320513f972dcbbc3ddd4ed6558ba67690f9dbe741e774f0ee0410387de9,26000,20110,2a2618f237e5564aad4b4eef5695ab195c4447c2f4b50469faf3d6932a69d389,12.719081429078972,13.244310708270307,44302,16683,0.96034302646921754,0,ok,
edm_5k,/mnt/pixstor/data/xggh8/zw-lab/e009_stage_b_edm5k_30000kimg/network-snapshot-026000.pkl,25699320513f972dcbbc3ddd4ed6558ba67690f9dbe741e774f0ee0410387de9,26000,20111,b324284a44333f3296721a40cab38628e45578390ae7cf2e197394969ca132c7,14.341611397909041,14.526403085293881,10551,13533,0.98727890956213948,0,ok,
edm_5k,/mnt/pixstor/data/xggh8/zw-lab/e009_stage_b_edm5k_30000kimg/network-snapshot-026000.pkl,25699320513f972dcbbc3ddd4ed6558ba67690f9dbe741e774f0ee0410387de9,26000,20112,cfae50e867ba2d23d421c5f99850e6ec79b59801a0287926fc5a868ebc4cc24e,21.44873194257719,22.203194380659259,25969,7187,0.96602009489502716,0,ok,
edm_5k,/mnt/pixstor/data/xggh8/zw-lab/e009_stage_b_edm5k_30000kimg/network-snapshot-026000.pkl,25699320513f972dcbbc3ddd4ed6558ba67690f9dbe741e774f0ee0410387de9,26000,20113,a62c5b3bd98c994134d71b2dc36f28e7783a0a8efe3a06967f22dfb5b00146bd,18.833202351534919,18.891076160746969,47886,47045,0.99693644720292296,0,ok,
edm_5k,/mnt/pixstor/data/xggh8/zw-lab/e009_stage_b_edm5k_30000kimg/network-snapshot-026000.pkl,25699320513f972dcbbc3ddd4ed6558ba67690f9dbe741e774f0ee0410387de9,26000,20114,b174b3e7fb24edbacc6ab72ed1647e3f20841c82bd9320bed068c85f5a579d7d,13.338415812322127,14.818542176866362,31572,39006,0.9001166007507202,0,ok,
edm_5k,/mnt/pixstor/data/xggh8/zw-lab/e009_stage_b_edm5k_30000kimg/network-snapshot-026000.pkl,25699320513f972dcbbc3ddd4ed6558ba67690f9dbe741e774f0ee0410387de9,26000,20115,d92bb5d2e9ddd91df9b92e42975d333b877d0327a057efd5e53c52f66fd53925,13.467283753025452,14.979596143496298,21934,38676,0.89904184492133665,0,ok,
edm_5k,/mnt/pixstor/data/xggh8/zw-lab/e009_stage_b_edm5k_30000kimg/network-snapshot-026000.pkl,25699320513f972dcbbc3ddd4ed6558ba67690f9dbe741e774f0ee0410387de9,26000,20116,8ab2fe6be2bbba0a95bc683217584874463e77f67d7cdc9392ca60b79e7e0575,15.045678446488708,15.067801964501982,737,12277,0.99853173554673769,0,ok,
edm_5k,/mnt/pixstor/data/xggh8/zw-lab/e009_stage_b_edm5k_30000kimg/network-snapshot-026000.pkl,25699320513f972dcbbc3ddd4ed6558ba67690f9dbe741e774f0ee0410387de9,26000,20117,122e08beb22ea549a03003134f9ab554502dc8d73cd35199de839d671ea7ec12,19.939638213915753,26.685138460710586,17938,42837,0.74721884030219832,0,ok,
edm_5k,/mnt/pixstor/data/xggh8/zw-lab/e009_stage_b_edm5k_30000kimg/network-snapshot-026000.pkl,25699320513f972dcbbc3ddd4ed6558ba67690f9dbe741e774f0ee0410387de9,26000,20118,6a8e6a0a4e85791089f6cf7e3e0e2f909b8c237f4e7543a01c740e8dbca40dc1,15.498031809489509,15.528190242796342,2567,39913,0.99805782690479183,0,ok,
edm_5k,/mnt/pixstor/data/xggh8/zw-lab/e009_stage_b_edm5k_30000kimg/network-snapshot-026000.pkl,25699320513f972dcbbc3ddd4ed6558ba67690f9dbe741e774f0ee0410387de9,26000,20119,d5878a22120489a13f7b8e89db45cd288d44a27ef982f8110a4da310f5e48c6a,20.072047972153726,20.131779466866522,6525,14410,0.99703297491356369,0,ok,
edm_5k,/mnt/pixstor/data/xggh8/zw-lab/e009_stage_b_edm5k_30000kimg/network-snapshot-026000.pkl,25699320513f972dcbbc3ddd4ed6558ba67690f9dbe741e774f0ee0410387de9,26000,20120,6ba98cf4e12586334dc6bd3458f1d9c5ffd8cd1564743db3570f4fdd1b14b9f5,17.477695714708265,17.572807522257257,40529,36170,0.99458755765528495,0,ok,
edm_5k,/mnt/pixstor/data/xggh8/zw-lab/e009_stage_b_edm5k_30000kimg/network-snapshot-026000.pkl,25699320513f972dcbbc3ddd4ed6558ba67690f9dbe741e774f0ee0410387de9,26000,20121,134efdeb579298e980b390d5d7ee88c44bb293121a0c05ab30f06c2942d35fa9,19.345653077677198,19.90240305866957,47886,46008,0.97202599206984464,0,ok,
edm_5k,/mnt/pixstor/data/xggh8/zw-lab/e009_stage_b_edm5k_30000kimg/network-snapshot-026000.pkl,25699320513f972dcbbc3ddd4ed6558ba67690f9dbe741e774f0ee0410387de9,26000,20122,b8b2afac3f5d10642d8ccc7363199dafa573563390bf78589a8e3c5b18c25c91,13.939938121642733,14.159871647966487,40136,11207,0.98446783051488052,0,ok,
edm_5k,/mnt/pixstor/data/xggh8/zw-lab/e009_stage_b_edm5k_30000kimg/network-snapshot-026000.pkl,25699320513f972dcbbc3ddd4ed6558ba67690f9dbe741e774f0ee0410387de9,26000,20123,a6ab89cacd0655e503dcbfba063ad81f2d3117182a946c27204cc8fa37b0ff72,14.77000043913228,16.385544401562459,49665,1220,0.90140431572867807,0,ok,
edm_5k,/mnt/pixstor/data/xggh8/zw-lab/e009_stage_b_edm5k_30000kimg/network-snapshot-026000.pkl,25699320513f972dcbbc3ddd4ed6558ba67690f9dbe741e774f0ee0410387de9,26000,20124,d6a2708e2d43a3b6ff5d08d98de94a68a67fae70573fc9584a7cc366a8b52bfe,18.070120489756,18.61561621029643,39915,7187,0.97069687544166749,0,ok,
edm_5k,/mnt/pixstor/data/xggh8/zw-lab/e009_stage_b_edm5k_30000kimg/network-snapshot-026000.pkl,25699320513f972dcbbc3ddd4ed6558ba67690f9dbe741e774f0ee0410387de9,26000,20125,81e9f98ea9b9dcb79ead5838c16408e6e165909756f9db98cb29b22db6e8d05d,12.622768537021724,13.204394338402818,39006,786,0.95595210302910072,0,ok,
edm_5k,/mnt/pixstor/data/xggh8/zw-lab/e009_stage_b_edm5k_30000kimg/network-snapshot-026000.pkl,25699320513f972dcbbc3ddd4ed6558ba67690f9dbe741e774f0ee0410387de9,26000,20126,bb0fbc5a11e260243e9287cdade1b380ac65875728f752f3c1582a6bdde68073,16.279084546400206,17.343897005414682,44278,39199,0.93860592814394328,0,ok,
edm_5k,/mnt/pixstor/data/xggh8/zw-lab/e009_stage_b_edm5k_30000kimg/network-snapshot-026000.pkl,25699320513f972dcbbc3ddd4ed6558ba67690f9dbe741e774f0ee0410387de9,26000,20127,52d4f5e4b9c2af12659cbe14cfb2b47f748dec9a9fb89645a29a4ce3d197992b,14.560496165589976,14.8833724326986,40529,12300,0.97830624285129975,0,ok,
edm_5k,/mnt/pixstor/data/xggh8/zw-lab/e009_stage_b_edm5k_30000kimg/network-snapshot-027000.pkl,557055b1d3501771560d5164b937466df74dbc958177832ba1fb698a85d97b5f,27000,20000,9d218389b137eb1cbc9280b45baa7d11fde548710f7444cb9a8241903e52d5b4,11.442343090082787,12.831008202322101,22857,29779,0.89177272040181532,0,ok,
edm_5k,/mnt/pixstor/data/xggh8/zw-lab/e009_stage_b_edm5k_30000kimg/network-snapshot-027000.pkl,557055b1d3501771560d5164b937466df74dbc958177832ba1fb698a85d97b5f,27000,20001,316e20c1e4c2fe4a08cc883578e3923ec7db0a21121a90800a0f39032099b505,10.038584158335727,11.325846715113791,44302,47671,0.88634292965838268,0,ok,
edm_5k,/mnt/pixstor/data/xggh8/zw-lab/e009_stage_b_edm5k_30000kimg/network-snapshot-027000.pkl,557055b1d3501771560d5164b937466df74dbc958177832ba1fb698a85d97b5f,27000,20002,28443836effae73e7b650e9fbf5ca4f3d3b02f7a3cd35e56e4fc4f3159304d2a,18.317509262599799,19.726821940304823,41973,34035,0.92855855433937939,0,ok,
edm_5k,/mnt/pixstor/data/xggh8/zw-lab/e009_stage_b_edm5k_30000kimg/network-snapshot-027000.pkl,557055b1d3501771560d5164b937466df74dbc958177832ba1fb698a85d97b5f,27000,20003,d060d326a64faafb007e04fb282f1215394066a16f1d405d9d05ff49b23e936b,16.427231203190896,19.327829933029946,33343,13435,0.84992631144368025,0,ok,
edm_5k,/mnt/pixstor/data/xggh8/zw-lab/e009_stage_b_edm5k_30000kimg/network-snapshot-027000.pkl,557055b1d3501771560d5164b937466df74dbc958177832ba1fb698a85d97b5f,27000,20004,cddb8493d621f21d1694c27e818392789997a7f913a6102e4c4bda08512a23bd,13.404219542036859,15.113742348388245,47886,29779,0.88688950976237257,0,ok,
edm_5k,/mnt/pixstor/data/xggh8/zw-lab/e009_stage_b_edm5k_30000kimg/network-snapshot-027000.pkl,557055b1d3501771560d5164b937466df74dbc958177832ba1fb698a85d97b5f,27000,20005,a150a0078f8ad829c79c75708d6ba26b7ad3f6435ecd7510963868b172af942c,11.514799032853336,19.886103536103978,7672,4706,0.57903746764406516,0,ok,
edm_5k,/mnt/pixstor/data/xggh8/zw-lab/e009_stage_b_edm5k_30000kimg/network-snapshot-027000.pkl,557055b1d3501771560d5164b937466df74dbc958177832ba1fb698a85d97b5f,27000,20006,41a94091b29cd96d7560d3ba2aea025a2205c8facce5a97d201ba8ef96a0daf7,10.452970594231417,13.824372569118051,21934,12699,0.75612622142302999,0,ok,
edm_5k,/mnt/pixstor/data/xggh8/zw-lab/e009_stage_b_edm5k_30000kimg/network-snapshot-027000.pkl,557055b1d3501771560d5164b937466df74dbc958177832ba1fb698a85d97b5f,27000,20007,c7fd8274f7816f6be389a6f23e574f42790c13cdfcbabbaf07bd000623244a18,25.342712053971145,25.799636806432058,11476,46008,0.98228948896106172,0,ok,
edm_5k,/mnt/pixstor/data/xggh8/zw-lab/e009_stage_b_edm5k_30000kimg/network-snapshot-027000.pkl,557055b1d3501771560d5164b937466df74dbc958177832ba1fb698a85d97b5f,27000,20008,d635c484ddd67fac407b5a55b9e9143f10aebfd2cc8c7e86534db1a3bb10d576,25.486797620876221,27.042284171627731,38456,30085,0.94247946878749622,0,ok,
edm_5k,/mnt/pixstor/data/xggh8/zw-lab/e009_stage_b_edm5k_30000kimg/network-snapshot-027000.pkl,557055b1d3501771560d5164b937466df74dbc958177832ba1fb698a85d97b5f,27000,20009,9e5e0af3860b7623a44ebbbe9552df91fbc3660f4e6a01c04379c3a6ef998504,12.700568077858055,14.858596322539356,5924,22857,0.85476230743224801,0,ok,
edm_5k,/mnt/pixstor/data/xggh8/zw-lab/e009_stage_b_edm5k_30000kimg/network-snapshot-027000.pkl,557055b1d3501771560d5164b937466df74dbc958177832ba1fb698a85d97b5f,27000,20010,62a771ae2afb512abd7334aeef884ea046481b547996cbb055257a860c82d218,12.810842123327037,14.882180270708844,9692,29779,0.86081756102238449,0,ok,
edm_5k,/mnt/pixstor/data/xggh8/zw-lab/e009_stage_b_edm5k_30000kimg/network-snapshot-027000.pkl,557055b1d3501771560d5164b937466df74dbc958177832ba1fb698a85d97b5f,27000,20011,6d2277c70107a1451ac21c8f8ed1813db7b2ee7fcbe802b469a04b9fc45e9a63,16.38916379430685,22.457408482635991,30616,21936,0.72978873795606947,0,ok,
edm_5k,/mnt/pixstor/data/xggh8/zw-lab/e009_stage_b_edm5k_30000kimg/network-snapshot-027000.pkl,557055b1d3501771560d5164b937466df74dbc958177832ba1fb698a85d97b5f,27000,20012,b10cc630326e5239389cd3d4bac3817910ff296cf33c64955a82088f852cedb9,15.583266925336213,17.785580424584158,1276,32953,0.87617421266703266,0,ok,
edm_5k,/mnt/pixstor/data/xggh8/zw-lab/e009_stage_b_edm5k_30000kimg/network-snapshot-027000.pkl,557055b1d3501771560d5164b937466df74dbc958177832ba1fb698a85d97b5f,27000,20013,68cea096f424f5faa39d36f6bd65038acfe4b03fb9b11b18183a18b9b5a873bd,14.983973143238199,18.843376372157817,33343,26140,0.79518515404584766,0,ok,
edm_5k,/mnt/pixstor/data/xggh8/zw-lab/e009_stage_b_edm5k_30000kimg/network-snapshot-027000.pkl,557055b1d3501771560d5164b937466df74dbc958177832ba1fb698a85d97b5f,27000,20014,e0ec1ee3510c54ea29322515248ecc5649d58b942fdced8c9fe0fafc6a1b1e24,12.461823141542947,14.23214169705207,38676,48613,0.87561123313746858,0,ok,
edm_5k,/mnt/pixstor/data/xggh8/zw-lab/e009_stage_b_edm5k_30000kimg/network-snapshot-027000.pkl,557055b1d3501771560d5164b937466df74dbc958177832ba1fb698a85d97b5f,27000,20015,a94fe98bb40158ee6487dc43ea283e17332bf0524cf3bd10eb07f5981a5f9be3,18.583088489162641,20.218929365066465,12699,31001,0.91909359559214987,0,ok,
edm_5k,/mnt/pixstor/data/xggh8/zw-lab/e009_stage_b_edm5k_30000kimg/network-snapshot-027000.pkl,557055b1d3501771560d5164b937466df74dbc958177832ba1fb698a85d97b5f,27000,20016,ff8fd6bda0c6eee811fd15544395107bff5a854715d83e478623883e896798d8,16.66941718344723,17.082115762343687,14062,20051,0.9758403124859848,0,ok,
edm_5k,/mnt/pixstor/data/xggh8/zw-lab/e009_stage_b_edm5k_30000kimg/network-snapshot-027000.pkl,557055b1d3501771560d5164b937466df74dbc958177832ba1fb698a85d97b5f,27000,20017,481ca550052bb857308746002cad4d0f0076c41ed1b2788a08b303a979fdae67,21.879947044925913,23.637583407947307,22870,30085,0.92564229884724802,0,ok,
edm_5k,/mnt/pixstor/data/xggh8/zw-lab/e009_stage_b_edm5k_30000kimg/network-snapshot-027000.pkl,557055b1d3501771560d5164b937466df74dbc958177832ba1fb698a85d97b5f,27000,20018,168eefa2c7d662400577bb9a29e79cd0eb66113966adba79462ef8c00c4eb6e4,14.935148698297883,15.166228058933589,14410,13435,0.98476355757425205,0,ok,
edm_5k,/mnt/pixstor/data/xggh8/zw-lab/e009_stage_b_edm5k_30000kimg/network-snapshot-027000.pkl,557055b1d3501771560d5164b937466df74dbc958177832ba1fb698a85d97b5f,27000,20019,82e86c66efb465e342def0ed99d5d65634ef358230b9f4245a79748ae439cfd4,15.894014996731391,16.29879621862122,35588,13535,0.97516496209533743,0,ok,
edm_5k,/mnt/pixstor/data/xggh8/zw-lab/e009_stage_b_edm5k_30000kimg/network-snapshot-027000.pkl,557055b1d3501771560d5164b937466df74dbc958177832ba1fb698a85d97b5f,27000,20020,6274f55b722f2b43916506d57724844eb632045740534f451dcb3bbcaaaf4a31,12.656627969299677,16.423644896299834,9692,47886,0.77063453631727952,0,ok,
edm_5k,/mnt/pixstor/data/xggh8/zw-lab/e009_stage_b_edm5k_30000kimg/network-snapshot-027000.pkl,557055b1d3501771560d5164b937466df74dbc958177832ba1fb698a85d97b5f,27000,20021,28212969276bcc34e958a0712e66e887615df5e98fa18407c8aaff888c809a85,18.320424303360014,18.396604899828382,20770,19545,0.99585898610731816,0,ok,
edm_5k,/mnt/pixstor/data/xggh8/zw-lab/e009_stage_b_edm5k_30000kimg/network-snapshot-027000.pkl,557055b1d3501771560d5164b937466df74dbc958177832ba1fb698a85d97b5f,27000,20022,ba07b487c1bdd4541f5e692a65a4b17a85a21db7584a6566fe18563e1c233f97,10.802228235672938,11.872360380864206,29779,16683,0.90986357296598741,0,ok,
edm_5k,/mnt/pixstor/data/xggh8/zw-lab/e009_stage_b_edm5k_30000kimg/network-snapshot-027000.pkl,557055b1d3501771560d5164b937466df74dbc958177832ba1fb698a85d97b5f,27000,20023,7a5902291c2753c3732000f78235e9955709de2a613921ba5bcede3299370a47,16.368515501446186,16.994151964203166,2567,45385,0.96318519076004305,0,ok,
edm_5k,/mnt/pixstor/data/xggh8/zw-lab/e009_stage_b_edm5k_30000kimg/network-snapshot-027000.pkl,557055b1d3501771560d5164b937466df74dbc958177832ba1fb698a85d97b5f,27000,20024,7a794fac53d318fa57364445129b949e36d5bd07e35560a092cd1e5174f59b66,14.950330466061988,17.091948787824535,40136,26140,0.87470016740934009,0,ok,
edm_5k,/mnt/pixstor/data/xggh8/zw-lab/e009_stage_b_edm5k_30000kimg/network-snapshot-027000.pkl,557055b1d3501771560d5164b937466df74dbc958177832ba1fb698a85d97b5f,27000,20025,36c02f0adfd7421afc496ca4ecd486ed5d25f3fe98fe99347225bbf7551cd5d0,11.454153538467258,12.705821593784355,30786,45494,0.90148861716038819,0,ok,
edm_5k,/mnt/pixstor/data/xggh8/zw-lab/e009_stage_b_edm5k_30000kimg/network-snapshot-027000.pkl,557055b1d3501771560d5164b937466df74dbc958177832ba1fb698a85d97b5f,27000,20026,199cfbcec2113ff164c3a34ab019bf9f5ce5e34db03a3d90a7871e7a0a749c41,15.905285779429393,16.525036343165407,11830,9692,0.96249626621896434,0,ok,
edm_5k,/mnt/pixstor/data/xggh8/zw-lab/e009_stage_b_edm5k_30000kimg/network-snapshot-027000.pkl,557055b1d3501771560d5164b937466df74dbc958177832ba1fb698a85d97b5f,27000,20027,64b521407e695f4fd5e26774fea49824cf211610990fc487517f824b345727e7,13.95854799490975,14.096600626490694,48613,39913,0.99020667214466496,0,ok,
edm_5k,/mnt/pixstor/data/xggh8/zw-lab/e009_stage_b_edm5k_30000kimg/network-snapshot-027000.pkl,557055b1d3501771560d5164b937466df74dbc958177832ba1fb698a85d97b5f,27000,20028,03442282a67ecf19eea34b85609ef3ea31bd60f73e757c53bb03a24b0f08fb54,15.407434459012064,16.444508789743779,43826,2782,0.93693491584385158,0,ok,
edm_5k,/mnt/pixstor/data/xggh8/zw-lab/e009_stage_b_edm5k_30000kimg/network-snapshot-027000.pkl,557055b1d3501771560d5164b937466df74dbc958177832ba1fb698a85d97b5f,27000,20029,7599cc8e6eb9fefb7df55ad9ab7c1b1ae9874bc795068269ad91a12808b4c32e,13.686425359759776,13.742818108600904,12699,1220,0.99589656587204367,0,ok,
edm_5k,/mnt/pixstor/data/xggh8/zw-lab/e009_stage_b_edm5k_30000kimg/network-snapshot-027000.pkl,557055b1d3501771560d5164b937466df74dbc958177832ba1fb698a85d97b5f,27000,20030,1e50c6aea104bad209bfc2e7a281292d4e98879ae9841d7af2cdffbdf3ec6942,14.853034175739246,17.76549742538247,34315,11207,0.83606069788498916,0,ok,
edm_5k,/mnt/pixstor/data/xggh8/zw-lab/e009_stage_b_edm5k_30000kimg/network-snapshot-027000.pkl,557055b1d3501771560d5164b937466df74dbc958177832ba1fb698a85d97b5f,27000,20031,c51c7c71e67edc9e4dc0e81fbb16f31a78a94980234610722cdd80249794931d,16.638541562325546,17.349702476925426,13435,19974,0.95901019538832422,0,ok,
edm_5k,/mnt/pixstor/data/xggh8/zw-lab/e009_stage_b_edm5k_30000kimg/network-snapshot-027000.pkl,557055b1d3501771560d5164b937466df74dbc958177832ba1fb698a85d97b5f,27000,20032,f67497023b6aa79f984930e7a21398a05c8813a99d0785eb6f5cb054724d9731,14.715084048405174,17.276753472787099,11207,29437,0.85172738452181695,0,ok,
edm_5k,/mnt/pixstor/data/xggh8/zw-lab/e009_stage_b_edm5k_30000kimg/network-snapshot-027000.pkl,557055b1d3501771560d5164b937466df74dbc958177832ba1fb698a85d97b5f,27000,20033,864b21a10febc0cf7fb23d9425fbb6458e01c46b190d7ccd6822ec9845a15cc6,8.5270183727077313,16.075179002080763,47356,23577,0.53044624707469812,0,ok,
edm_5k,/mnt/pixstor/data/xggh8/zw-lab/e009_stage_b_edm5k_30000kimg/network-snapshot-027000.pkl,557055b1d3501771560d5164b937466df74dbc958177832ba1fb698a85d97b5f,27000,20034,19288cd64491c92dcbeac403bfa7542c378f2866b1f87ae25f02aa9488444405,15.823465193413176,16.098074091904156,33571,24752,0.98294150611289066,0,ok,
edm_5k,/mnt/pixstor/data/xggh8/zw-lab/e009_stage_b_edm5k_30000kimg/network-snapshot-027000.pkl,557055b1d3501771560d5164b937466df74dbc958177832ba1fb698a85d97b5f,27000,20035,89995c7ed79a3b9788405799a9841ad78494edfc35d84ba31a3909cb30fa375f,12.019880919342274,12.777379004347495,20770,43826,0.94071569100771901,0,ok,
edm_5k,/mnt/pixstor/data/xggh8/zw-lab/e009_stage_b_edm5k_30000kimg/network-snapshot-027000.pkl,557055b1d3501771560d5164b937466df74dbc958177832ba1fb698a85d97b5f,27000,20036,ef19db5e6c2fb473a5f935a06051d8b2046abd7416169a6215be4b8b3da83cf0,14.361847278327843,16.268638231473435,15768,39915,0.88279345044032642,0,ok,
edm_5k,/mnt/pixstor/data/xggh8/zw-lab/e009_stage_b_edm5k_30000kimg/network-snapshot-027000.pkl,557055b1d3501771560d5164b937466df74dbc958177832ba1fb698a85d97b5f,27000,20037,fd7fd9d1be1cc4b8c5587ab7b5e39b48dbde0604f480338382db7bcaabd403b6,15.251083226470662,17.697672810910287,47550,47886,0.86175642353771242,0,ok,
edm_5k,/mnt/pixstor/data/xggh8/zw-lab/e009_stage_b_edm5k_30000kimg/network-snapshot-027000.pkl,557055b1d3501771560d5164b937466df74dbc958177832ba1fb698a85d97b5f,27000,20038,fa47e9fca7f92768db1d8f6d127f84b84cb0a4a3db50d2bf41d2b0507c1bffa4,11.712389709726285,11.883597104335948,32024,10551,0.98559296540378372,0,ok,
edm_5k,/mnt/pixstor/data/xggh8/zw-lab/e009_stage_b_edm5k_30000kimg/network-snapshot-027000.pkl,557055b1d3501771560d5164b937466df74dbc958177832ba1fb698a85d97b5f,27000,20039,92d2f438a9bc468b5a5a3d9b659261901bba54d2425dec457d570f64bfcbd8e6,9.3222008308552695,10.222959732628716,16683,20051,0.91188863838537038,0,ok,
edm_5k,/mnt/pixstor/data/xggh8/zw-lab/e009_stage_b_edm5k_30000kimg/network-snapshot-027000.pkl,557055b1d3501771560d5164b937466df74dbc958177832ba1fb698a85d97b5f,27000,20040,021aa2e6a053d16634279ee956b752c10f4d54a6d0fd1f897a25120ad397173b,10.836320012104306,13.063153825025143,37719,26590,0.82953321665286661,0,ok,
edm_5k,/mnt/pixstor/data/xggh8/zw-lab/e009_stage_b_edm5k_30000kimg/network-snapshot-027000.pkl,557055b1d3501771560d5164b937466df74dbc958177832ba1fb698a85d97b5f,27000,20041,6748cef5b17ec06a9aaafc334af8dca1e3a90192a7f0bec963d5fac644a61d22,15.465307423705397,15.622679590164344,12699,29779,0.98992668539665729,0,ok,
edm_5k,/mnt/pixstor/data/xggh8/zw-lab/e009_stage_b_edm5k_30000kimg/network-snapshot-027000.pkl,557055b1d3501771560d5164b937466df74dbc958177832ba1fb698a85d97b5f,27000,20042,cff830618e7ef5fd0439a45ccb664b671c427b61be28c8939b2d02b4fae9f54c,14.149559884672062,16.429813744861878,15768,29437,0.8612124339569629,0,ok,
edm_5k,/mnt/pixstor/data/xggh8/zw-lab/e009_stage_b_edm5k_30000kimg/network-snapshot-027000.pkl,557055b1d3501771560d5164b937466df74dbc958177832ba1fb698a85d97b5f,27000,20043,e4a066e7c3a1272d66e3aacff833d771516107db4a4ed1f567c1b39a73acb376,17.021417085675107,18.187309679286333,27642,2567,0.93589526905460518,0,ok,
edm_5k,/mnt/pixstor/data/xggh8/zw-lab/e009_stage_b_edm5k_30000kimg/network-snapshot-027000.pkl,557055b1d3501771560d5164b937466df74dbc958177832ba1fb698a85d97b5f,27000,20044,34d6050bd9cc3a3361403cdd03011e1555425e95e7d9bc90826ad5449ec94774,17.649879193990689,17.934758305083871,32953,16683,0.9841158098566386,0,ok,
edm_5k,/mnt/pixstor/data/xggh8/zw-lab/e009_stage_b_edm5k_30000kimg/network-snapshot-027000.pkl,557055b1d3501771560d5164b937466df74dbc958177832ba1fb698a85d97b5f,27000,20045,0ad295a8b807d370e8186e207953fe48250aed187e03aef6e59443667e6d70fe,12.294747399156396,17.328252179998234,46725,29779,0.7095203412002542,0,ok,
edm_5k,/mnt/pixstor/data/xggh8/zw-lab/e009_stage_b_edm5k_30000kimg/network-snapshot-027000.pkl,557055b1d3501771560d5164b937466df74dbc958177832ba1fb698a85d97b5f,27000,20046,642dc9cdfcea56555e6be4a666a337911b70c1bdf586ffd0f143f1552e400ece,19.723178003073844,20.128480645706968,16683,8398,0.97986422076424495,0,ok,
edm_5k,/mnt/pixstor/data/xggh8/zw-lab/e009_stage_b_edm5k_30000kimg/network-snapshot-027000.pkl,557055b1d3501771560d5164b937466df74dbc958177832ba1fb698a85d97b5f,27000,20047,5a5358a3ecae574006719d827613bd6b93b0e9e7779a0f3fe977df3680f03c3a,18.552823126476962,20.138001167122319,25406,12649,0.92128424129633346,0,ok,
edm_5k,/mnt/pixstor/data/xggh8/zw-lab/e009_stage_b_edm5k_30000kimg/network-snapshot-027000.pkl,557055b1d3501771560d5164b937466df74dbc958177832ba1fb698a85d97b5f,27000,20048,8819503d1c4519bd670af00e1fb5b0b9d460f7fa2e6c13b007619e596e53a880,13.88730462463012,14.397035334138449,29779,46725,0.9645947448430825,0,ok,
edm_5k,/mnt/pixstor/data/xggh8/zw-lab/e009_stage_b_edm5k_30000kimg/network-snapshot-027000.pkl,557055b1d3501771560d5164b937466df74dbc958177832ba1fb698a85d97b5f,27000,20049,4e20d92ea3beff1a2b387c29deca4af575f24b5b57064e0eb433ba70143f7dab,11.688092730064346,12.722088690580195,29779,44302,0.91872435527969165,0,ok,
edm_5k,/mnt/pixstor/data/xggh8/zw-lab/e009_stage_b_edm5k_30000kimg/network-snapshot-027000.pkl,557055b1d3501771560d5164b937466df74dbc958177832ba1fb698a85d97b5f,27000,20050,976203b45fa4017d9e76f684b523e86a64bc701caaf93275d778ec23d88856e0,14.055825572190729,15.797924488706929,4827,40908,0.8897260891605393,0,ok,
edm_5k,/mnt/pixstor/data/xggh8/zw-lab/e009_stage_b_edm5k_30000kimg/network-snapshot-027000.pkl,557055b1d3501771560d5164b937466df74dbc958177832ba1fb698a85d97b5f,27000,20051,6f750a17555a107c7847af75abf6d3d403ac87c36c58eaaba04e3c7c1acc29e2,14.691196853317258,15.353381425283414,8398,10551,0.95687044087397621,0,ok,
edm_5k,/mnt/pixstor/data/xggh8/zw-lab/e009_stage_b_edm5k_30000kimg/network-snapshot-027000.pkl,557055b1d3501771560d5164b937466df74dbc958177832ba1fb698a85d97b5f,27000,20052,25832d2f23bc4447dfc73c03f274030d5e180e166b168cb83b075acacf7f880f,13.148649352407844,13.933858311732619,32024,10551,0.9436474132463647,0,ok,
edm_5k,/mnt/pixstor/data/xggh8/zw-lab/e009_stage_b_edm5k_30000kimg/network-snapshot-027000.pkl,557055b1d3501771560d5164b937466df74dbc958177832ba1fb698a85d97b5f,27000,20053,2f9ad8b1e8c1b92d9befce6dd0e92784a5e6276b9cbf15620d4c73e72011e336,9.5404897946399103,10.144537786378292,24779,44302,0.94045583894916585,0,ok,
edm_5k,/mnt/pixstor/data/xggh8/zw-lab/e009_stage_b_edm5k_30000kimg/network-snapshot-027000.pkl,557055b1d3501771560d5164b937466df74dbc958177832ba1fb698a85d97b5f,27000,20054,714be512cb544461792f5fba25f19e22afc41d44f2e68e130fc8be7cb0b1d065,15.026461879533903,17.334307197908807,7346,30085,0.86686255804597023,0,ok,
edm_5k,/mnt/pixstor/data/xggh8/zw-lab/e009_stage_b_edm5k_30000kimg/network-snapshot-027000.pkl,557055b1d3501771560d5164b937466df74dbc958177832ba1fb698a85d97b5f,27000,20055,5a80e02431a4acbb954e71617b1f240935a80e01b079746e18560451a799b20f,15.237335777283375,15.696060736523204,32024,34324,0.97077451680774773,0,ok,
edm_5k,/mnt/pixstor/data/xggh8/zw-lab/e009_stage_b_edm5k_30000kimg/network-snapshot-027000.pkl,557055b1d3501771560d5164b937466df74dbc958177832ba1fb698a85d97b5f,27000,20056,d608510799dae14289cd35691dd9859a2c3c1b566f3ebdc803de8601c6eb3b92,15.543117397948899,17.632157494197514,31249,43220,0.88152101653265702,0,ok,
edm_5k,/mnt/pixstor/data/xggh8/zw-lab/e009_stage_b_edm5k_30000kimg/network-snapshot-027000.pkl,557055b1d3501771560d5164b937466df74dbc958177832ba1fb698a85d97b5f,27000,20057,edbfee524b78f938916ba71f343b2120d280beaf35d80dd030e7e5d37a6b5740,16.073406748616854,16.186897544276157,30786,35096,0.99298872465530408,0,ok,
edm_5k,/mnt/pixstor/data/xggh8/zw-lab/e009_stage_b_edm5k_30000kimg/network-snapshot-027000.pkl,557055b1d3501771560d5164b937466df74dbc958177832ba1fb698a85d97b5f,27000,20058,779f3913469463df22dc719fd75fa43139e172fd2047ab7abd53826ef85a3c2a,14.164383368111706,14.727978441330295,31001,20051,0.96173303244136987,0,ok,
edm_5k,/mnt/pixstor/data/xggh8/zw-lab/e009_stage_b_edm5k_30000kimg/network-snapshot-027000.pkl,557055b1d3501771560d5164b937466df74dbc958177832ba1fb698a85d97b5f,27000,20059,5d96426df22c35b34d6f259c475a299109b76bd25931b13979c0ff43ff786717,14.309028071532035,20.201531400102269,46712,220,0.70831402769096985,0,ok,
edm_5k,/mnt/pixstor/data/xggh8/zw-lab/e009_stage_b_edm5k_30000kimg/network-snapshot-027000.pkl,557055b1d3501771560d5164b937466df74dbc958177832ba1fb698a85d97b5f,27000,20060,9431c802b3abaa18f5a024bc612f0d26e0356bcda0918d35a4a71c2e7d816c64,13.37304601867635,15.010819581599746,5924,22857,0.89089379470452246,0,ok,
edm_5k,/mnt/pixstor/data/xggh8/zw-lab/e009_stage_b_edm5k_30000kimg/network-snapshot-027000.pkl,557055b1d3501771560d5164b937466df74dbc958177832ba1fb698a85d97b5f,27000,20061,f42cbb430fadb9da03fd2d28a763d56bfd4186cd777a58363c1c409bfbf5499e,19.123931836114895,19.832618571960765,38324,27441,0.96426660789776864,0,ok,
edm_5k,/mnt/pixstor/data/xggh8/zw-lab/e009_stage_b_edm5k_30000kimg/network-snapshot-027000.pkl,557055b1d3501771560d5164b937466df74dbc958177832ba1fb698a85d97b5f,27000,20062,e8457c251e05d6d8238bbec4ca3cf8ea0919e7ec1bf08309f718bfdd9c6a38bc,19.015783317290417,19.218954264768847,26590,37719,0.98942861590285003,0,ok,
edm_5k,/mnt/pixstor/data/xggh8/zw-lab/e009_stage_b_edm5k_30000kimg/network-snapshot-027000.pkl,557055b1d3501771560d5164b937466df74dbc958177832ba1fb698a85d97b5f,27000,20063,fc9c74f4d9c68c9b8f4e5e8f9acdb090a7879548051b1124c38c49a91c7a108f,15.260135247286202,15.318592872730216,32953,39889,0.99618387759700311,0,ok,
edm_5k,/mnt/pixstor/data/xggh8/zw-lab/e009_stage_b_edm5k_30000kimg/network-snapshot-027000.pkl,557055b1d3501771560d5164b937466df74dbc958177832ba1fb698a85d97b5f,27000,20064,830792fe43219a581453f83426e31d11dbaec3eb14282fa522baa2db81000a22,9.0047406851851406,9.8151685262600949,16683,20051,0.91743108242036941,0,ok,
edm_5k,/mnt/pixstor/data/xggh8/zw-lab/e009_stage_b_edm5k_30000kimg/network-snapshot-027000.pkl,557055b1d3501771560d5164b937466df74dbc958177832ba1fb698a85d97b5f,27000,20065,92e24a43e828c8d0c0f01fdabc27916d9614580acccbb687fbadfa31f480e9c5,15.334863524059072,16.24383772740692,36170,40529,0.94404190569977142,0,ok,
edm_5k,/mnt/pixstor/data/xggh8/zw-lab/e009_stage_b_edm5k_30000kimg/network-snapshot-027000.pkl,557055b1d3501771560d5164b937466df74dbc958177832ba1fb698a85d97b5f,27000,20066,d31c567bec9a64015770cef8a14c5e8d7d6dc0057ce08f59f274ac73592af571,17.651764014411896,18.431878284038838,32953,6230,0.95767581265429225,0,ok,
edm_5k,/mnt/pixstor/data/xggh8/zw-lab/e009_stage_b_edm5k_30000kimg/network-snapshot-027000.pkl,557055b1d3501771560d5164b937466df74dbc958177832ba1fb698a85d97b5f,27000,20067,d4ddc606f9744b341fef6ca8a7f4d14d62467ccb77b42d5efd6d64bf32d638a7,19.593000934642539,20.050289229670661,1220,21934,0.97719293274076957,0,ok,
edm_5k,/mnt/pixstor/data/xggh8/zw-lab/e009_stage_b_edm5k_30000kimg/network-snapshot-027000.pkl,557055b1d3501771560d5164b937466df74dbc958177832ba1fb698a85d97b5f,27000,20068,6f5a473f4b1c50efec92fa35205e8a96e8f58150641cf2decd8961806f224e87,15.619156431744038,17.38375075405402,2567,7813,0.8984917382171701,0,ok,
edm_5k,/mnt/pixstor/data/xggh8/zw-lab/e009_stage_b_edm5k_30000kimg/network-snapshot-027000.pkl,557055b1d3501771560d5164b937466df74dbc958177832ba1fb698a85d97b5f,27000,20069,9faea81bbf00a3aaf7ed525117024ec6c0764eef2ec6ad220a27b8fb25b679bf,18.95178175377935,19.451647174820774,19545,44302,0.97430215464279679,0,ok,
edm_5k,/mnt/pixstor/data/xggh8/zw-lab/e009_stage_b_edm5k_30000kimg/network-snapshot-027000.pkl,557055b1d3501771560d5164b937466df74dbc958177832ba1fb698a85d97b5f,27000,20070,932bcc90a0b6865a4e61d38dfd060be98d48a55f28713004b57c4bb99db7fe99,18.146157126702327,18.184657405307572,34110,37558,0.99788281529054224,0,ok,
edm_5k,/mnt/pixstor/data/xggh8/zw-lab/e009_stage_b_edm5k_30000kimg/network-snapshot-027000.pkl,557055b1d3501771560d5164b937466df74dbc958177832ba1fb698a85d97b5f,27000,20071,7d5a718733bc61d817c82b44519281b50c2043a1e8191e4349953d9ec4a4f1e8,16.715833180578731,16.994280858077044,4283,1721,0.98361521268103713,0,ok,
edm_5k,/mnt/pixstor/data/xggh8/zw-lab/e009_stage_b_edm5k_30000kimg/network-snapshot-027000.pkl,557055b1d3501771560d5164b937466df74dbc958177832ba1fb698a85d97b5f,27000,20072,ca2372bfebcfbbd0b34a1c893064769e5fed1d895f49949e3be7567d953bea86,10.538137400554465,10.64270514967348,7690,10551,0.99017470204723057,0,ok,
edm_5k,/mnt/pixstor/data/xggh8/zw-lab/e009_stage_b_edm5k_30000kimg/network-snapshot-027000.pkl,557055b1d3501771560d5164b937466df74dbc958177832ba1fb698a85d97b5f,27000,20073,c1bf786bbb18724eaefc1b576704e498e2a177da8a8efeb77d273b5acd39e8f2,21.090435912768374,21.297529067465756,28921,22326,0.99027618865825429,0,ok,
edm_5k,/mnt/pixstor/data/xggh8/zw-lab/e009_stage_b_edm5k_30000kimg/network-snapshot-027000.pkl,557055b1d3501771560d5164b937466df74dbc958177832ba1fb698a85d97b5f,27000,20074,324ad29a5233044fcd5158d6450ec02e8cd6610f07d1b44ef231c3a0eff26b4a,16.123612379959823,21.586280211537897,41603,11710,0.74693797272870244,0,ok,
edm_5k,/mnt/pixstor/data/xggh8/zw-lab/e009_stage_b_edm5k_30000kimg/network-snapshot-027000.pkl,557055b1d3501771560d5164b937466df74dbc958177832ba1fb698a85d97b5f,27000,20075,389c6c556b2cd8ebe7a734fb90ec68d03efd0725b2360c0a76f929f48a5bd735,15.836795294897691,17.983327763427642,36811,49860,0.88063763855234212,0,ok,
edm_5k,/mnt/pixstor/data/xggh8/zw-lab/e009_stage_b_edm5k_30000kimg/network-snapshot-027000.pkl,557055b1d3501771560d5164b937466df74dbc958177832ba1fb698a85d97b5f,27000,20076,7cbaee3be897d37ea7e406d6e7ff67a8c93f700d211189a39ec83bc44fd8e612,17.797071058775916,17.884806366304094,21936,43951,0.99509442228608769,0,ok,
edm_5k,/mnt/pixstor/data/xggh8/zw-lab/e009_stage_b_edm5k_30000kimg/network-snapshot-027000.pkl,557055b1d3501771560d5164b937466df74dbc958177832ba1fb698a85d97b5f,27000,20077,0a1a939bec70377812c36598cee0309276b845b5fd1e7a55b5273479f03df489,19.532765990100454,20.468550996915955,34360,44542,0.95428181472364615,0,ok,
edm_5k,/mnt/pixstor/data/xggh8/zw-lab/e009_stage_b_edm5k_30000kimg/network-snapshot-027000.pkl,557055b1d3501771560d5164b937466df74dbc958177832ba1fb698a85d97b5f,27000,20078,e317172e12813bc503b1c40dde086d4c08ade4b26a0270b310010be7e3f05b73,11.839028984721486,13.207682306930696,21934,19604,0.89637445159541629,0,ok,
edm_5k,/mnt/pixstor/data/xggh8/zw-lab/e009_stage_b_edm5k_30000kimg/network-snapshot-027000.pkl,557055b1d3501771560d5164b937466df74dbc958177832ba1fb698a85d97b5f,27000,20079,ce5e1f8300443c7a43e30d59a60f887ebeebc991860be1c0feee2f7a2691548a,18.061125313093768,18.826427832428156,19923,7496,0.95934956295765417,0,ok,
edm_5k,/mnt/pixstor/data/xggh8/zw-lab/e009_stage_b_edm5k_30000kimg/network-snapshot-027000.pkl,557055b1d3501771560d5164b937466df74dbc958177832ba1fb698a85d97b5f,27000,20080,48f1fa487485b56c2a913adae939b466d10178604a40310748f23d374eb81092,16.344945002703344,16.517610184338348,34696,22857,0.98954660028248387,0,ok,
edm_5k,/mnt/pixstor/data/xggh8/zw-lab/e009_stage_b_edm5k_30000kimg/network-snapshot-027000.pkl,557055b1d3501771560d5164b937466df74dbc958177832ba1fb698a85d97b5f,27000,20081,74f46e036212f6f3fb7ec396c1a7e0849c1a46869b88a6b0c3832598bfeb01ad,11.633648738890233,13.963936539664955,11710,30786,0.83312099749555057,0,ok,
edm_5k,/mnt/pixstor/data/xggh8/zw-lab/e009_stage_b_edm5k_30000kimg/network-snapshot-027000.pkl,557055b1d3501771560d5164b937466df74dbc958177832ba1fb698a85d97b5f,27000,20082,0cb9c79b494d3c065063f73c8cb4ea115b67d07924c7e833a509db272326daf2,23.78770497636642,24.991727294981366,43052,45102,0.9518231651456629,0,ok,
edm_5k,/mnt/pixstor/data/xggh8/zw-lab/e009_stage_b_edm5k_30000kimg/network-snapshot-027000.pkl,557055b1d3501771560d5164b937466df74dbc958177832ba1fb698a85d97b5f,27000,20083,b68e39b3302293bd7b5f97425725b97fa020968b8aa511d34e4559a46b99db5c,12.635811843082067,12.676028949707044,29437,11207,0.99682731028900762,0,ok,
edm_5k,/mnt/pixstor/data/xggh8/zw-lab/e009_stage_b_edm5k_30000kimg/network-snapshot-027000.pkl,557055b1d3501771560d5164b937466df74dbc958177832ba1fb698a85d97b5f,27000,20084,bc54c438691d532afcb6cdc9c0b31338201398c87039b428bbfddb16efe6c46a,16.550911088769769,16.581845864947319,34315,7496,0.99813441902490829,0,ok,
edm_5k,/mnt/pixstor/data/xggh8/zw-lab/e009_stage_b_edm5k_30000kimg/network-snapshot-027000.pkl,557055b1d3501771560d5164b937466df74dbc958177832ba1fb698a85d97b5f,27000,20085,dee7777fa3d8ffb75bec1964ff31ccc1b37ff04a7687bc38b5b14a48d23c9c3f,14.391733376909944,14.655012463191307,37558,3157,0.98203487803625988,0,ok,
edm_5k,/mnt/pixstor/data/xggh8/zw-lab/e009_stage_b_edm5k_30000kimg/network-snapshot-027000.pkl,557055b1d3501771560d5164b937466df74dbc958177832ba1fb698a85d97b5f,27000,20086,6c25e7be88af74ba3df261dabb4baff043a4d42dc0d289fa197812d72688c95e,14.311529172291101,17.421561036988262,38154,1787,0.82148374315630179,0,ok,
edm_5k,/mnt/pixstor/data/xggh8/zw-lab/e009_stage_b_edm5k_30000kimg/network-snapshot-027000.pkl,557055b1d3501771560d5164b937466df74dbc958177832ba1fb698a85d97b5f,27000,20087,782f70e2a2e348f5178cb2aac3b95fbb6428b897f696ff8930705ce921c93e0c,7.9817022004509246,8.253914893190835,32024,13533,0.96702017209258173,0,ok,
edm_5k,/mnt/pixstor/data/xggh8/zw-lab/e009_stage_b_edm5k_30000kimg/network-snapshot-027000.pkl,557055b1d3501771560d5164b937466df74dbc958177832ba1fb698a85d97b5f,27000,20088,1229d633e08dfb619089d6a08b71e0d996fcac29e6384dd474d104223a1b4a45,13.309350312500811,15.828091077607088,7187,39915,0.8408689492146223,0,ok,
edm_5k,/mnt/pixstor/data/xggh8/zw-lab/e009_stage_b_edm5k_30000kimg/network-snapshot-027000.pkl,557055b1d3501771560d5164b937466df74dbc958177832ba1fb698a85d97b5f,27000,20089,bdaebf7deb675eeeeac6b538be69139160ac0ed45363ee62a6bbec191ee675b9,14.904219746833283,15.888894086685816,34315,37719,0.93802750937350343,0,ok,
edm_5k,/mnt/pixstor/data/xggh8/zw-lab/e009_stage_b_edm5k_30000kimg/network-snapshot-027000.pkl,557055b1d3501771560d5164b937466df74dbc958177832ba1fb698a85d97b5f,27000,20090,bfc516327deafd19f0dc2ed0d52da1ad7b5365664d38e1ee539bfc40ac7c7475,17.694421163414454,18.323941672827804,37803,26590,0.96564491850861689,0,ok,
edm_5k,/mnt/pixstor/data/xggh8/zw-lab/e009_stage_b_edm5k_30000kimg/network-snapshot-027000.pkl,557055b1d3501771560d5164b937466df74dbc958177832ba1fb698a85d97b5f,27000,20091,4d7765bfc9ee0fbac13abb58363e9c9392bd39bc81cb0711872507d1597f5a0c,19.593390111705485,20.131142215846765,9692,23630,0.97328755127873601,0,ok,
edm_5k,/mnt/pixstor/data/xggh8/zw-lab/e009_stage_b_edm5k_30000kimg/network-snapshot-027000.pkl,557055b1d3501771560d5164b937466df74dbc958177832ba1fb698a85d97b5f,27000,20092,51edb63945d59f78e3cb03844e92034c2305cee484ca2a1aabfafad3322b820e,11.978603076512501,12.458119984906435,29779,2595,0.96150968934519088,0,ok,
edm_5k,/mnt/pixstor/data/xggh8/zw-lab/e009_stage_b_edm5k_30000kimg/network-snapshot-027000.pkl,557055b1d3501771560d5164b937466df74dbc958177832ba1fb698a85d97b5f,27000,20093,6a26592b06a63cc360cd0cc24eda241736ccfff9e4bdf137e7d9f43cadd0ecd8,16.445674103354619,16.757324523936934,7187,39915,0.98140213730794923,0,ok,
edm_5k,/mnt/pixstor/data/xggh8/zw-lab/e009_stage_b_edm5k_30000kimg/network-snapshot-027000.pkl,557055b1d3501771560d5164b937466df74dbc958177832ba1fb698a85d97b5f,27000,20094,46bb4b56bbaf2bd77eda05171e7653d6cd84f4ecd047b696dae33a1d5cd2d465,15.54871991918648,16.170073496048442,29779,25149,0.96157385573950516,0,ok,
edm_5k,/mnt/pixstor/data/xggh8/zw-lab/e009_stage_b_edm5k_30000kimg/network-snapshot-027000.pkl,557055b1d3501771560d5164b937466df74dbc958177832ba1fb698a85d97b5f,27000,20095,e3401bc187e50f297c55b402d9131d250ad739064c92463089938c34a722e413,23.402191813274499,24.036726099541678,38154,42837,0.97360146786881774,0,ok,
edm_5k,/mnt/pixstor/data/xggh8/zw-lab/e009_stage_b_edm5k_30000kimg/network-snapshot-027000.pkl,557055b1d3501771560d5164b937466df74dbc958177832ba1fb698a85d97b5f,27000,20096,d39609168377f506555291fb08dcd51ca8fb5ec2a447082c6228b72d2b8bc954,21.013948345024264,21.660041654326868,25486,22518,0.97017118805154567,0,ok,
edm_5k,/mnt/pixstor/data/xggh8/zw-lab/e009_stage_b_edm5k_30000kimg/network-snapshot-027000.pkl,557055b1d3501771560d5164b937466df74dbc958177832ba1fb698a85d97b5f,27000,20097,08f660a315c33fa6c2f404b2e27cff37cb7b393b4825fbda3b4e013959334578,17.77804788925086,18.908172769435438,34675,47886,0.94023087825750173,0,ok,
edm_5k,/mnt/pixstor/data/xggh8/zw-lab/e009_stage_b_edm5k_30000kimg/network-snapshot-027000.pkl,557055b1d3501771560d5164b937466df74dbc958177832ba1fb698a85d97b5f,27000,20098,b3baa13ac7fe3758bde91cd44a4cf05873c83b762c5204b41933d45f8cdd1118,18.261474674417848,19.178460210270373,737,12277,0.95218669664828126,0,ok,
edm_5k,/mnt/pixstor/data/xggh8/zw-lab/e009_stage_b_edm5k_30000kimg/network-snapshot-027000.pkl,557055b1d3501771560d5164b937466df74dbc958177832ba1fb698a85d97b5f,27000,20099,c917d1abfd6c616c15c4d0e258efbd3e775f4edc0dc2012e991dbe7346864077,20.149619470251729,20.18344265486456,25744,26351,0.99832421132553029,0,ok,
edm_5k,/mnt/pixstor/data/xggh8/zw-lab/e009_stage_b_edm5k_30000kimg/network-snapshot-027000.pkl,557055b1d3501771560d5164b937466df74dbc958177832ba1fb698a85d97b5f,27000,20100,c7efb61aa16764802def142f337e1d515ab7fc204c26efdd57f7d280c6f8fffc,12.962625387196548,15.42045010401279,1220,21934,0.84061264747540321,0,ok,
edm_5k,/mnt/pixstor/data/xggh8/zw-lab/e009_stage_b_edm5k_30000kimg/network-snapshot-027000.pkl,557055b1d3501771560d5164b937466df74dbc958177832ba1fb698a85d97b5f,27000,20101,cf0fc2de70871d601758a04962f21b6fef27afb2c0b28e4756c91a54f989a402,14.91894495450514,16.63172774013951,21934,19604,0.89701714624027373,0,ok,
edm_5k,/mnt/pixstor/data/xggh8/zw-lab/e009_stage_b_edm5k_30000kimg/network-snapshot-027000.pkl,557055b1d3501771560d5164b937466df74dbc958177832ba1fb698a85d97b5f,27000,20102,5ac39d95bdc484b126368f5e879b637351287db8787b41dc7bb4975734a76768,16.444934177015593,17.148462175745166,11710,9332,0.95897428052034628,0,ok,
edm_5k,/mnt/pixstor/data/xggh8/zw-lab/e009_stage_b_edm5k_30000kimg/network-snapshot-027000.pkl,557055b1d3501771560d5164b937466df74dbc958177832ba1fb698a85d97b5f,27000,20103,e557ae7c85accad983e496f4be005c4486a5e095b1d5df21a83ac7a494cb69d2,11.666299191180018,13.286914079043303,7690,44302,0.87802924906247504,0,ok,
edm_5k,/mnt/pixstor/data/xggh8/zw-lab/e009_stage_b_edm5k_30000kimg/network-snapshot-027000.pkl,557055b1d3501771560d5164b937466df74dbc958177832ba1fb698a85d97b5f,27000,20104,cc5aa7d5fba988247747a229dc790971d132fb9024e9f17c5e5f7548aaae5cc2,14.478489020618785,15.47718275279445,2567,40529,0.93547315760710081,0,ok,
edm_5k,/mnt/pixstor/data/xggh8/zw-lab/e009_stage_b_edm5k_30000kimg/network-snapshot-027000.pkl,557055b1d3501771560d5164b937466df74dbc958177832ba1fb698a85d97b5f,27000,20105,fedacde6bda7cab8bbbc00fb0380bd177550023ffbd7f05deb3b0e291c9b10e9,11.031463309920873,14.879384179838178,12277,2616,0.74139246467395448,0,ok,
edm_5k,/mnt/pixstor/data/xggh8/zw-lab/e009_stage_b_edm5k_30000kimg/network-snapshot-027000.pkl,557055b1d3501771560d5164b937466df74dbc958177832ba1fb698a85d97b5f,27000,20106,75e5886e2676c206a608865a8e13d4bd68124ae90425acd8aad16ef0e6494b65,16.700113901722688,16.879865412522751,2567,42642,0.9893511289096707,0,ok,
edm_5k,/mnt/pixstor/data/xggh8/zw-lab/e009_stage_b_edm5k_30000kimg/network-snapshot-027000.pkl,557055b1d3501771560d5164b937466df74dbc958177832ba1fb698a85d97b5f,27000,20107,b5f97b8341613988916b075038e0ea975ac50432342835da0718d0da5f8716a8,16.783692502857939,17.733971663019272,11830,9692,0.94641475817044673,0,ok,
edm_5k,/mnt/pixstor/data/xggh8/zw-lab/e009_stage_b_edm5k_30000kimg/network-snapshot-027000.pkl,557055b1d3501771560d5164b937466df74dbc958177832ba1fb698a85d97b5f,27000,20108,d64c1283318eb50be8b61ded1e1b4a114aa3d1ac26c8ba71cfb16dba90466626,20.40018990048187,20.856609432135286,832,17259,0.97811631209096828,0,ok,
edm_5k,/mnt/pixstor/data/xggh8/zw-lab/e009_stage_b_edm5k_30000kimg/network-snapshot-027000.pkl,557055b1d3501771560d5164b937466df74dbc958177832ba1fb698a85d97b5f,27000,20109,936148c6015531d8b8bdb7df50fac82a44a1396be649c2988c1dfe1e6007a02d,11.53627542237979,12.200115602040057,10551,32953,0.94558738611056581,0,ok,
edm_5k,/mnt/pixstor/data/xggh8/zw-lab/e009_stage_b_edm5k_30000kimg/network-snapshot-027000.pkl,557055b1d3501771560d5164b937466df74dbc958177832ba1fb698a85d97b5f,27000,20110,d70124a885fe298356835c1d9a863314a7d128bba1ba93049ec2cdeaeb03484a,12.477641835011418,12.995079273014627,44302,16683,0.96018204836366716,0,ok,
edm_5k,/mnt/pixstor/data/xggh8/zw-lab/e009_stage_b_edm5k_30000kimg/network-snapshot-027000.pkl,557055b1d3501771560d5164b937466df74dbc958177832ba1fb698a85d97b5f,27000,20111,226bebf865c9c0efcffee80a1b325ea12e2687e2004ff12ab834b663d48bf1dc,14.062079431705897,14.223898579999123,10551,13533,0.98862343207924952,0,ok,
edm_5k,/mnt/pixstor/data/xggh8/zw-lab/e009_stage_b_edm5k_30000kimg/network-snapshot-027000.pkl,557055b1d3501771560d5164b937466df74dbc958177832ba1fb698a85d97b5f,27000,20112,9005fa0d14660113d699ee88bed1f0d29eb6354be654f8d895ba32ab3d4b9a61,20.375168183746808,20.998570212986653,25969,13919,0.97031216778491425,0,ok,
edm_5k,/mnt/pixstor/data/xggh8/zw-lab/e009_stage_b_edm5k_30000kimg/network-snapshot-027000.pkl,557055b1d3501771560d5164b937466df74dbc958177832ba1fb698a85d97b5f,27000,20113,fd4282d956496e99cfc9a0715e85e132aed1eb5ef59c3372b67a28fffcd52b98,19.366601338945795,19.803516407011237,47886,47045,0.97793750063949469,0,ok,
edm_5k,/mnt/pixstor/data/xggh8/zw-lab/e009_stage_b_edm5k_30000kimg/network-snapshot-027000.pkl,557055b1d3501771560d5164b937466df74dbc958177832ba1fb698a85d97b5f,27000,20114,7214622d4f6adb4a7bb1ea462811dcceab48cc7997d4da9e95e380ea700fbde5,13.281452400241299,14.212347081213659,31572,26376,0.93450098877736765,0,ok,
edm_5k,/mnt/pixstor/data/xggh8/zw-lab/e009_stage_b_edm5k_30000kimg/network-snapshot-027000.pkl,557055b1d3501771560d5164b937466df74dbc958177832ba1fb698a85d97b5f,27000,20115,bd1a3edce73ca79f4f337c7c9be962cb38e48b847b0ef9609a24417207eeee99,14.04335072999187,15.113475304884755,21934,38676,0.92919401042412697,0,ok,
edm_5k,/mnt/pixstor/data/xggh8/zw-lab/e009_stage_b_edm5k_30000kimg/network-snapshot-027000.pkl,557055b1d3501771560d5164b937466df74dbc958177832ba1fb698a85d97b5f,27000,20116,f2b4ce34da15d69b11c6132212d879c535dc85a26c7053347abcca1f007d5fbc,14.375045487606275,15.037874958050407,737,12277,0.95592266378772539,0,ok,
edm_5k,/mnt/pixstor/data/xggh8/zw-lab/e009_stage_b_edm5k_30000kimg/network-snapshot-027000.pkl,557055b1d3501771560d5164b937466df74dbc958177832ba1fb698a85d97b5f,27000,20117,e08f20575dff65e1158e8aa58c3140223ac1efa6db5d7440204f0aef4c812d4d,20.390094190707977,27.232147612140501,17938,42837,0.74875086905073052,0,ok,
edm_5k,/mnt/pixstor/data/xggh8/zw-lab/e009_stage_b_edm5k_30000kimg/network-snapshot-027000.pkl,557055b1d3501771560d5164b937466df74dbc958177832ba1fb698a85d97b5f,27000,20118,2aba0e170d0f1dab30100016d2ab86059174a310cbb84fc878e23cc9d3ec107e,14.963031001865101,15.65718950963965,2567,39913,0.95566519091135882,0,ok,
edm_5k,/mnt/pixstor/data/xggh8/zw-lab/e009_stage_b_edm5k_30000kimg/network-snapshot-027000.pkl,557055b1d3501771560d5164b937466df74dbc958177832ba1fb698a85d97b5f,27000,20119,d5b6ba7853bd45ef498045f204f5452399bd5b6c8503773f1508fdcba385c6d7,19.120206982417002,19.408564574794681,14410,6525,0.98514276564521619,0,ok,
edm_5k,/mnt/pixstor/data/xggh8/zw-lab/e009_stage_b_edm5k_30000kimg/network-snapshot-027000.pkl,557055b1d3501771560d5164b937466df74dbc958177832ba1fb698a85d97b5f,27000,20120,52cd9a7a754f8655b2ef3f8a6cf718f4a41c1d7d91997befba13f5e844b14c4e,18.164647152961638,18.83882834755677,40529,36170,0.96421320996416604,0,ok,
edm_5k,/mnt/pixstor/data/xggh8/zw-lab/e009_stage_b_edm5k_30000kimg/network-snapshot-027000.pkl,557055b1d3501771560d5164b937466df74dbc958177832ba1fb698a85d97b5f,27000,20121,34fa237ae1f6b72a3769699ec6105384c3a2c2ba85e8a37094b1d509d37b04e9,17.460161198571452,18.307068703166632,9841,46960,0.95373877061767476,0,ok,
edm_5k,/mnt/pixstor/data/xggh8/zw-lab/e009_stage_b_edm5k_30000kimg/network-snapshot-027000.pkl,557055b1d3501771560d5164b937466df74dbc958177832ba1fb698a85d97b5f,27000,20122,9aa1758e44e41a7cc0bb27e7b73e9e4f330e3eec4e600931946c53f8ae9f431a,14.229346491963344,14.812083061542356,11207,40136,0.96065802715540993,0,ok,
edm_5k,/mnt/pixstor/data/xggh8/zw-lab/e009_stage_b_edm5k_30000kimg/network-snapshot-027000.pkl,557055b1d3501771560d5164b937466df74dbc958177832ba1fb698a85d97b5f,27000,20123,1250398ba493734edd424395b7c5e0bf4efc060955919915639e81cf3862b9bb,16.383580592480637,17.145820662341624,49665,18459,0.9555436811761866,0,ok,
edm_5k,/mnt/pixstor/data/xggh8/zw-lab/e009_stage_b_edm5k_30000kimg/network-snapshot-027000.pkl,557055b1d3501771560d5164b937466df74dbc958177832ba1fb698a85d97b5f,27000,20124,cb71461ef0577e192509c77e1f231ea1d403c66c8ea74fe7c6d9d37d2ef05d0c,18.99117158920399,19.66913424823867,39915,7187,0.96553164717479167,0,ok,
edm_5k,/mnt/pixstor/data/xggh8/zw-lab/e009_stage_b_edm5k_30000kimg/network-snapshot-027000.pkl,557055b1d3501771560d5164b937466df74dbc958177832ba1fb698a85d97b5f,27000,20125,fe43676b0952f36f10d522984c0c1a86831751230e7936db7da41653ac60f047,12.157854093681523,12.667712115613675,39006,11207,0.95975137283837364,0,ok,
edm_5k,/mnt/pixstor/data/xggh8/zw-lab/e009_stage_b_edm5k_30000kimg/network-snapshot-027000.pkl,557055b1d3501771560d5164b937466df74dbc958177832ba1fb698a85d97b5f,27000,20126,b28edeea9d0dada174857a8460fc5ab143ebefc60ca434d9096ae27f0b7a63c3,18.180131850598908,19.771278837762157,39199,44278,0.91952230302249149,0,ok,
edm_5k,/mnt/pixstor/data/xggh8/zw-lab/e009_stage_b_edm5k_30000kimg/network-snapshot-027000.pkl,557055b1d3501771560d5164b937466df74dbc958177832ba1fb698a85d97b5f,27000,20127,6e62cde828cec6c25ffedfb183aa46d8b8fc39796eae85172627da3688409eeb,15.416058776489386,15.601292929081145,40529,12300,0.9881269998945742,0,ok,
edm_5k,/mnt/pixstor/data/xggh8/zw-lab/e009_stage_b_edm5k_30000kimg/network-snapshot-028000.pkl,38ba5ecb803f6b7f6286397e014c7a6a110690be40bc3c9c215e62534a8cf7b9,28000,20000,204181473198966780a781d0739835a30905febd8550cefefd3a893787aa7240,11.127085877165911,13.101730520228196,22857,29779,0.84928367744905409,0,ok,
edm_5k,/mnt/pixstor/data/xggh8/zw-lab/e009_stage_b_edm5k_30000kimg/network-snapshot-028000.pkl,38ba5ecb803f6b7f6286397e014c7a6a110690be40bc3c9c215e62534a8cf7b9,28000,20001,8281547c35a1305650437f5df0729edf2499eb4315cbe71baa38213bb3bf44a2,9.9674825982064235,11.228166504845158,44302,47671,0.88772130284185524,0,ok,
edm_5k,/mnt/pixstor/data/xggh8/zw-lab/e009_stage_b_edm5k_30000kimg/network-snapshot-028000.pkl,38ba5ecb803f6b7f6286397e014c7a6a110690be40bc3c9c215e62534a8cf7b9,28000,20002,800468f403d5eae7c5a50da45c3324ec3f48105d86bb839d64510b7ccf387968,19.496258980422841,20.328322269080779,41973,15029,0.95906876732648516,0,ok,
edm_5k,/mnt/pixstor/data/xggh8/zw-lab/e009_stage_b_edm5k_30000kimg/network-snapshot-028000.pkl,38ba5ecb803f6b7f6286397e014c7a6a110690be40bc3c9c215e62534a8cf7b9,28000,20003,f5407444a564b77cba353ee4145c644ca4e58f5ea61bde93add32aadfe2a5e83,17.198987404746497,19.638110080226269,33343,13435,0.87579646587602444,0,ok,
edm_5k,/mnt/pixstor/data/xggh8/zw-lab/e009_stage_b_edm5k_30000kimg/network-snapshot-028000.pkl,38ba5ecb803f6b7f6286397e014c7a6a110690be40bc3c9c215e62534a8cf7b9,28000,20004,8b2496ea2d1babd24fc5bf1d5d428ab46f76ac982dc67c145329a9d611dcd2ce,13.461983625395428,14.957168312546875,47886,29779,0.9000355778642134,0,ok,
edm_5k,/mnt/pixstor/data/xggh8/zw-lab/e009_stage_b_edm5k_30000kimg/network-snapshot-028000.pkl,38ba5ecb803f6b7f6286397e014c7a6a110690be40bc3c9c215e62534a8cf7b9,28000,20005,f0530827883aae6c8c9d21eec0cafd371a1929e622bd0e444c62d083bf1d9377,12.062329004618494,19.845429441427996,7672,4706,0.60781395737589738,0,ok,
edm_5k,/mnt/pixstor/data/xggh8/zw-lab/e009_stage_b_edm5k_30000kimg/network-snapshot-028000.pkl,38ba5ecb803f6b7f6286397e014c7a6a110690be40bc3c9c215e62534a8cf7b9,28000,20006,c827f986c8a83c82364de9c6d30eaa4a31cbb126a8b78ba10dad0da02248fed6,10.372751378585749,13.578997772920722,21934,12699,0.76388195594752362,0,ok,
edm_5k,/mnt/pixstor/data/xggh8/zw-lab/e009_stage_b_edm5k_30000kimg/network-snapshot-028000.pkl,38ba5ecb803f6b7f6286397e014c7a6a110690be40bc3c9c215e62534a8cf7b9,28000,20007,37281bc02b222984a5f953336b285613e6a15fad760ad19b26ba5da9dba68b5a,24.696353458215867,24.926244024600329,11476,46008,0.99077716778518343,0,ok,
edm_5k,/mnt/pixstor/data/xggh8/zw-lab/e009_stage_b_edm5k_30000kimg/network-snapshot-028000.pkl,38ba5ecb803f6b7f6286397e014c7a6a110690be40bc3c9c215e62534a8cf7b9,28000,20008,a4649db91427255fb04cb804e511a81f86653735cf6cc2ba0b50c746cc89002b,26.065377255475731,26.781122573589382,38456,30085,0.97327426002599704,0,ok,
edm_5k,/mnt/pixstor/data/xggh8/zw-lab/e009_stage_b_edm5k_30000kimg/network-snapshot-028000.pkl,38ba5ecb803f6b7f6286397e014c7a6a110690be40bc3c9c215e62534a8cf7b9,28000,20009,f1fd1ee4998f0adaa9136b6edb36b10e1ee5bab1752aaafbebe24064a7e8670d,12.325713183173004,14.587540927225445,5924,22857,0.84494797613002193,0,ok,
edm_5k,/mnt/pixstor/data/xggh8/zw-lab/e009_stage_b_edm5k_30000kimg/network-snapshot-028000.pkl,38ba5ecb803f6b7f6286397e014c7a6a110690be40bc3c9c215e62534a8cf7b9,28000,20010,b2e51f6e1ddbd6fce49ce124bc873dbc977de55288f64a74c349a811adb12b59,12.702008169519068,14.494977021653916,9692,29779,0.87630412594263873,0,ok,
edm_5k,/mnt/pixstor/data/xggh8/zw-lab/e009_stage_b_edm5k_30000kimg/network-snapshot-028000.pkl,38ba5ecb803f6b7f6286397e014c7a6a110690be40bc3c9c215e62534a8cf7b9,28000,20011,822612ddf36c40fdfd31408d390b59c4eb68aa0fb3f469d4428d92226cf95c7f,13.653654034329849,23.895535308606494,30616,41057,0.57138933520406177,0,ok,
edm_5k,/mnt/pixstor/data/xggh8/zw-lab/e009_stage_b_edm5k_30000kimg/network-snapshot-028000.pkl,38ba5ecb803f6b7f6286397e014c7a6a110690be40bc3c9c215e62534a8cf7b9,28000,20012,eb73348c77828c8c4352cb383c8ffd8955b8d09b2188c22c2bb3fd2f5102c7f8,15.173732279001761,16.951175809198237,1276,32953,0.89514334874445822,0,ok,
edm_5k,/mnt/pixstor/data/xggh8/zw-lab/e009_stage_b_edm5k_30000kimg/network-snapshot-028000.pkl,38ba5ecb803f6b7f6286397e014c7a6a110690be40bc3c9c215e62534a8cf7b9,28000,20013,679c7e30e247fbcccbb08464276c4786f90c87bee519c6c973261a834f767bef,15.379356579803511,17.839226991488982,33343,26140,0.86210891240640286,0,ok,
edm_5k,/mnt/pixstor/data/xggh8/zw-lab/e009_stage_b_edm5k_30000kimg/network-snapshot-028000.pkl,38ba5ecb803f6b7f6286397e014c7a6a110690be40bc3c9c215e62534a8cf7b9,28000,20014,fce0ffae28c7b8027e8b988a3963bc0708eb60124c83ac75bfbd8567ece718a9,12.668677107530469,14.401275536255872,48613,38676,0.87969132148305151,0,ok,
edm_5k,/mnt/pixstor/data/xggh8/zw-lab/e009_stage_b_edm5k_30000kimg/network-snapshot-028000.pkl,38ba5ecb803f6b7f6286397e014c7a6a110690be40bc3c9c215e62534a8cf7b9,28000,20015,307d45f091622274b4138b824808feb4d4f644bfed2684847e5f32b2a5c49feb,18.141795167145926,19.448387007023456,12699,31001,0.93281747018888117,0,ok,
edm_5k,/mnt/pixstor/data/xggh8/zw-lab/e009_stage_b_edm5k_30000kimg/network-snapshot-028000.pkl,38ba5ecb803f6b7f6286397e014c7a6a110690be40bc3c9c215e62534a8cf7b9,28000,20016,5cd868d0ed98c6a4f65f820852d517b756f33eaa0e40c2112eea7041c4aea664,16.839188978141017,17.144557171710662,14062,6206,0.98218862170009746,0,ok,
edm_5k,/mnt/pixstor/data/xggh8/zw-lab/e009_stage_b_edm5k_30000kimg/network-snapshot-028000.pkl,38ba5ecb803f6b7f6286397e014c7a6a110690be40bc3c9c215e62534a8cf7b9,28000,20017,c5c04010fc0f3aaa48ac2431fbb388f9e11bde56e5fa2017dc822f8121c957f9,18.961561304215302,21.293753707314981,22870,30085,0.89047528044346136,0,ok,
edm_5k,/mnt/pixstor/data/xggh8/zw-lab/e009_stage_b_edm5k_30000kimg/network-snapshot-028000.pkl,38ba5ecb803f6b7f6286397e014c7a6a110690be40bc3c9c215e62534a8cf7b9,28000,20018,a9f0b8d60cf86f867ddaabc27396f5c6b1b3cfa809b0c36758440cff4335497c,15.183634824949051,15.73226832972189,13435,13186,0.96512686579745499,0,ok,
edm_5k,/mnt/pixstor/data/xggh8/zw-lab/e009_stage_b_edm5k_30000kimg/network-snapshot-028000.pkl,38ba5ecb803f6b7f6286397e014c7a6a110690be40bc3c9c215e62534a8cf7b9,28000,20019,9076d791e518af59cb644060308d30df89d30420861eb1e5819453447373adbe,17.250547334128477,17.384556463364,13535,35588,0.9922914841389292,0,ok,
edm_5k,/mnt/pixstor/data/xggh8/zw-lab/e009_stage_b_edm5k_30000kimg/network-snapshot-028000.pkl,38ba5ecb803f6b7f6286397e014c7a6a110690be40bc3c9c215e62534a8cf7b9,28000,20020,c7a24bfbe2ab361ea529f208ea2b942364a9b6b131387ba94c3187c035c3bc29,12.80791335536348,16.288575309839132,9692,47886,0.78631268307590085,0,ok,
edm_5k,/mnt/pixstor/data/xggh8/zw-lab/e009_stage_b_edm5k_30000kimg/network-snapshot-028000.pkl,38ba5ecb803f6b7f6286397e014c7a6a110690be40bc3c9c215e62534a8cf7b9,28000,20021,a7dc4e845c6b99ca46fb753b97f3813d46e4f9856c0d2a7f53465a902bed3eff,18.511461664363686,18.868116888714255,19545,20770,0.98109746582268109,0,ok,
edm_5k,/mnt/pixstor/data/xggh8/zw-lab/e009_stage_b_edm5k_30000kimg/network-snapshot-028000.pkl,38ba5ecb803f6b7f6286397e014c7a6a110690be40bc3c9c215e62534a8cf7b9,28000,20022,52713629dbe78055843366444a9c90809d51ce2d63fbfec00706020de7586d6b,10.711504357368092,11.921028219315932,29779,16683,0.89853862941218288,0,ok,
edm_5k,/mnt/pixstor/data/xggh8/zw-lab/e009_stage_b_edm5k_30000kimg/network-snapshot-028000.pkl,38ba5ecb803f6b7f6286397e014c7a6a110690be40bc3c9c215e62534a8cf7b9,28000,20023,1970b47527c42fa9cedc1abc56d8b51440efd3423c2b6dbcd60d1dc12487f6e0,16.665000288814539,16.949695142166874,2567,45385,0.98320354136375698,0,ok,
edm_5k,/mnt/pixstor/data/xggh8/zw-lab/e009_stage_b_edm5k_30000kimg/network-snapshot-028000.pkl,38ba5ecb803f6b7f6286397e014c7a6a110690be40bc3c9c215e62534a8cf7b9,28000,20024,b096572618f24bee6ee09430e6c7c071830737be7dd7381951b35aa8bdc7bc00,13.926024637191469,15.666878992936294,40136,29437,0.88888314280529512,0,ok,
edm_5k,/mnt/pixstor/data/xggh8/zw-lab/e009_stage_b_edm5k_30000kimg/network-snapshot-028000.pkl,38ba5ecb803f6b7f6286397e014c7a6a110690be40bc3c9c215e62534a8cf7b9,28000,20025,facba702a58c47a4b71da68d3a127050b7bac1a1680ef51d4f317679a65af966,11.649684937530175,12.58189229922915,30786,45494,0.92590881089038668,0,ok,
edm_5k,/mnt/pixstor/data/xggh8/zw-lab/e009_stage_b_edm5k_30000kimg/network-snapshot-028000.pkl,38ba5ecb803f6b7f6286397e014c7a6a110690be40bc3c9c215e62534a8cf7b9,28000,20026,dfe63a7af1e77e0912624f141d3e81bea6b0958620599229fb1f6171c941ae3f,15.668093811249506,16.320373063700206,11830,46008,0.96003282217233743,0,ok,
edm_5k,/mnt/pixstor/data/xggh8/zw-lab/e009_stage_b_edm5k_30000kimg/network-snapshot-028000.pkl,38ba5ecb803f6b7f6286397e014c7a6a110690be40bc3c9c215e62534a8cf7b9,28000,20027,30a69913b0d4b93423aa40f24d912fc3aca7838404d14b99821a03f3c3021460,14.035192882027632,14.224301701432847,39913,48613,0.98670523000885413,0,ok,
edm_5k,/mnt/pixstor/data/xggh8/zw-lab/e009_stage_b_edm5k_30000kimg/network-snapshot-028000.pkl,38ba5ecb803f6b7f6286397e014c7a6a110690be40bc3c9c215e62534a8cf7b9,28000,20028,83d0e58efaf15903365a9b245f18053de01515febd8e979af3cc4fd1b4070f36,16.298275332375088,17.506913035626443,43826,2782,0.93096226040583019,0,ok,
edm_5k,/mnt/pixstor/data/xggh8/zw-lab/e009_stage_b_edm5k_30000kimg/network-snapshot-028000.pkl,38ba5ecb803f6b7f6286397e014c7a6a110690be40bc3c9c215e62534a8cf7b9,28000,20029,68cfd3246cdb82920e90fc8497d53f2a007657e8ee70170ae0b448c1895b7f21,12.017187039431983,13.602946587439916,28795,12699,0.88342529040934981,0,ok,
edm_5k,/mnt/pixstor/data/xggh8/zw-lab/e009_stage_b_edm5k_30000kimg/network-snapshot-028000.pkl,38ba5ecb803f6b7f6286397e014c7a6a110690be40bc3c9c215e62534a8cf7b9,28000,20030,4dd738debaa165ccabfae8934d99d17677d0c5a57e9963282b6becea951b1a90,14.631768297837409,17.579501850561368,34315,11207,0.83231984741195453,0,ok,
edm_5k,/mnt/pixstor/data/xggh8/zw-lab/e009_stage_b_edm5k_30000kimg/network-snapshot-028000.pkl,38ba5ecb803f6b7f6286397e014c7a6a110690be40bc3c9c215e62534a8cf7b9,28000,20031,389f7e7f445dafb648d99663fa1332781f6f0ccdbc8afd883f01c896b71750c7,17.083559224505414,17.915344610844478,13435,19974,0.95357134320287817,0,ok,
edm_5k,/mnt/pixstor/data/xggh8/zw-lab/e009_stage_b_edm5k_30000kimg/network-snapshot-028000.pkl,38ba5ecb803f6b7f6286397e014c7a6a110690be40bc3c9c215e62534a8cf7b9,28000,20032,b9593ed2ef3e223b6f8f9a4bbd53c6698ff226e0fda6609a27ab517182d97d26,14.929890856316948,17.532737212596036,11207,29437,0.85154363949462919,0,ok,
edm_5k,/mnt/pixstor/data/xggh8/zw-lab/e009_stage_b_edm5k_30000kimg/network-snapshot-028000.pkl,38ba5ecb803f6b7f6286397e014c7a6a110690be40bc3c9c215e62534a8cf7b9,28000,20033,d138e33a9f9e711af1ef0eae72b34365dbf0872dd9a064d802c4382c951d229f,13.238687108639537,14.278127553283248,30132,13435,0.92720050715580749,0,ok,
edm_5k,/mnt/pixstor/data/xggh8/zw-lab/e009_stage_b_edm5k_30000kimg/network-snapshot-028000.pkl,38ba5ecb803f6b7f6286397e014c7a6a110690be40bc3c9c215e62534a8cf7b9,28000,20034,473b42109f31c346564d9ea4aa43d0f72ca58b1893a01dd1bcd529670021dc7a,15.708794999239784,16.101587593712111,33571,39774,0.97560534995780679,0,ok,
edm_5k,/mnt/pixstor/data/xggh8/zw-lab/e009_stage_b_edm5k_30000kimg/network-snapshot-028000.pkl,38ba5ecb803f6b7f6286397e014c7a6a110690be40bc3c9c215e62534a8cf7b9,28000,20035,b21636afb21c5ccafa749e61dd6c4c68f98d830902e30f9ac94933fe09b8793e,12.218033782635743,12.820142539895974,20770,43826,0.95303416047157952,0,ok,
edm_5k,/mnt/pixstor/data/xggh8/zw-lab/e009_stage_b_edm5k_30000kimg/network-snapshot-028000.pkl,38ba5ecb803f6b7f6286397e014c7a6a110690be40bc3c9c215e62534a8cf7b9,28000,20036,98885eaf0660f02fde314a158ee1d29d6393e450386edb0f93ae3846ed381666,14.608520978084648,16.931302723365995,15768,39915,0.86281139831751996,0,ok,
edm_5k,/mnt/pixstor/data/xggh8/zw-lab/e009_stage_b_edm5k_30000kimg/network-snapshot-028000.pkl,38ba5ecb803f6b7f6286397e014c7a6a110690be40bc3c9c215e62534a8cf7b9,28000,20037,de51f4b86977bc6a7a53b5c8fee56eb984573e575b623b673f05104a8ad2872a,15.227678508212961,17.546517445387821,47550,31001,0.86784620113979505,0,ok,
edm_5k,/mnt/pixstor/data/xggh8/zw-lab/e009_stage_b_edm5k_30000kimg/network-snapshot-028000.pkl,38ba5ecb803f6b7f6286397e014c7a6a110690be40bc3c9c215e62534a8cf7b9,28000,20038,e4f9b5626c9dcc522cd3fae7af31a172418e4c0c28c5a378babe4920babb275f,12.661007975697423,13.069633636652698,4827,10551,0.96873472720694187,0,ok,
edm_5k,/mnt/pixstor/data/xggh8/zw-lab/e009_stage_b_edm5k_30000kimg/network-snapshot-028000.pkl,38ba5ecb803f6b7f6286397e014c7a6a110690be40bc3c9c215e62534a8cf7b9,28000,20039,5468915fdd6b4c0afdb30088d6744b48c4827acc64cd3a08f8690bb6f9d9e7ef,9.8505760411336301,10.816750463005292,16683,29779,0.91067794110845901,0,ok,
edm_5k,/mnt/pixstor/data/xggh8/zw-lab/e009_stage_b_edm5k_30000kimg/network-snapshot-028000.pkl,38ba5ecb803f6b7f6286397e014c7a6a110690be40bc3c9c215e62534a8cf7b9,28000,20040,a4e455a6b8f613b22b05ad93cedef68bbafe9eb438afef6fe1db3097fb37df79,11.06237134926319,11.620662579202719,37719,26590,0.95195702257643278,0,ok,
edm_5k,/mnt/pixstor/data/xggh8/zw-lab/e009_stage_b_edm5k_30000kimg/network-snapshot-028000.pkl,38ba5ecb803f6b7f6286397e014c7a6a110690be40bc3c9c215e62534a8cf7b9,28000,20041,3c3ae0d114fb77924146f00d4427d70399d3b41ba17d0d3724579ba5282ec54d,15.982722791876601,16.191774194785499,12699,29779,0.98708903666800007,0,ok,
edm_5k,/mnt/pixstor/data/xggh8/zw-lab/e009_stage_b_edm5k_30000kimg/network-snapshot-028000.pkl,38ba5ecb803f6b7f6286397e014c7a6a110690be40bc3c9c215e62534a8cf7b9,28000,20042,ba7177b705d61547c26778446cd035162a008e321de0e271b6414878cd96e344,15.770010439377367,16.976620519181793,15768,29437,0.92892518988446005,0,ok,
edm_5k,/mnt/pixstor/data/xggh8/zw-lab/e009_stage_b_edm5k_30000kimg/network-snapshot-028000.pkl,38ba5ecb803f6b7f6286397e014c7a6a110690be40bc3c9c215e62534a8cf7b9,28000,20043,57f2b71e6826b3aeb04c55775e178c171bb4d4129469b1331440b2a68e04391a,17.183010281715017,17.345043231976085,2567,27642,0.99065825618915981,0,ok,
edm_5k,/mnt/pixstor/data/xggh8/zw-lab/e009_stage_b_edm5k_30000kimg/network-snapshot-028000.pkl,38ba5ecb803f6b7f6286397e014c7a6a110690be40bc3c9c215e62534a8cf7b9,28000,20044,a9e8e684fec263a48db76723b983dea40abe63148d3b321ca5fd981c0513d9a3,17.824603240742118,17.959547636325514,32953,16683,0.99248620297593393,0,ok,
edm_5k,/mnt/pixstor/data/xggh8/zw-lab/e009_stage_b_edm5k_30000kimg/network-snapshot-028000.pkl,38ba5ecb803f6b7f6286397e014c7a6a110690be40bc3c9c215e62534a8cf7b9,28000,20045,f1b0c49a46e87ed75daaa667ae5393703c799fff417339f509b76f569cf8d6e8,12.191766479911609,17.431167580036597,46725,29779,0.69942339914593443,0,ok,
edm_5k,/mnt/pixstor/data/xggh8/zw-lab/e009_stage_b_edm5k_30000kimg/network-snapshot-028000.pkl,38ba5ecb803f6b7f6286397e014c7a6a110690be40bc3c9c215e62534a8cf7b9,28000,20046,e12c2f614504e04dce05a0249a73acb2ea78b9b4d2bcd0e8e561359193127825,20.711339121530191,20.987573955374806,16683,39913,0.98683817222362313,0,ok,
edm_5k,/mnt/pixstor/data/xggh8/zw-lab/e009_stage_b_edm5k_30000kimg/network-snapshot-028000.pkl,38ba5ecb803f6b7f6286397e014c7a6a110690be40bc3c9c215e62534a8cf7b9,28000,20047,bf54978f6e269a1a09cf9cfa3697866a7f5e4bc923fdc85b7e07fd992d709f7e,18.783035253226096,20.404383896993046,25406,12649,0.92053920118578614,0,ok,
edm_5k,/mnt/pixstor/data/xggh8/zw-lab/e009_stage_b_edm5k_30000kimg/network-snapshot-028000.pkl,38ba5ecb803f6b7f6286397e014c7a6a110690be40bc3c9c215e62534a8cf7b9,28000,20048,681bdd4fca25c478724a8bee88323b5dd765cdf3ac8be160e7317487ac0d3ebf,15.008391926720076,15.483587140302259,5924,29779,0.9693097465544469,0,ok,
edm_5k,/mnt/pixstor/data/xggh8/zw-lab/e009_stage_b_edm5k_30000kimg/network-snapshot-028000.pkl,38ba5ecb803f6b7f6286397e014c7a6a110690be40bc3c9c215e62534a8cf7b9,28000,20049,f498a687c9df878a0e53fd550e821ffc604436a21309d16088c9345958bed7f0,11.392322386527807,12.602463393495677,29779,44302,0.90397583637557388,0,ok,
edm_5k,/mnt/pixstor/data/xggh8/zw-lab/e009_stage_b_edm5k_30000kimg/network-snapshot-028000.pkl,38ba5ecb803f6b7f6286397e014c7a6a110690be40bc3c9c215e62534a8cf7b9,28000,20050,2257adfbc30b7b633f993397bd1ca6691a7dcab74729d250ae4d833364ba821b,16.636072205224917,16.674769397545919,2782,40908,0.99767929670279587,0,ok,
edm_5k,/mnt/pixstor/data/xggh8/zw-lab/e009_stage_b_edm5k_30000kimg/network-snapshot-028000.pkl,38ba5ecb803f6b7f6286397e014c7a6a110690be40bc3c9c215e62534a8cf7b9,28000,20051,7c689cbbe8c15d1ae06a3d9beabda55705a5463d41eb2662abdc661563fb5944,14.756653782275869,15.667099388148404,8398,10551,0.94188805577111134,0,ok,
edm_5k,/mnt/pixstor/data/xggh8/zw-lab/e009_stage_b_edm5k_30000kimg/network-snapshot-028000.pkl,38ba5ecb803f6b7f6286397e014c7a6a110690be40bc3c9c215e62534a8cf7b9,28000,20052,5eb395c2cb461aa065f0b7f75dcd699c7a531a2ecae565a1a2d5e31b5bf5a298,13.023078092586479,13.642531149813481,32024,10551,0.95459397890138076,0,ok,
edm_5k,/mnt/pixstor/data/xggh8/zw-lab/e009_stage_b_edm5k_30000kimg/network-snapshot-028000.pkl,38ba5ecb803f6b7f6286397e014c7a6a110690be40bc3c9c215e62534a8cf7b9,28000,20053,e8927f2874305fd28627b8663eb1d88f0e73171bed8c51c6609eb5e735e7fcc4,9.862198843973772,9.9222552008781761,24779,44302,0.99394730777544515,0,ok,
edm_5k,/mnt/pixstor/data/xggh8/zw-lab/e009_stage_b_edm5k_30000kimg/network-snapshot-028000.pkl,38ba5ecb803f6b7f6286397e014c7a6a110690be40bc3c9c215e62534a8cf7b9,28000,20054,2096f8a9cd408f1f44b7e9877112c04d79161cc9e9ca567af1434e6e49990972,15.043648365837383,17.553180987644154,7346,30085,0.85703260146561155,0,ok,
edm_5k,/mnt/pixstor/data/xggh8/zw-lab/e009_stage_b_edm5k_30000kimg/network-snapshot-028000.pkl,38ba5ecb803f6b7f6286397e014c7a6a110690be40bc3c9c215e62534a8cf7b9,28000,20055,721d1e96bce63e2ea4d2b592d767051a4d3eccc31f0f578c2668b9c052d18667,15.019596895025837,15.126525920172586,32024,15904,0.99293102555662505,0,ok,
edm_5k,/mnt/pixstor/data/xggh8/zw-lab/e009_stage_b_edm5k_30000kimg/network-snapshot-028000.pkl,38ba5ecb803f6b7f6286397e014c7a6a110690be40bc3c9c215e62534a8cf7b9,28000,20056,11b19449fa85d5dc5c62ee0acb983c1cee361375d8b322dc89b693eee92848f0,16.418392177215484,16.947383652711679,31249,11207,0.96878624533813784,0,ok,
edm_5k,/mnt/pixstor/data/xggh8/zw-lab/e009_stage_b_edm5k_30000kimg/network-snapshot-028000.pkl,38ba5ecb803f6b7f6286397e014c7a6a110690be40bc3c9c215e62534a8cf7b9,28000,20057,48ccf17a76e9873413387145df1421e1c27ada9d2be94fea550139e6f0aec7a9,15.121921702383695,15.235456870826317,30786,35096,0.99254796430423919,0,ok,
edm_5k,/mnt/pixstor/data/xggh8/zw-lab/e009_stage_b_edm5k_30000kimg/network-snapshot-028000.pkl,38ba5ecb803f6b7f6286397e014c7a6a110690be40bc3c9c215e62534a8cf7b9,28000,20058,c3926cf53e8d1339410b4692189530457834149232a2f7549de481455f570c96,14.232603283934882,14.329384792738663,20051,31001,0.99324594110608122,0,ok,
edm_5k,/mnt/pixstor/data/xggh8/zw-lab/e009_stage_b_edm5k_30000kimg/network-snapshot-028000.pkl,38ba5ecb803f6b7f6286397e014c7a6a110690be40bc3c9c215e62534a8cf7b9,28000,20059,5c75a1ff594790a518f76c24f82c05af78cdd8965821222463d4c28e7400ea3c,14.367291608394803,19.658713181423266,46712,220,0.73083581187660573,0,ok,
edm_5k,/mnt/pixstor/data/xggh8/zw-lab/e009_stage_b_edm5k_30000kimg/network-snapshot-028000.pkl,38ba5ecb803f6b7f6286397e014c7a6a110690be40bc3c9c215e62534a8cf7b9,28000,20060,ffa3829f71144224d3ec2fb31f7b6b0238a235e8272b8b3ef9c987ce0c9b5ace,12.645122825237355,15.19211819818039,5924,29779,0.8323475805205296,0,ok,
edm_5k,/mnt/pixstor/data/xggh8/zw-lab/e009_stage_b_edm5k_30000kimg/network-snapshot-028000.pkl,38ba5ecb803f6b7f6286397e014c7a6a110690be40bc3c9c215e62534a8cf7b9,28000,20061,5658c110aae00429e72adfdd64c9107c7f43b0625f8e41f002ee775415f1aa2a,19.34775948823097,20.189697184375632,38324,27441,0.95829864665844422,0,ok,
edm_5k,/mnt/pixstor/data/xggh8/zw-lab/e009_stage_b_edm5k_30000kimg/network-snapshot-028000.pkl,38ba5ecb803f6b7f6286397e014c7a6a110690be40bc3c9c215e62534a8cf7b9,28000,20062,88d201b14ccd76aa80623e524d0fe3ed13a9ace733076045087e6df8071e5865,17.267767628699868,17.759669735546733,26590,31189,0.97230229423341685,0,ok,
edm_5k,/mnt/pixstor/data/xggh8/zw-lab/e009_stage_b_edm5k_30000kimg/network-snapshot-028000.pkl,38ba5ecb803f6b7f6286397e014c7a6a110690be40bc3c9c215e62534a8cf7b9,28000,20063,bbb0ce49b5f62f574d34643bfb5ce0b447b8aeb62dfe3deda33129bb9c63796d,15.197330618044429,15.251494751965858,39889,32953,0.99644860160906867,0,ok,
edm_5k,/mnt/pixstor/data/xggh8/zw-lab/e009_stage_b_edm5k_30000kimg/network-snapshot-028000.pkl,38ba5ecb803f6b7f6286397e014c7a6a110690be40bc3c9c215e62534a8cf7b9,28000,20064,33a74af30f2d2386ff08f81fde7a4e6bbe4cfc9c0ac12a32208fc02b63ba8ec8,9.1940768592284545,10.092613600141094,16683,20051,0.91097085685514823,0,ok,
edm_5k,/mnt/pixstor/data/xggh8/zw-lab/e009_stage_b_edm5k_30000kimg/network-snapshot-028000.pkl,38ba5ecb803f6b7f6286397e014c7a6a110690be40bc3c9c215e62534a8cf7b9,28000,20065,b641fa8ae9bc64c666350e2828cf5eb2eb5d7becf83cce054fc5c80ab9b2fba1,14.709476271109216,15.62361268744267,36170,40529,0.94149007437516785,0,ok,
edm_5k,/mnt/pixstor/data/xggh8/zw-lab/e009_stage_b_edm5k_30000kimg/network-snapshot-028000.pkl,38ba5ecb803f6b7f6286397e014c7a6a110690be40bc3c9c215e62534a8cf7b9,28000,20066,4e365266698e9880764baad092c408ef6ea0e08cb98d3e8e0f7e0acc860bad36,18.121728200590947,18.569625017346851,32953,6230,0.97588013671048823,0,ok,
edm_5k,/mnt/pixstor/data/xggh8/zw-lab/e009_stage_b_edm5k_30000kimg/network-snapshot-028000.pkl,38ba5ecb803f6b7f6286397e014c7a6a110690be40bc3c9c215e62534a8cf7b9,28000,20067,106db384308337f41855fc006b167c52f8a1d20f0962dee8c02478226a41700d,19.393650689196505,19.684906275739539,1220,21934,0.98520411616579606,0,ok,
edm_5k,/mnt/pixstor/data/xggh8/zw-lab/e009_stage_b_edm5k_30000kimg/network-snapshot-028000.pkl,38ba5ecb803f6b7f6286397e014c7a6a110690be40bc3c9c215e62534a8cf7b9,28000,20068,62e0a63eafb218aea5a2a8739f77dd696eb858c18bc40ce7593b1abdd3d7c861,15.292561732301689,17.1095863605827,2567,7813,0.89380078571232457,0,ok,
edm_5k,/mnt/pixstor/data/xggh8/zw-lab/e009_stage_b_edm5k_30000kimg/network-snapshot-028000.pkl,38ba5ecb803f6b7f6286397e014c7a6a110690be40bc3c9c215e62534a8cf7b9,28000,20069,0dd579037fc30aa532e367cec09f2fa7b49c9430f010d04a1b78bb064f80a3b8,17.390255471001186,17.506522627679061,19545,47671,0.99335863785455325,0,ok,
edm_5k,/mnt/pixstor/data/xggh8/zw-lab/e009_stage_b_edm5k_30000kimg/network-snapshot-028000.pkl,38ba5ecb803f6b7f6286397e014c7a6a110690be40bc3c9c215e62534a8cf7b9,28000,20070,e99101d387840394e404168bb7ad4f11d290b03f83b958e1ffe00ec437fd8111,15.565420313860763,16.496303969383607,29437,37558,0.94357016836919816,0,ok,
edm_5k,/mnt/pixstor/data/xggh8/zw-lab/e009_stage_b_edm5k_30000kimg/network-snapshot-028000.pkl,38ba5ecb803f6b7f6286397e014c7a6a110690be40bc3c9c215e62534a8cf7b9,28000,20071,2f46ef2cbf14292bc46b7df54b8b47ffe0a047d166c23e963146fcb81c3ded3f,16.632953503026453,16.643486143231854,4283,1721,0.99936716141589821,0,ok,
edm_5k,/mnt/pixstor/data/xggh8/zw-lab/e009_stage_b_edm5k_30000kimg/network-snapshot-028000.pkl,38ba5ecb803f6b7f6286397e014c7a6a110690be40bc3c9c215e62534a8cf7b9,28000,20072,fe39fda3da3b11c981bf62b7e11745876d12fd6e30270fd1152592af23eff810,10.643822719973205,10.680901738210165,10551,7690,0.99652847492227059,0,ok,
edm_5k,/mnt/pixstor/data/xggh8/zw-lab/e009_stage_b_edm5k_30000kimg/network-snapshot-028000.pkl,38ba5ecb803f6b7f6286397e014c7a6a110690be40bc3c9c215e62534a8cf7b9,28000,20073,93ee42bb0caba9248c855da36ef6d490508c9874ea29cd2d19ba668ff664cb16,22.46325273091648,22.470067240442372,28921,22326,0.99969672945554755,0,ok,
edm_5k,/mnt/pixstor/data/xggh8/zw-lab/e009_stage_b_edm5k_30000kimg/network-snapshot-028000.pkl,38ba5ecb803f6b7f6286397e014c7a6a110690be40bc3c9c215e62534a8cf7b9,28000,20074,8d066a4e84d4fe847d5632da15561f211a96462a253c1e0e70146a855230d197,15.952532338780314,20.877343778312351,41603,11710,0.76410737439462995,0,ok,
edm_5k,/mnt/pixstor/data/xggh8/zw-lab/e009_stage_b_edm5k_30000kimg/network-snapshot-028000.pkl,38ba5ecb803f6b7f6286397e014c7a6a110690be40bc3c9c215e62534a8cf7b9,28000,20075,2b2755134a8aae0e9e2bc2529a26f225ce4f174df01ace2365ea3aedfd7e0ff7,13.058588270749507,19.610268066499103,36811,49860,0.66590564833011867,0,ok,
edm_5k,/mnt/pixstor/data/xggh8/zw-lab/e009_stage_b_edm5k_30000kimg/network-snapshot-028000.pkl,38ba5ecb803f6b7f6286397e014c7a6a110690be40bc3c9c215e62534a8cf7b9,28000,20076,ce08902b2ef7872b7ac6788fe8891e2e90e7780563e5142a285cacd019ea48c0,17.588359470297064,17.970062121615928,26750,11710,0.97875896873724666,0,ok,
edm_5k,/mnt/pixstor/data/xggh8/zw-lab/e009_stage_b_edm5k_30000kimg/network-snapshot-028000.pkl,38ba5ecb803f6b7f6286397e014c7a6a110690be40bc3c9c215e62534a8cf7b9,28000,20077,393c9143222219a2d8813a6d20594598fb782af78808ec12c1cf9eaf3c503ba6,18.852268523197584,19.917026398865858,34360,44542,0.94654031910461767,0,ok,
edm_5k,/mnt/pixstor/data/xggh8/zw-lab/e009_stage_b_edm5k_30000kimg/network-snapshot-028000.pkl,38ba5ecb803f6b7f6286397e014c7a6a110690be40bc3c9c215e62534a8cf7b9,28000,20078,e86b58976deb701d299e271190695ad46d9cfbfa268253f25ea353e006ef438b,12.091243468312326,12.2815493128633,19604,21934,0.98450473635670266,0,ok,
edm_5k,/mnt/pixstor/data/xggh8/zw-lab/e009_stage_b_edm5k_30000kimg/network-snapshot-028000.pkl,38ba5ecb803f6b7f6286397e014c7a6a110690be40bc3c9c215e62534a8cf7b9,28000,20079,c24b43adf4d3420da7e514ce21de8299e5e7159f3fe9303e5e5bd0633b7241b2,17.50786800378059,18.583074167922856,19923,7496,0.94214056541849078,0,ok,
edm_5k,/mnt/pixstor/data/xggh8/zw-lab/e009_stage_b_edm5k_30000kimg/network-snapshot-028000.pkl,38ba5ecb803f6b7f6286397e014c7a6a110690be40bc3c9c215e62534a8cf7b9,28000,20080,502fd5befbbcdb6d05adde653622ec7a302fe019975785e673a31ee7f4c23f0d,13.321971019213059,16.919610085663479,34696,22857,0.78736867763289575,0,ok,
edm_5k,/mnt/pixstor/data/xggh8/zw-lab/e009_stage_b_edm5k_30000kimg/network-snapshot-028000.pkl,38ba5ecb803f6b7f6286397e014c7a6a110690be40bc3c9c215e62534a8cf7b9,28000,20081,302430f1c70e6f56e0497b880aec44d07c12363b2140048b39ab843d65a294cd,11.747667295134853,12.794153631317277,11710,30786,0.91820589572874478,0,ok,
edm_5k,/mnt/pixstor/data/xggh8/zw-lab/e009_stage_b_edm5k_30000kimg/network-snapshot-028000.pkl,38ba5ecb803f6b7f6286397e014c7a6a110690be40bc3c9c215e62534a8cf7b9,28000,20082,40902b66e6d42ebb43e5e6ad09962cf15222f36ff36d94566877847ec130f328,25.97805788025369,26.867089139898848,43052,45102,0.96691002679836624,0,ok,
edm_5k,/mnt/pixstor/data/xggh8/zw-lab/e009_stage_b_edm5k_30000kimg/network-snapshot-028000.pkl,38ba5ecb803f6b7f6286397e014c7a6a110690be40bc3c9c215e62534a8cf7b9,28000,20083,f20fae5fdc14423afe294efcbaa8f3ddc46ab3d9800ae7fb4ad1fe9559b6571c,12.565699165604041,12.736061623468364,11207,29437,0.98662361545500055,0,ok,
edm_5k,/mnt/pixstor/data/xggh8/zw-lab/e009_stage_b_edm5k_30000kimg/network-snapshot-028000.pkl,38ba5ecb803f6b7f6286397e014c7a6a110690be40bc3c9c215e62534a8cf7b9,28000,20084,60363e959033612b5c6c6f8a222ce8ba51dc7b8c9011715a05fe0d855d6f5f75,16.588480376591008,16.65326315315458,7496,33571,0.99610990494969154,0,ok,
edm_5k,/mnt/pixstor/data/xggh8/zw-lab/e009_stage_b_edm5k_30000kimg/network-snapshot-028000.pkl,38ba5ecb803f6b7f6286397e014c7a6a110690be40bc3c9c215e62534a8cf7b9,28000,20085,af6f32585a215c4834b27bbabacf974877d5e4e0e456c682fe10c4eeb08970d2,14.57697765030461,14.711678466010785,3157,37558,0.99084395325676933,0,ok,
edm_5k,/mnt/pixstor/data/xggh8/zw-lab/e009_stage_b_edm5k_30000kimg/network-snapshot-028000.pkl,38ba5ecb803f6b7f6286397e014c7a6a110690be40bc3c9c215e62534a8cf7b9,28000,20086,83158abb4151916441e2d40bc9155195f31ea49c810d9eaa988c438b3d54d343,13.783123505735281,16.363733856786546,38154,31271,0.84229697368360668,0,ok,
edm_5k,/mnt/pixstor/data/xggh8/zw-lab/e009_stage_b_edm5k_30000kimg/network-snapshot-028000.pkl,38ba5ecb803f6b7f6286397e014c7a6a110690be40bc3c9c215e62534a8cf7b9,28000,20087,4f10c6edead2f41c0561822a5a1489d5c758b8f5fb62adc9cd66c7a2ab29ab9f,7.4656809187765187,8.3136298993175064,32024,13533,0.89800496403976338,0,ok,
edm_5k,/mnt/pixstor/data/xggh8/zw-lab/e009_stage_b_edm5k_30000kimg/network-snapshot-028000.pkl,38ba5ecb803f6b7f6286397e014c7a6a110690be40bc3c9c215e62534a8cf7b9,28000,20088,8bd8a13ec0da22d9eaee6962b7402996e48a290d23e7cae50f94ce168ec02855,12.250744789133893,15.454210266552989,7187,39915,0.79271244391230755,0,ok,
edm_5k,/mnt/pixstor/data/xggh8/zw-lab/e009_stage_b_edm5k_30000kimg/network-snapshot-028000.pkl,38ba5ecb803f6b7f6286397e014c7a6a110690be40bc3c9c215e62534a8cf7b9,28000,20089,876dce7a00d119a774b044def347c551ab3e25f210208fe8dd6c24de574f5c58,16.00393539295435,16.501845269413447,34315,37719,0.96982701823159223,0,ok,
edm_5k,/mnt/pixstor/data/xggh8/zw-lab/e009_stage_b_edm5k_30000kimg/network-snapshot-028000.pkl,38ba5ecb803f6b7f6286397e014c7a6a110690be40bc3c9c215e62534a8cf7b9,28000,20090,d33a7570ab32a560438bbf3f365573ff9673f95b4b0fa1b7a91acb63afdff4ae,17.640193797828022,18.367703202533743,26590,37803,0.96039192289401953,0,ok,
edm_5k,/mnt/pixstor/data/xggh8/zw-lab/e009_stage_b_edm5k_30000kimg/network-snapshot-028000.pkl,38ba5ecb803f6b7f6286397e014c7a6a110690be40bc3c9c215e62534a8cf7b9,28000,20091,805c458494ab0b0020d18f2cc931fa0188f7540c4a854f3506e2a4d40d18aa6e,18.804747787495213,19.41985542395604,9692,16683,0.96832583852802323,0,ok,
edm_5k,/mnt/pixstor/data/xggh8/zw-lab/e009_stage_b_edm5k_30000kimg/network-snapshot-028000.pkl,38ba5ecb803f6b7f6286397e014c7a6a110690be40bc3c9c215e62534a8cf7b9,28000,20092,93bfe8afceb67383bf79a3380fcd5a8f5d9e65a0ed243d0f741a24ca2386c979,11.091189700673553,11.970250855736367,29779,2595,0.9265628460374703,0,ok,
edm_5k,/mnt/pixstor/data/xggh8/zw-lab/e009_stage_b_edm5k_30000kimg/network-snapshot-028000.pkl,38ba5ecb803f6b7f6286397e014c7a6a110690be40bc3c9c215e62534a8cf7b9,28000,20093,e1ac0d4d01936e64189f3ad576ead0637723819c9446791ede6781d961ddd8dd,16.448162712776615,16.778040254909225,7187,39915,0.98033873222850987,0,ok,
edm_5k,/mnt/pixstor/data/xggh8/zw-lab/e009_stage_b_edm5k_30000kimg/network-snapshot-028000.pkl,38ba5ecb803f6b7f6286397e014c7a6a110690be40bc3c9c215e62534a8cf7b9,28000,20094,ff5bcfcdf3b5001ecb44609cdaa51fc5037312f52025f7e6875bde19d33e05fe,17.040411068562602,17.655122958030329,29779,12699,0.96518223685391391,0,ok,
edm_5k,/mnt/pixstor/data/xggh8/zw-lab/e009_stage_b_edm5k_30000kimg/network-snapshot-028000.pkl,38ba5ecb803f6b7f6286397e014c7a6a110690be40bc3c9c215e62534a8cf7b9,28000,20095,1fd401f359bac3d8be596b4ba39e0e79ffb7280f54aa4bde9bba102d7d6f7f74,21.080696609477066,21.892048263846736,38154,24507,0.96293852249039835,0,ok,
edm_5k,/mnt/pixstor/data/xggh8/zw-lab/e009_stage_b_edm5k_30000kimg/network-snapshot-028000.pkl,38ba5ecb803f6b7f6286397e014c7a6a110690be40bc3c9c215e62534a8cf7b9,28000,20096,139557c87f04e4fb17b1c59836709f8ab6fa8ab1feb84f9c24befd320c8dae5f,20.846485862321025,22.008062655116436,25486,13805,0.94722039776975242,0,ok,
edm_5k,/mnt/pixstor/data/xggh8/zw-lab/e009_stage_b_edm5k_30000kimg/network-snapshot-028000.pkl,38ba5ecb803f6b7f6286397e014c7a6a110690be40bc3c9c215e62534a8cf7b9,28000,20097,8039d13cf278a240e069ce84e8e27090a3b3d1ad860921ffd6d4254280b4ea18,18.444905550441383,19.414447002179184,34675,47886,0.95006082575367845,0,ok,
edm_5k,/mnt/pixstor/data/xggh8/zw-lab/e009_stage_b_edm5k_30000kimg/network-snapshot-028000.pkl,38ba5ecb803f6b7f6286397e014c7a6a110690be40bc3c9c215e62534a8cf7b9,28000,20098,b4cf174e4e495d5783a9a7506d0c7252c5a363ba3f53b7956c6a8ee8525dd09b,18.541051100703982,19.918821239220478,737,12277,0.93083073933091764,0,ok,
edm_5k,/mnt/pixstor/data/xggh8/zw-lab/e009_stage_b_edm5k_30000kimg/network-snapshot-028000.pkl,38ba5ecb803f6b7f6286397e014c7a6a110690be40bc3c9c215e62534a8cf7b9,28000,20099,b550921962d715d56cae055dd23db278a55ec947221eb853e38b82c97dbee065,20.12959089866488,20.335471887109975,26351,12699,0.98987577029989671,0,ok,
edm_5k,/mnt/pixstor/data/xggh8/zw-lab/e009_stage_b_edm5k_30000kimg/network-snapshot-028000.pkl,38ba5ecb803f6b7f6286397e014c7a6a110690be40bc3c9c215e62534a8cf7b9,28000,20100,7addf67bdffe58e4d663b27432b2b4306cc4226ae16366d29558763112b16792,13.426982236902095,15.630919457094526,1220,21934,0.85900143454503486,0,ok,
edm_5k,/mnt/pixstor/data/xggh8/zw-lab/e009_stage_b_edm5k_30000kimg/network-snapshot-028000.pkl,38ba5ecb803f6b7f6286397e014c7a6a110690be40bc3c9c215e62534a8cf7b9,28000,20101,8354e4651a530e4e3451841474d348893b2c49ffe263c9f62c81d66cabe8b262,13.983671286875984,15.938226032970851,21934,19604,0.87736685738729336,0,ok,
edm_5k,/mnt/pixstor/data/xggh8/zw-lab/e009_stage_b_edm5k_30000kimg/network-snapshot-028000.pkl,38ba5ecb803f6b7f6286397e014c7a6a110690be40bc3c9c215e62534a8cf7b9,28000,20102,e6b1563da4b0359f12a58853e761ecd1f873b3c1d9819fde883dc49d94c74950,16.617861888566544,16.885045089142402,9332,11710,0.98417634071065263,0,ok,
edm_5k,/mnt/pixstor/data/xggh8/zw-lab/e009_stage_b_edm5k_30000kimg/network-snapshot-028000.pkl,38ba5ecb803f6b7f6286397e014c7a6a110690be40bc3c9c215e62534a8cf7b9,28000,20103,26dd50e2c93ca040b227be4bab9921453202292fe1922b58658d5aa8298773ab,11.470444255791351,13.166695410244623,7690,44302,0.87117107963677298,0,ok,
edm_5k,/mnt/pixstor/data/xggh8/zw-lab/e009_stage_b_edm5k_30000kimg/network-snapshot-028000.pkl,38ba5ecb803f6b7f6286397e014c7a6a110690be40bc3c9c215e62534a8cf7b9,28000,20104,4d7991f1b0a342ecad3f32fc1b27bea105b1438f85823ddbb5ca3d9cd5a36a9e,14.737081087547576,15.436861785367212,2567,1276,0.95466820215473025,0,ok,
edm_5k,/mnt/pixstor/data/xggh8/zw-lab/e009_stage_b_edm5k_30000kimg/network-snapshot-028000.pkl,38ba5ecb803f6b7f6286397e014c7a6a110690be40bc3c9c215e62534a8cf7b9,28000,20105,7a8a13fe077c00077ac7ac42e0cfa0e6c7b7610c8c256f93823cc5d9e5bdb281,11.00966314094828,15.004624141283537,12277,2616,0.73375134473754855,0,ok,
edm_5k,/mnt/pixstor/data/xggh8/zw-lab/e009_stage_b_edm5k_30000kimg/network-snapshot-028000.pkl,38ba5ecb803f6b7f6286397e014c7a6a110690be40bc3c9c215e62534a8cf7b9,28000,20106,204741cf66cd867c32c8627e5b0c01f9b5f447fc97777856697f9938819ffdd4,17.32924129224638,17.625675187157817,2567,7813,0.98318169989156379,0,ok,
edm_5k,/mnt/pixstor/data/xggh8/zw-lab/e009_stage_b_edm5k_30000kimg/network-snapshot-028000.pkl,38ba5ecb803f6b7f6286397e014c7a6a110690be40bc3c9c215e62534a8cf7b9,28000,20107,cb86d19f2ca31989a6bcb1f15fe77c2953c36641ebe393b901da03d240769a2a,17.468882781304707,18.1846947454464,11830,46008,0.96063656969986044,0,ok,
edm_5k,/mnt/pixstor/data/xggh8/zw-lab/e009_stage_b_edm5k_30000kimg/network-snapshot-028000.pkl,38ba5ecb803f6b7f6286397e014c7a6a110690be40bc3c9c215e62534a8cf7b9,28000,20108,8dea5b620e8474ef7554ab1ccec6d7582b9b0ff8f45e0d7d63d6e26e5f30157b,19.737397299057392,20.050452687669505,832,7107,0.98438661742512013,0,ok,
edm_5k,/mnt/pixstor/data/xggh8/zw-lab/e009_stage_b_edm5k_30000kimg/network-snapshot-028000.pkl,38ba5ecb803f6b7f6286397e014c7a6a110690be40bc3c9c215e62534a8cf7b9,28000,20109,b45658a514f722adb76ccc7122bcdd51af6addd713071b9d45535abdc7db9d3e,11.528569120543658,12.013758687897102,10551,32953,0.95961384110018511,0,ok,
edm_5k,/mnt/pixstor/data/xggh8/zw-lab/e009_stage_b_edm5k_30000kimg/network-snapshot-028000.pkl,38ba5ecb803f6b7f6286397e014c7a6a110690be40bc3c9c215e62534a8cf7b9,28000,20110,206275c68bbe08279ffa624b38daac2d62d1a9c7b9d05aa0ec21fa8b840570c6,12.711651935464809,13.211609249744983,44302,16683,0.96215772773556529,0,ok,
edm_5k,/mnt/pixstor/data/xggh8/zw-lab/e009_stage_b_edm5k_30000kimg/network-snapshot-028000.pkl,38ba5ecb803f6b7f6286397e014c7a6a110690be40bc3c9c215e62534a8cf7b9,28000,20111,575a6a1dd6497067578ce325d98907d34657c5768cbf3b25aa6617a9f3a3ab82,13.80524804838462,14.127519078817762,10551,13533,0.97718842008740636,0,ok,
edm_5k,/mnt/pixstor/data/xggh8/zw-lab/e009_stage_b_edm5k_30000kimg/network-snapshot-028000.pkl,38ba5ecb803f6b7f6286397e014c7a6a110690be40bc3c9c215e62534a8cf7b9,28000,20112,f5100d84fd7c7dabcdac7d74b297958df2e874511c8592eff7357bff8dfb4e93,19.804402543770404,20.508667481264947,13919,25969,0.96566013183753152,0,ok,
edm_5k,/mnt/pixstor/data/xggh8/zw-lab/e009_stage_b_edm5k_30000kimg/network-snapshot-028000.pkl,38ba5ecb803f6b7f6286397e014c7a6a110690be40bc3c9c215e62534a8cf7b9,28000,20113,342729b83e00c17efd149db974335a46446a959a5f71b732a1f9f82758063165,19.339993039263888,21.015921742963325,47886,47045,0.92025433268181156,0,ok,
edm_5k,/mnt/pixstor/data/xggh8/zw-lab/e009_stage_b_edm5k_30000kimg/network-snapshot-028000.pkl,38ba5ecb803f6b7f6286397e014c7a6a110690be40bc3c9c215e62534a8cf7b9,28000,20114,6bc936af9cb5432dcb7f59214ddd25b777f216fe16ae15cb4773a6c53ce5bf8e,12.636168264576776,13.829218067374656,31572,26376,0.91372977148921564,0,ok,
edm_5k,/mnt/pixstor/data/xggh8/zw-lab/e009_stage_b_edm5k_30000kimg/network-snapshot-028000.pkl,38ba5ecb803f6b7f6286397e014c7a6a110690be40bc3c9c215e62534a8cf7b9,28000,20115,dd37aa882a65fba3ddabdd632394c7b99ed9d65b727de1144480a2439a962127,12.582271808146672,14.511127140241795,21934,38676,0.86707749760209296,0,ok,
edm_5k,/mnt/pixstor/data/xggh8/zw-lab/e009_stage_b_edm5k_30000kimg/network-snapshot-028000.pkl,38ba5ecb803f6b7f6286397e014c7a6a110690be40bc3c9c215e62534a8cf7b9,28000,20116,866473d8f53491d9e22df3d07518da7f1796da98f454d88e8a38a6f8005044a5,14.145812103785607,15.089897107524529,737,12277,0.93743595486359166,0,ok,
edm_5k,/mnt/pixstor/data/xggh8/zw-lab/e009_stage_b_edm5k_30000kimg/network-snapshot-028000.pkl,38ba5ecb803f6b7f6286397e014c7a6a110690be40bc3c9c215e62534a8cf7b9,28000,20117,9052ba24fd3175aa495a31393a444a01ee026b909775859ac39ee40aa2544889,20.163578803791882,27.268732255554028,17938,42837,0.73943953883976454,0,ok,
edm_5k,/mnt/pixstor/data/xggh8/zw-lab/e009_stage_b_edm5k_30000kimg/network-snapshot-028000.pkl,38ba5ecb803f6b7f6286397e014c7a6a110690be40bc3c9c215e62534a8cf7b9,28000,20118,166babe07bf64a81ad48dc9552e1184eabb27e4f3c32f4f2a3d9d57fd6117714,15.290702558527538,15.768646651884518,2567,39913,0.96969022745526101,0,ok,
edm_5k,/mnt/pixstor/data/xggh8/zw-lab/e009_stage_b_edm5k_30000kimg/network-snapshot-028000.pkl,38ba5ecb803f6b7f6286397e014c7a6a110690be40bc3c9c215e62534a8cf7b9,28000,20119,018ac159519dc10735e8bf853aac8a1bdd44b21da9d847b36eb5be3389326888,20.360787538172616,20.380836667068895,6525,14410,0.99901627547368188,0,ok,
edm_5k,/mnt/pixstor/data/xggh8/zw-lab/e009_stage_b_edm5k_30000kimg/network-snapshot-028000.pkl,38ba5ecb803f6b7f6286397e014c7a6a110690be40bc3c9c215e62534a8cf7b9,28000,20120,70f870026ca5bb0eab8e7102c144dfd2c10a8117f2d619c5fe77c0a300058eed,18.24324448412446,18.914845328480393,40529,36170,0.96449345301572775,0,ok,
edm_5k,/mnt/pixstor/data/xggh8/zw-lab/e009_stage_b_edm5k_30000kimg/network-snapshot-028000.pkl,38ba5ecb803f6b7f6286397e014c7a6a110690be40bc3c9c215e62534a8cf7b9,28000,20121,14e7c4888a52876674f1bb11a469c026fd3a1420fb778fccd24e3c3f203929e0,16.565102169635097,18.896392923784965,9841,46960,0.87662773717964637,0,ok,
edm_5k,/mnt/pixstor/data/xggh8/zw-lab/e009_stage_b_edm5k_30000kimg/network-snapshot-028000.pkl,38ba5ecb803f6b7f6286397e014c7a6a110690be40bc3c9c215e62534a8cf7b9,28000,20122,c01a7f90a0a59cece5eb4fbd4546053641bb7d29395884d35c87ead84d1dea79,13.891357489555757,14.35891320687943,11207,31249,0.96743794529660754,0,ok,
edm_5k,/mnt/pixstor/data/xggh8/zw-lab/e009_stage_b_edm5k_30000kimg/network-snapshot-028000.pkl,38ba5ecb803f6b7f6286397e014c7a6a110690be40bc3c9c215e62534a8cf7b9,28000,20123,e1bb7585280a58986c798825a4204c2f6dc65e4bbc09c08e935bbfb560002b6d,15.480214320196708,17.353766969452678,49665,32069,0.892037696913072,0,ok,
edm_5k,/mnt/pixstor/data/xggh8/zw-lab/e009_stage_b_edm5k_30000kimg/network-snapshot-028000.pkl,38ba5ecb803f6b7f6286397e014c7a6a110690be40bc3c9c215e62534a8cf7b9,28000,20124,7108dea1d769ab5b61f125437da1097e2196a4020fd394d8dda76352d7a1ab45,18.547412875518596,19.26398609097652,39915,7187,0.9628024432703689,0,ok,
edm_5k,/mnt/pixstor/data/xggh8/zw-lab/e009_stage_b_edm5k_30000kimg/network-snapshot-028000.pkl,38ba5ecb803f6b7f6286397e014c7a6a110690be40bc3c9c215e62534a8cf7b9,28000,20125,9f48a40cd3f75dea0e4e6545862d31eb03d50fb433664edaaab4c57ccce78aec,12.202315789152527,13.101481745751052,39006,786,0.93136914022033168,0,ok,
edm_5k,/mnt/pixstor/data/xggh8/zw-lab/e009_stage_b_edm5k_30000kimg/network-snapshot-028000.pkl,38ba5ecb803f6b7f6286397e014c7a6a110690be40bc3c9c215e62534a8cf7b9,28000,20126,d0be5d129efc49147e09ab4f57904611bf69c09b597170e9ca840abd21bce7eb,18.325660563174797,20.689517313170747,39199,30132,0.88574616245439708,0,ok,
edm_5k,/mnt/pixstor/data/xggh8/zw-lab/e009_stage_b_edm5k_30000kimg/network-snapshot-028000.pkl,38ba5ecb803f6b7f6286397e014c7a6a110690be40bc3c9c215e62534a8cf7b9,28000,20127,514dd5bc45697ad1a5cce03504925932b7cae96cf0f9573ff2515f8c8126b131,16.372757461332345,16.426221957608359,40529,12300,0.99674517388027561,0,ok,
edm_5k,/mnt/pixstor/data/xggh8/zw-lab/e009_stage_b_edm5k_30000kimg/network-snapshot-029000.pkl,c6b73732d9410dc283bf2b5f2ddbf5c2b0283fd3294a7c732a2799cbe2b376e4,29000,20000,1c6f569ca3cb1771805a2df8889fc5f94e2014d647b9f39f388f32a17607ec7f,11.095192222047903,12.48759870553762,22857,29779,0.88849685865768135,0,ok,
edm_5k,/mnt/pixstor/data/xggh8/zw-lab/e009_stage_b_edm5k_30000kimg/network-snapshot-029000.pkl,c6b73732d9410dc283bf2b5f2ddbf5c2b0283fd3294a7c732a2799cbe2b376e4,29000,20001,f3c83e1aea971eb2aae6221c3d08b975ef091fa4ff901fd5e34b2cb6300f4ebe,9.8502314903875501,11.168212005299702,44302,24779,0.88198822566345225,0,ok,
edm_5k,/mnt/pixstor/data/xggh8/zw-lab/e009_stage_b_edm5k_30000kimg/network-snapshot-029000.pkl,c6b73732d9410dc283bf2b5f2ddbf5c2b0283fd3294a7c732a2799cbe2b376e4,29000,20002,5a9bbb40dad68b95d0d0e90861ce67d15a5ea04c20ea3e99c29ffadfbcf5f77d,18.750380598332953,19.401768987860592,41973,10551,0.96642634030251551,0,ok,
edm_5k,/mnt/pixstor/data/xggh8/zw-lab/e009_stage_b_edm5k_30000kimg/network-snapshot-029000.pkl,c6b73732d9410dc283bf2b5f2ddbf5c2b0283fd3294a7c732a2799cbe2b376e4,29000,20003,dfd08c622edbf8487b9b8f40adb29ba04c35efbb14657a9ea8ea0d8fdfd7140d,16.251044607582834,19.906644816944048,33343,13435,0.81636281538264766,0,ok,
edm_5k,/mnt/pixstor/data/xggh8/zw-lab/e009_stage_b_edm5k_30000kimg/network-snapshot-029000.pkl,c6b73732d9410dc283bf2b5f2ddbf5c2b0283fd3294a7c732a2799cbe2b376e4,29000,20004,d89ab080190f0c9b26659fc537b8b0cc3a50aaf321d912c76ccd50ac76819e94,13.32924210131166,15.371707423790399,47886,29779,0.86712827234028234,0,ok,
edm_5k,/mnt/pixstor/data/xggh8/zw-lab/e009_stage_b_edm5k_30000kimg/network-snapshot-029000.pkl,c6b73732d9410dc283bf2b5f2ddbf5c2b0283fd3294a7c732a2799cbe2b376e4,29000,20005,63befc72f633e8e94bfd1c9211953e37984557f964b3fcfcdd9c6b9f5e8770eb,10.63725962319001,20.206262142502879,7672,4706,0.52643381285324697,0,ok,
edm_5k,/mnt/pixstor/data/xggh8/zw-lab/e009_stage_b_edm5k_30000kimg/network-snapshot-029000.pkl,c6b73732d9410dc283bf2b5f2ddbf5c2b0283fd3294a7c732a2799cbe2b376e4,29000,20006,b51f1649634096cb8854155bdd5202c2e1833c645ea83f2a1e64e856dd4a62e0,10.822052582082151,14.486581607684668,21934,17844,0.74703976929529037,0,ok,
edm_5k,/mnt/pixstor/data/xggh8/zw-lab/e009_stage_b_edm5k_30000kimg/network-snapshot-029000.pkl,c6b73732d9410dc283bf2b5f2ddbf5c2b0283fd3294a7c732a2799cbe2b376e4,29000,20007,c68cc4179ca6b4341088e5dd8b91456b3b25dec63487952d0f842687892fee8b,23.189101661217084,23.991972375087343,34035,5517,0.96653586035702754,0,ok,
edm_5k,/mnt/pixstor/data/xggh8/zw-lab/e009_stage_b_edm5k_30000kimg/network-snapshot-029000.pkl,c6b73732d9410dc283bf2b5f2ddbf5c2b0283fd3294a7c732a2799cbe2b376e4,29000,20008,edf14d3823404b1f44e0b1a0ff2ef2e8dbdfdfaefb39f2c3041ba3723f2d543c,24.8495098804155,25.295092739586128,38456,30085,0.98238461255082477,0,ok,
edm_5k,/mnt/pixstor/data/xggh8/zw-lab/e009_stage_b_edm5k_30000kimg/network-snapshot-029000.pkl,c6b73732d9410dc283bf2b5f2ddbf5c2b0283fd3294a7c732a2799cbe2b376e4,29000,20009,b9cdf7c6bac7cf50df9a7a6cd5bb88f3a8913515832c82ba99036c2385ec44ca,12.757225005987756,14.874445032328863,5924,22857,0.8576605700757618,0,ok,
edm_5k,/mnt/pixstor/data/xggh8/zw-lab/e009_stage_b_edm5k_30000kimg/network-snapshot-029000.pkl,c6b73732d9410dc283bf2b5f2ddbf5c2b0283fd3294a7c732a2799cbe2b376e4,29000,20010,0680d5fa20851dab01035db5e2cfd56754cc53f8dc1a244ab320013b9d9ae42d,14.564161385390383,14.611808913589922,29779,9692,0.99673910817741229,0,ok,
edm_5k,/mnt/pixstor/data/xggh8/zw-lab/e009_stage_b_edm5k_30000kimg/network-snapshot-029000.pkl,c6b73732d9410dc283bf2b5f2ddbf5c2b0283fd3294a7c732a2799cbe2b376e4,29000,20011,c22f362d8e4f7930097089ec79989b432379c1dd2bfc1cc768b2b70d1a910626,14.106163569215239,23.142709910144827,30616,41057,0.60952946409407605,0,ok,
edm_5k,/mnt/pixstor/data/xggh8/zw-lab/e009_stage_b_edm5k_30000kimg/network-snapshot-029000.pkl,c6b73732d9410dc283bf2b5f2ddbf5c2b0283fd3294a7c732a2799cbe2b376e4,29000,20012,abab2429a81f53f4b43810c53c23663aa8f8d0b95bf2a9d7ff4549ee6aa5496c,15.453914238626812,16.600012040732228,1276,32953,0.93095801380787058,0,ok,
edm_5k,/mnt/pixstor/data/xggh8/zw-lab/e009_stage_b_edm5k_30000kimg/network-snapshot-029000.pkl,c6b73732d9410dc283bf2b5f2ddbf5c2b0283fd3294a7c732a2799cbe2b376e4,29000,20013,d5e1cea6c28e6cad25bc0c2c8c3c586c0bd2493880ac61640389e6a1f867c891,17.520915267204746,18.621189127641614,33343,34315,0.94091280353285267,0,ok,
edm_5k,/mnt/pixstor/data/xggh8/zw-lab/e009_stage_b_edm5k_30000kimg/network-snapshot-029000.pkl,c6b73732d9410dc283bf2b5f2ddbf5c2b0283fd3294a7c732a2799cbe2b376e4,29000,20014,f3d828f407a0e84a7b03588dda23ed8784a68541934e1450a47b2b007797207b,13.020351881623611,14.732189323928406,48613,38676,0.8838029158691042,0,ok,
edm_5k,/mnt/pixstor/data/xggh8/zw-lab/e009_stage_b_edm5k_30000kimg/network-snapshot-029000.pkl,c6b73732d9410dc283bf2b5f2ddbf5c2b0283fd3294a7c732a2799cbe2b376e4,29000,20015,0c44452f9b5d0cb3d7e88b0fcb4170ef99c25cd3183159b6e11411da63173faf,17.29124382172321,18.998198246422451,12699,31001,0.91015177320719465,0,ok,
edm_5k,/mnt/pixstor/data/xggh8/zw-lab/e009_stage_b_edm5k_30000kimg/network-snapshot-029000.pkl,c6b73732d9410dc283bf2b5f2ddbf5c2b0283fd3294a7c732a2799cbe2b376e4,29000,20016,043eff9714a5ec4510e3bee701eb958eab93001b5a13cb8d827c6b9a070d0aa1,16.915374036008686,17.812312227812004,14062,20051,0.94964504437538177,0,ok,
edm_5k,/mnt/pixstor/data/xggh8/zw-lab/e009_stage_b_edm5k_30000kimg/network-snapshot-029000.pkl,c6b73732d9410dc283bf2b5f2ddbf5c2b0283fd3294a7c732a2799cbe2b376e4,29000,20017,1a930766843deb40813cba30bf0bf9b59411f53a04776eae84a2c2906b3e9f41,17.535581218766513,21.43663912758678,22870,30085,0.8180191453706005,0,ok,
edm_5k,/mnt/pixstor/data/xggh8/zw-lab/e009_stage_b_edm5k_30000kimg/network-snapshot-029000.pkl,c6b73732d9410dc283bf2b5f2ddbf5c2b0283fd3294a7c732a2799cbe2b376e4,29000,20018,2123e733b553d4461413d4b8e10def742287a6682d63c780698e0c59b211962d,15.347717006667652,16.451523264564944,13186,13435,0.9329055285552319,0,ok,
edm_5k,/mnt/pixstor/data/xggh8/zw-lab/e009_stage_b_edm5k_30000kimg/network-snapshot-029000.pkl,c6b73732d9410dc283bf2b5f2ddbf5c2b0283fd3294a7c732a2799cbe2b376e4,29000,20019,a211277f518900266f9382a93351efd08ce8800eb236075418da57e4a2e91afd,16.433252885549894,16.449123661551408,35588,13535,0.99903515978552648,0,ok,
edm_5k,/mnt/pixstor/data/xggh8/zw-lab/e009_stage_b_edm5k_30000kimg/network-snapshot-029000.pkl,c6b73732d9410dc283bf2b5f2ddbf5c2b0283fd3294a7c732a2799cbe2b376e4,29000,20020,666659fff3adde9c082f2be3ec552fd8e7b4e9a562258c678f08c08e35b655f6,12.965985903263089,16.25997881806045,9692,47886,0.79741714600890967,0,ok,
edm_5k,/mnt/pixstor/data/xggh8/zw-lab/e009_stage_b_edm5k_30000kimg/network-snapshot-029000.pkl,c6b73732d9410dc283bf2b5f2ddbf5c2b0283fd3294a7c732a2799cbe2b376e4,29000,20021,c4b20982fb61a3fea80601a29c198f1c8550e32538721c0868fcac17fe7976f8,18.524286003662297,18.867947278583028,19545,40908,0.9817859743910341,0,ok,
edm_5k,/mnt/pixstor/data/xggh8/zw-lab/e009_stage_b_edm5k_30000kimg/network-snapshot-029000.pkl,c6b73732d9410dc283bf2b5f2ddbf5c2b0283fd3294a7c732a2799cbe2b376e4,29000,20022,136feda57497784d0ac1cdc700a21fc0b6765857e9d86de2c6fcfc1b1821d4f4,10.647709100759245,11.92755884507603,29779,12699,0.89269809850109139,0,ok,
edm_5k,/mnt/pixstor/data/xggh8/zw-lab/e009_stage_b_edm5k_30000kimg/network-snapshot-029000.pkl,c6b73732d9410dc283bf2b5f2ddbf5c2b0283fd3294a7c732a2799cbe2b376e4,29000,20023,8ea32b4d788c346aa20b199793d5458e3b1596321cab14c6e634b7e442f86dbb,16.560477586373285,16.564455812042151,45385,2567,0.99975983360310727,0,ok,
edm_5k,/mnt/pixstor/data/xggh8/zw-lab/e009_stage_b_edm5k_30000kimg/network-snapshot-029000.pkl,c6b73732d9410dc283bf2b5f2ddbf5c2b0283fd3294a7c732a2799cbe2b376e4,29000,20024,ae09537a2f1b1ef198cc385a50b9c15d8209d9e9722c5f5ae261c339f9449608,14.796013812072157,17.182730216784467,40136,26140,0.86109795273507161,0,ok,
edm_5k,/mnt/pixstor/data/xggh8/zw-lab/e009_stage_b_edm5k_30000kimg/network-snapshot-029000.pkl,c6b73732d9410dc283bf2b5f2ddbf5c2b0283fd3294a7c732a2799cbe2b376e4,29000,20025,b52e9820af4e65fb56967e2722b9094e6698b45725e02bc772b3bd76bcbce4c0,11.649068867710524,12.644627380448229,30786,45494,0.921266283079477,0,ok,
edm_5k,/mnt/pixstor/data/xggh8/zw-lab/e009_stage_b_edm5k_30000kimg/network-snapshot-029000.pkl,c6b73732d9410dc283bf2b5f2ddbf5c2b0283fd3294a7c732a2799cbe2b376e4,29000,20026,e81abb7862ec07be7c74366e5194c8bdeda10afdfa71525e5518c781581b9bd9,15.023782309598802,15.768976750288127,11830,9692,0.95274300593564454,0,ok,
edm_5k,/mnt/pixstor/data/xggh8/zw-lab/e009_stage_b_edm5k_30000kimg/network-snapshot-029000.pkl,c6b73732d9410dc283bf2b5f2ddbf5c2b0283fd3294a7c732a2799cbe2b376e4,29000,20027,ec025b1de3605dcf876680c59f1675da3536cb22b835e1acc07ae725b2a189dd,13.792209814776017,14.069267991282763,39913,12699,0.98030756279016018,0,ok,
edm_5k,/mnt/pixstor/data/xggh8/zw-lab/e009_stage_b_edm5k_30000kimg/network-snapshot-029000.pkl,c6b73732d9410dc283bf2b5f2ddbf5c2b0283fd3294a7c732a2799cbe2b376e4,29000,20028,5a78b79e1f18d970c3c3cd09131260465564226f6db0177c6a06467b12666bdf,15.938749061702964,17.357263256061579,43826,2782,0.91827546927000514,0,ok,
edm_5k,/mnt/pixstor/data/xggh8/zw-lab/e009_stage_b_edm5k_30000kimg/network-snapshot-029000.pkl,c6b73732d9410dc283bf2b5f2ddbf5c2b0283fd3294a7c732a2799cbe2b376e4,29000,20029,d0f58833b82ef5650280d7a844f9bbed20301dc6f47438b3d31ba2d63a41b485,11.282426665672597,13.555266104702202,28795,12699,0.8323279365027606,0,ok,
edm_5k,/mnt/pixstor/data/xggh8/zw-lab/e009_stage_b_edm5k_30000kimg/network-snapshot-029000.pkl,c6b73732d9410dc283bf2b5f2ddbf5c2b0283fd3294a7c732a2799cbe2b376e4,29000,20030,492b93f2c70369f5c472100afd88f9a2506d4c80b7ccdabc64f037b866afaacb,15.038070576507645,17.682725661267334,34315,38291,0.850438493735578,0,ok,
edm_5k,/mnt/pixstor/data/xggh8/zw-lab/e009_stage_b_edm5k_30000kimg/network-snapshot-029000.pkl,c6b73732d9410dc283bf2b5f2ddbf5c2b0283fd3294a7c732a2799cbe2b376e4,29000,20031,6811f887d4691cb7fcecfa467d29bfd5ccf2668cc26c1ee7026775cab76e434b,16.910559797167735,17.814048989525514,13435,19974,0.94928221018764347,0,ok,
edm_5k,/mnt/pixstor/data/xggh8/zw-lab/e009_stage_b_edm5k_30000kimg/network-snapshot-029000.pkl,c6b73732d9410dc283bf2b5f2ddbf5c2b0283fd3294a7c732a2799cbe2b376e4,29000,20032,311281c21ef6a9d1bc28a8a6047dc8678dab4721a10b4853e6c325ac30083eea,15.073374764443063,17.749077023191315,11207,29437,0.84924837188704949,0,ok,
edm_5k,/mnt/pixstor/data/xggh8/zw-lab/e009_stage_b_edm5k_30000kimg/network-snapshot-029000.pkl,c6b73732d9410dc283bf2b5f2ddbf5c2b0283fd3294a7c732a2799cbe2b376e4,29000,20033,96a1f6faf64b90252a0115cc3dc87e76bea2e629960d4c9bafeed7235b6fe468,13.158315480472563,13.944586815126579,30132,13435,0.94361458356004513,0,ok,
edm_5k,/mnt/pixstor/data/xggh8/zw-lab/e009_stage_b_edm5k_30000kimg/network-snapshot-029000.pkl,c6b73732d9410dc283bf2b5f2ddbf5c2b0283fd3294a7c732a2799cbe2b376e4,29000,20034,f2113fe352c4151819ec6aa9a9faef50e7c4fd4b585e44eaf70ae17a80373830,16.608526190754723,16.747697920401905,29437,37803,0.99169009792816698,0,ok,
edm_5k,/mnt/pixstor/data/xggh8/zw-lab/e009_stage_b_edm5k_30000kimg/network-snapshot-029000.pkl,c6b73732d9410dc283bf2b5f2ddbf5c2b0283fd3294a7c732a2799cbe2b376e4,29000,20035,4408887e4a92b5b555f3368c1d7b58c01b4c9e60af0ecbf49aa389b395f0ce93,12.449086683866335,12.905111665497095,20770,39913,0.96466322853679898,0,ok,
edm_5k,/mnt/pixstor/data/xggh8/zw-lab/e009_stage_b_edm5k_30000kimg/network-snapshot-029000.pkl,c6b73732d9410dc283bf2b5f2ddbf5c2b0283fd3294a7c732a2799cbe2b376e4,29000,20036,da1410ddefb3c3a2bafa6948edfe3ce760d2eaf36960ead71f3872bfc7e96525,14.580112921006778,15.967126444233312,15768,39915,0.91313317846697029,0,ok,
edm_5k,/mnt/pixstor/data/xggh8/zw-lab/e009_stage_b_edm5k_30000kimg/network-snapshot-029000.pkl,c6b73732d9410dc283bf2b5f2ddbf5c2b0283fd3294a7c732a2799cbe2b376e4,29000,20037,1a8db281e62c9d4a13bd06f348cd82d6adbde9bdb2c26022baf7091aef54744a,15.152334050708427,17.602370080242107,47550,22857,0.86081215095666364,0,ok,
edm_5k,/mnt/pixstor/data/xggh8/zw-lab/e009_stage_b_edm5k_30000kimg/network-snapshot-029000.pkl,c6b73732d9410dc283bf2b5f2ddbf5c2b0283fd3294a7c732a2799cbe2b376e4,29000,20038,7e88768c56f79811ece3d472e7dea1c2cff0e30cddeec887210d7e0d1235af91,12.762859179947203,12.88277487058769,4827,10551,0.99069178093655397,0,ok,
edm_5k,/mnt/pixstor/data/xggh8/zw-lab/e009_stage_b_edm5k_30000kimg/network-snapshot-029000.pkl,c6b73732d9410dc283bf2b5f2ddbf5c2b0283fd3294a7c732a2799cbe2b376e4,29000,20039,6d3db49ad75c1b57f4cc4e90b56a79c8946a74cca665aef7c8f12b2dfeb207ec,9.9000520903779385,10.745075848185165,16683,29779,0.92135711559914679,0,ok,
edm_5k,/mnt/pixstor/data/xggh8/zw-lab/e009_stage_b_edm5k_30000kimg/network-snapshot-029000.pkl,c6b73732d9410dc283bf2b5f2ddbf5c2b0283fd3294a7c732a2799cbe2b376e4,29000,20040,b842d3777138357f0cc779340ef7f31786e8260b08cbfc7425430665facbfd9f,9.5805374678405837,11.257696205571024,37719,26590,0.85102114081738356,0,ok,
edm_5k,/mnt/pixstor/data/xggh8/zw-lab/e009_stage_b_edm5k_30000kimg/network-snapshot-029000.pkl,c6b73732d9410dc283bf2b5f2ddbf5c2b0283fd3294a7c732a2799cbe2b376e4,29000,20041,967dc8a0fb83e335e534aa6a43971d766348b6223f9c4d6550da0283bf4c69bc,15.909468966318252,16.471234491639191,12699,29779,0.96589414560237785,0,ok,
edm_5k,/mnt/pixstor/data/xggh8/zw-lab/e009_stage_b_edm5k_30000kimg/network-snapshot-029000.pkl,c6b73732d9410dc283bf2b5f2ddbf5c2b0283fd3294a7c732a2799cbe2b376e4,29000,20042,8359034c690b7c3fda4dba72f1c837ecab045329ea0501e96cbf426d6df0f6b6,17.435757621530829,17.75377177456048,15768,29437,0.98208751598996358,0,ok,
edm_5k,/mnt/pixstor/data/xggh8/zw-lab/e009_stage_b_edm5k_30000kimg/network-snapshot-029000.pkl,c6b73732d9410dc283bf2b5f2ddbf5c2b0283fd3294a7c732a2799cbe2b376e4,29000,20043,935f9da3c010d584c11a66b4d8b67c23a4783756893819c6f34840088f6bd09d,16.532148294920454,16.768154579904955,2567,27642,0.98592532744972827,0,ok,
edm_5k,/mnt/pixstor/data/xggh8/zw-lab/e009_stage_b_edm5k_30000kimg/network-snapshot-029000.pkl,c6b73732d9410dc283bf2b5f2ddbf5c2b0283fd3294a7c732a2799cbe2b376e4,29000,20044,c744a84903d4fce2aa6994a40f522eea838827facccc135d76ff9adeceb35399,18.186746722694561,18.287057193727662,32953,16683,0.99451467395926851,0,ok,
edm_5k,/mnt/pixstor/data/xggh8/zw-lab/e009_stage_b_edm5k_30000kimg/network-snapshot-029000.pkl,c6b73732d9410dc283bf2b5f2ddbf5c2b0283fd3294a7c732a2799cbe2b376e4,29000,20045,b81d03487fa934736939d1cb3b868fc50aeef44b0e30d5fe713e4a2819d444d5,12.569145417786027,17.801921829227307,46725,29779,0.70605553368681384,0,ok,
edm_5k,/mnt/pixstor/data/xggh8/zw-lab/e009_stage_b_edm5k_30000kimg/network-snapshot-029000.pkl,c6b73732d9410dc283bf2b5f2ddbf5c2b0283fd3294a7c732a2799cbe2b376e4,29000,20046,569bab4f6ad0747a5eaec0b50ece66a3d97c1a975b853513d42fef8dd9e0b38a,19.453393907700185,19.63303176188742,16683,37603,0.99085022342112461,0,ok,
edm_5k,/mnt/pixstor/data/xggh8/zw-lab/e009_stage_b_edm5k_30000kimg/network-snapshot-029000.pkl,c6b73732d9410dc283bf2b5f2ddbf5c2b0283fd3294a7c732a2799cbe2b376e4,29000,20047,6786be027c7078b5864241d05a3659b3e5dec52893c4a28a21fea0acb62dadd9,19.074806239352711,20.915374413991309,25406,26351,0.91199927200885522,0,ok,
edm_5k,/mnt/pixstor/data/xggh8/zw-lab/e009_stage_b_edm5k_30000kimg/network-snapshot-029000.pkl,c6b73732d9410dc283bf2b5f2ddbf5c2b0283fd3294a7c732a2799cbe2b376e4,29000,20048,732f111f07bead80d2a3bae73e9dc70ba0542c6ee0c35e7990c56d9673d3b699,14.589085754909233,15.141547184900862,46725,29779,0.9635135416978694,0,ok,
edm_5k,/mnt/pixstor/data/xggh8/zw-lab/e009_stage_b_edm5k_30000kimg/network-snapshot-029000.pkl,c6b73732d9410dc283bf2b5f2ddbf5c2b0283fd3294a7c732a2799cbe2b376e4,29000,20049,cae6763d5667d6172e6fa9d28e17db87652602838d6c5f355b5969261bd80d01,11.815696182357671,13.012659981504012,29779,12699,0.90801544028294867,0,ok,
edm_5k,/mnt/pixstor/data/xggh8/zw-lab/e009_stage_b_edm5k_30000kimg/network-snapshot-029000.pkl,c6b73732d9410dc283bf2b5f2ddbf5c2b0283fd3294a7c732a2799cbe2b376e4,29000,20050,b10ed8546468589eb5a0c868c6bd6056608e63796bee81d06652662c21f5e53e,16.655579041246249,16.97789794753065,40908,2782,0.98101538204078553,0,ok,
edm_5k,/mnt/pixstor/data/xggh8/zw-lab/e009_stage_b_edm5k_30000kimg/network-snapshot-029000.pkl,c6b73732d9410dc283bf2b5f2ddbf5c2b0283fd3294a7c732a2799cbe2b376e4,29000,20051,01eaf0160997b7b4f1ae673b42b25cae94080984913f559b1f3846ac3ef7cb65,14.958639798667429,15.105017934337356,10551,8398,0.99030930407985984,0,ok,
edm_5k,/mnt/pixstor/data/xggh8/zw-lab/e009_stage_b_edm5k_30000kimg/network-snapshot-029000.pkl,c6b73732d9410dc283bf2b5f2ddbf5c2b0283fd3294a7c732a2799cbe2b376e4,29000,20052,3ab047e86046e7761bfdbd017edc558f9e7b240e93345ea62827bfc9647b2f40,12.805460094297537,13.351619135794717,32024,10551,0.95909417158006194,0,ok,
edm_5k,/mnt/pixstor/data/xggh8/zw-lab/e009_stage_b_edm5k_30000kimg/network-snapshot-029000.pkl,c6b73732d9410dc283bf2b5f2ddbf5c2b0283fd3294a7c732a2799cbe2b376e4,29000,20053,d6902bb329054b13a2d2877bbce92c0dd6fd08c57a8be0263bf7568208cba683,9.8919930301700916,10.273904691688413,44302,24779,0.9628270192318128,0,ok,
edm_5k,/mnt/pixstor/data/xggh8/zw-lab/e009_stage_b_edm5k_30000kimg/network-snapshot-029000.pkl,c6b73732d9410dc283bf2b5f2ddbf5c2b0283fd3294a7c732a2799cbe2b376e4,29000,20054,e27c55e2ae49d38931623d8cb20be4e72db799688a78733dccb784c4342506fb,15.298641503194073,16.897586886063056,7346,30085,0.905374335776443,0,ok,
edm_5k,/mnt/pixstor/data/xggh8/zw-lab/e009_stage_b_edm5k_30000kimg/network-snapshot-029000.pkl,c6b73732d9410dc283bf2b5f2ddbf5c2b0283fd3294a7c732a2799cbe2b376e4,29000,20055,b19019e590e0e30ea2c66300a2cdb905da4f521466f03599d61c0702e2982cc5,14.835008864662775,15.237533127361827,32024,15904,0.97358337079010226,0,ok,
edm_5k,/mnt/pixstor/data/xggh8/zw-lab/e009_stage_b_edm5k_30000kimg/network-snapshot-029000.pkl,c6b73732d9410dc283bf2b5f2ddbf5c2b0283fd3294a7c732a2799cbe2b376e4,29000,20056,05eb4fa52e82419966c1910339fa309131b1537539c1b8cff324257b8e537858,16.7604063650369,17.155098098005993,31249,11207,0.97699274403945435,0,ok,
edm_5k,/mnt/pixstor/data/xggh8/zw-lab/e009_stage_b_edm5k_30000kimg/network-snapshot-029000.pkl,c6b73732d9410dc283bf2b5f2ddbf5c2b0283fd3294a7c732a2799cbe2b376e4,29000,20057,0272019fcb2cf092c63670b84446443aa5c448c8b7f835a1a392b8df71dc5e40,15.315824719046196,16.232404015200313,30786,35096,0.94353397714252207,0,ok,
edm_5k,/mnt/pixstor/data/xggh8/zw-lab/e009_stage_b_edm5k_30000kimg/network-snapshot-029000.pkl,c6b73732d9410dc283bf2b5f2ddbf5c2b0283fd3294a7c732a2799cbe2b376e4,29000,20058,e50a0a883932416847a4e803e82c7818573950fcdced8768cb9f6deba46a80a7,14.477428989154088,14.566750882023758,31001,20051,0.99386809772521767,0,ok,
edm_5k,/mnt/pixstor/data/xggh8/zw-lab/e009_stage_b_edm5k_30000kimg/network-snapshot-029000.pkl,c6b73732d9410dc283bf2b5f2ddbf5c2b0283fd3294a7c732a2799cbe2b376e4,29000,20059,4285bcffe0ad9ffb835727db6a2af6b2bb8eb304dee3af46b7c8279068fe28fa,15.659758454975782,20.262114643756664,46712,220,0.77285903916257825,0,ok,
edm_5k,/mnt/pixstor/data/xggh8/zw-lab/e009_stage_b_edm5k_30000kimg/network-snapshot-029000.pkl,c6b73732d9410dc283bf2b5f2ddbf5c2b0283fd3294a7c732a2799cbe2b376e4,29000,20060,97af9553e8d43b8a2a6038c0b4e77f727c6e7bc2c3ac840f8dd04d0723dac6aa,13.02736287674993,14.902745006898918,5924,29779,0.87415861109608872,0,ok,
edm_5k,/mnt/pixstor/data/xggh8/zw-lab/e009_stage_b_edm5k_30000kimg/network-snapshot-029000.pkl,c6b73732d9410dc283bf2b5f2ddbf5c2b0283fd3294a7c732a2799cbe2b376e4,29000,20061,99a38e1f77efdd70610105209670b711c8b2e74d256b0b8621497179c07c7b74,18.794450332007742,19.107672469735178,27441,20770,0.98360752005648244,0,ok,
edm_5k,/mnt/pixstor/data/xggh8/zw-lab/e009_stage_b_edm5k_30000kimg/network-snapshot-029000.pkl,c6b73732d9410dc283bf2b5f2ddbf5c2b0283fd3294a7c732a2799cbe2b376e4,29000,20062,bae6619082b12d05d80852c4cf724dd717c1f58c00711a8a8196d4bd47663d34,17.560336043847489,17.794973734738488,26590,31189,0.98681438397220278,0,ok,
edm_5k,/mnt/pixstor/data/xggh8/zw-lab/e009_stage_b_edm5k_30000kimg/network-snapshot-029000.pkl,c6b73732d9410dc283bf2b5f2ddbf5c2b0283fd3294a7c732a2799cbe2b376e4,29000,20063,dc9075637783e0b62868d290494cb7353b3941c98d4c5776642917d1b6233bb6,14.691283118020287,15.02004183335325,32953,36170,0.978111997357895,0,ok,
edm_5k,/mnt/pixstor/data/xggh8/zw-lab/e009_stage_b_edm5k_30000kimg/network-snapshot-029000.pkl,c6b73732d9410dc283bf2b5f2ddbf5c2b0283fd3294a7c732a2799cbe2b376e4,29000,20064,f76c0cbee1b23f3674a8085f870c62beec703a2fcd30c7bdf1138de04a62f1b6,9.1918355820960578,10.164120396353852,16683,20051,0.90434147015745903,0,ok,
edm_5k,/mnt/pixstor/data/xggh8/zw-lab/e009_stage_b_edm5k_30000kimg/network-snapshot-029000.pkl,c6b73732d9410dc283bf2b5f2ddbf5c2b0283fd3294a7c732a2799cbe2b376e4,29000,20065,11d9820b63e4e147cc0a899c54e9ea2c126a85b825e48d784e2eee1b7743d961,14.698553954060303,15.43268908046851,36170,40529,0.95242986348132141,0,ok,
edm_5k,/mnt/pixstor/data/xggh8/zw-lab/e009_stage_b_edm5k_30000kimg/network-snapshot-029000.pkl,c6b73732d9410dc283bf2b5f2ddbf5c2b0283fd3294a7c732a2799cbe2b376e4,29000,20066,8573175e43dfcadefc013570ce231f026f244d158726232532943d4f5bcb09e1,19.049513136817254,19.691195745682833,32953,6230,0.96741271494361813,0,ok,
edm_5k,/mnt/pixstor/data/xggh8/zw-lab/e009_stage_b_edm5k_30000kimg/network-snapshot-029000.pkl,c6b73732d9410dc283bf2b5f2ddbf5c2b0283fd3294a7c732a2799cbe2b376e4,29000,20067,00f1d5b2a8d17782579c6cbdf00d4d4e4258568ffce43491276c705f846169af,19.431688955069962,19.914866234523693,1220,45385,0.97573785965902637,0,ok,
edm_5k,/mnt/pixstor/data/xggh8/zw-lab/e009_stage_b_edm5k_30000kimg/network-snapshot-029000.pkl,c6b73732d9410dc283bf2b5f2ddbf5c2b0283fd3294a7c732a2799cbe2b376e4,29000,20068,0dbb00c65fee628d0f33a84b627b0f3a6f276f534e172f2f1b836f7e9f647fc9,15.6760241501011,17.431397079430226,2567,7813,0.89929820763474322,0,ok,
edm_5k,/mnt/pixstor/data/xggh8/zw-lab/e009_stage_b_edm5k_30000kimg/network-snapshot-029000.pkl,c6b73732d9410dc283bf2b5f2ddbf5c2b0283fd3294a7c732a2799cbe2b376e4,29000,20069,f10e195fb547bc567672bc5ce5afcd413d4a732504615795e320d231b2522499,16.829118130484325,17.414056590639237,19545,47671,0.96640998281415136,0,ok,
edm_5k,/mnt/pixstor/data/xggh8/zw-lab/e009_stage_b_edm5k_30000kimg/network-snapshot-029000.pkl,c6b73732d9410dc283bf2b5f2ddbf5c2b0283fd3294a7c732a2799cbe2b376e4,29000,20070,9d338784f3250cbf60aab1fabc29058fdb2008ae3e89378ef043df982e24b12d,14.812272719791704,16.413179151536273,29437,37558,0.90246213625257821,0,ok,
edm_5k,/mnt/pixstor/data/xggh8/zw-lab/e009_stage_b_edm5k_30000kimg/network-snapshot-029000.pkl,c6b73732d9410dc283bf2b5f2ddbf5c2b0283fd3294a7c732a2799cbe2b376e4,29000,20071,e9511cc1762d3f221cc076dd2aa3651f22fbfae802990363f1ee18791e6fc0cb,16.784283493432369,17.181815947157943,4283,1721,0.97686318751474399,0,ok,
edm_5k,/mnt/pixstor/data/xggh8/zw-lab/e009_stage_b_edm5k_30000kimg/network-snapshot-029000.pkl,c6b73732d9410dc283bf2b5f2ddbf5c2b0283fd3294a7c732a2799cbe2b376e4,29000,20072,7dcb4d8d8d794e50c8af0dd13478a3b1279ade4f5cc2c5c0308fffe7ea82b353,10.447739393675796,10.666802527575852,10551,7690,0.9794630927746405,0,ok,
edm_5k,/mnt/pixstor/data/xggh8/zw-lab/e009_stage_b_edm5k_30000kimg/network-snapshot-029000.pkl,c6b73732d9410dc283bf2b5f2ddbf5c2b0283fd3294a7c732a2799cbe2b376e4,29000,20073,a3c999e4e6f42e999c774e3232a8f1fe5428ce04c3b749e9ceffbd59b391b7ec,22.347227441722289,22.465621136041861,3157,22326,0.99473000574510573,0,ok,
edm_5k,/mnt/pixstor/data/xggh8/zw-lab/e009_stage_b_edm5k_30000kimg/network-snapshot-029000.pkl,c6b73732d9410dc283bf2b5f2ddbf5c2b0283fd3294a7c732a2799cbe2b376e4,29000,20074,402dc4739449a95e98b62fe51fac09a6c1ccfbb442cadd4f2db512a13f252a82,17.197736622692229,20.645762297467808,41603,42837,0.8329911182209786,0,ok,
edm_5k,/mnt/pixstor/data/xggh8/zw-lab/e009_stage_b_edm5k_30000kimg/network-snapshot-029000.pkl,c6b73732d9410dc283bf2b5f2ddbf5c2b0283fd3294a7c732a2799cbe2b376e4,29000,20075,70d21d4f7157aabd52711390ff8fb666e596f002b7577821019eda7ecc552e76,15.662735103180552,18.291436685102688,36811,49860,0.85628785605107438,0,ok,
edm_5k,/mnt/pixstor/data/xggh8/zw-lab/e009_stage_b_edm5k_30000kimg/network-snapshot-029000.pkl,c6b73732d9410dc283bf2b5f2ddbf5c2b0283fd3294a7c732a2799cbe2b376e4,29000,20076,e0e3cf5e72660fabdcb7bdf6ff2d6857c8df2e7a5e6d57e268486ebbb8ca2f08,18.217407639029656,19.446495745934413,26750,43951,0.93679642219541182,0,ok,
edm_5k,/mnt/pixstor/data/xggh8/zw-lab/e009_stage_b_edm5k_30000kimg/network-snapshot-029000.pkl,c6b73732d9410dc283bf2b5f2ddbf5c2b0283fd3294a7c732a2799cbe2b376e4,29000,20077,da00e97fc0e7942a88537f5e971bbf0cff9958962e56a7197e1fac8e543f21ce,16.786841225818286,17.831672197865146,34360,44542,0.94140588945034831,0,ok,
edm_5k,/mnt/pixstor/data/xggh8/zw-lab/e009_stage_b_edm5k_30000kimg/network-snapshot-029000.pkl,c6b73732d9410dc283bf2b5f2ddbf5c2b0283fd3294a7c732a2799cbe2b376e4,29000,20078,5797018a1fac67f416df2b5bcf6175f940701814b97922ce3bbe3900db9e0a1d,12.870366391926256,14.705550934538005,21934,19604,0.87520463865780329,0,ok,
edm_5k,/mnt/pixstor/data/xggh8/zw-lab/e009_stage_b_edm5k_30000kimg/network-snapshot-029000.pkl,c6b73732d9410dc283bf2b5f2ddbf5c2b0283fd3294a7c732a2799cbe2b376e4,29000,20079,1b7bf4735916f5c2039b40e69f7ed3996464b5a6eab5757edecf2c26fe1c9a2b,17.699899624185932,18.988054550917177,19923,7496,0.93215972056131347,0,ok,
edm_5k,/mnt/pixstor/data/xggh8/zw-lab/e009_stage_b_edm5k_30000kimg/network-snapshot-029000.pkl,c6b73732d9410dc283bf2b5f2ddbf5c2b0283fd3294a7c732a2799cbe2b376e4,29000,20080,7974f4678825838e744457d0429fb66b3e3dbb3b40ea0b04ee054f9dd57c90e1,13.330237161897985,17.315982697379098,34696,22857,0.76982273514951105,0,ok,
edm_5k,/mnt/pixstor/data/xggh8/zw-lab/e009_stage_b_edm5k_30000kimg/network-snapshot-029000.pkl,c6b73732d9410dc283bf2b5f2ddbf5c2b0283fd3294a7c732a2799cbe2b376e4,29000,20081,d9052ae454749fefee0116c70b7eacb91c7e76c3b2dfee97d2fcf9ad5e62de52,12.518822681515127,13.391197799379785,11710,30786,0.93485458650270536,0,ok,
edm_5k,/mnt/pixstor/data/xggh8/zw-lab/e009_stage_b_edm5k_30000kimg/network-snapshot-029000.pkl,c6b73732d9410dc283bf2b5f2ddbf5c2b0283fd3294a7c732a2799cbe2b376e4,29000,20082,508ce94a43bf679cc51271ddab9567529d71c4e486beabae08e1fdf684bb37a0,24.584392770137594,26.128159665584374,43052,45102,0.94091559010640136,0,ok,
edm_5k,/mnt/pixstor/data/xggh8/zw-lab/e009_stage_b_edm5k_30000kimg/network-snapshot-029000.pkl,c6b73732d9410dc283bf2b5f2ddbf5c2b0283fd3294a7c732a2799cbe2b376e4,29000,20083,dc5e552ac9fe44f6e0fcc4ea7121f0fbcd3d6bc5aa40bd58f156527d34892437,12.090849668399718,12.339064598885345,11207,29437,0.97988381303165806,0,ok,
edm_5k,/mnt/pixstor/data/xggh8/zw-lab/e009_stage_b_edm5k_30000kimg/network-snapshot-029000.pkl,c6b73732d9410dc283bf2b5f2ddbf5c2b0283fd3294a7c732a2799cbe2b376e4,29000,20084,18da02c2c2bd3c2397d2593d879465177a3f39a46125281e47a21993873e5f79,16.913746437791712,17.209810739819407,7496,34315,0.98279677176561431,0,ok,
edm_5k,/mnt/pixstor/data/xggh8/zw-lab/e009_stage_b_edm5k_30000kimg/network-snapshot-029000.pkl,c6b73732d9410dc283bf2b5f2ddbf5c2b0283fd3294a7c732a2799cbe2b376e4,29000,20085,9c421700c526f7ef6bc628e0a89c868a9fe52c6bde9e9fc9d3a22546771beb2e,13.907680906896838,14.616313372794671,37558,11207,0.95151770163762284,0,ok,
edm_5k,/mnt/pixstor/data/xggh8/zw-lab/e009_stage_b_edm5k_30000kimg/network-snapshot-029000.pkl,c6b73732d9410dc283bf2b5f2ddbf5c2b0283fd3294a7c732a2799cbe2b376e4,29000,20086,2953782a395edb22184036240ef3520387f2e4a329e2b967f7e3242261956cfc,16.412969173931277,17.751692732391096,38154,3076,0.92458614631059488,0,ok,
edm_5k,/mnt/pixstor/data/xggh8/zw-lab/e009_stage_b_edm5k_30000kimg/network-snapshot-029000.pkl,c6b73732d9410dc283bf2b5f2ddbf5c2b0283fd3294a7c732a2799cbe2b376e4,29000,20087,3832933601c034b4b78d32f21f17d04aa0cd2e6c22e3020dd884e327978ab097,7.2366999242947703,8.5009878327886224,32024,13533,0.85127752993393935,0,ok,
edm_5k,/mnt/pixstor/data/xggh8/zw-lab/e009_stage_b_edm5k_30000kimg/network-snapshot-029000.pkl,c6b73732d9410dc283bf2b5f2ddbf5c2b0283fd3294a7c732a2799cbe2b376e4,29000,20088,6a99c33bcae27a70c477e23a56b662e9ba5a6a904fb0bf452d395751b81d60d7,12.032052652850364,15.310453048793924,7187,39915,0.78587175797506426,0,ok,
edm_5k,/mnt/pixstor/data/xggh8/zw-lab/e009_stage_b_edm5k_30000kimg/network-snapshot-029000.pkl,c6b73732d9410dc283bf2b5f2ddbf5c2b0283fd3294a7c732a2799cbe2b376e4,29000,20089,a89509decbfa9de173d83cbb93987d3476ea49d0c0ce42105899ae786d7fceed,15.931455630314034,16.455462246769777,34315,37719,0.96815606826489442,0,ok,
edm_5k,/mnt/pixstor/data/xggh8/zw-lab/e009_stage_b_edm5k_30000kimg/network-snapshot-029000.pkl,c6b73732d9410dc283bf2b5f2ddbf5c2b0283fd3294a7c732a2799cbe2b376e4,29000,20090,87d971295154926d24521c533566b0c4db5edf9505d54bc99941ec67cb426502,17.717820234206112,18.053327301927702,26590,37803,0.98141577659837997,0,ok,
edm_5k,/mnt/pixstor/data/xggh8/zw-lab/e009_stage_b_edm5k_30000kimg/network-snapshot-029000.pkl,c6b73732d9410dc283bf2b5f2ddbf5c2b0283fd3294a7c732a2799cbe2b376e4,29000,20091,48775a2ff0ebe7fbb7e5670c83fe5c3642b649bd4b09082388649c74101fc4cc,19.473404962474785,20.396691483931665,9692,16683,0.95473351537506768,0,ok,
edm_5k,/mnt/pixstor/data/xggh8/zw-lab/e009_stage_b_edm5k_30000kimg/network-snapshot-029000.pkl,c6b73732d9410dc283bf2b5f2ddbf5c2b0283fd3294a7c732a2799cbe2b376e4,29000,20092,cb178cbbe36da91aa3a74b81317cf236f8bdde61812326a04d6ae1f6c310e488,11.22221360348057,11.895878552067591,29779,2595,0.94336988683614853,0,ok,
edm_5k,/mnt/pixstor/data/xggh8/zw-lab/e009_stage_b_edm5k_30000kimg/network-snapshot-029000.pkl,c6b73732d9410dc283bf2b5f2ddbf5c2b0283fd3294a7c732a2799cbe2b376e4,29000,20093,dbb0b453ae0d3ec3b9bf3561420054665d9e75b17d4ae0c48a97c86cfa4647e7,16.406288243561274,17.172910553028814,7187,39915,0.95535862676858063,0,ok,
edm_5k,/mnt/pixstor/data/xggh8/zw-lab/e009_stage_b_edm5k_30000kimg/network-snapshot-029000.pkl,c6b73732d9410dc283bf2b5f2ddbf5c2b0283fd3294a7c732a2799cbe2b376e4,29000,20094,11133f3e1573d5edd7bc786b8b8916670e01ed6af9e83570bbeb8fee7b5f2527,16.212909157213755,16.788643935384396,29779,12699,0.96570689208809768,0,ok,
edm_5k,/mnt/pixstor/data/xggh8/zw-lab/e009_stage_b_edm5k_30000kimg/network-snapshot-029000.pkl,c6b73732d9410dc283bf2b5f2ddbf5c2b0283fd3294a7c732a2799cbe2b376e4,29000,20095,c6c2d9917164ed93d27398d4b9c084d8538a965fbbebf5379d70dc00dd5b466f,22.001136468056938,22.419289662161177,38154,42837,0.98134850834234999,0,ok,
edm_5k,/mnt/pixstor/data/xggh8/zw-lab/e009_stage_b_edm5k_30000kimg/network-snapshot-029000.pkl,c6b73732d9410dc283bf2b5f2ddbf5c2b0283fd3294a7c732a2799cbe2b376e4,29000,20096,8d5ba0b13a1defa2333af643364d4878e10dd48c550bde002e17d5c9dd4c0e9d,22.40107853621376,22.717715590996072,25486,13805,0.98606210851113008,0,ok,
edm_5k,/mnt/pixstor/data/xggh8/zw-lab/e009_stage_b_edm5k_30000kimg/network-snapshot-029000.pkl,c6b73732d9410dc283bf2b5f2ddbf5c2b0283fd3294a7c732a2799cbe2b376e4,29000,20097,7e8e550577e0b008b033feeff0e787d3afc98cda6d3e1892298d6b5fc5e8922d,18.223719299072826,19.294944660369286,34675,47886,0.94448155306209847,0,ok,
edm_5k,/mnt/pixstor/data/xggh8/zw-lab/e009_stage_b_edm5k_30000kimg/network-snapshot-029000.pkl,c6b73732d9410dc283bf2b5f2ddbf5c2b0283fd3294a7c732a2799cbe2b376e4,29000,20098,4dd16e914bf43a5f3c7124bfe9db71ac8a84b061691ec1a44a15e34789e0dde6,17.286202966169732,18.69835268988173,737,12277,0.92447731909152853,0,ok,
edm_5k,/mnt/pixstor/data/xggh8/zw-lab/e009_stage_b_edm5k_30000kimg/network-snapshot-029000.pkl,c6b73732d9410dc283bf2b5f2ddbf5c2b0283fd3294a7c732a2799cbe2b376e4,29000,20099,2a704e9800e42885f965bb8b3c09ff413cc00939a3ec51bb7adee58ea045a7fd,19.302904992586509,19.452878240438803,12699,26351,0.99229043404278716,0,ok,
edm_5k,/mnt/pixstor/data/xggh8/zw-lab/e009_stage_b_edm5k_30000kimg/network-snapshot-029000.pkl,c6b73732d9410dc283bf2b5f2ddbf5c2b0283fd3294a7c732a2799cbe2b376e4,29000,20100,ba4e7cc712269b82f0ed4251329f9e6b2f6be1cab75b0fbe2d119a7108b1eb83,13.251602975631286,15.566461840753615,1220,21934,0.85129190635588514,0,ok,
edm_5k,/mnt/pixstor/data/xggh8/zw-lab/e009_stage_b_edm5k_30000kimg/network-snapshot-029000.pkl,c6b73732d9410dc283bf2b5f2ddbf5c2b0283fd3294a7c732a2799cbe2b376e4,29000,20101,a94f295dbd1d48593c14e7c11b0f19adbd1be7a7ae819d2e404d6d11ef330e36,15.117540058395834,17.374148407625054,21934,19604,0.8701168945789105,0,ok,
edm_5k,/mnt/pixstor/data/xggh8/zw-lab/e009_stage_b_edm5k_30000kimg/network-snapshot-029000.pkl,c6b73732d9410dc283bf2b5f2ddbf5c2b0283fd3294a7c732a2799cbe2b376e4,29000,20102,85df7780c3ebd6aff9c7a725b335b788c9928f6899b861745463d145b4dcf1c4,17.526977256162521,17.995161133507771,9332,11710,0.97398279049174663,0,ok,
edm_5k,/mnt/pixstor/data/xggh8/zw-lab/e009_stage_b_edm5k_30000kimg/network-snapshot-029000.pkl,c6b73732d9410dc283bf2b5f2ddbf5c2b0283fd3294a7c732a2799cbe2b376e4,29000,20103,68bcf6b3fd26d68444250de2d1f8508451f0a2bac18cc5e67d243b407d24b92f,11.660977646334358,13.195665981994672,7690,44302,0.88369754601591322,0,ok,
edm_5k,/mnt/pixstor/data/xggh8/zw-lab/e009_stage_b_edm5k_30000kimg/network-snapshot-029000.pkl,c6b73732d9410dc283bf2b5f2ddbf5c2b0283fd3294a7c732a2799cbe2b376e4,29000,20104,4975afd776787366222ab6827d4f6d7537110d7f3a3cb655c3a26a8cef904728,14.274314992374691,16.128752565355075,2567,1276,0.88502287666290091,0,ok,
edm_5k,/mnt/pixstor/data/xggh8/zw-lab/e009_stage_b_edm5k_30000kimg/network-snapshot-029000.pkl,c6b73732d9410dc283bf2b5f2ddbf5c2b0283fd3294a7c732a2799cbe2b376e4,29000,20105,85664e40c1d16877b60e54941437eb151b38fd50ba14b0288f67ef1e7a4988c7,11.467152746631369,14.971374748304386,12277,2616,0.76593852865316225,0,ok,
edm_5k,/mnt/pixstor/data/xggh8/zw-lab/e009_stage_b_edm5k_30000kimg/network-snapshot-029000.pkl,c6b73732d9410dc283bf2b5f2ddbf5c2b0283fd3294a7c732a2799cbe2b376e4,29000,20106,058a539afb95b17e0dd7e6c02170f940aaf8f191cfa33153d0bb240bacc2ff0a,17.445945283524324,17.852771835478016,2567,42642,0.9772121351405374,0,ok,
edm_5k,/mnt/pixstor/data/xggh8/zw-lab/e009_stage_b_edm5k_30000kimg/network-snapshot-029000.pkl,c6b73732d9410dc283bf2b5f2ddbf5c2b0283fd3294a7c732a2799cbe2b376e4,29000,20107,dd90435bae9d02372366b40655cec604e65f2d5eae9428096fd5c2b7a88c6113,17.6646707291623,17.777298326555073,11830,46008,0.99366452678444761,0,ok,
edm_5k,/mnt/pixstor/data/xggh8/zw-lab/e009_stage_b_edm5k_30000kimg/network-snapshot-029000.pkl,c6b73732d9410dc283bf2b5f2ddbf5c2b0283fd3294a7c732a2799cbe2b376e4,29000,20108,8a26de2a7497829636db48f539821146e090cd9b92af07283e85ddcaae842c55,20.25115743127634,20.682561061712217,832,8275,0.97914167258355178,0,ok,
edm_5k,/mnt/pixstor/data/xggh8/zw-lab/e009_stage_b_edm5k_30000kimg/network-snapshot-029000.pkl,c6b73732d9410dc283bf2b5f2ddbf5c2b0283fd3294a7c732a2799cbe2b376e4,29000,20109,1d57c26a351a62cb6ff20477ca01a726e6fc671dbcafefe8e083b6c9b279b60a,11.40193751205763,12.48760050676642,10551,32953,0.9130607201823504,0,ok,
edm_5k,/mnt/pixstor/data/xggh8/zw-lab/e009_stage_b_edm5k_30000kimg/network-snapshot-029000.pkl,c6b73732d9410dc283bf2b5f2ddbf5c2b0283fd3294a7c732a2799cbe2b376e4,29000,20110,433345902f25129eec80ee993f5b65f3fad697d5d5bafc503b036366b0b10ebd,12.347556510873865,13.036015460514109,44302,16683,0.94718793087308184,0,ok,
edm_5k,/mnt/pixstor/data/xggh8/zw-lab/e009_stage_b_edm5k_30000kimg/network-snapshot-029000.pkl,c6b73732d9410dc283bf2b5f2ddbf5c2b0283fd3294a7c732a2799cbe2b376e4,29000,20111,dc94ae617519cbfa4ffce20385989fd45a2f82c18f93cf510e5a33ff26c51426,14.321584823886942,14.334505844284397,36219,10551,0.99909860719735888,0,ok,
edm_5k,/mnt/pixstor/data/xggh8/zw-lab/e009_stage_b_edm5k_30000kimg/network-snapshot-029000.pkl,c6b73732d9410dc283bf2b5f2ddbf5c2b0283fd3294a7c732a2799cbe2b376e4,29000,20112,26b78bbbbbd89fc419fb70896e3072e89086727adb3f913fa556f8e17e940bd0,19.853214268632904,20.634064404074898,25969,7187,0.96215723087072513,0,ok,
edm_5k,/mnt/pixstor/data/xggh8/zw-lab/e009_stage_b_edm5k_30000kimg/network-snapshot-029000.pkl,c6b73732d9410dc283bf2b5f2ddbf5c2b0283fd3294a7c732a2799cbe2b376e4,29000,20113,bc22554d62698ed9a0f55b8a806768911f7c74393f0a7d4ccfcbeca43ca6cdf5,18.498757600855637,18.877685453475159,47886,47045,0.97992720804923861,0,ok,
edm_5k,/mnt/pixstor/data/xggh8/zw-lab/e009_stage_b_edm5k_30000kimg/network-snapshot-029000.pkl,c6b73732d9410dc283bf2b5f2ddbf5c2b0283fd3294a7c732a2799cbe2b376e4,29000,20114,f7977f1a7883a8399194e3d214cead48d8586bde3d7c1a0e56f87c560342def7,12.861761945342927,14.356077649431604,31572,39006,0.89591058640255816,0,ok,
edm_5k,/mnt/pixstor/data/xggh8/zw-lab/e009_stage_b_edm5k_30000kimg/network-snapshot-029000.pkl,c6b73732d9410dc283bf2b5f2ddbf5c2b0283fd3294a7c732a2799cbe2b376e4,29000,20115,31d8bc983d2fe49bd641a98608f1a1d59ddb76051454fc48e99ccd6046b4e3cd,13.631383209522893,15.356791841110406,21934,38676,0.88764524195941996,0,ok,
edm_5k,/mnt/pixstor/data/xggh8/zw-lab/e009_stage_b_edm5k_30000kimg/network-snapshot-029000.pkl,c6b73732d9410dc283bf2b5f2ddbf5c2b0283fd3294a7c732a2799cbe2b376e4,29000,20116,8e9b64a4c2b30b16e43af13da3048c951aff0db6e5d8ee6cacec3d3c8ea95dc6,14.407575676142635,15.435509870055343,737,12277,0.9334045844571105,0,ok,
edm_5k,/mnt/pixstor/data/xggh8/zw-lab/e009_stage_b_edm5k_30000kimg/network-snapshot-029000.pkl,c6b73732d9410dc283bf2b5f2ddbf5c2b0283fd3294a7c732a2799cbe2b376e4,29000,20117,9acdfc80f28c53311d4a9537f6f5efeab1697c1b22160c6b272ed98bbbcf8541,20.27604722026857,27.020705566668262,17938,42837,0.75038925872018492,0,ok,
edm_5k,/mnt/pixstor/data/xggh8/zw-lab/e009_stage_b_edm5k_30000kimg/network-snapshot-029000.pkl,c6b73732d9410dc283bf2b5f2ddbf5c2b0283fd3294a7c732a2799cbe2b376e4,29000,20118,9c48a2d74573271fb1292725aace2786c7dd99292a5b0ade732b1593432e8ed9,18.511367514443972,19.529542714778806,2567,39913,0.94786487245477902,0,ok,
edm_5k,/mnt/pixstor/data/xggh8/zw-lab/e009_stage_b_edm5k_30000kimg/network-snapshot-029000.pkl,c6b73732d9410dc283bf2b5f2ddbf5c2b0283fd3294a7c732a2799cbe2b376e4,29000,20119,0b6190d76bfe0bdd8ab325a0a1321043894faf467ac56191e7e48da85315d8ae,20.637796519091026,20.689548784169823,14410,6525,0.99749862765888864,0,ok,
edm_5k,/mnt/pixstor/data/xggh8/zw-lab/e009_stage_b_edm5k_30000kimg/network-snapshot-029000.pkl,c6b73732d9410dc283bf2b5f2ddbf5c2b0283fd3294a7c732a2799cbe2b376e4,29000,20120,aa13dde7d077c18ddcc82a97e53de4c5ad1971f74dbac95484691e932873c129,17.873776921383783,17.916946507180999,40529,36170,0.99759057237906501,0,ok,
edm_5k,/mnt/pixstor/data/xggh8/zw-lab/e009_stage_b_edm5k_30000kimg/network-snapshot-029000.pkl,c6b73732d9410dc283bf2b5f2ddbf5c2b0283fd3294a7c732a2799cbe2b376e4,29000,20121,f91940dd871bef97158f63e9eadbbfea29555a2e14f97ada6d03615ec8480d1f,17.380978704680548,17.764523781985211,46960,9841,0.97840949287401602,0,ok,
edm_5k,/mnt/pixstor/data/xggh8/zw-lab/e009_stage_b_edm5k_30000kimg/network-snapshot-029000.pkl,c6b73732d9410dc283bf2b5f2ddbf5c2b0283fd3294a7c732a2799cbe2b376e4,29000,20122,7f743955e29b1bc2498729f44b254d3c53623c3b3bb5bb31f42c42d5d05f4282,13.79580396999831,13.945400242186061,11207,40136,0.98927271576363873,0,ok,
edm_5k,/mnt/pixstor/data/xggh8/zw-lab/e009_stage_b_edm5k_30000kimg/network-snapshot-029000.pkl,c6b73732d9410dc283bf2b5f2ddbf5c2b0283fd3294a7c732a2799cbe2b376e4,29000,20123,5dca20b4bc512471be7d3a72e753f3bdfa3996694ffb17749d25e00c7ddc5925,15.656002489025678,16.404030766184668,49665,1220,0.9543997272486846,0,ok,
edm_5k,/mnt/pixstor/data/xggh8/zw-lab/e009_stage_b_edm5k_30000kimg/network-snapshot-029000.pkl,c6b73732d9410dc283bf2b5f2ddbf5c2b0283fd3294a7c732a2799cbe2b376e4,29000,20124,eb72b21c1d4ed17f341dfdea91ee7d76a52b8d93813b3523dae5309fd746642f,18.880867777364653,19.51478433244764,39915,7187,0.96751608707102332,0,ok,
edm_5k,/mnt/pixstor/data/xggh8/zw-lab/e009_stage_b_edm5k_30000kimg/network-snapshot-029000.pkl,c6b73732d9410dc283bf2b5f2ddbf5c2b0283fd3294a7c732a2799cbe2b376e4,29000,20125,0d40b742658828db26ee949e64da274a849aeadeb1f14a638178fe4f80fe3e75,12.598843275196879,13.562169503780076,39006,786,0.92896960708869647,0,ok,
edm_5k,/mnt/pixstor/data/xggh8/zw-lab/e009_stage_b_edm5k_30000kimg/network-snapshot-029000.pkl,c6b73732d9410dc283bf2b5f2ddbf5c2b0283fd3294a7c732a2799cbe2b376e4,29000,20126,9c3937d5c315c93e21f2340ddf66afd6cfc708e267f3894da23da52a973831f4,17.097634039445062,18.763316849222566,39199,44278,0.91122663316072927,0,ok,
edm_5k,/mnt/pixstor/data/xggh8/zw-lab/e009_stage_b_edm5k_30000kimg/network-snapshot-029000.pkl,c6b73732d9410dc283bf2b5f2ddbf5c2b0283fd3294a7c732a2799cbe2b376e4,29000,20127,cf447fcd4634742a4ab0cc1b9ae7ae30ec91e5ecee9f4f2aaf325937d3c8bd52,15.716040657113425,15.887118200754053,40529,12300,0.98923168182682064,0,ok,
edm_5k,/mnt/pixstor/data/xggh8/zw-lab/e009_stage_b_edm5k_30000kimg/network-snapshot-030000.pkl,66406526e9024c7280b903cdb1731ae35ed252da87aa1b9932cc9a2d43d446e2,30000,20000,7e81c0b396b5bbfcd1222eef6481d4407accb95f7ee7dd4c2031a9533791e721,10.753794646660982,12.289136968845485,22857,29779,0.87506508178102416,0,ok,
edm_5k,/mnt/pixstor/data/xggh8/zw-lab/e009_stage_b_edm5k_30000kimg/network-snapshot-030000.pkl,66406526e9024c7280b903cdb1731ae35ed252da87aa1b9932cc9a2d43d446e2,30000,20001,d12c222c3a85492ba61d0cf5632fbb00b68a27a9148ea7e3c74f197a8f30b8ad,9.7573296054154088,11.257815881569131,44302,24779,0.86671604048790118,0,ok,
edm_5k,/mnt/pixstor/data/xggh8/zw-lab/e009_stage_b_edm5k_30000kimg/network-snapshot-030000.pkl,66406526e9024c7280b903cdb1731ae35ed252da87aa1b9932cc9a2d43d446e2,30000,20002,7609d936878fcebef89b178245ae81a5b38c11d6b66f2e4744b7089ea61c425a,18.904083401267616,20.46957432031212,41973,15029,0.9235210808711809,0,ok,
edm_5k,/mnt/pixstor/data/xggh8/zw-lab/e009_stage_b_edm5k_30000kimg/network-snapshot-030000.pkl,66406526e9024c7280b903cdb1731ae35ed252da87aa1b9932cc9a2d43d446e2,30000,20003,cf18b3724d420a240890efcfecee633def6577e06643093919f172b97a696d44,18.244351206765689,19.84302542730336,33343,29771,0.91943394789294852,0,ok,
edm_5k,/mnt/pixstor/data/xggh8/zw-lab/e009_stage_b_edm5k_30000kimg/network-snapshot-030000.pkl,66406526e9024c7280b903cdb1731ae35ed252da87aa1b9932cc9a2d43d446e2,30000,20004,3b6ebd510f4fabf825f7ee862b3a0a09cdccb8dbc9286a6630e3987a30bc11d8,12.929352825623708,14.395898072758568,47886,29779,0.89812756107866509,0,ok,
edm_5k,/mnt/pixstor/data/xggh8/zw-lab/e009_stage_b_edm5k_30000kimg/network-snapshot-030000.pkl,66406526e9024c7280b903cdb1731ae35ed252da87aa1b9932cc9a2d43d446e2,30000,20005,3568d92b3704a0546354f0e085b9d8afb39d31e61aa8f1e401c2b592c5a9b9aa,8.7149832558631051,20.26560219493895,7672,4706,0.43003820819297195,0,ok,
edm_5k,/mnt/pixstor/data/xggh8/zw-lab/e009_stage_b_edm5k_30000kimg/network-snapshot-030000.pkl,66406526e9024c7280b903cdb1731ae35ed252da87aa1b9932cc9a2d43d446e2,30000,20006,64fb5c8a0b0d9ba47f794d127f82ad49ac446f7809fd29eadda410f6c6a086a7,10.994247798059314,14.436928152604553,21934,17844,0.76153650429269837,0,ok,
edm_5k,/mnt/pixstor/data/xggh8/zw-lab/e009_stage_b_edm5k_30000kimg/network-snapshot-030000.pkl,66406526e9024c7280b903cdb1731ae35ed252da87aa1b9932cc9a2d43d446e2,30000,20007,4ae5f1af70f41873ea795d5423e9f68e2ad197ebe9a6c958c053bd71ba016a4f,24.698356042643361,24.859422645460675,11476,46008,0.99352090331644427,0,ok,
edm_5k,/mnt/pixstor/data/xggh8/zw-lab/e009_stage_b_edm5k_30000kimg/network-snapshot-030000.pkl,66406526e9024c7280b903cdb1731ae35ed252da87aa1b9932cc9a2d43d446e2,30000,20008,d96096a80e4754641906b1d60d8b5611d6d99a6a9df1f5c2a4f1053f06427818,25.641995655773705,26.259557865970788,38456,30085,0.97648238354396022,0,ok,
edm_5k,/mnt/pixstor/data/xggh8/zw-lab/e009_stage_b_edm5k_30000kimg/network-snapshot-030000.pkl,66406526e9024c7280b903cdb1731ae35ed252da87aa1b9932cc9a2d43d446e2,30000,20009,54c32ea67f7285456d87406e5e9a25166b22543cb0d09a929f8f14bd84137604,12.81999201155323,14.573280615449201,5924,22857,0.87969156361146972,0,ok,
edm_5k,/mnt/pixstor/data/xggh8/zw-lab/e009_stage_b_edm5k_30000kimg/network-snapshot-030000.pkl,66406526e9024c7280b903cdb1731ae35ed252da87aa1b9932cc9a2d43d446e2,30000,20010,2176beabed31111c89f643bbe915b5bfaba524ec87d16297407500b2f04fc955,13.393604057917573,14.218931297370508,9692,29779,0.94195574743331367,0,ok,
edm_5k,/mnt/pixstor/data/xggh8/zw-lab/e009_stage_b_edm5k_30000kimg/network-snapshot-030000.pkl,66406526e9024c7280b903cdb1731ae35ed252da87aa1b9932cc9a2d43d446e2,30000,20011,652b2f453230d28f0cc7786b19964c618f3ebbe69892fe514985bf2483c74672,16.114275645319474,22.832901660027719,30616,41057,0.70574804224422483,0,ok,
edm_5k,/mnt/pixstor/data/xggh8/zw-lab/e009_stage_b_edm5k_30000kimg/network-snapshot-030000.pkl,66406526e9024c7280b903cdb1731ae35ed252da87aa1b9932cc9a2d43d446e2,30000,20012,781955a0e76f17b4502b65c99bdbeb75b068b026418c9ee67288f5e1bf8abf2a,15.644759256978512,17.203102101727556,1276,32953,0.90941500925042162,0,ok,
edm_5k,/mnt/pixstor/data/xggh8/zw-lab/e009_stage_b_edm5k_30000kimg/network-snapshot-030000.pkl,66406526e9024c7280b903cdb1731ae35ed252da87aa1b9932cc9a2d43d446e2,30000,20013,e7cd59ad5033ca5ee27e01731e8ce0e7fbc67a5a62d4f882560f48b1fbadfbbc,21.470946245925727,21.64794844441078,34315,19923,0.99182360402697878,0,ok,
edm_5k,/mnt/pixstor/data/xggh8/zw-lab/e009_stage_b_edm5k_30000kimg/network-snapshot-030000.pkl,66406526e9024c7280b903cdb1731ae35ed252da87aa1b9932cc9a2d43d446e2,30000,20014,d0d46e94eada11c9618f9f12a093497c00f084d1f7df51b32b15039375187223,12.737651898329776,14.676952751276183,48613,38676,0.86786760945470909,0,ok,
edm_5k,/mnt/pixstor/data/xggh8/zw-lab/e009_stage_b_edm5k_30000kimg/network-snapshot-030000.pkl,66406526e9024c7280b903cdb1731ae35ed252da87aa1b9932cc9a2d43d446e2,30000,20015,87f76815992362f9171b871fa91d2a20157135b5d083d199092975c36d713b84,17.775119564750899,19.434788063482493,12699,31001,0.91460321083459239,0,ok,
edm_5k,/mnt/pixstor/data/xggh8/zw-lab/e009_stage_b_edm5k_30000kimg/network-snapshot-030000.pkl,66406526e9024c7280b903cdb1731ae35ed252da87aa1b9932cc9a2d43d446e2,30000,20016,8e7e2bab153b38eafaf994621203118d000e94e8f325f99da0b73de3c88526ad,19.010503004661871,19.19408444701055,48190,9773,0.9904355197115291,0,ok,
edm_5k,/mnt/pixstor/data/xggh8/zw-lab/e009_stage_b_edm5k_30000kimg/network-snapshot-030000.pkl,66406526e9024c7280b903cdb1731ae35ed252da87aa1b9932cc9a2d43d446e2,30000,20017,c09652827e8fd936a6dd76cf8c4d731e54dc45f31a7b89125b6b389abb1a0250,17.107152906121176,21.356776992558522,22870,30085,0.80101753706010648,0,ok,
edm_5k,/mnt/pixstor/data/xggh8/zw-lab/e009_stage_b_edm5k_30000kimg/network-snapshot-030000.pkl,66406526e9024c7280b903cdb1731ae35ed252da87aa1b9932cc9a2d43d446e2,30000,20018,24c60540d4f1998022df5af6361732297dc21f6a6c5953f7f8756bd4d0b85270,14.656309083754106,15.850047967170521,13435,13186,0.92468547187434691,0,ok,
edm_5k,/mnt/pixstor/data/xggh8/zw-lab/e009_stage_b_edm5k_30000kimg/network-snapshot-030000.pkl,66406526e9024c7280b903cdb1731ae35ed252da87aa1b9932cc9a2d43d446e2,30000,20019,750b00e2d94faf229294e02e4f41e7f9ac9091af989634d3ec95cb215a62af63,17.293967097427092,17.386485018752918,13535,35588,0.99467874494321096,0,ok,
edm_5k,/mnt/pixstor/data/xggh8/zw-lab/e009_stage_b_edm5k_30000kimg/network-snapshot-030000.pkl,66406526e9024c7280b903cdb1731ae35ed252da87aa1b9932cc9a2d43d446e2,30000,20020,cff0c155a7f3f29f023ed158bda5309904a2f84f3cb0cf9df7f5177a1f3d5a94,12.620467593190833,15.519390306670303,9692,45635,0.81320640462057969,0,ok,
edm_5k,/mnt/pixstor/data/xggh8/zw-lab/e009_stage_b_edm5k_30000kimg/network-snapshot-030000.pkl,66406526e9024c7280b903cdb1731ae35ed252da87aa1b9932cc9a2d43d446e2,30000,20021,aac3fd247ecc906f8c4a8c35241e3e86bbc573ec6560b13b6815fc02228ee8e8,19.254080938051722,19.403947055580389,19545,2782,0.99227651378869497,0,ok,
edm_5k,/mnt/pixstor/data/xggh8/zw-lab/e009_stage_b_edm5k_30000kimg/network-snapshot-030000.pkl,66406526e9024c7280b903cdb1731ae35ed252da87aa1b9932cc9a2d43d446e2,30000,20022,047d26bc6862077e3c704b62d76b188f7fcd94f3feeeebcb773abfeea297d23e,10.70246557041137,11.987770194332018,29779,12699,0.89278201007487135,0,ok,
edm_5k,/mnt/pixstor/data/xggh8/zw-lab/e009_stage_b_edm5k_30000kimg/network-snapshot-030000.pkl,66406526e9024c7280b903cdb1731ae35ed252da87aa1b9932cc9a2d43d446e2,30000,20023,765cb4721f4a91f25260af6c5fa8f6e08808a20485b884cbc086e0bfd9ba714d,16.560210774239721,16.740506854301128,45385,2567,0.98922995094290811,0,ok,
edm_5k,/mnt/pixstor/data/xggh8/zw-lab/e009_stage_b_edm5k_30000kimg/network-snapshot-030000.pkl,66406526e9024c7280b903cdb1731ae35ed252da87aa1b9932cc9a2d43d446e2,30000,20024,3e1f9f87dadfc9bc9b8adf2d24102919cc262fe03932ade63e39ed229a5ef643,14.941190123126553,16.62182364688972,40136,29437,0.89888994375911047,0,ok,
edm_5k,/mnt/pixstor/data/xggh8/zw-lab/e009_stage_b_edm5k_30000kimg/network-snapshot-030000.pkl,66406526e9024c7280b903cdb1731ae35ed252da87aa1b9932cc9a2d43d446e2,30000,20025,258c5d8a7fb80ad53d8759ededc4980f01b4ef9c1d61250ee3e620887707f5a6,12.305641204832877,13.565631546624951,30786,45494,0.90711893232088026,0,ok,
edm_5k,/mnt/pixstor/data/xggh8/zw-lab/e009_stage_b_edm5k_30000kimg/network-snapshot-030000.pkl,66406526e9024c7280b903cdb1731ae35ed252da87aa1b9932cc9a2d43d446e2,30000,20026,7b946aa4821a6657bb89526f5b28f285564111b721bb336f6d9b2344144db70c,15.235184313018781,15.99097057187258,11830,9692,0.95273668627824293,0,ok,
edm_5k,/mnt/pixstor/data/xggh8/zw-lab/e009_stage_b_edm5k_30000kimg/network-snapshot-030000.pkl,66406526e9024c7280b903cdb1731ae35ed252da87aa1b9932cc9a2d43d446e2,30000,20027,b9731e74866ff8a693c526bb082caabf231e54fe0cc228f8664cd51e0ce8f4b0,14.097449147618356,14.146822210777488,39913,21934,0.99650995379573526,0,ok,
edm_5k,/mnt/pixstor/data/xggh8/zw-lab/e009_stage_b_edm5k_30000kimg/network-snapshot-030000.pkl,66406526e9024c7280b903cdb1731ae35ed252da87aa1b9932cc9a2d43d446e2,30000,20028,763ffa3ac51516f904834af009367a4be093d24bb16ffc3560d4fb4946032230,15.967887480738245,17.267827232454305,43826,2782,0.92471897394983971,0,ok,
edm_5k,/mnt/pixstor/data/xggh8/zw-lab/e009_stage_b_edm5k_30000kimg/network-snapshot-030000.pkl,66406526e9024c7280b903cdb1731ae35ed252da87aa1b9932cc9a2d43d446e2,30000,20029,dd81972974198a679cbddba1a40b7162a226c0aab1d46dc64085b1d13c20cd2d,11.044341339934315,14.13565605101288,28795,12699,0.78131084260096584,0,ok,
edm_5k,/mnt/pixstor/data/xggh8/zw-lab/e009_stage_b_edm5k_30000kimg/network-snapshot-030000.pkl,66406526e9024c7280b903cdb1731ae35ed252da87aa1b9932cc9a2d43d446e2,30000,20030,d87aa3e9ab7a872afd5d301f901135f7d308c9989326ff3c64d34010a04037aa,14.476829054514024,17.197132968469177,34315,38291,0.84181642841613125,0,ok,
edm_5k,/mnt/pixstor/data/xggh8/zw-lab/e009_stage_b_edm5k_30000kimg/network-snapshot-030000.pkl,66406526e9024c7280b903cdb1731ae35ed252da87aa1b9932cc9a2d43d446e2,30000,20031,1e4585882410d3f9eae1c05a3d0fdfb50871197793301aeaeec3dd86be6fa972,16.627519570064518,17.446115482941043,13435,19974,0.95307861433813423,0,ok,
edm_5k,/mnt/pixstor/data/xggh8/zw-lab/e009_stage_b_edm5k_30000kimg/network-snapshot-030000.pkl,66406526e9024c7280b903cdb1731ae35ed252da87aa1b9932cc9a2d43d446e2,30000,20032,03147aace6dc3908a4e93a63e13e51b4cbf168153b8a08b22d34aa32ed64866a,13.808475985377605,16.436171401534395,11207,29437,0.84012728074182275,0,ok,
edm_5k,/mnt/pixstor/data/xggh8/zw-lab/e009_stage_b_edm5k_30000kimg/network-snapshot-030000.pkl,66406526e9024c7280b903cdb1731ae35ed252da87aa1b9932cc9a2d43d446e2,30000,20033,6fe09db5f4ed521bbe79484d7b6bc8d1e652077110f11d19eb5bd02baf50012a,12.967802280507561,13.898237219554343,30132,13435,0.93305374456138279,0,ok,
edm_5k,/mnt/pixstor/data/xggh8/zw-lab/e009_stage_b_edm5k_30000kimg/network-snapshot-030000.pkl,66406526e9024c7280b903cdb1731ae35ed252da87aa1b9932cc9a2d43d446e2,30000,20034,1c9f42b8373a02bf49fab16705049b001c68cd609f8a04bd673ef39338f523f2,16.549931627799527,16.936498378211823,37803,33571,0.97717552106818018,0,ok,
edm_5k,/mnt/pixstor/data/xggh8/zw-lab/e009_stage_b_edm5k_30000kimg/network-snapshot-030000.pkl,66406526e9024c7280b903cdb1731ae35ed252da87aa1b9932cc9a2d43d446e2,30000,20035,3248e773ad7ccd588abd88d6c1d5f0d782001bd32ef13a8e49f97df8f2a362c4,12.506573017333675,13.187581046170399,20770,39913,0.94835989811531929,0,ok,
edm_5k,/mnt/pixstor/data/xggh8/zw-lab/e009_stage_b_edm5k_30000kimg/network-snapshot-030000.pkl,66406526e9024c7280b903cdb1731ae35ed252da87aa1b9932cc9a2d43d446e2,30000,20036,ea84065dd4ce16af5067a1942e537ddfce4f6991ad7370a9a9ad5366477e1945,14.252864212683919,15.73700637715557,15768,39915,0.90569094725499466,0,ok,
edm_5k,/mnt/pixstor/data/xggh8/zw-lab/e009_stage_b_edm5k_30000kimg/network-snapshot-030000.pkl,66406526e9024c7280b903cdb1731ae35ed252da87aa1b9932cc9a2d43d446e2,30000,20037,3d606dc0f0899f4b93975bb25d92ed51f38af529e3af644931aacd20d5af47ea,15.910968648406184,17.497146929357378,47550,31001,0.90934646160570076,0,ok,
edm_5k,/mnt/pixstor/data/xggh8/zw-lab/e009_stage_b_edm5k_30000kimg/network-snapshot-030000.pkl,66406526e9024c7280b903cdb1731ae35ed252da87aa1b9932cc9a2d43d446e2,30000,20038,56a932b4be4d2288d163c51cd76a503949c33b59ddf63f7f6e36908099f42f28,12.596593605877043,12.694249689560712,10551,4827,0.99230706138039981,0,ok,
edm_5k,/mnt/pixstor/data/xggh8/zw-lab/e009_stage_b_edm5k_30000kimg/network-snapshot-030000.pkl,66406526e9024c7280b903cdb1731ae35ed252da87aa1b9932cc9a2d43d446e2,30000,20039,c4db152a298d350a5799b59159c13f0f57f33ab0f02d27128c5990ae73a5f8d2,9.9809216295438787,10.87577870019255,16683,20051,0.9177201839687279,0,ok,
edm_5k,/mnt/pixstor/data/xggh8/zw-lab/e009_stage_b_edm5k_30000kimg/network-snapshot-030000.pkl,66406526e9024c7280b903cdb1731ae35ed252da87aa1b9932cc9a2d43d446e2,30000,20040,c9d559403aa7517e161017af1f9e116a6a34723920429d8bf68b512737cc447e,9.961928966026667,11.197381621715165,37719,26590,0.88966593285589413,0,ok,
edm_5k,/mnt/pixstor/data/xggh8/zw-lab/e009_stage_b_edm5k_30000kimg/network-snapshot-030000.pkl,66406526e9024c7280b903cdb1731ae35ed252da87aa1b9932cc9a2d43d446e2,30000,20041,1f37013054fce5fec62282f93bc834df5c7c0d85d21ec25e93a890886d3e0016,15.607670527357687,16.049741858438242,12699,29779,0.97245617188240729,0,ok,
edm_5k,/mnt/pixstor/data/xggh8/zw-lab/e009_stage_b_edm5k_30000kimg/network-snapshot-030000.pkl,66406526e9024c7280b903cdb1731ae35ed252da87aa1b9932cc9a2d43d446e2,30000,20042,410aabc495f7520714639150543da4b41a330650e0541b6e63f97cacae348f41,15.283466389315251,16.902084269358834,15768,29437,0.90423560465983976,0,ok,
edm_5k,/mnt/pixstor/data/xggh8/zw-lab/e009_stage_b_edm5k_30000kimg/network-snapshot-030000.pkl,66406526e9024c7280b903cdb1731ae35ed252da87aa1b9932cc9a2d43d446e2,30000,20043,669a70f6dfa2ec24fb0d4a565f818d91d66184ddc59d0d211832b1c6e460dc66,16.027360423098614,16.43556509391496,2567,27642,0.97516333217119022,0,ok,
edm_5k,/mnt/pixstor/data/xggh8/zw-lab/e009_stage_b_edm5k_30000kimg/network-snapshot-030000.pkl,66406526e9024c7280b903cdb1731ae35ed252da87aa1b9932cc9a2d43d446e2,30000,20044,0504ccd869751d8ec196517397a59838f7011d837938a2e4349a1ff1cf1dbc93,17.73330821650131,17.794050583780979,32953,16683,0.99658636649403287,0,ok,
edm_5k,/mnt/pixstor/data/xggh8/zw-lab/e009_stage_b_edm5k_30000kimg/network-snapshot-030000.pkl,66406526e9024c7280b903cdb1731ae35ed252da87aa1b9932cc9a2d43d446e2,30000,20045,1b5cd27beda243c7e0f93e77828fa25da096a4f0d40c6abd89efbf20549bcc2d,13.019066903909515,17.659176567852331,46725,29779,0.73724088175266855,0,ok,
edm_5k,/mnt/pixstor/data/xggh8/zw-lab/e009_stage_b_edm5k_30000kimg/network-snapshot-030000.pkl,66406526e9024c7280b903cdb1731ae35ed252da87aa1b9932cc9a2d43d446e2,30000,20046,986280eba5aa233f7c49b7283048df3e38f872e1dfc4314f65abb7d24f27cd52,22.389290249604805,22.87056548089345,39913,16683,0.97895656617276416,0,ok,
edm_5k,/mnt/pixstor/data/xggh8/zw-lab/e009_stage_b_edm5k_30000kimg/network-snapshot-030000.pkl,66406526e9024c7280b903cdb1731ae35ed252da87aa1b9932cc9a2d43d446e2,30000,20047,9523bb415f4799a7e6b8a7e00a205e056fbf95ca942187c21431bb686e8234c5,19.021536503733021,20.707790434474663,25406,12649,0.91856910392842595,0,ok,
edm_5k,/mnt/pixstor/data/xggh8/zw-lab/e009_stage_b_edm5k_30000kimg/network-snapshot-030000.pkl,66406526e9024c7280b903cdb1731ae35ed252da87aa1b9932cc9a2d43d446e2,30000,20048,a5bf4e00ef4240d0523070742a9ff01dc75d676fdb9168f5234fd28cff742bb5,14.561394360600664,14.618962651034519,46725,29779,0.99606208102393767,0,ok,
edm_5k,/mnt/pixstor/data/xggh8/zw-lab/e009_stage_b_edm5k_30000kimg/network-snapshot-030000.pkl,66406526e9024c7280b903cdb1731ae35ed252da87aa1b9932cc9a2d43d446e2,30000,20049,20082b544ad54011947b519e40d9fc1e0e4c39b90eaf681aaab41edde1f43afd,10.088599163300062,11.474167306204697,29779,44302,0.87924455815147617,0,ok,
edm_5k,/mnt/pixstor/data/xggh8/zw-lab/e009_stage_b_edm5k_30000kimg/network-snapshot-030000.pkl,66406526e9024c7280b903cdb1731ae35ed252da87aa1b9932cc9a2d43d446e2,30000,20050,28ea79efce699dfc550ecd368b4d34084e6511cc980d40d97668eb7f2a8ad343,16.622385700732242,16.750465121816688,40908,2782,0.99235367972453314,0,ok,
edm_5k,/mnt/pixstor/data/xggh8/zw-lab/e009_stage_b_edm5k_30000kimg/network-snapshot-030000.pkl,66406526e9024c7280b903cdb1731ae35ed252da87aa1b9932cc9a2d43d446e2,30000,20051,ba7b6fb6355b5ed006c9ebafb3f34bc0468341575de0fbeb7aaa01b8003b20b8,14.826742427197081,15.881672901517424,8398,10551,0.93357560750293822,0,ok,
edm_5k,/mnt/pixstor/data/xggh8/zw-lab/e009_stage_b_edm5k_30000kimg/network-snapshot-030000.pkl,66406526e9024c7280b903cdb1731ae35ed252da87aa1b9932cc9a2d43d446e2,30000,20052,6b0bba7ff75d8efbf24bab01426d68fd09ac3af54188c4fe2e6263d776dcaca8,12.687319098441728,13.090465124583602,32024,10551,0.96920307855335297,0,ok,
edm_5k,/mnt/pixstor/data/xggh8/zw-lab/e009_stage_b_edm5k_30000kimg/network-snapshot-030000.pkl,66406526e9024c7280b903cdb1731ae35ed252da87aa1b9932cc9a2d43d446e2,30000,20053,d3317b103c0437e6a26f5c14ea0aa8a06047c39fa811a32b5998da622ba53c44,10.107685958820367,10.647686140475617,44302,24779,0.94928473900047461,0,ok,
edm_5k,/mnt/pixstor/data/xggh8/zw-lab/e009_stage_b_edm5k_30000kimg/network-snapshot-030000.pkl,66406526e9024c7280b903cdb1731ae35ed252da87aa1b9932cc9a2d43d446e2,30000,20054,adabc9eba7fec5097202725cdeecfb4400700dd60d2b69c3440c78d7568c7006,15.88350090831522,16.23298028680712,7346,30085,0.97847102797408503,0,ok,
edm_5k,/mnt/pixstor/data/xggh8/zw-lab/e009_stage_b_edm5k_30000kimg/network-snapshot-030000.pkl,66406526e9024c7280b903cdb1731ae35ed252da87aa1b9932cc9a2d43d446e2,30000,20055,79c1c2e05f2c12ad37961202b1f8a1362d3f0f127d088f4cdede773632b4949b,14.283286151012016,15.312068660233923,32024,15904,0.93281231086079841,0,ok,
edm_5k,/mnt/pixstor/data/xggh8/zw-lab/e009_stage_b_edm5k_30000kimg/network-snapshot-030000.pkl,66406526e9024c7280b903cdb1731ae35ed252da87aa1b9932cc9a2d43d446e2,30000,20056,795e6578592f9ce5a8fcbb5a2e444d9f390dd5d94db480c08fd6ce6a6b9deb9a,16.172538806278702,16.979975806205768,31249,11207,0.95244769432286425,0,ok,
edm_5k,/mnt/pixstor/data/xggh8/zw-lab/e009_stage_b_edm5k_30000kimg/network-snapshot-030000.pkl,66406526e9024c7280b903cdb1731ae35ed252da87aa1b9932cc9a2d43d446e2,30000,20057,53562c85094100fb30a928a850bb3be33054589006a0a7f1161acf2b5ba93e2d,16.595335048580242,16.724830893680782,35096,30786,0.99225727028729083,0,ok,
edm_5k,/mnt/pixstor/data/xggh8/zw-lab/e009_stage_b_edm5k_30000kimg/network-snapshot-030000.pkl,66406526e9024c7280b903cdb1731ae35ed252da87aa1b9932cc9a2d43d446e2,30000,20058,074cdb25aadff922cf70d8aa6def192df4c7ec700a6d94ba93d5557f0966aec7,14.246014726065386,14.900662497035682,31001,20051,0.95606586142726668,0,ok,
edm_5k,/mnt/pixstor/data/xggh8/zw-lab/e009_stage_b_edm5k_30000kimg/network-snapshot-030000.pkl,66406526e9024c7280b903cdb1731ae35ed252da87aa1b9932cc9a2d43d446e2,30000,20059,f0170bdfed7446afa1f2d61823b101c36f3c28cadafa83f89a9cf10f59631e50,13.67001407936527,19.985362819880532,46712,220,0.68400129647718777,0,ok,
edm_5k,/mnt/pixstor/data/xggh8/zw-lab/e009_stage_b_edm5k_30000kimg/network-snapshot-030000.pkl,66406526e9024c7280b903cdb1731ae35ed252da87aa1b9932cc9a2d43d446e2,30000,20060,05718b1daba2578e55bc3046f4bd0201785b7d12e35cf0beec3fa133002f10ef,14.341591360742846,15.562611572545133,5924,29779,0.92154143241894204,0,ok,
edm_5k,/mnt/pixstor/data/xggh8/zw-lab/e009_stage_b_edm5k_30000kimg/network-snapshot-030000.pkl,66406526e9024c7280b903cdb1731ae35ed252da87aa1b9932cc9a2d43d446e2,30000,20061,1c5368518316b139c70fe2440bc58b9352ccf948af8a11cb21f5f216fb3218c0,18.593850069098156,18.718184111962433,27441,20770,0.99335757987417073,0,ok,
edm_5k,/mnt/pixstor/data/xggh8/zw-lab/e009_stage_b_edm5k_30000kimg/network-snapshot-030000.pkl,66406526e9024c7280b903cdb1731ae35ed252da87aa1b9932cc9a2d43d446e2,30000,20062,57e21ca106e32e5dda8266c30a8e72a752dfb565ae2f4be123cc64abdf0d5162,17.588596914769859,17.767730648805394,26590,37719,0.98991802962481434,0,ok,
edm_5k,/mnt/pixstor/data/xggh8/zw-lab/e009_stage_b_edm5k_30000kimg/network-snapshot-030000.pkl,66406526e9024c7280b903cdb1731ae35ed252da87aa1b9932cc9a2d43d446e2,30000,20063,fc5bfdfe9644424bdf29355e23e8ac49e8e45e911c6a74af99e0e5aa5f209656,14.577700085221322,15.131777006096678,32953,36170,0.96338322190102876,0,ok,
edm_5k,/mnt/pixstor/data/xggh8/zw-lab/e009_stage_b_edm5k_30000kimg/network-snapshot-030000.pkl,66406526e9024c7280b903cdb1731ae35ed252da87aa1b9932cc9a2d43d446e2,30000,20064,5e98097c54baaf69fef5c7e47b49db58d9d264e5a15d9f65470acd8da937840b,9.022975412139596,9.8669652004964892,16683,20051,0.91446308249729868,0,ok,
edm_5k,/mnt/pixstor/data/xggh8/zw-lab/e009_stage_b_edm5k_30000kimg/network-snapshot-030000.pkl,66406526e9024c7280b903cdb1731ae35ed252da87aa1b9932cc9a2d43d446e2,30000,20065,3c07e48e791d0e43963571e2e95fa18afc3165f06ea3067ac3eb9cb8407bc95b,14.444768425546199,15.463730278766299,36170,40529,0.93410633560912104,0,ok,
edm_5k,/mnt/pixstor/data/xggh8/zw-lab/e009_stage_b_edm5k_30000kimg/network-snapshot-030000.pkl,66406526e9024c7280b903cdb1731ae35ed252da87aa1b9932cc9a2d43d446e2,30000,20066,ef05899b86c00dd778e566e4e4bc5bf60bbd9f022c9c3e806874e555e2d22628,18.859752960049153,19.070134763204987,32953,6230,0.98896799599121055,0,ok,
edm_5k,/mnt/pixstor/data/xggh8/zw-lab/e009_stage_b_edm5k_30000kimg/network-snapshot-030000.pkl,66406526e9024c7280b903cdb1731ae35ed252da87aa1b9932cc9a2d43d446e2,30000,20067,4574c446ebf7adeb67627bcfaada0bec9fd6be1489ff6b0e540295e4d1c1468b,20.333880110382871,20.668606254803645,1220,45385,0.98380509356585288,0,ok,
edm_5k,/mnt/pixstor/data/xggh8/zw-lab/e009_stage_b_edm5k_30000kimg/network-snapshot-030000.pkl,66406526e9024c7280b903cdb1731ae35ed252da87aa1b9932cc9a2d43d446e2,30000,20068,796c405cbe5f65179afbfceb296a860a8c3a4d1136d910eef49d694b940263e4,15.859975702801188,17.580968870926352,2567,7813,0.90211044790761385,0,ok,
edm_5k,/mnt/pixstor/data/xggh8/zw-lab/e009_stage_b_edm5k_30000kimg/network-snapshot-030000.pkl,66406526e9024c7280b903cdb1731ae35ed252da87aa1b9932cc9a2d43d446e2,30000,20069,48060e58ba9729c42c95e39316225791402355c38f720c4c86d67019f2530320,18.283720300100455,18.493488999182372,19545,26560,0.98865715933368814,0,ok,
edm_5k,/mnt/pixstor/data/xggh8/zw-lab/e009_stage_b_edm5k_30000kimg/network-snapshot-030000.pkl,66406526e9024c7280b903cdb1731ae35ed252da87aa1b9932cc9a2d43d446e2,30000,20070,f1aa0d086ff6707a7d37d8d8d107dcfa0d7a1c8f41031aaa8447bfb8351f2ee6,11.813764863370643,13.730349078681636,29437,11207,0.86041256458025761,0,ok,
edm_5k,/mnt/pixstor/data/xggh8/zw-lab/e009_stage_b_edm5k_30000kimg/network-snapshot-030000.pkl,66406526e9024c7280b903cdb1731ae35ed252da87aa1b9932cc9a2d43d446e2,30000,20071,3a1307ded20b47e52f4f8062f696444da177251d4f7d038bedfea96cadbd8eb3,16.632833293968304,17.128934689575264,4283,1721,0.97103723000888731,0,ok,
edm_5k,/mnt/pixstor/data/xggh8/zw-lab/e009_stage_b_edm5k_30000kimg/network-snapshot-030000.pkl,66406526e9024c7280b903cdb1731ae35ed252da87aa1b9932cc9a2d43d446e2,30000,20072,259bbff4479bcb262999ded4755ea72f1fe0ca679c2740d858e9c04ba3f4d277,10.445285557489465,10.847452975197189,10551,7690,0.96292517528056731,0,ok,
edm_5k,/mnt/pixstor/data/xggh8/zw-lab/e009_stage_b_edm5k_30000kimg/network-snapshot-030000.pkl,66406526e9024c7280b903cdb1731ae35ed252da87aa1b9932cc9a2d43d446e2,30000,20073,de08300591a2277abb095141cec2fceb992bd5646e35288a4fe5e172ea66ff0d,22.345923770018125,22.593768119064396,3157,22326,0.98903041105227851,0,ok,
edm_5k,/mnt/pixstor/data/xggh8/zw-lab/e009_stage_b_edm5k_30000kimg/network-snapshot-030000.pkl,66406526e9024c7280b903cdb1731ae35ed252da87aa1b9932cc9a2d43d446e2,30000,20074,f769c0978253541a05e696c75f0d49539aced48d2393426fcc950d53c6ff6671,16.207029854170468,20.10220019642086,41603,11710,0.80623164110444412,0,ok,
edm_5k,/mnt/pixstor/data/xggh8/zw-lab/e009_stage_b_edm5k_30000kimg/network-snapshot-030000.pkl,66406526e9024c7280b903cdb1731ae35ed252da87aa1b9932cc9a2d43d446e2,30000,20075,b5f05953d1a8971c8b2fb5071efb7b1f061e0b6226a9c4b397f6361e1e8a84b2,17.375236096455307,17.760030973579124,49860,26560,0.97833365956983631,0,ok,
edm_5k,/mnt/pixstor/data/xggh8/zw-lab/e009_stage_b_edm5k_30000kimg/network-snapshot-030000.pkl,66406526e9024c7280b903cdb1731ae35ed252da87aa1b9932cc9a2d43d446e2,30000,20076,8a56df11756904612a7045e932eb53a35fa8df50f71f16ff5757d4f76ea7d69c,18.410059719599349,19.083311993644923,26750,11710,0.96472036540251616,0,ok,
edm_5k,/mnt/pixstor/data/xggh8/zw-lab/e009_stage_b_edm5k_30000kimg/network-snapshot-030000.pkl,66406526e9024c7280b903cdb1731ae35ed252da87aa1b9932cc9a2d43d446e2,30000,20077,e19dee7c3863f84bfc9a9d4d74dca115afb35da7541f7754bbf3645906ebe8f1,18.746565370835778,19.437027005337868,34360,44542,0.9644769936105726,0,ok,
edm_5k,/mnt/pixstor/data/xggh8/zw-lab/e009_stage_b_edm5k_30000kimg/network-snapshot-030000.pkl,66406526e9024c7280b903cdb1731ae35ed252da87aa1b9932cc9a2d43d446e2,30000,20078,778a649f461124d8bef6b0e391d55e99fd5fe5fa891ce7662901e094683ce2bd,12.528558988564855,12.54599487856961,19604,21934,0.99861024253767727,0,ok,
edm_5k,/mnt/pixstor/data/xggh8/zw-lab/e009_stage_b_edm5k_30000kimg/network-snapshot-030000.pkl,66406526e9024c7280b903cdb1731ae35ed252da87aa1b9932cc9a2d43d446e2,30000,20079,568867591da92c5f0c906de0d0abc914c6b62db2713d31ce9b3f03e0d4555343,18.444751681508453,19.145261030012538,19923,33343,0.96341082279285983,0,ok,
edm_5k,/mnt/pixstor/data/xggh8/zw-lab/e009_stage_b_edm5k_30000kimg/network-snapshot-030000.pkl,66406526e9024c7280b903cdb1731ae35ed252da87aa1b9932cc9a2d43d446e2,30000,20080,c0d8656940fdfb7d0d56ba2360b6ae33c5cf8e1fe700a0a867d58715e1456977,15.314652701758087,16.83698753846069,34696,22857,0.90958389478966251,0,ok,
edm_5k,/mnt/pixstor/data/xggh8/zw-lab/e009_stage_b_edm5k_30000kimg/network-snapshot-030000.pkl,66406526e9024c7280b903cdb1731ae35ed252da87aa1b9932cc9a2d43d446e2,30000,20081,e620c1854f32b21ea6efbe5f69f74c8a68590c2dfaee4677940d0bab865261ee,12.256801004867375,12.769922143942161,11710,30786,0.9598179900166266,0,ok,
edm_5k,/mnt/pixstor/data/xggh8/zw-lab/e009_stage_b_edm5k_30000kimg/network-snapshot-030000.pkl,66406526e9024c7280b903cdb1731ae35ed252da87aa1b9932cc9a2d43d446e2,30000,20082,c51b2c7bdc55656c61afe12357f4da65424a91dad697d13f54c505932524ada5,22.966274952605367,23.385344399839752,43052,45102,0.98207982572036623,0,ok,
edm_5k,/mnt/pixstor/data/xggh8/zw-lab/e009_stage_b_edm5k_30000kimg/network-snapshot-030000.pkl,66406526e9024c7280b903cdb1731ae35ed252da87aa1b9932cc9a2d43d446e2,30000,20083,763d00b659b688e8c8b41d666b4ecafa9bc6b559ed60f2bff0ffb7eea13f84d3,12.306596549211237,12.417404013468536,11207,29437,0.99107643883237495,0,ok,
edm_5k,/mnt/pixstor/data/xggh8/zw-lab/e009_stage_b_edm5k_30000kimg/network-snapshot-030000.pkl,66406526e9024c7280b903cdb1731ae35ed252da87aa1b9932cc9a2d43d446e2,30000,20084,941fddc48d5d8d55f7640eb2aa481729e2a07a9e32fea55a8828fa5b55a7035e,16.606399688189544,16.953485511259505,7496,33571,0.97952717021880564,0,ok,
edm_5k,/mnt/pixstor/data/xggh8/zw-lab/e009_stage_b_edm5k_30000kimg/network-snapshot-030000.pkl,66406526e9024c7280b903cdb1731ae35ed252da87aa1b9932cc9a2d43d446e2,30000,20085,6b9e30ac6ff205167134535fc600cb602c4e7ea67b1a28ca75749ec4ed96f79f,14.256751628385793,14.607349331456906,37558,3157,0.97599854052123602,0,ok,
edm_5k,/mnt/pixstor/data/xggh8/zw-lab/e009_stage_b_edm5k_30000kimg/network-snapshot-030000.pkl,66406526e9024c7280b903cdb1731ae35ed252da87aa1b9932cc9a2d43d446e2,30000,20086,5a710e1a244992c0f72ebc7091c3356c615e92b3384d3289eceaccf56da0a187,14.510157712750033,16.895459392173361,38154,31271,0.85881995724080196,0,ok,
edm_5k,/mnt/pixstor/data/xggh8/zw-lab/e009_stage_b_edm5k_30000kimg/network-snapshot-030000.pkl,66406526e9024c7280b903cdb1731ae35ed252da87aa1b9932cc9a2d43d446e2,30000,20087,1a709510ca6fcb7c455d2411f3841722bd52ef3369238f8eacb231974196afc4,7.2807213711243906,8.2345816763796869,32024,13533,0.88416408474138075,0,ok,
edm_5k,/mnt/pixstor/data/xggh8/zw-lab/e009_stage_b_edm5k_30000kimg/network-snapshot-030000.pkl,66406526e9024c7280b903cdb1731ae35ed252da87aa1b9932cc9a2d43d446e2,30000,20088,c813dfecf0bfb5747febad3b8233840be6d95291f499027da2aeeae6574ce5d9,11.678729232410433,15.073253315624568,7187,39915,0.77479817978674492,0,ok,
edm_5k,/mnt/pixstor/data/xggh8/zw-lab/e009_stage_b_edm5k_30000kimg/network-snapshot-030000.pkl,66406526e9024c7280b903cdb1731ae35ed252da87aa1b9932cc9a2d43d446e2,30000,20089,7b1b96f96bff3304e6350277355c4d7a7d720e33f05129ec03de9252d6e0d6a3,15.920724853309887,16.645244170831361,34315,37719,0.95647289339311092,0,ok,
edm_5k,/mnt/pixstor/data/xggh8/zw-lab/e009_stage_b_edm5k_30000kimg/network-snapshot-030000.pkl,66406526e9024c7280b903cdb1731ae35ed252da87aa1b9932cc9a2d43d446e2,30000,20090,9dbdf0700f966d32b2d41ae3588b1fdd5bdf394389a575a6119a0de2c782b22f,18.071947469303261,18.881169109133264,26590,37803,0.95714133827451586,0,ok,
edm_5k,/mnt/pixstor/data/xggh8/zw-lab/e009_stage_b_edm5k_30000kimg/network-snapshot-030000.pkl,66406526e9024c7280b903cdb1731ae35ed252da87aa1b9932cc9a2d43d446e2,30000,20091,b5b8f73b887344d7e30eb3b3ded5c99dee7097ed86f2d4250f96b75e6f53d1b7,20.807349626091145,20.819109188371879,9692,23630,0.99943515535778538,0,ok,
edm_5k,/mnt/pixstor/data/xggh8/zw-lab/e009_stage_b_edm5k_30000kimg/network-snapshot-030000.pkl,66406526e9024c7280b903cdb1731ae35ed252da87aa1b9932cc9a2d43d446e2,30000,20092,ab10ede7f33160d56419712efbb680e4982a5a669fa0b2faa250df6ac7a128d3,11.316030215856447,12.137775483776286,29779,2595,0.93229852792892665,0,ok,
edm_5k,/mnt/pixstor/data/xggh8/zw-lab/e009_stage_b_edm5k_30000kimg/network-snapshot-030000.pkl,66406526e9024c7280b903cdb1731ae35ed252da87aa1b9932cc9a2d43d446e2,30000,20093,c686caf0aef1bc8e254bbbe17bc2d558a725705a112c06229f7a6e8fc4d142c5,16.339900840885292,16.64303115133244,7187,39915,0.98178635203582609,0,ok,
edm_5k,/mnt/pixstor/data/xggh8/zw-lab/e009_stage_b_edm5k_30000kimg/network-snapshot-030000.pkl,66406526e9024c7280b903cdb1731ae35ed252da87aa1b9932cc9a2d43d446e2,30000,20094,49d92884c370810fe8b85c97373b56da03e38c33cc2ffb19cd7caf7c7a82cee4,15.743908090440236,16.047742102016361,29779,25149,0.98106686849497982,0,ok,
edm_5k,/mnt/pixstor/data/xggh8/zw-lab/e009_stage_b_edm5k_30000kimg/network-snapshot-030000.pkl,66406526e9024c7280b903cdb1731ae35ed252da87aa1b9932cc9a2d43d446e2,30000,20095,0f823bd565fd08e48e195d2436600dc41e647e695fef3ab598f86df1f774c084,22.629855818740314,22.954931677436154,38154,42837,0.98583851769790376,0,ok,
edm_5k,/mnt/pixstor/data/xggh8/zw-lab/e009_stage_b_edm5k_30000kimg/network-snapshot-030000.pkl,66406526e9024c7280b903cdb1731ae35ed252da87aa1b9932cc9a2d43d446e2,30000,20096,765fca8b2352aa5237bac7c4b3160f4c36d9a006ac2394ec375434d3e9815399,22.275637343131493,22.887896619478912,25486,22518,0.97324964864502439,0,ok,
edm_5k,/mnt/pixstor/data/xggh8/zw-lab/e009_stage_b_edm5k_30000kimg/network-snapshot-030000.pkl,66406526e9024c7280b903cdb1731ae35ed252da87aa1b9932cc9a2d43d446e2,30000,20097,b45b11bdec97a0fb887d1eb5c5e1038bc14b9be0bf5b1e3f3b96247172aa4a2d,17.66625810930795,18.893877978293272,34675,47886,0.93502552147337326,0,ok,
edm_5k,/mnt/pixstor/data/xggh8/zw-lab/e009_stage_b_edm5k_30000kimg/network-snapshot-030000.pkl,66406526e9024c7280b903cdb1731ae35ed252da87aa1b9932cc9a2d43d446e2,30000,20098,982baf39ba633ea06a8647f7bd41fd16eb2c958450b0385d0a5ec1e7cdf03959,16.555782278897116,17.672961028785569,737,12277,0.93678598916905875,0,ok,
edm_5k,/mnt/pixstor/data/xggh8/zw-lab/e009_stage_b_edm5k_30000kimg/network-snapshot-030000.pkl,66406526e9024c7280b903cdb1731ae35ed252da87aa1b9932cc9a2d43d446e2,30000,20099,d497375d88f814da0b0fbda0ebfb0e208315083fe7cb9487fd036f60584bbf5d,19.476678992681606,19.62978971408447,26351,12699,0.99220008346329835,0,ok,
edm_5k,/mnt/pixstor/data/xggh8/zw-lab/e009_stage_b_edm5k_30000kimg/network-snapshot-030000.pkl,66406526e9024c7280b903cdb1731ae35ed252da87aa1b9932cc9a2d43d446e2,30000,20100,74d5dd94f1dac794ef85a622674b9c4bca54f10c3c0c9f6242b6972ab0c49396,13.305486175024756,15.699042577313854,1220,21934,0.84753488051889581,0,ok,
edm_5k,/mnt/pixstor/data/xggh8/zw-lab/e009_stage_b_edm5k_30000kimg/network-snapshot-030000.pkl,66406526e9024c7280b903cdb1731ae35ed252da87aa1b9932cc9a2d43d446e2,30000,20101,bc177cb45bce92ef54bf019b694f201892f48a0fa5fee0a6cc26944b3d085561,15.053098646906506,17.299829450077322,21934,19604,0.87012988713823569,0,ok,
edm_5k,/mnt/pixstor/data/xggh8/zw-lab/e009_stage_b_edm5k_30000kimg/network-snapshot-030000.pkl,66406526e9024c7280b903cdb1731ae35ed252da87aa1b9932cc9a2d43d446e2,30000,20102,e3bb1d5ccdc5ec55fc41d853dfe3ae22a18d28c965dcee220bbc4ab2ea0d7950,18.241267064999118,19.101589475257459,9332,11710,0.95496068997960992,0,ok,
edm_5k,/mnt/pixstor/data/xggh8/zw-lab/e009_stage_b_edm5k_30000kimg/network-snapshot-030000.pkl,66406526e9024c7280b903cdb1731ae35ed252da87aa1b9932cc9a2d43d446e2,30000,20103,813b5d656fbc7257a701632749d3c1120c4f5afca90c22a8cbeaaa9d44c2e7ac,11.55278556730871,13.343462508174518,7690,44302,0.86580117868440842,0,ok,
edm_5k,/mnt/pixstor/data/xggh8/zw-lab/e009_stage_b_edm5k_30000kimg/network-snapshot-030000.pkl,66406526e9024c7280b903cdb1731ae35ed252da87aa1b9932cc9a2d43d446e2,30000,20104,9022986216d9937588bf80ca06c92a85708432f916ce863212c9652c67b6fdde,14.145320346959032,15.437721655118786,2567,40529,0.91628289866651247,0,ok,
edm_5k,/mnt/pixstor/data/xggh8/zw-lab/e009_stage_b_edm5k_30000kimg/network-snapshot-030000.pkl,66406526e9024c7280b903cdb1731ae35ed252da87aa1b9932cc9a2d43d446e2,30000,20105,ad32918c99815be0887926c5881e023c344127efff79d4ae838ee0e458c6ab5c,11.41498754291648,15.33519477486279,12277,2616,0.7443653445881071,0,ok,
edm_5k,/mnt/pixstor/data/xggh8/zw-lab/e009_stage_b_edm5k_30000kimg/network-snapshot-030000.pkl,66406526e9024c7280b903cdb1731ae35ed252da87aa1b9932cc9a2d43d446e2,30000,20106,82830359044f0cc316f575484b3c9959aa1da9d2c8b113ffadbac23633ee61b1,17.254708232178618,17.306240605956862,2567,42642,0.99702232420364556,0,ok,
edm_5k,/mnt/pixstor/data/xggh8/zw-lab/e009_stage_b_edm5k_30000kimg/network-snapshot-030000.pkl,66406526e9024c7280b903cdb1731ae35ed252da87aa1b9932cc9a2d43d446e2,30000,20107,b29d7d6fdf95efa1ecb89053e60977e5636b93339dc50627cdbe60b9cea7621c,17.511277736278686,17.711265162672667,11830,46008,0.98870846184294814,0,ok,
edm_5k,/mnt/pixstor/data/xggh8/zw-lab/e009_stage_b_edm5k_30000kimg/network-snapshot-030000.pkl,66406526e9024c7280b903cdb1731ae35ed252da87aa1b9932cc9a2d43d446e2,30000,20108,6dd1612e9503600f148b8d7708539600be43327d8d40d58c99a7f1b202ce19a2,18.670430734851216,19.660680931637817,832,1220,0.94963296539780073,0,ok,
edm_5k,/mnt/pixstor/data/xggh8/zw-lab/e009_stage_b_edm5k_30000kimg/network-snapshot-030000.pkl,66406526e9024c7280b903cdb1731ae35ed252da87aa1b9932cc9a2d43d446e2,30000,20109,8dedd34f0e952c37c76f73dda5f341867cb720e3098e4a17386e814999d39ce4,11.575285692749754,12.823090594757218,10551,32953,0.90269078325644558,0,ok,
edm_5k,/mnt/pixstor/data/xggh8/zw-lab/e009_stage_b_edm5k_30000kimg/network-snapshot-030000.pkl,66406526e9024c7280b903cdb1731ae35ed252da87aa1b9932cc9a2d43d446e2,30000,20110,8574d3f4c20393d73dcd171f21e90a08add819e76c7b70f0be974eae9b3d1699,12.487007875296886,12.998725333434782,44302,16683,0.96063325864562443,0,ok,
edm_5k,/mnt/pixstor/data/xggh8/zw-lab/e009_stage_b_edm5k_30000kimg/network-snapshot-030000.pkl,66406526e9024c7280b903cdb1731ae35ed252da87aa1b9932cc9a2d43d446e2,30000,20111,78c02c2dda56c3e53ac5078867b8e4f35390eddec1c577b8fd7eed8a9f4411e1,14.583003925162766,14.73466672634942,13533,48119,0.98970707624384591,0,ok,
edm_5k,/mnt/pixstor/data/xggh8/zw-lab/e009_stage_b_edm5k_30000kimg/network-snapshot-030000.pkl,66406526e9024c7280b903cdb1731ae35ed252da87aa1b9932cc9a2d43d446e2,30000,20112,ca7c5c9ceb361e9f99095ed8c418c0af206ef797a877d6cd2c3dc96f97023dde,20.643447341016223,21.379258867938759,25969,7187,0.96558292635550669,0,ok,
edm_5k,/mnt/pixstor/data/xggh8/zw-lab/e009_stage_b_edm5k_30000kimg/network-snapshot-030000.pkl,66406526e9024c7280b903cdb1731ae35ed252da87aa1b9932cc9a2d43d446e2,30000,20113,57c2658fe157a5e5ad73a7b890270ef50fd975eb6cd212eb1b837cff0bf8522d,18.962680530203915,19.098290459537786,47886,47045,0.99289936815961732,0,ok,
edm_5k,/mnt/pixstor/data/xggh8/zw-lab/e009_stage_b_edm5k_30000kimg/network-snapshot-030000.pkl,66406526e9024c7280b903cdb1731ae35ed252da87aa1b9932cc9a2d43d446e2,30000,20114,ecc9b84b2aebcb73bfecd15ef332f317a4228a3086a96400a8a6f9b7d9abdd5f,13.765293096753195,14.123361610171822,31572,39006,0.97464707600768785,0,ok,
edm_5k,/mnt/pixstor/data/xggh8/zw-lab/e009_stage_b_edm5k_30000kimg/network-snapshot-030000.pkl,66406526e9024c7280b903cdb1731ae35ed252da87aa1b9932cc9a2d43d446e2,30000,20115,0b0d44e01585424e894b6214bf2330a2bbd0061134300db8326b2d5c9f25da47,13.44046685687243,15.038165728094048,21934,38676,0.89375706451772741,0,ok,
edm_5k,/mnt/pixstor/data/xggh8/zw-lab/e009_stage_b_edm5k_30000kimg/network-snapshot-030000.pkl,66406526e9024c7280b903cdb1731ae35ed252da87aa1b9932cc9a2d43d446e2,30000,20116,59fda13617124085c4daf84ee80c27ec411fa17c8d48896550d2a21b0fcce327,14.661586318454825,15.823877055936627,737,12277,0.92654829575753395,0,ok,
edm_5k,/mnt/pixstor/data/xggh8/zw-lab/e009_stage_b_edm5k_30000kimg/network-snapshot-030000.pkl,66406526e9024c7280b903cdb1731ae35ed252da87aa1b9932cc9a2d43d446e2,30000,20117,7dd65f3694a66ab2c4cd00b0391b9f5eec3861e338a68c3974227d68ae4af8d7,19.76153888569614,25.984909111283987,17938,42837,0.76050059675269988,0,ok,
edm_5k,/mnt/pixstor/data/xggh8/zw-lab/e009_stage_b_edm5k_30000kimg/network-snapshot-030000.pkl,66406526e9024c7280b903cdb1731ae35ed252da87aa1b9932cc9a2d43d446e2,30000,20118,184163d8c49b23f3fdc03c48c79f59ee2d918e62e5dfd191c274930c37882e98,17.83952303112126,18.818492510009573,2567,39913,0.94797832619336542,0,ok,
edm_5k,/mnt/pixstor/data/xggh8/zw-lab/e009_stage_b_edm5k_30000kimg/network-snapshot-030000.pkl,66406526e9024c7280b903cdb1731ae35ed252da87aa1b9932cc9a2d43d446e2,30000,20119,0db16dfd4be657435f70752f8a1c2bc6316f38fd7bca56848e25a6d2b9da7a66,20.692086527603454,20.722483237634354,14410,6525,0.99853315311286173,0,ok,
edm_5k,/mnt/pixstor/data/xggh8/zw-lab/e009_stage_b_edm5k_30000kimg/network-snapshot-030000.pkl,66406526e9024c7280b903cdb1731ae35ed252da87aa1b9932cc9a2d43d446e2,30000,20120,07e44c45d0ee178bd7174a169fad20d8be6607ada92c7ae56bccecfe2d772739,18.018312024308599,18.171880375803784,40529,36170,0.99154912159230013,0,ok,
edm_5k,/mnt/pixstor/data/xggh8/zw-lab/e009_stage_b_edm5k_30000kimg/network-snapshot-030000.pkl,66406526e9024c7280b903cdb1731ae35ed252da87aa1b9932cc9a2d43d446e2,30000,20121,c3cdcf2921f8da2470b93dd3d6f885b6718570e937432dda38a4cbbb35d79f4b,17.593820754735425,18.032885862016069,46960,9841,0.97565197769007805,0,ok,
edm_5k,/mnt/pixstor/data/xggh8/zw-lab/e009_stage_b_edm5k_30000kimg/network-snapshot-030000.pkl,66406526e9024c7280b903cdb1731ae35ed252da87aa1b9932cc9a2d43d446e2,30000,20122,986db9dde80f1f3a3eff5fe440e96b7d350172eef339b25931275adecb149855,15.672915896860824,15.844116428126197,32069,11207,0.98919469368695989,0,ok,
edm_5k,/mnt/pixstor/data/xggh8/zw-lab/e009_stage_b_edm5k_30000kimg/network-snapshot-030000.pkl,66406526e9024c7280b903cdb1731ae35ed252da87aa1b9932cc9a2d43d446e2,30000,20123,7fcc61001a842c59cfb2b4c908e6f8ab3aa1d6f9431cc3e86ca1f2f809ccaa50,15.346605577398389,16.144342145474663,49665,1220,0.95058723601816852,0,ok,
edm_5k,/mnt/pixstor/data/xggh8/zw-lab/e009_stage_b_edm5k_30000kimg/network-snapshot-030000.pkl,66406526e9024c7280b903cdb1731ae35ed252da87aa1b9932cc9a2d43d446e2,30000,20124,16957b0985c46608026be4023ae3a68e6ec260d2cb815264649176e3794f402d,18.761219993131199,19.796887942879945,39915,7187,0.94768531535173794,0,ok,
edm_5k,/mnt/pixstor/data/xggh8/zw-lab/e009_stage_b_edm5k_30000kimg/network-snapshot-030000.pkl,66406526e9024c7280b903cdb1731ae35ed252da87aa1b9932cc9a2d43d446e2,30000,20125,a4bb56f6087df86be006ba730c9a7cf9cd8d9f2d3ccb309179d0320b53e35c61,12.850893454450405,13.572767552220256,39006,786,0.94681452437813496,0,ok,
edm_5k,/mnt/pixstor/data/xggh8/zw-lab/e009_stage_b_edm5k_30000kimg/network-snapshot-030000.pkl,66406526e9024c7280b903cdb1731ae35ed252da87aa1b9932cc9a2d43d446e2,30000,20126,ced45e19152863c590f1a914d91d45497887025a8a5bc27aa557e101a4bf41c5,16.713158362778891,18.249540662674278,39199,30132,0.91581254957075475,0,ok,
edm_5k,/mnt/pixstor/data/xggh8/zw-lab/e009_stage_b_edm5k_30000kimg/network-snapshot-030000.pkl,66406526e9024c7280b903cdb1731ae35ed252da87aa1b9932cc9a2d43d446e2,30000,20127,018345d729420e1a9126cab0880c685e7ee9deb94af07c2da780d38aefbff77e,16.86987194853128,16.884676291232701,40529,12300,0.99912320837864643,0,ok,
